cohort_id,manual_review_id,search_rank,case_title,country_or_jurisdiction,canonical_url,feature,sample_stratum,structured_reference_source,structured_reference_available,structured_reference_raw,provisional_policy_state,person_section_heading_raw,person_record_count,fact_summary_excerpt,human_feasibility_judgment,answerable_from_fact_summary,structured_narrative_case_type,ambiguity_reason,notes
sherloc-tip-2026-08-09-en-legacy-amp-complete-n1263-097ce2027171ebc9,child_minor_involvement:21,21,The Queen v Joseph Auga Matamata,New Zealand,https://www.unodc.org/cld/case-law-doc/traffickingpersonscrimetype/nzl/2020/the_queen_v_joseph_auga_matamata.html,child_minor_involvement,clear_true_grouped,participants.person_role + trafficking_sidebar.offences,YES,"Participant: Nationality: Samoan Total number of victims: 13 (including 3 children) aged between 12 to 53 Returned- most victims were deported back to Samoa; Sidebar Offences: [""Trafficking in persons (adults)"", ""Trafficking in children (under 18 years)""]",TRUE,Victims / Plaintiffs in the first instance,1,"…, who retained the money. Some victims were given small amounts of money such as $10 or $20 a week. The first group comprised two victims, a brother and a sister aged 17 and 15 years, who came to New Zealand in 1994, prior to the enactment of the anti-trafficking law. The sister escaped and left New Zealand in 199…",TRUE,YES,TYPE_1,,"One DOM record represents 13 victims, including three children."
sherloc-tip-2026-08-09-en-legacy-amp-complete-n1263-097ce2027171ebc9,child_minor_involvement:23,23,The Queen On The Application Of L v. The Director Of Public Prosecutions,United Kingdom of Great Britain and Northern Ireland,https://www.unodc.org/cld/case-law-doc/traffickingpersonscrimetype/gbr/2020/the_queen_on_the_application_of_l_v._the_director_of_public_prosecutions.html,child_minor_involvement,unknown_childcare_reference,participants.person_role + trafficking_sidebar.offences,YES,"Participant: Victim: Victim 1 Gender: Female Nationality: Filipino Victim 1 is a national of the Philippines. In March 2012, through an agency, she obtained employment for Mr & Mrs Aljaberi in Abu Dhabi, undertaking domestic and child…; Sidebar Offences: [""Trafficking in persons (adults)""]",UNKNOWN,Victims / Plaintiffs in the first instance,1,"…nes, obtained employment through an agency for Mr. & Mrs. Aljaberi in Abu Dhabi. Victim 1 performed domestic and childcare work from 7 am to 10 pm every day. Though the terms of her employment guaranteed US$400/month, Victim 1 was paid around US$200/month. Mr. Aljaberi obtained a diplomatic position at the United Ar…",UNKNOWN,NO,TYPE_2,"Children are members of the employer family, not trafficking victims; adult-only Sidebar tag is not accepted as exhaustive.",Childcare wording must not trigger TRUE.
sherloc-tip-2026-08-09-en-legacy-amp-complete-n1263-097ce2027171ebc9,child_minor_involvement:34,34,Proc. No. 12809/2019,Italy,https://www.unodc.org/cld/case-law-doc/criminalgroupcrimetype/ita/2019/proc._no._128092019.html,child_minor_involvement,sidebar_true_participants_absent,trafficking_sidebar.offences,YES,"Participant: SECTION_ABSENT; Sidebar Offences: [""Trafficking in persons (adults)"", ""Trafficking in children (under 18 years)""]",TRUE,,0,"…uman trafficking, torture, murder, sexual assault, enabling clandestine migration and kidnapping of hundreds of men, women and children in Libya. The three suspects were accused of forming an organized criminal group and using an abandoned military base as an illegal “prison” in Libya, where migrants were forcibly detained,…",TRUE,YES,TYPE_1,,No participant section; Sidebar child-offence tag and narrative agree.
sherloc-tip-2026-08-09-en-legacy-amp-complete-n1263-097ce2027171ebc9,child_minor_involvement:52,52,17/03852,Netherlands (Kingdom of the),https://www.unodc.org/cld/case-law-doc/moneylaunderingcrimetype/nld/2018/1703852.html,child_minor_involvement,sidebar_true_narrative_missing,trafficking_sidebar.offences,YES,"Participant: SECTION_ABSENT; Sidebar Offences: [""Trafficking in persons (adults)"", ""Trafficking in children (under 18 years)""]",TRUE,,0,…ms to Amsterdam. Second defendant was trafficked herself and in a relationship with lead trafficker since a young age. She herself participated in the exploitation of the victims by coercing victims to prostitution and extracting financial benefit for her and her partner (co-defendant). Just like the accus…,TRUE,NO,TYPE_2,Young age is vague and refers to a co-defendant who was formerly trafficked; victim ages are absent.,"Sidebar contains both adult and child offence tags, but the Fact Summary cannot ground the child label."
sherloc-tip-2026-08-09-en-legacy-amp-complete-n1263-097ce2027171ebc9,child_minor_involvement:53,53,C.M.S. y Guillemet Gastón,Argentina,https://www.unodc.org/cld/case-law-doc/traffickingpersonscrimetype/arg/2018/c.m.s._y_guillemet_gaston_.html,child_minor_involvement,clear_true_mixed_ages,participants.person_role + trafficking_sidebar.offences,YES,"Participant: Victim: Victim 1 (V) Gender: Female Nationality: Argentine Age: 14 Born: 1996 Victim: Victim 2 (M) Gender: Female Nationality: Argentine Age: 17 Born: 1993 Victim: Victim 3 (L) Gender: Female Nationality: Argentine Age: 19 Born: 1991 She is single, and mot…; Sidebar Offences: [""Trafficking in persons (adults)"", ""Trafficking in children (under 18 years)""]",TRUE,Victims / Plaintiffs in the first instance,3,"… December 2010 and the 4th January 2011, the two defendants captured and transported the 3 victims (2 minor girls and 1 young women) from the city of Chaco to the city of Buenos Aires, with the purpose of sexually exploiting them. The transport was done with the car of one of the defendants, and the ha…",TRUE,YES,TYPE_1,,Separate ages and narrative agree; case includes both minor and adult victims.
sherloc-tip-2026-08-09-en-legacy-amp-complete-n1263-097ce2027171ebc9,child_minor_involvement:77,77,Reyes v. Al-Malki and another,United Kingdom of Great Britain and Northern Ireland,https://www.unodc.org/cld/case-law-doc/traffickingpersonscrimetype/gbr/2017/reyes_v._al-malki_and_another.html,child_minor_involvement,unknown_childcare_reference,participants.person_role + trafficking_sidebar.offences,YES,"Participant: Victim: Ms. Reyes Gender: Female Nationality: Filipino; Sidebar Offences: [""Trafficking in persons (adults)""]",UNKNOWN,Victims / Plaintiffs in the first instance,1,"…eir London residence. Ms. Reyes’s duties included cleaning, helping in the kitchen at mealtimes and looking after the children. During this period, Mr. Al-Malki was a member of the diplomatic staff of the embassy of Saudi Arabia in London. The facts, as Ms. Reyes alleges, and which are not disputed by the Al-Malkis…",UNKNOWN,NO,TYPE_2,"Children are members of the employer family, not trafficking victims; adult-only Sidebar tag is not accepted as exhaustive.",No victim age evidence.
sherloc-tip-2026-08-09-en-legacy-amp-complete-n1263-097ce2027171ebc9,child_minor_involvement:79,79,Case A26/2014,South Africa,https://www.unodc.org/cld/case-law-doc/traffickingpersonscrimetype/zaf/2017/case_a262014.html,child_minor_involvement,unknown_no_reference,participants.person_role,NO,Participant: Complainant: 3 Anonymous women Gender: Female Nationality: Mozambican; Sidebar Offences: [],UNKNOWN,Victims / Plaintiffs in the first instance,1,The appellant's version was that she met the three complainants on the beach near Maputo in Mozambique where the complainants worked as prostitutes. They told her that they wanted to work as prostitutes in South Africa. She then agreed to accommodate th…,UNKNOWN,NO,TYPE_4,"Neither structured person records nor Fact Summary state age, and Sidebar Offences is absent.",Woman terminology is not treated as explicit adulthood.
sherloc-tip-2026-08-09-en-legacy-amp-complete-n1263-097ce2027171ebc9,child_minor_involvement:146,146,Case n280515,North Macedonia,https://www.unodc.org/cld/case-law-doc/traffickingpersonscrimetype/mkd/2015/case_n280515.html,child_minor_involvement,clear_true_grouped,participants.person_role + trafficking_sidebar.offences,YES,"Participant: Victim: 3 anonymous (between 14 and 16) Gender: Child Nationality: of the former Yugoslav Republic of Macedonia They were accommodated in the Centre for victims of trafficking in human beings; Sidebar Offences: [""Trafficking in children (under 18 years)""]",TRUE,Victims / Plaintiffs in the first instance,1,"When the three minors – victims of trafficking in human beings were kidnapped, they were forcedly tattooed with the names of the perpetrators and accommodated in their house, where they were under constant contr…",TRUE,YES,TYPE_1,,One grouped record clearly represents three minors.
sherloc-tip-2026-08-09-en-legacy-amp-complete-n1263-097ce2027171ebc9,child_minor_involvement:177,177,Calle Calle et. al.,Argentina,https://www.unodc.org/cld/case-law-doc/traffickingpersonscrimetype/arg/2014/calle_calle_et._al..html,child_minor_involvement,structured_true_narrative_missing,participants.person_role + trafficking_sidebar.offences,YES,"Participant: … Nationality: Bolivian Victim: 14 adult female victims Gender: Female Nationality: Bolivian Victim: 4 child victims (age between 15 and 16) Gender: Child Nationality: Bolivian; Sidebar Offences: [""Trafficking in persons (adults)""]",TRUE,Victims / Plaintiffs in the first instance,3,"A criminal organization of 13 defendants recruited and transported at least 32 victims from Bolivia to Argentina, in order to exploit them at various weaving workshops. The recruitment was done in person, as well as through advertisements in the T.V. and the radio. As for the…",TRUE,NO,TYPE_2,Fact Summary never identifies any victim as under 18.,Adult-only Sidebar Offences is not exhaustive here; participant source explicitly includes four child victims.
sherloc-tip-2026-08-09-en-legacy-amp-complete-n1263-097ce2027171ebc9,child_minor_involvement:235,235,J.F. & another v Republic [2013] eKLR,Kenya,https://www.unodc.org/cld/case-law-doc/traffickingpersonscrimetype/ken/2013/j.f._another_v_republic_2013_eklr.html,child_minor_involvement,disputed_age,participants.person_role,YES,Participant: Victim: J.F. Gender: Child The victim’s age was disputed in the appeal; Sidebar Offences: [],UNKNOWN,Victims / Plaintiffs in the first instance,1,"The victim accompanied K.M. (the 2nd appellant) to Gichegere to collect her shoes, which K.M. had taken away. They met with J.F. (the 1st appellant) on the way, and arrived at K.M.’s home at 7pm. Later in the eve…",UNKNOWN,NO,TYPE_2,Fact Summary contains no age; the structured source says age was disputed.,Do not convert Gender: Child to TRUE without the dispute qualifier.
sherloc-tip-2026-08-09-en-legacy-amp-complete-n1263-097ce2027171ebc9,child_minor_involvement:264,264,LG- 2012-173499,Norway,https://www.unodc.org/cld/case-law-doc/traffickingpersonscrimetype/nor/2013/lg-_2012-173499.html,child_minor_involvement,clear_false_single_adult,participants.person_role,YES,Participant: Victim: F. Gender: Male Nationality: Brazilian Age: 24 Born: 1983 F. was 24-year-old when he started working in the sauna parlour in 2007.; Sidebar Offences: [],FALSE,Victims / Plaintiffs in the first instance,1,"Mr. F., a 24 year old Brazilian homosexual man, performed sexual services to male customers while working in a sauna parlour owned by Mr. J., a Norwegian 71-year-old man. J. was charged with human trafficking fo…",FALSE,YES,TYPE_1,,One identified victim; adult age agrees in both sources.
sherloc-tip-2026-08-09-en-legacy-amp-complete-n1263-097ce2027171ebc9,child_minor_involvement:274,274,Case n° 3692/13,Argentina,https://www.unodc.org/cld/case-law-doc/traffickingpersonscrimetype/arg/2013/case_n_369213.html,child_minor_involvement,grouped_migrants_heading,participants.person_role,YES,"Participant: Migrant: Nationality: Bolivian / Peruvian Victim: 56 Anonymous victims, of which 1 was a minor Nationality: Bolivian / Peruvian; Sidebar Offences: []",TRUE,Migrants | Victims / Plaintiffs in the first instance,2,"…e dedicated to the production of garments, and through which the defendants allegedly exploited and subjected fifty-seven persons to forced labour. The aforementioned cooperative operated from three different dwellings, in which the defendants had set up three textile workshops that manufactured garments for different…",TRUE,NO,TYPE_2,Fact Summary gives no age/minor evidence.,Preserves the unusual Migrants heading and a separate grouped victim record.
sherloc-tip-2026-08-09-en-legacy-amp-complete-n1263-097ce2027171ebc9,child_minor_involvement:304,304,Samaesan,Thailand,https://www.unodc.org/cld/case-law-doc/traffickingpersonscrimetype/tha/2013/samaesan.html,child_minor_involvement,structured_true_narrative_missing,participants.person_role,YES,Participant: …ictim: C.T. Gender: Male Nationality: Of Myanmar Victim: M.T. Gender: Child Nationality: Of Myanmar Age: 12 Born: 2000 Victim: T.P. Gender: Child Nationality: Of Myanmar Age: 16 Born: 1996 Victim: J.T. Gender: Child Nationality: Of Myanmar Age: 17 Born: 1995 Victim: M.J. Gender: Male Nationality:…; Sidebar Offences: [],TRUE,Victims / Plaintiffs in the first instance,9,"All of the victims and some other Myanmar citizens wanted to work in Thailand. They – therefore – contacted a Myanmar middleman, who helped them enter Thailand illegally. In return, each victim had to pay the…",TRUE,NO,TYPE_2,Fact Summary identifies victim ordinals but omits their ages.,"Three participant records are explicitly ages 12, 16, and 17."
sherloc-tip-2026-08-09-en-legacy-amp-complete-n1263-097ce2027171ebc9,child_minor_involvement:320,320,"Ledesma, Pedro Alberto y otras",Argentina,https://www.unodc.org/cld/case-law-doc/traffickingpersonscrimetype/arg/2012/ledesma_pedro_alberto_y_otras.html,child_minor_involvement,unknown_victims_have_children,participants.person_role + trafficking_sidebar.offences,YES,"Participant: Victim: M.B.C. Gender: Female Nationality: Argentine Victim 1 has two children, and she financially supports her family. She was sexually exploited before. Victim: M.V.T. Gender: Female Nationality: Dominican Victim 2 has four children living in Dominican Republic. Vi…; Sidebar Offences: [""Trafficking in persons (adults)""]",UNKNOWN,Victims / Plaintiffs in the first instance,7,"… in an economic and social situation of vulnerability, supporting financially their families, being single mothers, with migrant status and not possessing formal education. One of the defendants, M.C., was partner of the other defendant, Pedro Alberto Ledesma. M.C. was charged with trafficking her own t…",UNKNOWN,NO,TYPE_2,Victims having children does not establish their own ages; adult-only Sidebar tag is not accepted as exhaustive.,Woman/mother terminology is not automatically adult under the audit rule.
sherloc-tip-2026-08-09-en-legacy-amp-complete-n1263-097ce2027171ebc9,child_minor_involvement:367,367,11-194827MED-BBYR/01,Norway,https://www.unodc.org/cld/case-law-doc/traffickingpersonscrimetype/nor/2012/11-194827med-bbyr01.html,child_minor_involvement,clear_true_grouped_range,participants.person_role,YES,Participant: Victim: Four anonymous young girls aged 13-16 Gender: Child; Sidebar Offences: [],TRUE,Victims / Plaintiffs in the first instance,1,"…tizens operated within an extended Roma family group, and exploited four young girls in the family, aged between 13 and 16, in shop-lifting, begging and sale of false gold jewellery. For one of the victims, the case also involved forced marriage and complicity to rape committed against her in Romania.",TRUE,YES,TYPE_1,,Group size and under-18 range agree.
sherloc-tip-2026-08-09-en-legacy-amp-complete-n1263-097ce2027171ebc9,child_minor_involvement:370,370,Expte. 18/11,Argentina,https://www.unodc.org/cld/case-law-doc/traffickingpersonscrimetype/arg/2012/expte._1811.html,child_minor_involvement,temporal_age_mismatch,participants.person_role,YES,Participant: …nder: Female Nationality: Argentine Age: 25 Victim: S.C.R.D. Gender: Female Nationality: Paraguayan Age: 21; Sidebar Offences: [],UNKNOWN,Victims / Plaintiffs in the first instance,2,"…he 3rd of Debember 2009, to work in “passes” and “drinks”. She said that she had been there before, when she was 17 years old (April 2006). On that occasion, a man had offered her to come to Buenos Aires to work at a bar, he had asked her to bring a friend and had promised her she would make a lot of money. This m…",TRUE,YES,TYPE_2,Current/recorded adult age obscures minor status during earlier exploitation.,"Age must be anchored to trafficking time, not page/trial time."
sherloc-tip-2026-08-09-en-legacy-amp-complete-n1263-097ce2027171ebc9,child_minor_involvement:418,418,R v. N. and R v. Le,United Kingdom of Great Britain and Northern Ireland,https://www.unodc.org/cld/case-law-doc/drugcrimetype/gbr/2012/r_v._n._and_r_v._le.html,child_minor_involvement,narrative_true_structured_missing,NONE,NO,Participant: SECTION_ABSENT; Sidebar Offences: [],UNKNOWN,,0,"…ining order for 18 months. During a hearing in 2009, N. said that his date of birth was April 1992. This meant that he was a child at the time of arrest. It also appeared that N. had been smuggled into the United Kingdom on the basis that his parents had funded his journey to what was hoped would be a life with better …",TRUE,YES,TYPE_3,,No participant section; narrative explicitly establishes child status.
sherloc-tip-2026-08-09-en-legacy-amp-complete-n1263-097ce2027171ebc9,child_minor_involvement:452,452,"United States v. Webster, Case No 08-30311",United States of America,https://www.unodc.org/cld/case-law-doc/drugcrimetype/usa/2011/united_states_v._webster_case_no_08-30311.html,child_minor_involvement,clear_true_mixed_group,participants.person_role,YES,"Participant: Victim: At least five children and six adult females Gender: Female The youngest victim was 13 years old. The victims were particularly vulnerable (homeless or runaway girls and women, or women working at low-income jobs…; Sidebar Offences: []",TRUE,Victims / Plaintiffs in the first instance,1,"…al prostitution business in the Anchorage area of Alaska. Webster targeted and recruited vulnerable adult and minor females who were homeless, in low-paying jobs or runaways, and invited them to work for his purported ""escort services"", where an individual would supposedly pay for another person’s ""time and comp…",TRUE,YES,TYPE_1,,Single record combines child and adult victims.
sherloc-tip-2026-08-09-en-legacy-amp-complete-n1263-097ce2027171ebc9,child_minor_involvement:476,476,Case No. 11-1602-2011,Ukraine,https://www.unodc.org/cld/case-law-doc/traffickingpersonscrimetype/ukr/2011/case_no._11-1602-2011.html,child_minor_involvement,structured_true_vague_narrative,participants.person_role,YES,Participant: Victim: 6 Anonymous women Gender: Female Victim: 1 Anonymous child Gender: Child; Sidebar Offences: [],TRUE,Victims / Plaintiffs in the first instance,2,"The defendant was involved in an organised criminal group which recruited young women in Ukraine, transported them and transferred them to Istanbul, Turkey, for commercial sexual exploitation. The young women were in difficult family or personal circumstances and were deceiv…",TRUE,NO,TYPE_2,Young is not a defensible child indicator.,Participant source explicitly distinguishes six women and one child.
sherloc-tip-2026-08-09-en-legacy-amp-complete-n1263-097ce2027171ebc9,child_minor_involvement:480,480,Causa 2422,Argentina,https://www.unodc.org/cld/case-law-doc/traffickingpersonscrimetype/arg/2011/causa_2422.html,child_minor_involvement,narrative_false_structured_missing,participants.person_role,NO,Participant: Victim: M. R. L. Gender: Female Nationality: Paraguayan Victim: A. S. D. Gender: Female Nationality: Paraguayan Victim: C. R. F. Gender: Female Nationality: Paraguayan Victim: N. E. M. O. Gender: Female Nationality: Parag…; Sidebar Offences: [],UNKNOWN,Victims / Plaintiffs in the first instance,11,"…17, 2009 to M. R. L., A. S. D., C. R. F. R., N. E. M. O. L. A. P., M. E. F. G., N. N., M. L. G. G., all women are adults and from Paraguay, and A. S. S., also adult and from Dominican Republic; and 2) prior to February 26, 2009 to R. R. P. and M. C. A. S., both women were adults and from Paraguay; mediating i…",FALSE,YES,TYPE_3,,Eleven records lack ages; narrative explicitly states all are adults.
sherloc-tip-2026-08-09-en-legacy-amp-complete-n1263-097ce2027171ebc9,child_minor_involvement:489,489,United States v. Medrano,United States of America,https://www.unodc.org/cld/case-law-doc/traffickingpersonscrimetype/usa/2011/united_states_v._medrano.html,child_minor_involvement,clear_true_grouped,participants.person_role,YES,Participant: Victim: 6 Anonymous Gender: Female Nationality: Honduran Victim: 4 Anonymous Gender: Child; Sidebar Offences: [],TRUE,Victims / Plaintiffs in the first instance,2,"…week plus tips, and lived the apartments where they were virtually imprisoned. The women, including at least four juveniles who obtained false identification, would get the male patrons to buy beers for themselves and the women, and would dance with the patrons for $3 a dance. After rescue, the women stated that…",TRUE,YES,TYPE_1,,Participant grouping and narrative juvenile count support TRUE.
sherloc-tip-2026-08-09-en-legacy-amp-complete-n1263-097ce2027171ebc9,child_minor_involvement:509,509,Case N 2338,Argentina,https://www.unodc.org/cld/case-law-doc/traffickingpersonscrimetype/arg/2011/case_n_2338.html,child_minor_involvement,narrative_false_grouped,participants.person_role,NO,Participant: Victim: 15 Women (10 Paraguayan and 5 Argentine) Gender: Female Nationality: Paraguayan; Sidebar Offences: [],UNKNOWN,Victims / Plaintiffs in the first instance,1,"…lcomed the victims at brothel: 1) prior to August 27, 2008 to M.E.E., E.S.C.A., E.R.O., C.C., O.E., all women are adults and from Paraguay, and V.M.R. and C.M.P., also adults and from Argentina; 2) prior to September 5, 2008 to G.P.P., N.F.B., T.M.V., all women are adults and from Paraguay; and G.E. and M.R.R…",FALSE,YES,TYPE_3,,Grouped participant record lacks age; narrative explicitly states all are adults.
sherloc-tip-2026-08-09-en-legacy-amp-complete-n1263-097ce2027171ebc9,child_minor_involvement:546,546,Case no B 87-11,Sweden,https://www.unodc.org/cld/case-law-doc/traffickingpersonscrimetype/swe/2011/case_no_b_87-11.html,child_minor_involvement,hedged_age,participants.person_role,YES,Participant: Victim: Individual 1 Gender: Child Nationality: Nigerian Born: 1993 It is likely the victim was under 18 when the crime took place. Victim: Anonymous 2 Gender: Female Nationality: Nigerian It appears that she turned 22 years old in November 2010 Victim: Individual 3 Gender: Female Nationality:…; Sidebar Offences: [],UNKNOWN,Victims / Plaintiffs in the first instance,4,"…The Svea Court of Appeal made the same assessment. The Defendants had been using voodoo to frighten a dozen African women into prostitution through voodoo rituals. Medicine Men had used ancient curses, slaughtered animals and drums. The women had to take an oath to reimburse travel costs for tens of thousands …",UNKNOWN,NO,TYPE_2,Likely is not a definitive age finding and the narrative omits age.,Requires adjudication or a clearer legal finding.
sherloc-tip-2026-08-09-en-legacy-amp-complete-n1263-097ce2027171ebc9,child_minor_involvement:551,551,PenalCriminal Case No. 175/2010,Mexico,https://www.unodc.org/cld/case-law-doc/traffickingpersonscrimetype/mex/2011/penalcriminal_case_no._1752010_.html,child_minor_involvement,clear_false_single_adult,participants.person_role,YES,Participant: Victim: Anonymous victim Gender: Female Nationality: Colombian Age: 67; Sidebar Offences: [],FALSE,Victims / Plaintiffs in the first instance,1,"On December 23rd of 2009, the victim, a 67 year old Colombian woman, stood before the FEVIMTRA-RMP (Special Prosecutor for Crimes of Violence against Women and Trafficking), accompanied by a staff member of the Consulate of Colombia in Mexic…",FALSE,YES,TYPE_1,,One identified victim; adult age agrees in both sources.
sherloc-tip-2026-08-09-en-legacy-amp-complete-n1263-097ce2027171ebc9,child_minor_involvement:582,582,K.br. 4/10,Serbia,https://www.unodc.org/cld/case-law-doc/traffickingpersonscrimetype/srb/2011/k.br._410_.html,child_minor_involvement,clear_true_numeric_age,participants.person_role,YES,Participant: Victim: N.P. Gender: Female Nationality: Serbian Age: 15 Born: 1988; Sidebar Offences: [],TRUE,Victims / Plaintiffs in the first instance,1,"… Vranje by bus and was met by the first and the second accused at the local bus stop. She told them she was a minor and showed them her health card. The first accused took her into an apartment where she heard the first accused talking on the phone with someone, looking for a way to get her a Bulgarian p…",TRUE,YES,TYPE_1,,Numeric age and explicit narrative wording agree.
sherloc-tip-2026-08-09-en-legacy-amp-complete-n1263-097ce2027171ebc9,child_minor_involvement:604,604,Shiva Ent Udyog v. National Human Rights Commission and Ors,India,https://www.unodc.org/cld/case-law-doc/traffickingpersonscrimetype/ind/2011/shiva_ent_udyog_v._national_human_rights_commission_and_ors.html,child_minor_involvement,plaintiff_not_victim,participants.person_role,NO,"Participant: Plaintiff: Shiva Ent Udyog Petitioner is an Indian firm, engaged in the business of running a brick kiln; Sidebar Offences: []",UNKNOWN,Victims / Plaintiffs in the first instance,1,"…siness of running a brick kiln situated in a village in the State of Uttar Pradesh. Several persons including minor children made a complaint to the National Human Rights Commission (NHRC), alleging that they, along with their family members, were held as bonded labourers by the owners of the brick kiln. The comp…",TRUE,YES,TYPE_3,,"The only structured person is the petitioner firm, not the bonded-labour victims."
sherloc-tip-2026-08-09-en-legacy-amp-complete-n1263-097ce2027171ebc9,child_minor_involvement:633,633,"Quiroa, Diaz & Muñoz",Guatemala,https://www.unodc.org/cld/case-law-doc/traffickingpersonscrimetype/gtm/2010/quiroa_diaz_munoz.html,child_minor_involvement,narrative_true_age_missing,participants.person_role,NO,Participant: Victim: Anonymous 1-6 Gender: Female; Sidebar Offences: [],UNKNOWN,Victims / Plaintiffs in the first instance,1,"On 23 November 2006, in the city of Jalapa, the defendants abducted six underage girls coming from three different families. The defendants had previous ties to the children’s families. They drove them to the city of Guatemala, where they remained for several days, with the i…",TRUE,YES,TYPE_3,,Participant record lacks age; narrative supplies it.
sherloc-tip-2026-08-09-en-legacy-amp-complete-n1263-097ce2027171ebc9,child_minor_involvement:643,643,CRIM. CASE NO. 09-0366,Philippines,https://www.unodc.org/cld/case-law-doc/traffickingpersonscrimetype/phl/2010/crim._case_no._09-0366_.html,child_minor_involvement,structured_narrative_scope_mismatch,participants.person_role,YES,Participant: Victim: M.R.A. Gender: Female Age: 20 (at time of crime) Victim: M.J.F. Gender: Female Age: 22 (at time of crime) Victim: S.R.M. Gender: Female Age: 25 (at time of crime) Victim: F.F.B. Gender: Female Age: 23 (at time of crime)…; Sidebar Offences: [],UNKNOWN,Victims / Plaintiffs in the first instance,6,"…2, Las Pinas City as a front for prostitution and pornographic performances, utilising innocent and minor females recruited from Samar, Leyte, Surigao del Sur, Davao City and other parts of the country, on the pretext of giving them decent jobs. A surveillance operation was undertaken at approximately …",UNKNOWN,AMBIGUOUS,TYPE_2,"Narrative report mentions minor recruits, but the six adjudicated trafficked persons are recorded as ages 20–25.",It is unclear whether the minors belong to the relevant victim set.
sherloc-tip-2026-08-09-en-legacy-amp-complete-n1263-097ce2027171ebc9,child_minor_involvement:781,781,United States v. Mahender Murlidhar Sabhnani and Varsha Mahender Sabhnani,United States of America,https://www.unodc.org/cld/case-law-doc/traffickingpersonscrimetype/usa/2010/united_states_v._mahender_murlidhar_sabhnani_and_varsha_mahender_sabhnani_.html,child_minor_involvement,clear_false_multiple_adults,participants.person_role,YES,Participant: Victim: S. Gender: Female Nationality: Indonesian Age: 53 Victim: E. Gender: Female Nationality: Indonesian Age: 47; Sidebar Offences: [],FALSE,Victims / Plaintiffs in the first instance,2,"The 1st victim, a 53 year old woman from Indonesia, was arranged to travel to the US by the 2nd defendant’s mother, “Mrs. Joti”, in order to work in the US as a domestic servant for $ 200 per month. She was a rice vender who …",FALSE,YES,TYPE_1,,"Both victim ages, 53 and 47, are repeated in the narrative."
sherloc-tip-2026-08-09-en-legacy-amp-complete-n1263-097ce2027171ebc9,child_minor_involvement:824,824,Case n 2271,Argentina,https://www.unodc.org/cld/case-law-doc/traffickingpersonscrimetype/arg/2010/case_n_2271.html,child_minor_involvement,narrative_true_participants_absent,NONE,NO,Participant: SECTION_ABSENT; Sidebar Offences: [],UNKNOWN,,0,"…brothel. Most of the individuals who were exploited there were female foreigners over 18 years old, except for one minor who was from Paraguay. The victims were sexually exploited and men paid for their services. In addition, the respondents were Gloria and Raul. Gloria ran the brothel while Raul was the owne…",TRUE,YES,TYPE_3,,No participant section; narrative explicitly identifies one minor victim.
sherloc-tip-2026-08-09-en-legacy-amp-complete-n1263-097ce2027171ebc9,child_minor_involvement:850,850,United States v. Christopher M. Cockrell,United States of America,https://www.unodc.org/cld/case-law-doc/traffickingpersonscrimetype/usa/2009/united_states_v._christopher_m._cockrell.html,child_minor_involvement,attempt_no_actual_child,participants.person_role + trafficking_sidebar.offences,YES,"Participant: Victim: Gender: Child Age: 15 No actual child was used in the undercover investigation or actually trafficked in this case.; Sidebar Offences: [""Trafficking in children (under 18 years)""]",FALSE,Victims / Plaintiffs in the first instance,1,"The defendant, Christopher M. Cockrell, pled guilty to attempted child sex trafficking after an undercover police investigation revealed that the defendant had solicited to have sex with a minor using the internet. In March 2009, in Amory, Missouri (MO), the defendant responded to an ad on Craigslist.org soliciting …",FALSE,YES,TYPE_1,Child/Age fields and child-offence tag are misleading unless the source remark is retained.,Attempt case explicitly states that no actual child was used or trafficked.
sherloc-tip-2026-08-09-en-legacy-amp-complete-n1263-097ce2027171ebc9,child_minor_involvement:889,889,ACR 2006.72.03.003070-2 TRF4,Brazil,https://www.unodc.org/cld/case-law-doc/traffickingpersonscrimetype/bra/2009/acr_2006.72.03.003070-2_trf4.html,child_minor_involvement,disputed_age,participants.person_role + trafficking_sidebar.offences,YES,"Participant: …male Nationality: Paraguayan Victim: Anonymous girl Gender: Child Nationality: Paraguayan There are doubts as whether she was a child or not at the time of crime; Sidebar Offences: [""Trafficking in persons (adults)""]",UNKNOWN,Victims / Plaintiffs in the first instance,2,"…uay to exercise prostitution, sometimes through the use of fraud. One of these trafficked women was apparently a teenager. The accused were two men, DIRLEI DE OLIVEIRA and JOSÉ ARTEMÉDIO PEREIRA, and a Paraguayan woman, GLORIS MARLENE MERELES. According to the prosecutor, DIRLEI and JOSÉ took advantage of the …",UNKNOWN,AMBIGUOUS,TYPE_2,Both sources hedge child status.,Teenager can include ages 18–19; explicit doubt must be preserved.
sherloc-tip-2026-08-09-en-legacy-amp-complete-n1263-097ce2027171ebc9,child_minor_involvement:934,934,Kulab or Rampueng Thongmeesri or Sai-utah,Thailand,https://www.unodc.org/cld/case-law-doc/traffickingpersonscrimetype/tha/2009/kulab_or_rampueng_thongmeesri_or_sai-utah.html,child_minor_involvement,historical_childhood_only,participants.person_role,NO,Participant: Victim: 3 Anonymous Gender: Female; Sidebar Offences: [],UNKNOWN,Victims / Plaintiffs in the first instance,1,"…e. The victims trusted the defendants as they were from the same village. They knew each other from when they were children and they were also distant relatives. Once in Italy, the victims were taken to a small room in an apartment used as a brothel. The victims stayed in the same room as the defendants’ employe…",UNKNOWN,NO,TYPE_4,Historical childhood friendship does not establish age during trafficking.,Avoid child keyword false positive.
sherloc-tip-2026-08-09-en-legacy-amp-complete-n1263-097ce2027171ebc9,child_minor_involvement:978,978,Criminal Case No. 9035,Philippines,https://www.unodc.org/cld/case-law-doc/traffickingpersonscrimetype/phl/2009/criminal_case_no._9035.html,child_minor_involvement,unproven_age,participants.person_role,YES,Participant: …y 16 years old at the time of the commission of the crime. However the Court held that the victims' age had not been sufficiently proven by the prosecution.; Sidebar Offences: [],UNKNOWN,Victims / Plaintiffs in the first instance,1,"In 2003, a mutual friend introduced the victim —who was allegedly 16 years old at the time— to M.M.M. Defendant M.M.M. recruited the victim with the promise of a well-paid job as a singer / entertainer in Japan. Knowing that the victim could not afford to pay for her …",UNKNOWN,AMBIGUOUS,TYPE_2,Narrative allegation is not a proven reference.,Court-level insufficiency defeats automatic TRUE.
sherloc-tip-2026-08-09-en-legacy-amp-complete-n1263-097ce2027171ebc9,child_minor_involvement:1065,1065,United States v. Djoumessi,United States of America,https://www.unodc.org/cld/case-law-doc/traffickingpersonscrimetype/usa/2008/united_states_v._djoumessi.html,child_minor_involvement,clear_true_numeric_age,participants.person_role,YES,Participant: Victim: F. Gender: Female Nationality: Cameroonian Age: 14 At time of crime; Sidebar Offences: [],TRUE,Victims / Plaintiffs in the first instance,1,"…ants Joseph and Evelyn Djoumessi, immigrants from Cameroon living in a Detroit suburb, arranged for then-fourteen-year-old F. to immigrate to the United States from Cameroon under a false name and with a fraudulent passport. The Defendants required F. to perform substantially all of their housework and to provi…",TRUE,YES,TYPE_1,,Age is explicitly qualified as at time of crime.
sherloc-tip-2026-08-09-en-legacy-amp-complete-n1263-097ce2027171ebc9,child_minor_involvement:1159,1159,6B_277 - 2007,Switzerland,https://www.unodc.org/cld/case-law-doc/traffickingpersonscrimetype/che/2008/6b_277_-_2007.html,child_minor_involvement,clear_true_multiple_group_records,participants.person_role,YES,Participant: Victim: Four women Nationality: Latvian Victim: Two women Nationality: Czech Victim: One minor 15 years or less; Sidebar Offences: [],TRUE,Victims / Plaintiffs in the first instance,3,"…tries worked for him as prostitutes. The victims included women from Latvia and the Czech Republic, including one minor (aged 15 or less). The defendant held the women in these premises and restricted their freedom by using various measures. Such measures included confiscating their passports until they had …",TRUE,YES,TYPE_1,,Three grouped records include one explicit minor group.
sherloc-tip-2026-08-09-en-legacy-amp-complete-n1263-097ce2027171ebc9,child_minor_involvement:1191,1191,State of Israel v. Muhammed (John) Ben Taha Jeeth (Alen),Israel,https://www.unodc.org/cld/case-law-doc/traffickingpersonscrimetype/isr/2007/state_of_israel_v._muhammed_john_ben_taha_jeeth_alen.html,child_minor_involvement,clear_false_multiple_adults,participants.person_role,YES,"Participant: Victim: V1 Gender: Female Age: 32 Single mother with two daughters. She lived in the village of Bakaa-Al Garbia, was uneducated and illiterate. Her only source of income was the work she did as a house cleaner. Victim: V2 G…; Sidebar Offences: []",FALSE,Victims / Plaintiffs in the first instance,5,"…nt, the facts regarding each of them is discussed separately below. Victim 1 The first victim was a 32-year-old single mother with two daughters. She lived in the village of Bakaa-Al Garbia, was uneducated and illiterate. Her only source of income was the work she did as a house cleaner. In April 200…",FALSE,YES,TYPE_1,,"Five separate victim records have adult ages, repeated in the narrative."
sherloc-tip-2026-08-09-en-legacy-amp-complete-n1263-097ce2027171ebc9,child_minor_involvement:1399,1399,United States v. Tong Xiong,United States of America,https://www.unodc.org/cld/case-law-doc/traffickingpersonscrimetype/usa/2003/united_states_v._tong_xiong.html,child_minor_involvement,narrative_true_age_missing,participants.person_role,NO,Participant: Victim: Anonymous 1 Gender: Female Victim: Anonymous 2 Gender: Female Victim: Anonymous 3 Gender: Female; Sidebar Offences: [],UNKNOWN,Victims / Plaintiffs in the first instance,3,"Five men were involved in a sex trafficking ring that forced at least 2 underage girls to prostitute themselves at hotels and in private homes in the Twin Cities area. The defendants Tong Xiong and Aliak Thor both pleaded guilty to sex trafficking of a minor, and conspiracy t…",TRUE,YES,TYPE_3,,Three participant records omit age; narrative explicitly supplies minor status.
sherloc-tip-2026-08-09-en-legacy-amp-complete-n1263-097ce2027171ebc9,child_minor_involvement:1450,1450,Hanuchov vs. State of Israel,Israel,https://www.unodc.org/cld/case-law-doc/traffickingpersonscrimetype/isr/2000/hanuchov_vs._state_of_israel.html,child_minor_involvement,clear_false_single_adult,participants.person_role,YES,Participant: Victim: Anonymous Gender: Female Age: 26; Sidebar Offences: [],FALSE,Victims / Plaintiffs in the first instance,1,"This case concerned an unidentified 26 year old woman who was working as a prostitute. She was “employed” by a pimp named Victor Machlof who then made a deal with the defendant, Arthur Hanuchov, to sell him the victim. Mr Hanuchov paid Mr Mach…",FALSE,YES,TYPE_1,,Single victim and matching adult age.
sherloc-tip-2026-08-09-en-legacy-amp-complete-n1263-097ce2027171ebc9,child_minor_involvement:1462,1462,United States v. Alex Mishulovich,United States of America,https://www.unodc.org/cld/case-law-doc/traffickingpersonscrimetype/usa/1999/united_states_v._alex_mishulovich.html,child_minor_involvement,structured_narrative_conflict,participants.person_role,YES,Participant: Victim: 1 Individual Gender: Female Nationality: Latvian Age: 12; Sidebar Offences: [],UNKNOWN,Victims / Plaintiffs in the first instance,1,"One of the victims, L., was 23 and working as a marketing manager in Riga, Latvia, when Defendant Mishulovich approached her and offered her to work in the US as a bikini dancer. The initial arrangement was that she woul…",UNKNOWN,YES,TYPE_2,Structured Age 12 directly conflicts with narrative age 23.,"The Fact Summary alone supports FALSE, but source disagreement needs adjudication."
sherloc-tip-2026-08-09-en-legacy-amp-complete-n1263-097ce2027171ebc9,child_minor_involvement:1489,1489,S vs Emmanuel Uche Odii and Others,South Africa,https://www.unodc.org/cld/case-law-doc/traffickingpersonscrimetype/zaf/s_vs_emmanuel_uche_odii_and_others.html,child_minor_involvement,clear_false_multiple_adults,participants.person_role + trafficking_sidebar.offences,YES,"Participant: Gender: Female Nationality: South African Age: 19 Gender: Female Nationality: South African Age: 18; Sidebar Offences: [""Trafficking in persons (adults)""]",FALSE,Victims / Plaintiffs in the first instance,2,… 2 (a South African citizen) a sum of R1000 for each female he recruited. The first complainant was 19 years old when she was offered a job as a domestic worker by accused 3 in June 2010. During June 2010 she was approached by her friend Koliswa Tom (accused 4) who offered her work as she knew the com…,FALSE,YES,TYPE_1,,Two complainants are explicitly 19 and 18 in both sources.
sherloc-tip-2026-08-09-en-legacy-amp-complete-n1263-097ce2027171ebc9,child_minor_involvement:1538,1538,"R. v. M.(O.), 2012 ONCJ 812",Canada,https://www.unodc.org/cld/case-law-doc/traffickingpersonscrimetype/can/r._v._m.o._2012_oncj_812.html,child_minor_involvement,sidebar_true_grouped_range,participants.person_role + trafficking_sidebar.offences,YES,"Participant: Victim: Seven female victims between 13 and 18 Nationality: Canadian None of them had previous experience in prostitution prior to meeting the traffickers; Sidebar Offences: [""Trafficking in persons (adults)"", ""Trafficking in children (under 18 years)""]",TRUE,Victims / Plaintiffs in the first instance,1,"…ims were drugged, forced to dress in minimal clothing, obliged to pose for pornographic photos, and required to lie about their age to clients. As added control, the traffickers confiscated the victims’ personal belongings and used violence and threats to ensure compliance. The traffickers set up the dates and arranged …",TRUE,NO,TYPE_2,Fact Summary signals age relevance but does not disclose an under-18 value.,Sidebar child tag and grouped participant range support TRUE; narrative does not explicitly ground it.
sherloc-tip-2026-08-09-en-legacy-amp-complete-n1263-097ce2027171ebc9,victim_multiplicity:17,17,"Case No. 20-0434, Supreme Court of Texas",United States of America,https://www.unodc.org/cld/case-law-doc/traffickingpersonscrimetype/usa/2021/case_no._20-0434_supreme_court_of_texas.html,victim_multiplicity,multiple_records_distinct,participants.person_role + Fact Summary feasibility adjudication,YES,Plaintiff: Plaintiff 1 Gender: Child Age: 15 The victim has filed a lawsuit before the District Court of Texas (Cause No. 2018-69816 (334th Dist. Ct.)).; Plaintiff: Plaintiff 2 Gender: Child Age: 14 The victim has filed a lawsuit before the District Court of Texas (Cause No. 2018-82214 (334th Dist. Ct.)).; Plaintiff: Plaintiff 3 Gender: Child Age: 14 The victim has filed a lawsuit before the District Court of Texas (Cause No. 2019-16262 (151st Dist. Ct.)).,MULTIPLE,Victims / Plaintiffs in the first instance,3,…of three separate lawsuits against it based on human trafficking allegations. The three plaintiffs allegedly became sex trafficking victims after meeting their alleged traffickers through social media platforms owned by Facebook (Facebook and Instagram).…,MULTIPLE,YES,TYPE_1,,Three plaintiff records are explicitly three alleged trafficking victims.
sherloc-tip-2026-08-09-en-legacy-amp-complete-n1263-097ce2027171ebc9,victim_multiplicity:21,21,The Queen v Joseph Auga Matamata,New Zealand,https://www.unodc.org/cld/case-law-doc/traffickingpersonscrimetype/nzl/2020/the_queen_v_joseph_auga_matamata.html,victim_multiplicity,one_record_grouped_multiple,participants.person_role + Fact Summary feasibility adjudication,YES,Nationality: Samoan Total number of victims: 13 (including 3 children) aged between 12 to 53 Returned- most victims were deported back to Samoa,MULTIPLE,Victims / Plaintiffs in the first instance,1,"…New Zealand. Within the Samoan culture, defendant held Matai (family chief) status. His victims, 13 in total, came from his village in Samoa. Some of the victims were members of his extended family. They were poorly educated and had little access to income.…",MULTIPLE,YES,TYPE_1,,One DOM record explicitly aggregates 13 victims.
sherloc-tip-2026-08-09-en-legacy-amp-complete-n1263-097ce2027171ebc9,victim_multiplicity:28,28,R. v. Antoine,Canada,https://www.unodc.org/cld/case-law-doc/traffickingpersonscrimetype/can/2020/r._v._antoine.html,victim_multiplicity,one_record_grouped_multiple,participants.person_role + Fact Summary feasibility adjudication,YES,Victim: 2 victims Gender: Female Age: 19 Drug addition background,MULTIPLE,Victims / Plaintiffs in the first instance,1,"…issue with her grandmother, the victim went to the police and reported the incident. The accused met the second victim in August 2015, when she was introduced to him by her boyfriend’s sister in Toronto, as she was into working as an escort. For the period…",MULTIPLE,YES,TYPE_1,,One source record says two victims and the narrative describes first and second victims.
sherloc-tip-2026-08-09-en-legacy-amp-complete-n1263-097ce2027171ebc9,victim_multiplicity:29,29,R. v. Sinclair,Canada,https://www.unodc.org/cld/case-law-doc/traffickingpersonscrimetype/can/2020/r._v._sinclair.html,victim_multiplicity,no_person_section_narrative_single,participants.person_role + Fact Summary feasibility adjudication,NO,[person section absent],UNKNOWN,,0,The complainant was homeless and living in a shelter when she met the appellant. She was about 18 or 19 years old. She was working as a sex trade worker. Her two children were in custody of the Children’s Aid Society. The appellant offered her a place to live…,SINGLE,YES,TYPE_3,Structured person reference is missing despite a clear individual complainant.,"Would require human/narrative-derived reference, not an automatic negative."
sherloc-tip-2026-08-09-en-legacy-amp-complete-n1263-097ce2027171ebc9,victim_multiplicity:34,34,Proc. No. 12809/2019,Italy,https://www.unodc.org/cld/case-law-doc/criminalgroupcrimetype/ita/2019/proc._no._128092019.html,victim_multiplicity,no_person_section_narrative_multiple,participants.person_role + Fact Summary feasibility adjudication,NO,[person section absent],UNKNOWN,,0,"…denied allegations and claimed they were themselves held prisoners in the facility. Six victims, all of which had spent several months detained by the suspects, came forward and recognized them as the one responsible running / working in the illegal prison.…",MULTIPLE,YES,TYPE_3,Structured person reference is missing despite explicit plural victims.,Narrative-only recovery is possible with annotation.
sherloc-tip-2026-08-09-en-legacy-amp-complete-n1263-097ce2027171ebc9,victim_multiplicity:38,38,S v. Jonas (CC14/2017),Namibia,https://www.unodc.org/cld/case-law-doc/traffickingpersonscrimetype/nam/2019/s_v._jonas_cc142017.html,victim_multiplicity,one_record_apparent_single,participants.person_role + Fact Summary feasibility adjudication,YES,Gender: Female Nationality: Namibian,UNKNOWN,Victims / Plaintiffs in the first instance,1,"…of Trafficking in Persons and 5 counts of Rape. It was alleged that the defendant recruited the victim by means of coercion, deception, abuse of power or of a position of vulnerability with the intent to sexually exploit her. It was also alleged that the…",SINGLE,YES,TYPE_1,,"Plural-looking 'various men' describes clients, not additional victims."
sherloc-tip-2026-08-09-en-legacy-amp-complete-n1263-097ce2027171ebc9,victim_multiplicity:46,46,"Appeal of the Court of First Instance of Liège, 2019/858",Belgium,https://www.unodc.org/cld/case-law-doc/traffickingpersonscrimetype/bel/2019/appeal_of_the_court_of_first_instance_of_liege_2019858.html,victim_multiplicity,multiple_records_distinct,participants.person_role + Fact Summary feasibility adjudication,YES,Gender: Male Nationality: Moroccan Addressed declared in Belgium (older brother of B.S.Y); Gender: Male Nationality: Moroccan Address declared in Belgium (younger brother of B.S.),MULTIPLE,Victims / Plaintiffs in the first instance,2,"…the facts of the case as follows: among the three identified employees counted two Moroccan nationals, incidentally also brothers, identified as B.S.S and B.S.Y. They were recruited to enter Belgium illegally and housed in order to work for the…",MULTIPLE,YES,TYPE_1,,Two otherwise unlabeled records correspond to two recruited Moroccan brothers.
sherloc-tip-2026-08-09-en-legacy-amp-complete-n1263-097ce2027171ebc9,victim_multiplicity:52,52,17/03852,Netherlands (Kingdom of the),https://www.unodc.org/cld/case-law-doc/moneylaunderingcrimetype/nld/2018/1703852.html,victim_multiplicity,no_person_section_narrative_multiple,participants.person_role + Fact Summary feasibility adjudication,NO,[person section absent],UNKNOWN,,0,Two defendants accused of having trafficked three Hungarian victims to Amsterdam. Second defendant was trafficked herself and in a relationship with lead trafficker since a young age. She herself participated in the exploitation of the victims by coercing…,MULTIPLE,YES,TYPE_3,Structured person reference is missing despite explicit victim count.,Narrative-only recovery is possible with annotation.
sherloc-tip-2026-08-09-en-legacy-amp-complete-n1263-097ce2027171ebc9,victim_multiplicity:54,54,S v. Alam (CO 67/2016) [2018] SCSC 946,Seychelles,https://www.unodc.org/cld/case-law-doc/traffickingpersonscrimetype/syc/2018/s_v._alam_co_672016_2018_scsc_946_.html,victim_multiplicity,multiple_records_duplicate_payload_challenge,participants.person_role + Fact Summary feasibility adjudication,YES,"Victim: Gender: Male Nationality: Bangladeshi Age: 34; Gender: Male Nationality: Bangladeshi; Gender: Male Nationality: Bangladeshi; Gender: Male Nationality: Bangladeshi Victims were allowed to remain in the host country. Labour arrangements were made after the report was filed with the Ministry of Employment, and three of the victims, at the time of trial, were already working for another construction company, while one of the victims worked for a private individual. See paragraphs [44] and [69] After his interview with the victims, assigned police officer made arrangements with the Immigration Department for the victims to be put into diff",MULTIPLE,Victims / Plaintiffs in the first instance,4,"The Defendant, Faisal Alam, was accused of trafficking 4 Bangladeshi nationals from Bangladesh into Seychelles between 2015 and 2016. It was alleged that he recruited them by misrepresenting the financial incentive and conditions of work, and thereafter…",MULTIPLE,YES,TYPE_1,,Repeated sparse record payloads are corroborated by an explicit four-person narrative.
sherloc-tip-2026-08-09-en-legacy-amp-complete-n1263-097ce2027171ebc9,victim_multiplicity:68,68,Jugt n° 534/2018,Luxembourg,https://www.unodc.org/cld/case-law-doc/moneylaunderingcrimetype/lux/2018/jugt_n_5342018_.html,victim_multiplicity,one_record_grouped_multiple,participants.person_role + Fact Summary feasibility adjudication,YES,"Victim: D., J., B., T.2, I., N., Gender: Female Nationality: Romanian",MULTIPLE,Victims / Plaintiffs in the first instance,1,"…surveillance demonstrated that P.1. deputized P.3. in the settlement of disputes between the victims and . received money from them. Following search orders and arrest warrants issued by the investigating judge, P.2. and P.3. were arrested. Following an…",MULTIPLE,YES,TYPE_1,,Comma-separated identifiers in one role value represent several people.
sherloc-tip-2026-08-09-en-legacy-amp-complete-n1263-097ce2027171ebc9,victim_multiplicity:79,79,Case A26/2014,South Africa,https://www.unodc.org/cld/case-law-doc/traffickingpersonscrimetype/zaf/2017/case_a262014.html,victim_multiplicity,one_record_grouped_multiple,participants.person_role + Fact Summary feasibility adjudication,YES,Complainant: 3 Anonymous women Gender: Female Nationality: Mozambican,MULTIPLE,Victims / Plaintiffs in the first instance,1,The appellant's version was that she met the three complainants on the beach near Maputo in Mozambique where the complainants worked as prostitutes. They told her that they wanted to work as prostitutes in South Africa. She then agreed to accommodate the…,MULTIPLE,YES,TYPE_1,,One record explicitly represents three complainants.
sherloc-tip-2026-08-09-en-legacy-amp-complete-n1263-097ce2027171ebc9,victim_multiplicity:86,86,JUGEMENT N° 362/016,Niger,https://www.unodc.org/cld/case-law-doc/migrantsmugglingcrimetype/ner/2017/jugement_n_362016.html,victim_multiplicity,migrants_heading_cross_classification,participants.person_role + Fact Summary feasibility adjudication,YES,Migrant: Several anonymous Gender: Female; Victim: 4 Anonymous Gender: Male Nationality: Cameroonian,UNKNOWN,Migrants | Victims / Plaintiffs in the first instance,2,"…the public prosecutor office instructed the Agadez police to investigate alleged acts of smuggling of migrants against Tekue Nerve and Sidi Dilla. Statements of the victims One of the victims, N, declared that he had left Cameroon to go to Algeria, and…",UNKNOWN,PARTIAL,TYPE_2,The page is framed as migrant smuggling and calls migrants victims; trafficking-victim membership is unclear.,"Multiplicity of persons is clear, but multiplicity of trafficking victims is not."
sherloc-tip-2026-08-09-en-legacy-amp-complete-n1263-097ce2027171ebc9,victim_multiplicity:107,107,Ibrahim and Basma Giulani v. The State of Israel,Israel,https://www.unodc.org/cld/case-law-doc/traffickingpersonscrimetype/isr/2016/ibrahim_and_basma_giulani_v._the_state_of_israel.html,victim_multiplicity,one_record_apparent_single,participants.person_role + Fact Summary feasibility adjudication,YES,Victim: Anonymous Gender: Female Nationality: Filipino Age: 20 Born: 1987,UNKNOWN,Victims / Plaintiffs in the first instance,1,"Recruitment: The victim in this case, a young Philippino girl, was assisted by a manpower agency called; ""Manpower"" to arrive in Jordan in order to work there in domestic work. When she arrived there, a person unknown to the prosecution examined her body and…",SINGLE,YES,TYPE_1,,A grammatical 'victims was' typo is not plural evidence.
sherloc-tip-2026-08-09-en-legacy-amp-complete-n1263-097ce2027171ebc9,victim_multiplicity:127,127,AFFAIRE L.E. c. GRÈCE,Greece,https://www.unodc.org/cld/case-law-doc/traffickingpersonscrimetype/grc/2016/affaire_l.e._c._grece.html,victim_multiplicity,multiple_records_role_ambiguity,participants.person_role + Fact Summary feasibility adjudication,YES,"Victim: The Applicant Gender: Female Nationality: Nigerian Age: 34 The Applicant was found to be vulnerable, had been offered support via the Red Cross, and had been granted temporary leave to remain in Greece. The case involved victim compensation (Financial compensation paid: Currency: Euro Amount: 12000).; Victim: D.J. Gender: Female D.J. was recognized as having been subjected to trafficking in persons by K.A. in Judgement 193/20.4.2012, though the Applicant alleges that she had been involved in the trafficking of other victims.",UNKNOWN,Victims / Plaintiffs in the first instance,2,"…to commercial sexual exploitation by K.A. and another named party, D.J. The applicant claimed that D.J. was acquitted for the charge of trafficking in persons, and K.A. absconded while on bail, and has not since been the subject of a prosecution for…",UNKNOWN,PARTIAL,TYPE_2,A second victim record refers to a person recognized as trafficked in another judgment and also alleged to have facilitated trafficking.,Two DOM records cannot safely establish two victims of the focal events.
sherloc-tip-2026-08-09-en-legacy-amp-complete-n1263-097ce2027171ebc9,victim_multiplicity:137,137,Caso Yokaira Hernández,Dominican Republic,https://www.unodc.org/cld/case-law-doc/traffickingpersonscrimetype/dom/2015/caso_yokaira_hernandez.html,victim_multiplicity,one_record_grouped_multiple,participants.person_role + Fact Summary feasibility adjudication,YES,Victim: Several young girls Gender: Child,MULTIPLE,Victims / Plaintiffs in the first instance,1,"…found guilty of the crimes of trafficking in persons and the sexual exploitation of young minor girls. Hernández was recruiting young women to force them into prostitution in order to obtain personal gain. According to the indictment, the young women were…",MULTIPLE,YES,TYPE_1,,Plural grouped role and plural narrative align.
sherloc-tip-2026-08-09-en-legacy-amp-complete-n1263-097ce2027171ebc9,victim_multiplicity:145,145,Chisinau 0615,Republic of Moldova,https://www.unodc.org/cld/case-law-doc/traffickingpersonscrimetype/mda/2015/chisinau_0615.html,victim_multiplicity,one_record_apparent_single,participants.person_role + Fact Summary feasibility adjudication,YES,Victim: Anonymous Gender: Female,UNKNOWN,Victims / Plaintiffs in the first instance,1,"…of December 2007 Ţ.V. intentionally, with financial interest; for the purpose of commercial sexual exploitation of a person, by fraud; manifested by the promise of well-paid employment as babysitter in Antalya, Turkey, and by abuse of position of…",SINGLE,YES,TYPE_1,,'Several men' are clients; O.S. is the sole described victim.
sherloc-tip-2026-08-09-en-legacy-amp-complete-n1263-097ce2027171ebc9,victim_multiplicity:146,146,Case n280515,North Macedonia,https://www.unodc.org/cld/case-law-doc/traffickingpersonscrimetype/mkd/2015/case_n280515.html,victim_multiplicity,one_record_grouped_multiple,participants.person_role + Fact Summary feasibility adjudication,YES,Victim: 3 anonymous (between 14 and 16) Gender: Child Nationality: of the former Yugoslav Republic of Macedonia They were accommodated in the Centre for victims of trafficking in human beings,MULTIPLE,Victims / Plaintiffs in the first instance,1,"When the three minors – victims of trafficking in human beings were kidnapped, they were forcedly tattooed with the names of the perpetrators and accommodated in their house, where they were under constant control and restricted freedom of movement. They were…",MULTIPLE,YES,TYPE_1,,One record aggregates three minors.
sherloc-tip-2026-08-09-en-legacy-amp-complete-n1263-097ce2027171ebc9,victim_multiplicity:167,167,Caso Antonio Perez y Cabral Flete,Dominican Republic,https://www.unodc.org/cld/case-law-doc/traffickingpersonscrimetype/dom/2014/caso_antonio_perez_y_cabral_flete.html,victim_multiplicity,one_record_grouped_multiple,participants.person_role + Fact Summary feasibility adjudication,YES,Victim: At least 5 girls Gender: Child,MULTIPLE,Victims / Plaintiffs in the first instance,1,"…Office of Santiago, with a raid on “La Maquina” in La Romana city, where more than five minors reported as transferred by the accused Cabral Flete, were found. The owner of the business, Antonio Perez was also in the place, and he got arrested…",MULTIPLE,YES,TYPE_1,,At least five girls are explicitly stated.
sherloc-tip-2026-08-09-en-legacy-amp-complete-n1263-097ce2027171ebc9,victim_multiplicity:192,192,YeKD/0170/01/13,Armenia,https://www.unodc.org/cld/case-law-doc/traffickingpersonscrimetype/arm/2014/yekd01700113.html,victim_multiplicity,multiple_records_duplicate_identity_challenge,participants.person_role + Fact Summary feasibility adjudication,YES,Victim: Victim 1 Gender: Female; Victim: Victim 2 Gender: Female; Victim: Victim 3 Gender: Female; Victim: Victim 4 Gender: Female; Victim: Victim 4 Gender: Female,MULTIPLE,Victims / Plaintiffs in the first instance,5,"…exploitation, while Bavakan and Heriknaz Khachatryan performed the actions aimed at recruiting women and transporting them to Dubai, transferring, and harbouring. In particular, for an extended period of time, i.e. from June 2008 to December 2012, the…",MULTIPLE,YES,TYPE_1,,"Victim 4 is duplicated in the records, but several other distinct numbered victims remain."
sherloc-tip-2026-08-09-en-legacy-amp-complete-n1263-097ce2027171ebc9,victim_multiplicity:202,202,Nikolae L 2014,Poland,https://www.unodc.org/cld/case-law-doc/traffickingpersonscrimetype/pol/2014/nikolae_l_2014.html,victim_multiplicity,one_record_grouped_multiple,participants.person_role + Fact Summary feasibility adjudication,YES,Victim: 28 Romanian citizens Nationality: Romanian Some of the victims were minors recruited with the consent of their parents,MULTIPLE,Victims / Plaintiffs in the first instance,1,"…in the following way: recruited, transported to Poland, then located in Ścinawa 28 Romanian citizens to force them to work. Defendants mislead the victims about working conditions, as well as used their critical life situation and helplessness due to a…",MULTIPLE,YES,TYPE_1,,One record represents 28 citizens; narrative confirms the group.
sherloc-tip-2026-08-09-en-legacy-amp-complete-n1263-097ce2027171ebc9,victim_multiplicity:237,237,Docket Number - 2:11cr193 [2013],United States of America,https://www.unodc.org/cld/case-law-doc/traffickingpersonscrimetype/usa/2013/docket_number_-_211cr193_2013.html,victim_multiplicity,one_record_grouped_multiple,participants.person_role + Fact Summary feasibility adjudication,YES,"Victim: Anonymous Individuals Gender: Child Nationality: American There are five female victims, all of whom were minors when they first met the defendant.",MULTIPLE,Victims / Plaintiffs in the first instance,1,"From 2006 to 2009, the defendant, Tyrone McMillian, trafficked five female victims (“victims”), four of whom were minors when they met the defendant. At trial, the victims testified that the defendant forced them to give him their earnings from dancing and…",MULTIPLE,YES,TYPE_1,,Anonymous Individuals record is resolved by an explicit five-victim narrative.
sherloc-tip-2026-08-09-en-legacy-amp-complete-n1263-097ce2027171ebc9,victim_multiplicity:238,238,R v Kuavong [2013] QCA310,Australia,https://www.unodc.org/cld/case-law-doc/traffickingpersonscrimetype/aus/2013/r_v_kuavong_2013_qca310.html,victim_multiplicity,one_record_apparent_single,participants.person_role + Fact Summary feasibility adjudication,YES,Victim: Anonymous child Gender: Child Nationality: Thai Age: 9 Born: 1995 The victim was the defendant’s daughter.,SINGLE,Victims / Plaintiffs in the first instance,1,"…provide additional sexual services to customers. The applicant’s daughter -and the victim in this case- initially stayed in Thailand with her grandparents when the applicant moved to Australia. In 2004, the applicant brought her mother and her daughter to…",SINGLE,YES,TYPE_1,,One child complainant is consistently described.
sherloc-tip-2026-08-09-en-legacy-amp-complete-n1263-097ce2027171ebc9,victim_multiplicity:246,246,R 12/1529,Finland,https://www.unodc.org/cld/case-law-doc/traffickingpersonscrimetype/fin/2013/r_121529.html,victim_multiplicity,multiple_records_duplicate_payload_challenge,participants.person_role + Fact Summary feasibility adjudication,YES,Victim: Unknown Nationality: Vietnamese; Victim: Unknown Nationality: Vietnamese; Victim: Unknown Nationality: Vietnamese; Victim: Unknown Nationality: Vietnamese; Victim: Unknown Nationality: Vietnamese; Victim: Unknown Nationality: Vietnamese; Victim: Unknown Nationality: Vietnamese; Victim: Unknown Nationality: Vietnamese; Victim: Unknown Nationality: Vietnamese; Victim: Unknown Nationality: Vietnamese,MULTIPLE,Victims / Plaintiffs in the first instance,10,"…region in South Central Finland. Between 2006 and 2012, the employers had recruited at least 10 Vietnamese employees to their restaurants. The employees were obliged to work long days on modest pay. The employees lived in accommodation provided by the…",MULTIPLE,YES,TYPE_1,,Ten identical Unknown records are independently corroborated by at least 10 recruited employees.
sherloc-tip-2026-08-09-en-legacy-amp-complete-n1263-097ce2027171ebc9,victim_multiplicity:254,254,"United States v. Vargas-Cordon, 733 F.3d 366 (2013)",United States of America,https://www.unodc.org/cld/case-law-doc/migrantsmugglingcrimetype/usa/2013/united_states_v._vargas-cordon_733_f.3d_366_2013.html,victim_multiplicity,migrants_heading_single_role_ambiguity,participants.person_role + Fact Summary feasibility adjudication,YES,Migrant: X Gender: Child Nationality: Guatemalan Age: 15 Born: 1993 X was defendant’s niece.,UNKNOWN,Migrants,1,"…United States. In 2008, while visiting family in Guatemala, the defendant began a sexual relationship with his then 15-year-old niece, hereafter referred to as X. Before the defendant returned to the U.S., X asked if she could accompany him. The defendant…",UNKNOWN,PARTIAL,TYPE_2,"One minor migrant is clear, but the focal trafficking-victim interpretation is legally/structurally ambiguous.",Do not silently map Migrant to Victim.
sherloc-tip-2026-08-09-en-legacy-amp-complete-n1263-097ce2027171ebc9,victim_multiplicity:266,266,"L., H.V.N., T.H.N., and T. v R [2013] EWCA Crim 991",United Kingdom of Great Britain and Northern Ireland,https://www.unodc.org/cld/case-law-doc/drugcrimetype/gbr/2013/l._h.v.n._t.h.n._and_t._v_r_2013_ewca_crim_991.html,victim_multiplicity,no_person_section_narrative_multiple,participants.person_role + Fact Summary feasibility adjudication,NO,[person section absent],UNKNOWN,,0,"This case concerns criminal appeals against four separate criminal convictions of four people, who were forced into criminality as a result of being trafficked. R v. T.H.N. In September 2011, T.H.N. was found in a house in Bristol in which a very large…",MULTIPLE,YES,TYPE_3,Structured person reference is missing despite four separately described people.,Narrative-only recovery is possible with annotation.
sherloc-tip-2026-08-09-en-legacy-amp-complete-n1263-097ce2027171ebc9,victim_multiplicity:274,274,Case n° 3692/13,Argentina,https://www.unodc.org/cld/case-law-doc/traffickingpersonscrimetype/arg/2013/case_n_369213.html,victim_multiplicity,migrants_heading_multiple,participants.person_role + Fact Summary feasibility adjudication,YES,"Migrant: Nationality: Bolivian / Peruvian; Victim: 56 Anonymous victims, of which 1 was a minor Nationality: Bolivian / Peruvian",MULTIPLE,Migrants | Victims / Plaintiffs in the first instance,2,"…of garments, and through which the defendants allegedly exploited and subjected fifty-seven persons to forced labour. The aforementioned cooperative operated from three different dwellings, in which the defendants had set up three textile workshops that…",MULTIPLE,YES,TYPE_1,,Migrant and victim sections coexist; the forced-labour narrative explicitly concerns dozens of persons.
sherloc-tip-2026-08-09-en-legacy-amp-complete-n1263-097ce2027171ebc9,victim_multiplicity:285,285,Case No. 2013/1339,Belgium,https://www.unodc.org/cld/case-law-doc/migrantsmugglingcrimetype/bel/2013/case_no._20131339.html,victim_multiplicity,migrants_heading_grouped,participants.person_role + Fact Summary feasibility adjudication,YES,"Migrant: 10 persons Nationality: Bulgarian 9 adults, 1 child between 16 and 18 years of age",MULTIPLE,Migrants,1,"On the 17th of November 2010, two Bulgarian women entered a police station in Liège, and claimed that they were being forced into prostitution. The police decided to examine the mobile phone of one of the victims with her agreement, and put in place a…",MULTIPLE,YES,TYPE_1,,"Migrants heading and 10-person source value differ in granularity from the narrative, but both establish >1."
sherloc-tip-2026-08-09-en-legacy-amp-complete-n1263-097ce2027171ebc9,victim_multiplicity:317,317,12-175933MED-OTIR/03,Norway,https://www.unodc.org/cld/case-law-doc/traffickingpersonscrimetype/nor/2012/12-175933med-otir03.html,victim_multiplicity,one_record_apparent_single,participants.person_role + Fact Summary feasibility adjudication,YES,Victim: Anonymous Gender: Child Nationality: Nigerian,UNKNOWN,Victims / Plaintiffs in the first instance,1,"The case started when a Nigerian girl was arrested by the police owing to lack of identification papers in November 2010 in an area of Oslo where street prostitution takes place. She was placed in a child welfare institution, as it was considered that she…",SINGLE,YES,TYPE_1,,"The victim being one of 10 children describes siblings, not victim count."
sherloc-tip-2026-08-09-en-legacy-amp-complete-n1263-097ce2027171ebc9,victim_multiplicity:326,326,C.N. and V. v. France,International and Regional Bodies,https://www.unodc.org/cld/case-law-doc/traffickingpersonscrimetype/_irb/2012/c.n._and_v._v._france.html,victim_multiplicity,multiple_records_plaintiffs,participants.person_role + Fact Summary feasibility adjudication,YES,Plaintiff: C.N. Gender: Female Nationality: Burundian 1978; Plaintiff: V. Gender: Female Nationality: Burundian 1984,MULTIPLE,Victims / Plaintiffs in the first instance,2,"The applicants, two sisters (C.N. and V.), are French nationals, who were born in 1978 and 1984 respectively in Burundi. They left that country following the 1993 civil war, during which their parents were killed. They arrived in France in 1994 and 1995…",MULTIPLE,YES,TYPE_1,,Two plaintiff records and the two-sister narrative align.
sherloc-tip-2026-08-09-en-legacy-amp-complete-n1263-097ce2027171ebc9,victim_multiplicity:468,468,KO R 11/1073,Finland,https://www.unodc.org/cld/case-law-doc/traffickingpersonscrimetype/fin/2011/ko_r_111073.html,victim_multiplicity,multiple_records_exact_duplicate_false_multiple,participants.person_role + Fact Summary feasibility adjudication,YES,Victim: Anonymous Gender: Female; Victim: Anonymous Gender: Female,SINGLE,Victims / Plaintiffs in the first instance,2,"The defendant, a 21 year old woman, had threatened the victim, hence gaining authority over her, which resulted in the woman accepting to offer sexual services in return for compensation. The victim had provided approximately 100 clients with sexual services…",SINGLE,YES,TYPE_2,Duplicate source records conflict with a consistently singular case narrative.,This is the clearest reason never to equate DOM count with victim count.
sherloc-tip-2026-08-09-en-legacy-amp-complete-n1263-097ce2027171ebc9,victim_multiplicity:525,525,"Cass. pen. Sez. V, n. 2775",Italy,https://www.unodc.org/cld/case-law-doc/traffickingpersonscrimetype/ita/2011/cass._pen._sez._v_n._2775.html,victim_multiplicity,multiple_records_duplicate_payload_challenge,participants.person_role + Fact Summary feasibility adjudication,YES,Victim: Anonymous Gender: Child Nationality: Romanian; Victim: Anonymous Gender: Child Nationality: Romanian; Victim: Anonymous Gender: Male Nationality: Romanian,MULTIPLE,Victims / Plaintiffs in the first instance,3,"The Defendant convinced two minors to follow him to Italy, promising them a legal job in the Country and obtaining custody powers from their parents. Once they illegally entered Italy, he took their passports away and beat them to force them to pickpocket and…",MULTIPLE,YES,TYPE_1,,Three identical Anonymous records are corroborated by two minors plus another victim.
sherloc-tip-2026-08-09-en-legacy-amp-complete-n1263-097ce2027171ebc9,victim_multiplicity:574,574,Lovo,Nicaragua,https://www.unodc.org/cld/case-law-doc/traffickingpersonscrimetype/nic/2011/lovo.html,victim_multiplicity,one_record_apparent_single,participants.person_role + Fact Summary feasibility adjudication,YES,Victim: K.E.G. Gender: Child Nationality: Nicaraguan Age: 17,UNKNOWN,Victims / Plaintiffs in the first instance,1,The defendant found the victim weeping in a church in El Salvador. The victim informed the defendant that she was crying because she was unemployed and had recently been chased by local gangs. The defendant recognized that the girl was in a vulnerable…,SINGLE,YES,TYPE_1,,"'Several men' are perpetrators/clients, not victims."
sherloc-tip-2026-08-09-en-legacy-amp-complete-n1263-097ce2027171ebc9,victim_multiplicity:615,615,United States v. Steven C. Albers,United States of America,https://www.unodc.org/cld/case-law-doc/traffickingpersonscrimetype/usa/2011/united_states_v._steven_c._albers.html,victim_multiplicity,no_person_section_no_actual_victim,participants.person_role + Fact Summary feasibility adjudication,NO,[person section absent],UNKNOWN,,0,"The defendant responded to a Craig’s List advertisement that offered 11 and 15 year old girls for sex and asked whether little girls were available. The advertisement was run by Operation Guardian Angel, an undercover investigation into child sex trafficking…",UNKNOWN,NO,TYPE_4,The page describes an undercover advertisement and attempted offence; no actual victim is established.,Numbers in the decoy advertisement must not be treated as victims.
sherloc-tip-2026-08-09-en-legacy-amp-complete-n1263-097ce2027171ebc9,victim_multiplicity:825,825,"Case of Rantsev v. Cyprus and Russia, Application No. 25965/04",International and Regional Bodies,https://www.unodc.org/cld/case-law-doc/traffickingpersonscrimetype/_irb/2010/case_of_rantsev_v._cyprus_and_russia_application_no._2596504.html,victim_multiplicity,multiple_records_mixed_roles,participants.person_role + Fact Summary feasibility adjudication,YES,"Victim: O.R. Gender: Female Nationality: Russian Age: 21 As of March 2001, when the incident took place.; Plaintiff: Nikolay Rantsev Gender: Male Mr Rantsev brought the case on behalf of his daughter, Ms O.R.",SINGLE,Victims / Plaintiffs in the first instance,2,"On 5 March 2001, O.R., a 21-year-old female Russian national, traveled with the intention to work as an “artiste” in a cabaret. A cabaret owner, X.A., had applied for an “artiste” visa and work permit for her. O.R. was granted a temporary resident permit as a…",SINGLE,YES,TYPE_1,,"The second person record is the victim's father/plaintiff, not another victim."
sherloc-tip-2026-08-09-en-legacy-amp-complete-n1263-097ce2027171ebc9,victim_multiplicity:856,856,Correctional Tribunal of Gent 16-11-2009,Belgium,https://www.unodc.org/cld/case-law-doc/traffickingpersonscrimetype/bel/2009/correctional_tribunal_of_gent_16-11-2009.html,victim_multiplicity,migrants_heading_apparent_single,participants.person_role + Fact Summary feasibility adjudication,YES,Migrant: 1 person Gender: Child Nationality: Chinese,UNKNOWN,Migrants,1,"The victim was brought from China to Spain at the age of 11, and forced to work in order to pay back the travel expenses. The defendants claimed to be related to the victim and stated that the victim had moved to Belgium because she was unhappy in Spain. The…",SINGLE,YES,TYPE_1,,"Visible heading is Migrants, but the narrative consistently describes one forced child worker."
sherloc-tip-2026-08-09-en-legacy-amp-complete-n1263-097ce2027171ebc9,victim_multiplicity:985,985,AT and Others v Dulghieru,United Kingdom of Great Britain and Northern Ireland,https://www.unodc.org/cld/case-law-doc/traffickingpersonscrimetype/gbr/2009/at_and_others_v_dulghieru.html,victim_multiplicity,multiple_records_plaintiffs,participants.person_role + Fact Summary feasibility adjudication,YES,Plaintiff: Anonymous Gender: Female Nationality: Moldovan; Plaintiff: Anonymous Gender: Female Nationality: Moldovan; Plaintiff: Anonymous Gender: Female Nationality: Moldovan; Plaintiff: Anonymous Gender: Female Nationality: Moldovan,MULTIPLE,Victims / Plaintiffs in the first instance,4,"Four young Moldovan women were tricked into leaving their Country and moving to the United Kingdom to work as dancers. During the journey, the Defendant’s agents tool increasingly firm control of the young women, taking away their documents. Once they arrived…",MULTIPLE,YES,TYPE_1,,Four plaintiff records match four trafficked women.
sherloc-tip-2026-08-09-en-legacy-amp-complete-n1263-097ce2027171ebc9,victim_multiplicity:999,999,CRIM. CASE NO. Q-05-135363,Philippines,https://www.unodc.org/cld/case-law-doc/traffickingpersonscrimetype/phl/2009/crim._case_no._q-05-135363.html,victim_multiplicity,no_person_section_narrative_multiple,participants.person_role + Fact Summary feasibility adjudication,NO,[person section absent],UNKNOWN,,0,"…they intended to arrest at that time. During the operation four alleged pimps and seven victims were apprehended, some woman, however, were able to escape.",MULTIPLE,YES,TYPE_3,Structured person reference is missing despite seven explicitly reported victims.,Narrative-only recovery is possible with annotation.
sherloc-tip-2026-08-09-en-legacy-amp-complete-n1263-097ce2027171ebc9,victim_multiplicity:1111,1111,P. & S.,Cambodia,https://www.unodc.org/cld/case-law-doc/traffickingpersonscrimetype/khm/2008/p._s..html,victim_multiplicity,one_record_apparent_single,participants.person_role + Fact Summary feasibility adjudication,YES,Victim: M. Gender: Child Nationality: Cambodian Age: 17,UNKNOWN,Victims / Plaintiffs in the first instance,1,"In 2006, Mr P. and Mrs S, a married couple that owned a brothel, persuaded a 17-year-old girl, Ms M., to engage in prostitution in return for USD 100 per month. Ms M. was led to believe that no-one would be willing to marry her as she had lost her virginity…",SINGLE,YES,TYPE_1,,"Other sex workers were present, but only Ms M. is identified as trafficked in this case."
sherloc-tip-2026-08-09-en-legacy-amp-complete-n1263-097ce2027171ebc9,victim_multiplicity:1127,1127,Case CA Craiova 11-2008,Romania,https://www.unodc.org/cld/case-law-doc/traffickingpersonscrimetype/rou/2008/case_ca_craiova_11-2008.html,victim_multiplicity,multiple_records_duplicate_identity_challenge,participants.person_role + Fact Summary feasibility adjudication,YES,Victim: E.T. Gender: Child; Victim: E.M. Gender: Female; Victim: B.M. Gender: Female; Victim: H.N.D. Gender: Female; Victim: D.B. Gender: Female; Victim: E.M.E.; Victim: E.E.M. Gender: Female; Victim: E.J.M. Gender: Child; Victim: S.N.E. Gender: Female; Victim: S.N.E Gender: Female; Victim: E.B.N. Gender: Female; Victim: E.B.M.; Victim: N.B. Gender: Female; Victim: S.N.E. Gender: Female; Victim: O.F.E. Gender: Child,MULTIPLE,Victims / Plaintiffs in the first instance,15,"…and 2005, the defendants recruited, transported and sexually exploited a number of around 14 young women in Italy. The two male defendants were brothers. The victims were recruited in Romania, in general by the female defendant –D.H.-, with false promises…",MULTIPLE,YES,TYPE_1,,Some repeated identifiers do not erase the independently stated group of about 14 women.
sherloc-tip-2026-08-09-en-legacy-amp-complete-n1263-097ce2027171ebc9,victim_multiplicity:1238,1238,2 To 379/2006,Slovakia,https://www.unodc.org/cld/case-law-doc/traffickingpersonscrimetype/svk/2007/2_to_3792006_.html,victim_multiplicity,one_record_apparent_single,participants.person_role + Fact Summary feasibility adjudication,YES,Victim: 1 Individual Gender: Child,UNKNOWN,Victims / Plaintiffs in the first instance,1,"Recruitment/targeting of victim: From April to August 1998, the Defendant 1 and 2 enticed the Victim to work as a prostitute. They regularly transported her to an unspecified hotel in Trenčianske Teplice where she had sexual intercourse with men for money.…",SINGLE,YES,TYPE_1,,Generic/template plural wording later in the page does not override the individual case account.
sherloc-tip-2026-08-09-en-legacy-amp-complete-n1263-097ce2027171ebc9,victim_multiplicity:1510,1510,Case No 1725/2008,Jordan,https://www.unodc.org/cld/case-law-doc/traffickingpersonscrimetype/jor/case_no_17252008.html,victim_multiplicity,one_record_apparent_single,participants.person_role + Fact Summary feasibility adjudication,YES,Victim: F.A. Gender: Male Nationality: Jordanian,UNKNOWN,Victims / Plaintiffs in the first instance,1,"The defendant, Ahmed Mohamed, coerced the victim, F.A., to sell his kidney for money and sent him to a person in Egypt who would make the necessary arrangements. When the victims’ brother found out, he filed a claim against the defendant. The defendant was…",SINGLE,YES,TYPE_1,,'victims’ brother' is a possessive/typographic form referring to the one victim.
sherloc-tip-2026-08-09-en-legacy-amp-complete-n1263-097ce2027171ebc9,victim_multiplicity:1566,1566,Jorge Eliecer Castro Davila,Venezuela (Bolivarian Republic of),https://www.unodc.org/cld/case-law-doc/traffickingpersonscrimetype/ven/jorge_eliecer_castro_davila_.html,victim_multiplicity,one_record_apparent_single,participants.person_role + Fact Summary feasibility adjudication,YES,Victim: D.A. Gender: Female Nationality: Venezuelan,UNKNOWN,Victims / Plaintiffs in the first instance,1,"The decision describes the victim, D.A., as a young woman who was experiencing financial hardship. She saw an advertisement in her local newspaper seeking women between the ages of 18 and 25 who would be willing to travel to Europe. She answered the ad and…",SINGLE,YES,TYPE_1,,"'Several men' are persons forced on D.A., not other victims."
sherloc-tip-2026-08-09-en-legacy-amp-complete-n1263-097ce2027171ebc9,form_of_trafficking:13,13,Case of Zoletic and Others v. Azerbaijan,Azerbaijan,https://www.unodc.org/cld/case-law-doc/traffickingpersonscrimetype/aze/2021/case_of_zoletic_and_others_v._azerbaijan.html,form_of_trafficking,Transnational,Legacy + Sidebar,YES,"Legacy=[""Transnational""]; Sidebar=[""Transnational trafficking""]",STRUCTURED_PRESENT,,,"...complete certain construction projects in Azerbaijan. For this purpose, the applicants, nationals of Bosnia and Herzegovina, were recruited by Serbaz and taken to Azerbaijan. The applicants were told that they would receive excellent accommodation, good salaries, food expenses, paid visas and...",CLEAN_SUPPORTED,YES,TYPE_1,,Bosnia and Herzegovina to Azerbaijan makes the transnational value explicit.
sherloc-tip-2026-08-09-en-legacy-amp-complete-n1263-097ce2027171ebc9,form_of_trafficking:21,21,The Queen v Joseph Auga Matamata,New Zealand,https://www.unodc.org/cld/case-law-doc/traffickingpersonscrimetype/nzl/2020/the_queen_v_joseph_auga_matamata.html,form_of_trafficking,Transnational,Legacy + Sidebar,YES,"Legacy=[""Transnational""]; Sidebar=[""Transnational trafficking""]",STRUCTURED_PRESENT,,,"The defendant, Mr. Matamata, arranged the entry of four groups of victims into New Zealand over a period of time, from 1994 to 2019. Defendant is a Samoan national and a resident of New Zealand. Within the Samoan culture, defendant held Matai (family chief) status. His victims, 13 in total, came...",CLEAN_SUPPORTED,YES,TYPE_1,,Samoa-to-New Zealand movement is explicit.
sherloc-tip-2026-08-09-en-legacy-amp-complete-n1263-097ce2027171ebc9,form_of_trafficking:58,58,13-000227-1219-PE,Costa Rica,https://www.unodc.org/cld/case-law-doc/traffickingpersonscrimetype/cri/2018/13-000227-1219-pe.html,form_of_trafficking,missing,NONE,NO,Legacy=[]; Sidebar=[],STRUCTURED_MISSING,,,"...On March 16, 2013, following the instructions of [Name 072], Name [043] and Name [053] left Costa Rica for Spain and then to Israel, in order to have one of Name [043]’s kidneys removed, but instead, they were detained at the airport by immigration authorities. They were interrogated until they...",NARRATIVE_INFORMATIVE_WITHOUT_REFERENCE,YES,TYPE_3,No structured Form value despite an explicit international organ-removal journey.,Potential transnational Form is narrative-answerable but has no structured reference.
sherloc-tip-2026-08-09-en-legacy-amp-complete-n1263-097ce2027171ebc9,form_of_trafficking:123,123,N°660001-62-66-001-2011-00021-00 (AC-233-15),Colombia,https://www.unodc.org/cld/case-law-doc/traffickingpersonscrimetype/col/2016/n660001-62-66-001-2011-00021-00_ac-233-15.html,form_of_trafficking,Transnational + Organized Criminal Group,Legacy,YES,"Legacy=[""Transnational"", ""Organized Criminal Group""]; Sidebar=[]",STRUCTURED_PRESENT,,,"Ms. Exmisilbana Calle Collazos was part of a criminal organization that transferred young women with a prototype of special physique and of scarce economic resources from Colombia to Panama, China and Singapore with the purpose of exploiting them in the modality of prostitution, restricting their...",CLEAN_SUPPORTED,YES,TYPE_1,,Both international movement and criminal organization are explicit.
sherloc-tip-2026-08-09-en-legacy-amp-complete-n1263-097ce2027171ebc9,form_of_trafficking:127,127,AFFAIRE L.E. c. GRÈCE,Greece,https://www.unodc.org/cld/case-law-doc/traffickingpersonscrimetype/grc/2016/affaire_l.e._c._grece.html,form_of_trafficking,Transnational,Legacy + Sidebar,YES,"Legacy=[""Transnational""]; Sidebar=[""Transnational trafficking""]",STRUCTURED_PRESENT,,,"The Applicant entered Greek territory on 9 June 2004 with a person she had met in her home country of Nigeria, K.A. K.A. promised the Applicant that she would be taken to Greece to work in bars and nightclubs, and before leaving Nigeria, made the Applicant swear before a so-called ‘voodoo priest’...",CLEAN_SUPPORTED,YES,TYPE_1,,Nigeria-to-Greece movement is explicit.
sherloc-tip-2026-08-09-en-legacy-amp-complete-n1263-097ce2027171ebc9,form_of_trafficking:195,195,Cardaci Y Mossolini,Argentina,https://www.unodc.org/cld/case-law-doc/traffickingpersonscrimetype/arg/2014/cardaci_y_mossolini.html,form_of_trafficking,Transnational,Legacy,YES,"Legacy=[""Transnational""]; Sidebar=[]",STRUCTURED_PRESENT,,,"Cardaci and Mossolini (who is a police officer) were charged of harbouring 4 Paraguayan women in Arana (in La Plata) to exploit them sexually, promoting and facilitating the prostitution, with the alleged collaboration of Melo as a secondary participant. The place where the prostitution was taking...",CLEAN_SUPPORTED,YES,TYPE_1,,Victims came from Paraguay to Argentina and recruitment travel to Paraguay is stated.
sherloc-tip-2026-08-09-en-legacy-amp-complete-n1263-097ce2027171ebc9,form_of_trafficking:223,223,Nuraddin Saleh,Azerbaijan,https://www.unodc.org/cld/case-law-doc/traffickingpersonscrimetype/aze/2013/nuraddin_saleh.html,form_of_trafficking,Transnational + Organized Criminal Group,Legacy,YES,"Legacy=[""Transnational"", ""Organized Criminal Group""]; Sidebar=[]",STRUCTURED_PRESENT,,,"The accused person – Jalilov Nuraddin Saleh, involved in an organized group consisting of other persons unknown to investigation, trafficked 12 persons through the state borders of the Republic of Azerbaijan for exploitation purposes, and committed crimes of trafficking in human beings initiating...",CLEAN_SUPPORTED,YES,TYPE_1,,The summary explicitly states organized group and state-border movement.
sherloc-tip-2026-08-09-en-legacy-amp-complete-n1263-097ce2027171ebc9,form_of_trafficking:262,262,Case NO.CBU-91076,Philippines,https://www.unodc.org/cld/case-law-doc/traffickingpersonscrimetype/phl/2013/case_no.cbu-91076.html,form_of_trafficking,Internal,Legacy,YES,"Legacy=[""Internal""]; Sidebar=[]",STRUCTURED_PRESENT,,,"...was alerted to a potential case of trafficking in persons at the establishment known as Gate 3 in Cebu City. The Task Force assigned two police officers to the investigation, and put the place under surveillance. On the evening of November 25th, police agents went to Gate 3 as part of an...",INSUFFICIENT_OR_MISMATCHED,NO,TYPE_2,No origin or trafficking movement is stated; a local rescue operation alone does not prove Internal.,Internal is structured but not explicitly recoverable.
sherloc-tip-2026-08-09-en-legacy-amp-complete-n1263-097ce2027171ebc9,form_of_trafficking:313,313,Case No. R-LLP-09-05622-CR,Philippines,https://www.unodc.org/cld/case-law-doc/traffickingpersonscrimetype/phl/2013/case_no._r-llp-09-05622-cr.html,form_of_trafficking,Internal,Legacy,YES,"Legacy=[""Internal""]; Sidebar=[]",STRUCTURED_PRESENT,,,"...Trafficking Task Force, conducted an undercover operation at an establishment in Lapu-Lapu City based on prior intelligence that showed widespread prostitution taking place in the area. During the operation, two police officers acted as decoys and pretended to be customers who wanted to...",INSUFFICIENT_OR_MISMATCHED,NO,TYPE_2,The local operation does not state origin or trafficking route.,Internal is structured but only inferable from silence about crossing borders.
sherloc-tip-2026-08-09-en-legacy-amp-complete-n1263-097ce2027171ebc9,form_of_trafficking:375,375,Case no B 6114-11,Sweden,https://www.unodc.org/cld/case-law-doc/criminalgroupcrimetype/swe/2012/case_no_b_6114-11.html,form_of_trafficking,Transnational + Organized Criminal Group,Legacy,YES,"Legacy=[""Transnational"", ""Organized Criminal Group""]; Sidebar=[]",STRUCTURED_PRESENT,,,"...in Stockholm and sold sexual services. The women were recruited by Defendant 1 and 2 in Lithuania except for Victim 7 who was picked up in Norway by Defendant 1, 2 and 3. Defendant 3 was in charge of the procuring activities in Stockholm during this period. Income from the activities was...",CLEAN_SUPPORTED,YES,TYPE_1,,Lithuania-to-Sweden movement and an organized network are explicit.
sherloc-tip-2026-08-09-en-legacy-amp-complete-n1263-097ce2027171ebc9,form_of_trafficking:409,409,Case No B 16821-11,Sweden,https://www.unodc.org/cld/case-law-doc/traffickingpersonscrimetype/swe/2012/case_no_b_16821-11.html,form_of_trafficking,missing,NONE,NO,Legacy=[]; Sidebar=[],STRUCTURED_MISSING,,,"The defendant 1 transported one of the victims to Sweden; the other victims had already been in Sweden. The victims stayed in the defendant’s apartment for a few nights. The victims were told that they would get normal jobs through the defendants, but upon arrival to Sweden they were forced to...",NARRATIVE_INFORMATIVE_WITHOUT_REFERENCE,PARTIAL,TYPE_3,The phrase transported to Sweden suggests but does not state the origin country.,"Narrative may support Transnational, but adjudication is needed."
sherloc-tip-2026-08-09-en-legacy-amp-complete-n1263-097ce2027171ebc9,form_of_trafficking:418,418,R v. N. and R v. Le,United Kingdom of Great Britain and Northern Ireland,https://www.unodc.org/cld/case-law-doc/drugcrimetype/gbr/2012/r_v._n._and_r_v._le.html,form_of_trafficking,Transnational,Legacy,YES,"Legacy=[""Transnational""]; Sidebar=[]",STRUCTURED_PRESENT,,,R v. N. N. had left Vietnam and travelled via the Czech Republic to the United Kingdom. He said that he had been recruited by a Vietnamese man Ha soon after his arrival in the United Kingdom. Ha offered N. a job and transported him to the factory. N. said that he had become frightened when he found...,CLEAN_SUPPORTED,YES,TYPE_1,,Vietnam-Czech Republic-United Kingdom movement is explicit.
sherloc-tip-2026-08-09-en-legacy-amp-complete-n1263-097ce2027171ebc9,form_of_trafficking:513,513,Processo n 2004.81.00.018889-0,Brazil,https://www.unodc.org/cld/case-law-doc/criminalgroupcrimetype/bra/2011/processo_n_2004.81.00.018889-0.html,form_of_trafficking,Internal + Transnational + Organized Criminal Group,Legacy,YES,"Legacy=[""Internal"", ""Transnational"", ""Organized Criminal Group""]; Sidebar=[]",STRUCTURED_PRESENT,,,"As reported, S.S headed the criminal organization jointly with B.R and was responsible for the enterprise B.C and its website, which offered package holidays and prostitutes. The website consisted in an assortment of erotic posing and nude pictures, where the clients had the possibility to choose a...",PARTIAL_SUPPORT,PARTIAL,TYPE_2,"Transnational and organized-group evidence is explicit, but a distinct Internal form is not.",Two of three structured values are supported.
sherloc-tip-2026-08-09-en-legacy-amp-complete-n1263-097ce2027171ebc9,form_of_trafficking:525,525,"Cass. pen. Sez. V, n. 2775",Italy,https://www.unodc.org/cld/case-law-doc/traffickingpersonscrimetype/ita/2011/cass._pen._sez._v_n._2775.html,form_of_trafficking,Transnational,Legacy,YES,"Legacy=[""Transnational""]; Sidebar=[]",STRUCTURED_PRESENT,,,"The Defendant convinced two minors to follow him to Italy, promising them a legal job in the Country and obtaining custody powers from their parents. Once they illegally entered Italy, he took their passports away and beat them to force them to pickpocket and hand over to him the stolen goods,...",CLEAN_SUPPORTED,YES,TYPE_1,,The victims illegally entered Italy after following the defendant there.
sherloc-tip-2026-08-09-en-legacy-amp-complete-n1263-097ce2027171ebc9,form_of_trafficking:618,618,Bachpan Bachao and Ors. v. Union of India (UOI) and Ors,India,https://www.unodc.org/cld/case-law-doc/traffickingpersonscrimetype/ind/2010/bachpan_bachao_and_ors._v._union_of_india_uoi_and_ors.html,form_of_trafficking,Internal + Transnational,Legacy,YES,"Legacy=[""Internal"", ""Transnational""]; Sidebar=[]",STRUCTURED_PRESENT,,,"...The petitions highlighted that several thousand minors are kidnapped and trafficked from various states and Nepal and brought to Delhi and sold for the purposes of prostitution, begging, drug peddling, slavery, forced labour including bondage, and for various other crimes and who are still...",CLEAN_SUPPORTED,YES,TYPE_1,,Movement from Indian states and Nepal to Delhi supports both values.
sherloc-tip-2026-08-09-en-legacy-amp-complete-n1263-097ce2027171ebc9,form_of_trafficking:627,627,"Ranya Boonmee, Kaew Kongmuang and Manus Boonmee",Thailand,https://www.unodc.org/cld/case-law-doc/traffickingpersonscrimetype/tha/2010/ranya_boonmee_kaew_kongmuang_and_manus_boonmee.html,form_of_trafficking,Internal,Legacy,YES,"Legacy=[""Internal""]; Sidebar=[]",STRUCTURED_PRESENT,,,"...2006, Thai police and immigration authorities raided the Ranya Paew shrimp processing factory in Samut Sakhon, based on information from workers who had escaped from the factory. The factory itself was built with 16-foot-high, barbed-wire capped walls and an internal closed-circuit television....",INSUFFICIENT_OR_MISMATCHED,NO,TYPE_2,Myanmar nationality in a Thai factory does not establish an internal trafficking route.,The structured Internal value is not supported and the narrative suggests a cross-border context.
sherloc-tip-2026-08-09-en-legacy-amp-complete-n1263-097ce2027171ebc9,form_of_trafficking:751,751,KŽ 408/10,Serbia,https://www.unodc.org/cld/case-law-doc/criminalgroupcrimetype/srb/2010/k_40810_.html,form_of_trafficking,Internal,Legacy,YES,"Legacy=[""Internal""]; Sidebar=[]",STRUCTURED_PRESENT,,,"...personal documents, recruited and kept three minor injured parties with a view to begging in Belgrade in the period 2000 to 2007. This was done in a way that the spouses – the first and the second abused – together with their daughter and son, the third and the fourth accused who entered...",CLEAN_SUPPORTED,YES,TYPE_1,,"Recruitment, keeping, and exploitation are localized to Belgrade and its surroundings."
sherloc-tip-2026-08-09-en-legacy-amp-complete-n1263-097ce2027171ebc9,form_of_trafficking:759,759,Docket Number - Unknown [2010],United States of America,https://www.unodc.org/cld/case-law-doc/drugcrimetype/usa/2010/docket_number_-_unknown_2010.html,form_of_trafficking,Internal + Organized Criminal Group,Legacy,YES,"Legacy=[""Internal"", ""Organized Criminal Group""]; Sidebar=[]",STRUCTURED_PRESENT,,,"...Jacob Tyler (“Tyler”), Craig Allen Corey II (“Corey”) and Robert Harris (“Harris”), conspired to and actually conducted a prostitution business from Corey’s apartment in Millersville, Maryland. As a United States Army Officer, co-defendant, Corey, travelled from his Army assignment at Fort...",CLEAN_SUPPORTED,YES,TYPE_1,,A multi-person conspiracy and domestic interstate movement are explicit.
sherloc-tip-2026-08-09-en-legacy-amp-complete-n1263-097ce2027171ebc9,form_of_trafficking:842,842,17 T 15/2007,Czechia,https://www.unodc.org/cld/case-law-doc/drugcrimetype/cze/2009/17_t_152007.html,form_of_trafficking,missing,NONE,NO,Legacy=[]; Sidebar=[],STRUCTURED_MISSING,,,"...prostitution in brothel called Modrá rúže in Vimperk, in a brothel called New Life in Strakonice and on various other places within the Czech Republic in course of so called “escort services”. The defendant used threat of violence, violence and misused the financial and drug issues of the victims.",NARRATIVE_INFORMATIVE_WITHOUT_REFERENCE,YES,TYPE_3,No structured value even though the summary confines conduct within one country.,Potential Internal Form is narrative-answerable.
sherloc-tip-2026-08-09-en-legacy-amp-complete-n1263-097ce2027171ebc9,form_of_trafficking:889,889,ACR 2006.72.03.003070-2 TRF4,Brazil,https://www.unodc.org/cld/case-law-doc/traffickingpersonscrimetype/bra/2009/acr_2006.72.03.003070-2_trf4.html,form_of_trafficking,Transnational,Legacy,YES,"Legacy=[""Transnational""]; Sidebar=[]",STRUCTURED_PRESENT,,,"...Brazil, a criminal group was dedicated to the promotion and facilitation of the entry to Brazil of women from Paraguay to exercise prostitution, sometimes through the use of fraud. One of these trafficked women was apparently a teenager. The accused were two men, DIRLEI DE OLIVEIRA and...",CLEAN_SUPPORTED,YES,TYPE_1,,Paraguay-to-Brazil movement is explicit.
sherloc-tip-2026-08-09-en-legacy-amp-complete-n1263-097ce2027171ebc9,form_of_trafficking:898,898,United States v. Oscar Mondragon,United States of America,https://www.unodc.org/cld/case-law-doc/traffickingpersonscrimetype/usa/2009/united_states_v._oscar_mondragon.html,form_of_trafficking,missing,NONE,NO,Legacy=[]; Sidebar=[],STRUCTURED_MISSING,,,"Defendants were part of a scheme to smuggle Central American women and girls into the United States. The defendants lured their victims with promises of legal jobs in the United States. Once in the country, however, the victims were forced to work in restaurants, bars and cantinas in the Houston...",NARRATIVE_INFORMATIVE_WITHOUT_REFERENCE,YES,TYPE_3,No structured value despite explicit movement into the United States.,Potential Transnational Form is narrative-answerable.
sherloc-tip-2026-08-09-en-legacy-amp-complete-n1263-097ce2027171ebc9,form_of_trafficking:917,917,Processo nº 2009.03.00.014160-5,Brazil,https://www.unodc.org/cld/case-law-doc/criminalgroupcrimetype/bra/2009/processo_n_2009.03.00.014160-5.html,form_of_trafficking,Internal + Transnational + Organized Criminal Group,Legacy,YES,"Legacy=[""Internal"", ""Transnational"", ""Organized Criminal Group""]; Sidebar=[]",STRUCTURED_PRESENT,,,"The defendant Maria de Jesus dos Santos Bezerra was an integrant of an organized criminal group with the purpose of promoting, intermediating and favouring the internal and international trafficking in person, participating directly on the profits from the prostitution of the women recruited. The...",CLEAN_SUPPORTED,YES,TYPE_1,,The summary expressly says organized group and internal and international trafficking.
sherloc-tip-2026-08-09-en-legacy-amp-complete-n1263-097ce2027171ebc9,form_of_trafficking:940,940,Processo 5/02.7ZRC,Portugal,https://www.unodc.org/cld/case-law-doc/traffickingpersonscrimetype/prt/2009/processo_502.7zrc.html,form_of_trafficking,Transnational,Legacy,YES,"Legacy=[""Transnational""]; Sidebar=[]",STRUCTURED_PRESENT,,,"...of gaining from prostitution which occurred there, and over which they had control. A significant number of the women working as prostitutes in the nightclub were recruited from Brazil, via Spain. They were taken to the nightclub and introduced to the functioning of the club by the defendants.",CLEAN_SUPPORTED,YES,TYPE_1,,Women were recruited from Brazil via Spain.
sherloc-tip-2026-08-09-en-legacy-amp-complete-n1263-097ce2027171ebc9,form_of_trafficking:962,962,Emerson,Canada,https://www.unodc.org/cld/case-law-doc/traffickingpersonscrimetype/can/2009/emerson.html,form_of_trafficking,Internal,Legacy,YES,"Legacy=[""Internal""]; Sidebar=[]",STRUCTURED_PRESENT,,,"...women’s homeless shelter in the National Capital Region while some were recruited at an Ottawa courthouse, although no record of Ms Emerson working at the courthouse could be found. It was alleged that Ms Emerson received one of the three women in an exchange with another pimp. The victims were...",PARTIAL_SUPPORT,PARTIAL,TYPE_2,"Ottawa-to-Gatineau movement is domestic, but interpreting it requires outside geographic knowledge.",Internal is plausible but not explicitly labelled in the narrative.
sherloc-tip-2026-08-09-en-legacy-amp-complete-n1263-097ce2027171ebc9,form_of_trafficking:1097,1097,Saldarriaga et al,Colombia,https://www.unodc.org/cld/case-law-doc/criminalgroupcrimetype/col/2008/saldarriaga_et_al.html,form_of_trafficking,Organized Criminal Group,Legacy,YES,"Legacy=[""Organized Criminal Group""]; Sidebar=[]",STRUCTURED_PRESENT,,,"...local police station after realizing that her daughter, Ms L.M.V.M., was a victim of a criminal organization that sent women to Hong Kong and forced them to work as prostitutes. On 15 August 2007, after an arrest warrant was issued, the defendants, Jessica María Ríos Saldarriaga, Olga Mercedes...",CLEAN_SUPPORTED,YES,TYPE_1,,The victim and police explicitly describe a criminal organization.
sherloc-tip-2026-08-09-en-legacy-amp-complete-n1263-097ce2027171ebc9,form_of_trafficking:1105,1105,United States v. Mondragon,United States of America,https://www.unodc.org/cld/case-law-doc/traffickingpersonscrimetype/usa/2008/united_states_v._mondragon.html,form_of_trafficking,Organized Criminal Group,Legacy,YES,"Legacy=[""Organized Criminal Group""]; Sidebar=[]",STRUCTURED_PRESENT,,,"Oscar Mondragon and Victor Lopez, along with six others, engaged in a scheme to compel Central American women into service in restaurants, bars, and cantinas in the Houston area. Mondragon and Lopez lured Central American women to the United States with promises of jobs. Once the women arrived,...",CLEAN_SUPPORTED,YES,TYPE_1,,Eight participants acting in a coordinated scheme support the organized-group value.
sherloc-tip-2026-08-09-en-legacy-amp-complete-n1263-097ce2027171ebc9,form_of_trafficking:1142,1142,Valencia et al,Colombia,https://www.unodc.org/cld/case-law-doc/traffickingpersonscrimetype/col/2008/valencia_et_al.html,form_of_trafficking,Internal + Organized Criminal Group,Legacy,YES,"Legacy=[""Internal"", ""Organized Criminal Group""]; Sidebar=[]",STRUCTURED_PRESENT,,,"...2007, Rubén Darío Ardila Álvarez contacted two minors who lived in the municipality of Montenegro, Colombia, and offered them a job to work as maids and cooks in a hotel located in Cali, Colombia. The minors accepted the offer, but the day after they were taken to the municipality of Orito,...",PARTIAL_SUPPORT,PARTIAL,TYPE_2,"Domestic movement is explicit, but no organized criminal group is described.",Internal is supported; Organized Criminal Group is not.
sherloc-tip-2026-08-09-en-legacy-amp-complete-n1263-097ce2027171ebc9,form_of_trafficking:1153,1153,Processo 2004.61.06.004897-4 18682,Brazil,https://www.unodc.org/cld/case-law-doc/criminalgroupcrimetype/bra/2008/processo_2004.61.06.004897-4_18682.html,form_of_trafficking,Transnational + Organized Criminal Group,Legacy,YES,"Legacy=[""Transnational"", ""Organized Criminal Group""]; Sidebar=[]",STRUCTURED_PRESENT,,,"...documents found with J.A.M., this analysis was seen as unnecessary, since the purpose of international trafficking for the purpose of sexual exploitation was well demonstrated with the other elements of investigation. Even though M.V. was not denounced, her participation in the crime was mentioned...",CLEAN_SUPPORTED,YES,TYPE_1,,Spain-bound movement and a charged criminal group are explicit.
sherloc-tip-2026-08-09-en-legacy-amp-complete-n1263-097ce2027171ebc9,form_of_trafficking:1229,1229,United States v. Telichenko,United States of America,https://www.unodc.org/cld/case-law-doc/traffickingpersonscrimetype/usa/2007/united_states_v._telichenko.html,form_of_trafficking,Internal + Transnational,Legacy,YES,"Legacy=[""Internal"", ""Transnational""]; Sidebar=[]",STRUCTURED_PRESENT,,,"The defendant, a Ukrainian national, lived and worked as a court translator in Orlando, Florida. The victim, a Russian citizen, was visiting the United States on a B-2 tourist visa. The defendant and victim met in Philadelphia, PA and, it was at this time when the defendant convinced the victim to...",PARTIAL_SUPPORT,PARTIAL,TYPE_2,"Domestic Philadelphia-to-Florida movement is explicit; the victim was already visiting the US, so trafficking across an international border is not established.",Internal is supported; Transnational is not.
sherloc-tip-2026-08-09-en-legacy-amp-complete-n1263-097ce2027171ebc9,form_of_trafficking:1308,1308,United States v. Maksimenko and United States v. Prokopenko,United States of America,https://www.unodc.org/cld/case-law-doc/traffickingpersonscrimetype/usa/2006/united_states_v._maksimenko_and_united_states_v._prokopenko.html,form_of_trafficking,Organized Criminal Group,Legacy,YES,"Legacy=[""Organized Criminal Group""]; Sidebar=[]",STRUCTURED_PRESENT,,,"...in Livonia, Michigan. Michail Aronov is a Lithuanian citizen from the Chicago area and associate of Masimenko. The defendants recruited Russian and Ukrainian women to travel to the United States and held them in a condition of servitude in strip clubs in south-eastern Michigan. At least nine...",PARTIAL_SUPPORT,PARTIAL,TYPE_2,The summary describes associates and conspiracy but does not identify an organized criminal group as such.,Organized-group status is inferable but not explicit.
sherloc-tip-2026-08-09-en-legacy-amp-complete-n1263-097ce2027171ebc9,form_of_trafficking:1316,1316,United States v. Salazar,United States of America,https://www.unodc.org/cld/case-law-doc/traffickingpersonscrimetype/usa/2006/united_states_v._salazar.html,form_of_trafficking,Organized Criminal Group,Legacy,YES,"Legacy=[""Organized Criminal Group""]; Sidebar=[]",STRUCTURED_PRESENT,,,"...using physical violence, and threats to maintain strict control over them. Four of the six defendants have pleaded guilty to conspiring to commit sex trafficking. Ivan Salazar and his co-conspirators also instructed the women on how to service the clients and prohibited the women from conversing...",CLEAN_SUPPORTED,YES,TYPE_1,,Six defendants and co-conspirators are explicitly described.
sherloc-tip-2026-08-09-en-legacy-amp-complete-n1263-097ce2027171ebc9,form_of_trafficking:1356,1356,R v DS (2005),Australia,https://www.unodc.org/cld/case-law-doc/traffickingpersonscrimetype/aus/2005/r_v_ds_2005.html,form_of_trafficking,Transnational + Organized Criminal Group,Legacy,YES,"Legacy=[""Transnational"", ""Organized Criminal Group""]; Sidebar=[]",STRUCTURED_PRESENT,,,"...employer. Ms Tang was accused, and later convicted, of having purchased five women from Thailand to work in debt-bondage conditions in a legal brothel called ‘Club 417’ in Fitzroy. The women had previously worked in the sex industry in Thailand and were aware that they would be working in...",CLEAN_SUPPORTED,YES,TYPE_1,,Thailand-to-Australia movement and a syndicate/recruiter network are explicit.
sherloc-tip-2026-08-09-en-legacy-amp-complete-n1263-097ce2027171ebc9,form_of_trafficking:1396,1396,Kwok Ho,China,https://www.unodc.org/cld/case-law-doc/traffickingpersonscrimetype/chn/2004/kwok_ho.html,form_of_trafficking,Internal + Transnational,Legacy,YES,"Legacy=[""Internal"", ""Transnational""]; Sidebar=[]",STRUCTURED_PRESENT,,,"On or about 13 April 2002, the accused, Mr Kwok Ho, travelled to Shenzhen and met K.S who asked him to help her find work in Hong Kong. Mr Kwok Ho made arrangements for K.S. to come to Hong Kong to work and K.S. agreed. Mr Kwok Ho allegedly transported K.S. to a hotel in Shenzhen to a third party...",PARTIAL_SUPPORT,PARTIAL,TYPE_2,"Shenzhen-to-Hong Kong movement is explicit, but why both Internal and Transnational apply is not self-evident from the text alone.",Geopolitical/jurisdictional interpretation is required.
sherloc-tip-2026-08-09-en-legacy-amp-complete-n1263-097ce2027171ebc9,form_of_trafficking:1464,1464,1028 k/PID SUS/2009,Indonesia,https://www.unodc.org/cld/case-law-doc/traffickingpersonscrimetype/idn/1998/_1028_kpid_sus2009_.html,form_of_trafficking,Internal,Legacy,YES,"Legacy=[""Internal""]; Sidebar=[]",STRUCTURED_PRESENT,,,"On 23 January 2008, the defendant ran a Café and his friend named Ekawati brought the victim with her on the pretext that they were going to pick up Ekawati’s boyfriend and go to the defendant’s house for a birthday party. Ekawati told the victim that in case it got late at the party they would all...",INSUFFICIENT_OR_MISMATCHED,NO,TYPE_2,No place names or route are provided.,Internal cannot be recovered.
sherloc-tip-2026-08-09-en-legacy-amp-complete-n1263-097ce2027171ebc9,form_of_trafficking:1523,1523,"CC 41/2017 – The State vs. O. B. Abba, M. P. Mkhonto, and C.J. Obasi",South Africa,https://www.unodc.org/cld/case-law-doc/drugcrimetype/zaf/cc_412017_the_state_vs._o._b._abba_m._p._mkhonto_and_c.j._obasi.html,form_of_trafficking,Internal,Legacy + Sidebar,YES,"Legacy=[""Internal""]; Sidebar=[""Internal trafficking""]",STRUCTURED_PRESENT,,,"...trafficking and facilitation to such crimes which was prosecuted by the High Court in Pretoria, South Africa. During the period 1 April 2016 up to September 2016, defendant 3, namely C.J. Obasi, harboured at least two victims at Jaspit Court with the alleged intent to exploit his victims...",INSUFFICIENT_OR_MISMATCHED,NO,TYPE_2,"Pretoria is stated, but victim origin and trafficking movement are absent.",Internal cannot be distinguished from other possibilities.
sherloc-tip-2026-08-09-en-legacy-amp-complete-n1263-097ce2027171ebc9,form_of_trafficking:1544,1544,"Gonzalez, Calderón, Payero y Zapata",Argentina,https://www.unodc.org/cld/case-law-doc/traffickingpersonscrimetype/arg/gonzalez_calderon_payero_y_zapata.html,form_of_trafficking,Organized Criminal Group,Legacy,YES,"Legacy=[""Organized Criminal Group""]; Sidebar=[]",STRUCTURED_PRESENT,,,"...she escaped, she had been tortured for refusing to be a prostitute The victim could escape after fifteen days of captivity because she had slimmed so much that she could slide her arm out of the handcuffs. (Information regarding, transportation plans, and the minors’ home country is unavailable.)",INSUFFICIENT_OR_MISMATCHED,NO,TYPE_2,"Several defendants appear, but the summary does not establish an organized group.",The source note says transportation and home-country information are unavailable.
sherloc-tip-2026-08-09-en-legacy-amp-complete-n1263-097ce2027171ebc9,sector_of_exploitation:13,13,Case of Zoletic and Others v. Azerbaijan,Azerbaijan,https://www.unodc.org/cld/case-law-doc/traffickingpersonscrimetype/aze/2021/case_of_zoletic_and_others_v._azerbaijan.html,sector_of_exploitation,Construction,Legacy + Sidebar,YES,"Legacy=[""Construction""]; Sidebar=[""Construction""]",STRUCTURED_PRESENT,,,"“SerbAz Project Design and Construction LLC”, a construction company, had concluded contracts with the Ministry of Sports and Youth of Azerbaijan providing that the company would complete certain construction projects in Azerbaijan. For this purpose, the applicants, nationals of Bosnia and...",CLEAN_SUPPORTED,YES,TYPE_1,,Construction work is explicit.
sherloc-tip-2026-08-09-en-legacy-amp-complete-n1263-097ce2027171ebc9,sector_of_exploitation:17,17,"Case No. 20-0434, Supreme Court of Texas",United States of America,https://www.unodc.org/cld/case-law-doc/traffickingpersonscrimetype/usa/2021/case_no._20-0434_supreme_court_of_texas.html,sector_of_exploitation,Commercial sexual exploitation,Legacy + Sidebar,YES,"Legacy=[""Commercial sexual exploitation""]; Sidebar=[""Prostitution / sex work / pornography industry""]",STRUCTURED_PRESENT,,,"...her pursue a modelling career. Her pictures were then posted to the website ‘Backpage’ advertising sexual services. As a consequence, Plaintiff was “raped, beaten and forced into further sex trafficking.” In 2012, the second Plaintiff, who was fourteen years old, was approached by her alleged...",CLEAN_SUPPORTED,YES,TYPE_1,,Prostitution and advertised sexual services explicitly support the sector.
sherloc-tip-2026-08-09-en-legacy-amp-complete-n1263-097ce2027171ebc9,sector_of_exploitation:21,21,The Queen v Joseph Auga Matamata,New Zealand,https://www.unodc.org/cld/case-law-doc/traffickingpersonscrimetype/nzl/2020/the_queen_v_joseph_auga_matamata.html,sector_of_exploitation,Agriculture,Legacy + Sidebar,YES,"Legacy=[""Agriculture""]; Sidebar=[""Agriculture""]",STRUCTURED_PRESENT,,,"...his family in Hastings, where they would be given food and accommodation and undertake horticulture work as organised by defendant. Defendant represented to the victims and their families that they could earn significant income by Samoan standards. Once they had paid off the cost of the visas...",PARTIAL_SUPPORT,PARTIAL,TYPE_2,"Agriculture is explicit, but household chores also suggest an unlabelled domestic-work sector.",The structured value is recoverable but may be incomplete.
sherloc-tip-2026-08-09-en-legacy-amp-complete-n1263-097ce2027171ebc9,sector_of_exploitation:27,27,S v. Fatmata Kamara & Kadiatu Kargbo,Sierra Leone,https://www.unodc.org/cld/case-law-doc/traffickingpersonscrimetype/sle/2020/s_v._fatmata_kamara_kadiatu_kargbo.html,sector_of_exploitation,multi-label,Legacy,YES,"Legacy=[""Agriculture"", ""Begging"", ""Commercial sexual exploitation"", ""Domestic servitude"", ""Mining""]; Sidebar=[]",STRUCTURED_PRESENT,,,"...employment. Kamara and Kargbo facilitated the transfer of the women from Sierra Leone to Ghana via Liberia and Côte d'Ivoire. In Ghana, Kamara would hand over the women to her agents, who then transported them to Oman and Iraq, where the women were subjected to sexual exploitation and forced labor.",PARTIAL_SUPPORT,PARTIAL,TYPE_2,"Sexual exploitation and forced labour are stated, but Agriculture, Begging, Domestic servitude, and Mining are not.",Only part of the five-label structured set is recoverable.
sherloc-tip-2026-08-09-en-legacy-amp-complete-n1263-097ce2027171ebc9,sector_of_exploitation:28,28,R. v. Antoine,Canada,https://www.unodc.org/cld/case-law-doc/traffickingpersonscrimetype/can/2020/r._v._antoine.html,sector_of_exploitation,missing,NONE,NO,Legacy=[]; Sidebar=[],STRUCTURED_MISSING,,,"...stayed at a condominium the accused has rented for her. Over the next week, the victim worked as a prostitute under the supervision of the accused, mostly at hotels, in exchange for drugs, specifically, cocaine which was provided to her by the accused. Upon discussing the issue with her...",NARRATIVE_INFORMATIVE_WITHOUT_REFERENCE,YES,TYPE_3,No structured Sector despite prostitution in hotels.,Commercial sexual exploitation and hotel context are narrative-answerable.
sherloc-tip-2026-08-09-en-legacy-amp-complete-n1263-097ce2027171ebc9,sector_of_exploitation:65,65,Case 14/2018,Oman,https://www.unodc.org/cld/case-law-doc/traffickingpersonscrimetype/omn/2018/case_142018.html,sector_of_exploitation,missing,NONE,NO,Legacy=[]; Sidebar=[],STRUCTURED_MISSING,,,"...individual. They agreed with his sister to bring into the country a female to work as a domestic worker, while in reality they intended to force her into the marriage without her consent. The sister was looking for a wife for her brother from outside the sultanate. She met the two defendants who...",NARRATIVE_INSUFFICIENT_WITHOUT_REFERENCE,NO,TYPE_4,"Domestic work was the recruitment pretext, while forced marriage was the intended harm; no exploitation sector is safely assignable.",Structured and narrative evidence are insufficient for a Sector target.
sherloc-tip-2026-08-09-en-legacy-amp-complete-n1263-097ce2027171ebc9,sector_of_exploitation:127,127,AFFAIRE L.E. c. GRÈCE,Greece,https://www.unodc.org/cld/case-law-doc/traffickingpersonscrimetype/grc/2016/affaire_l.e._c._grece.html,sector_of_exploitation,Commercial sexual exploitation,Legacy + Sidebar,YES,"Legacy=[""Commercial sexual exploitation""]; Sidebar=[""Prostitution / sex work / pornography industry""]",STRUCTURED_PRESENT,,,"...Upon her arrival in Greece, the Applicant states that K.A. confiscated her passport and forced her to engage in prostitution. The Applicant states that she engaged in prostitution for fear of activating the abovementioned voodoo curse, believing that the only means for freeing herself from this...",CLEAN_SUPPORTED,YES,TYPE_1,,Prostitution and commercial sexual exploitation are explicit.
sherloc-tip-2026-08-09-en-legacy-amp-complete-n1263-097ce2027171ebc9,sector_of_exploitation:140,140,Case 0715,United States of America,https://www.unodc.org/cld/case-law-doc/traffickingpersonscrimetype/usa/2015/case_0715.html,sector_of_exploitation,missing,NONE,NO,Legacy=[]; Sidebar=[],STRUCTURED_MISSING,,,"...trafficking co-conspirators in connection with this case, knowing they were pimps who forced and coerced women to engage in prostitution. Patel admitted that although he never personally recruited, groomed, or coerced any of the victims, he benefited financially from the sex trafficking...",NARRATIVE_INFORMATIVE_WITHOUT_REFERENCE,YES,TYPE_3,No structured Sector despite explicit coerced prostitution at a motel.,Sexual exploitation and hotel context are narrative-answerable.
sherloc-tip-2026-08-09-en-legacy-amp-complete-n1263-097ce2027171ebc9,sector_of_exploitation:199,199,K 128/13,Serbia,https://www.unodc.org/cld/case-law-doc/traffickingpersonscrimetype/srb/2014/k_12813.html,sector_of_exploitation,Begging,Legacy,YES,"Legacy=[""Begging""]; Sidebar=[]",STRUCTURED_PRESENT,,,"...the relationship of dependency, force and threats, he recruited them for begging. He forced them to beg at various locations in Novi Sad, requiring them to obtain from 1,000 to 2,000 RSD per day. In case they would not bring enough money they were beaten, slapped, hit on the head and body by...",CLEAN_SUPPORTED,YES,TYPE_1,,Forced begging is repeated explicitly.
sherloc-tip-2026-08-09-en-legacy-amp-complete-n1263-097ce2027171ebc9,sector_of_exploitation:222,222,Case 301213,Poland,https://www.unodc.org/cld/case-law-doc/traffickingpersonscrimetype/pol/2013/case_301213.html,sector_of_exploitation,Commercial sexual exploitation,Legacy,YES,"Legacy=[""Commercial sexual exploitation""]; Sidebar=[]",STRUCTURED_PRESENT,,,...office has revealed that the girl's mother appeared in Poland in 2008 and provided paid sexual services in Świdnica and surroundings. The accused promised to marry her and live together in the country. At the end of 2012 also the daughter of the woman arrived to Poland. Using a relation of...,CLEAN_SUPPORTED,YES,TYPE_1,,Paid sexual services and prostitution are explicit.
sherloc-tip-2026-08-09-en-legacy-amp-complete-n1263-097ce2027171ebc9,sector_of_exploitation:235,235,J.F. & another v Republic [2013] eKLR,Kenya,https://www.unodc.org/cld/case-law-doc/traffickingpersonscrimetype/ken/2013/j.f._another_v_republic_2013_eklr.html,sector_of_exploitation,Other sectors,Legacy,YES,"Legacy=[""Other sectors""]; Sidebar=[]",STRUCTURED_PRESENT,,,"...home and collect alcohol for her. They both left and did not return, as J.F. allegedly locked the victim in his house and sexually abused her. A woman came to the house inquiring about the noise and screams (presumably the victim’s screams), but J.F. threatened her. The victim slept at J.F.’s...",INSUFFICIENT_OR_MISMATCHED,NO,TYPE_2,"The narrative describes confinement and sexual assault, but Other sectors is an ontology catch-all rather than a recoverable phrase.",Exact raw label is not narrative-grounded.
sherloc-tip-2026-08-09-en-legacy-amp-complete-n1263-097ce2027171ebc9,sector_of_exploitation:264,264,LG- 2012-173499,Norway,https://www.unodc.org/cld/case-law-doc/traffickingpersonscrimetype/nor/2013/lg-_2012-173499.html,sector_of_exploitation,Hair/Beauty Salon,Legacy,YES,"Legacy=[""Hair/Beauty Salon""]; Sidebar=[]",STRUCTURED_PRESENT,,,"...Brazilian homosexual man, performed sexual services to male customers while working in a sauna parlour owned by Mr. J., a Norwegian 71-year-old man. J. was charged with human trafficking for the purpose of sexual exploitation. F. testified in court that in the summer of 2007, he was invited to go...",INSUFFICIENT_OR_MISMATCHED,NO,TYPE_2,"The narrative says sauna/massage parlour, not Hair/Beauty Salon.",Mapping requires an unstated taxonomy convention.
sherloc-tip-2026-08-09-en-legacy-amp-complete-n1263-097ce2027171ebc9,sector_of_exploitation:304,304,Samaesan,Thailand,https://www.unodc.org/cld/case-law-doc/traffickingpersonscrimetype/tha/2013/samaesan.html,sector_of_exploitation,Other sectors,Legacy,YES,"Legacy=[""Other sectors""]; Sidebar=[]",STRUCTURED_PRESENT,,,"...– and were told by the defendant that each of them were sold at 12,500 Baht to him to work in fishing trawlers. In order to pay off this debt, the victims were forced to work in the vessels. Whenever they refused to work, they would be beaten up or they would be threatened to be killed. The 1st...",INSUFFICIENT_OR_MISMATCHED,NO,TYPE_2,"Fishing-trawler work is explicit, but Other sectors is a catch-all mapping not stated in the text.",The activity is clear; the raw SHERLOC label is not directly extractable.
sherloc-tip-2026-08-09-en-legacy-amp-complete-n1263-097ce2027171ebc9,sector_of_exploitation:494,494,Causa n° 2537,Argentina,https://www.unodc.org/cld/case-law-doc/traffickingpersonscrimetype/arg/2011/causa_n_2537.html,sector_of_exploitation,Factory/Manufacturing,Legacy,YES,"Legacy=[""Factory/Manufacturing""]; Sidebar=[]",STRUCTURED_PRESENT,,,"...hometown of Punata, Bolivia for the purpose of recruiting people for slave labor at his textile workshop. Once there, he met E.S.C., her aunt S.C. and her 17 year old daughter D.C. He convinced them to work in his studio as seamstresses by taking advantage of their economic situation and...",CLEAN_SUPPORTED,YES,TYPE_1,,Textile workshop and seamstress work explicitly support manufacturing.
sherloc-tip-2026-08-09-en-legacy-amp-complete-n1263-097ce2027171ebc9,sector_of_exploitation:551,551,PenalCriminal Case No. 175/2010,Mexico,https://www.unodc.org/cld/case-law-doc/traffickingpersonscrimetype/mex/2011/penalcriminal_case_no._1752010_.html,sector_of_exploitation,Domestic servitude,Legacy,YES,"Legacy=[""Domestic servitude""]; Sidebar=[]",STRUCTURED_PRESENT,,,...victim reported that she had escaped from a place where she had been forced to provide various forms of labour. In her statement the victim said she had been recruited through deception in her country of origin (Colombia) by a religious organization. This organization promised the victim a...,INSUFFICIENT_OR_MISMATCHED,NO,TYPE_2,Only unspecified various forms of labour are described.,Domestic servitude is not recoverable.
sherloc-tip-2026-08-09-en-legacy-amp-complete-n1263-097ce2027171ebc9,sector_of_exploitation:561,561,Case No. K.1138/10,Serbia,https://www.unodc.org/cld/case-law-doc/traffickingpersonscrimetype/srb/2011/case_no._k.113810.html,sector_of_exploitation,multi-label,Legacy,YES,"Legacy=[""Commercial sexual exploitation"", ""Hotel/Restaurant/Bar""]; Sidebar=[]",STRUCTURED_PRESENT,,,"...exploited the difficult circumstances they were living in, and made them engage in prostitution. Furthermore, he also determined the prices of their services, chose their clients for them and defined their working hours, taking all the money they earned, and using physical and mental abuse...",CLEAN_SUPPORTED,YES,TYPE_1,,Both prostitution and waitressing at a bar are explicit.
sherloc-tip-2026-08-09-en-legacy-amp-complete-n1263-097ce2027171ebc9,sector_of_exploitation:577,577,Case No. 1-689,Ukraine,https://www.unodc.org/cld/case-law-doc/traffickingpersonscrimetype/ukr/2011/case_no._1-689.html,sector_of_exploitation,Other sectors,Legacy,YES,"Legacy=[""Other sectors""]; Sidebar=[]",STRUCTURED_PRESENT,,,"In October 2011, the defendant arranged for the transfer of her minor son to a foster family for USD 15,000. She was detained by the police after she received the money and transferred her son to the aforementioned family.",INSUFFICIENT_OR_MISMATCHED,NO,TYPE_2,"The child sale is clear, but assigning it to Other sectors requires ontology mapping.",The exact raw label is not narrative-grounded.
sherloc-tip-2026-08-09-en-legacy-amp-complete-n1263-097ce2027171ebc9,sector_of_exploitation:616,616,Frederiksberg City Court judgement January 4 2011,Denmark,https://www.unodc.org/cld/case-law-doc/traffickingpersonscrimetype/dnk/2011/frederiksberg_city_court_judgement_january_4_2011.html,sector_of_exploitation,Commercial sexual exploitation,Legacy,YES,"Legacy=[""Commercial sexual exploitation""]; Sidebar=[]",STRUCTURED_PRESENT,,,"...women to travel to Denmark, where he in the period from September 2008 to 20 April 2010 exploited the women through prostitution. Based on testimony given by two Romanian women and one Hungarian woman, the Court found that these women in their homeland were offered the opportunity to go to...",CLEAN_SUPPORTED,YES,TYPE_1,,Prostitution and escort work are explicit.
sherloc-tip-2026-08-09-en-legacy-amp-complete-n1263-097ce2027171ebc9,sector_of_exploitation:637,637,Tatiana Malachi,South Africa,https://www.unodc.org/cld/case-law-doc/traffickingpersonscrimetype/zaf/2010/tatiana_malachi.html,sector_of_exploitation,Hotel/Restaurant/Bar,Legacy,YES,"Legacy=[""Hotel/Restaurant/Bar""]; Sidebar=[]",STRUCTURED_PRESENT,,,"...respondent) and House of Rasputin Properties (Pty) Ltd (the second respondent), as an exotic dancer. Upon her arrival in South Africa, a representative of the employers caused her to surrender her passport to him. When she subsequently asked for it, he refused to give it back to her unless she...",INSUFFICIENT_OR_MISMATCHED,NO,TYPE_2,"The victim is an exotic dancer, but no hotel, restaurant, or bar is named.",Sector location is not recoverable.
sherloc-tip-2026-08-09-en-legacy-amp-complete-n1263-097ce2027171ebc9,sector_of_exploitation:655,655,State v. Netcare Kwa-Zulu Limited,South Africa,https://www.unodc.org/cld/case-law-doc/traffickingpersonscrimetype/zaf/2010/state_v._netcare_kwa-zulu_limited.html,sector_of_exploitation,Organ/tissue removal,Legacy,YES,"Legacy=[""Organ/tissue removal""]; Sidebar=[]",STRUCTURED_PRESENT,,,"...stemming from having allowed its ‘employees and facilities to be used to conduct … illegal kidney transplant operations’. In addition to Netcare, a number of other charges were laid against the St Augustine's Hospital, located in Durban, South Africa, the CEO of Netcare, Richard Friedland,...",CLEAN_SUPPORTED,YES,TYPE_1,,Illegal kidney transplants and suppliers are explicit.
sherloc-tip-2026-08-09-en-legacy-amp-complete-n1263-097ce2027171ebc9,sector_of_exploitation:709,709,Causa N 1.864/09,Argentina,https://www.unodc.org/cld/case-law-doc/traffickingpersonscrimetype/arg/2010/causa_n_1.86409_.html,sector_of_exploitation,multi-label,Legacy,YES,"Legacy=[""Commercial sexual exploitation"", ""Hotel/Restaurant/Bar""]; Sidebar=[]",STRUCTURED_PRESENT,,,"...were found. In this case there was recruitment, transportation, harboring, receipt and exploitation. The individual accused in this case served as an intermediary by offering the material structure, his bar cabaret, where the sexual exploitation occurred. The accused hosted people at this location.",CLEAN_SUPPORTED,YES,TYPE_1,,The bar/cabaret and sexual exploitation are both explicit.
sherloc-tip-2026-08-09-en-legacy-amp-complete-n1263-097ce2027171ebc9,sector_of_exploitation:808,808,Processo n 2005.83.00.006886-8,Brazil,https://www.unodc.org/cld/case-law-doc/traffickingpersonscrimetype/bra/2010/processo_n_2005.83.00.006886-8_.html,sector_of_exploitation,Hotel/Restaurant/Bar,Legacy,YES,"Legacy=[""Hotel/Restaurant/Bar""]; Sidebar=[]",STRUCTURED_PRESENT,,,"...all the documents and tickets for the transfer. The victims were contracted to dance in show clubs; however, when they arrived to Europe they were forced to prostitute in order to pay for their travel expenses. As reported by the defendants, they were not aware that the women recruited would be...",PARTIAL_SUPPORT,PARTIAL,TYPE_2,"Show clubs support the structured label, but forced prostitution is an additional unlabelled sector.",The structured reference appears incomplete relative to the narrative.
sherloc-tip-2026-08-09-en-legacy-amp-complete-n1263-097ce2027171ebc9,sector_of_exploitation:896,896,"H., S., D. & S.",Cambodia,https://www.unodc.org/cld/case-law-doc/traffickingpersonscrimetype/khm/2009/h._s._d._s..html,sector_of_exploitation,Factory/Manufacturing,Legacy,YES,"Legacy=[""Factory/Manufacturing""]; Sidebar=[]",STRUCTURED_PRESENT,,,"...defendant S. promised the victim, T., that he could earn a high wage by working at a fish-processing factory in Thailand. S. suggested to T. that he would earn at least KHR350,000 (USD75) per week and that he could return at any time after three months of work. S. offered to facilitate T.’s...",INSUFFICIENT_OR_MISMATCHED,NO,TYPE_2,A fish-processing factory was only the false promise; actual exploitation occurred on fishing boats.,The structured label follows the promised job rather than the described exploitation sector.
sherloc-tip-2026-08-09-en-legacy-amp-complete-n1263-097ce2027171ebc9,sector_of_exploitation:920,920,Case CA Brasov 43-Ap-2009,Romania,https://www.unodc.org/cld/case-law-doc/traffickingpersonscrimetype/rou/2009/case_ca_brasov_43-ap-2009.html,sector_of_exploitation,Begging,Legacy,YES,"Legacy=[""Begging""]; Sidebar=[]",STRUCTURED_PRESENT,,,"...J.N., D.O., and B.S.G. The victims were tricked into going abroad -to Greece- through a sham joboffer to work in agriculture. However, they were taken to a different country from the one they were told they would go to in the first place, and were forced to beg for money intead of working in...",CLEAN_SUPPORTED,YES,TYPE_1,,Victims were explicitly forced to beg; agriculture was only a sham offer.
sherloc-tip-2026-08-09-en-legacy-amp-complete-n1263-097ce2027171ebc9,sector_of_exploitation:930,930,Processo nº 2005.72.09.000609-8,Brazil,https://www.unodc.org/cld/case-law-doc/traffickingpersonscrimetype/bra/2009/processo_n_2005.72.09.000609-8.html,sector_of_exploitation,Commercial sexual exploitation,Legacy,YES,"Legacy=[""Commercial sexual exploitation""]; Sidebar=[]",STRUCTURED_PRESENT,,,"...departure of many women from Jaraguá do Sul/Santa Catarina –city where they lived- to engage in prostitution in Spain. A couple and a lady know as “baiana” collaborated with the criminal act – they all lived in Spain. Among the victims from that particular women trafficking situation, there is...",CLEAN_SUPPORTED,YES,TYPE_1,,Prostitution is explicit.
sherloc-tip-2026-08-09-en-legacy-amp-complete-n1263-097ce2027171ebc9,sector_of_exploitation:1056,1056,Case CA Ploiesti 117-2008L,Romania,https://www.unodc.org/cld/case-law-doc/traffickingpersonscrimetype/rou/2008/case_ca_ploiesti_117-2008l.html,sector_of_exploitation,Begging,Legacy,YES,"Legacy=[""Begging""]; Sidebar=[]",STRUCTURED_PRESENT,,,"...jobs in the construction sector in Italy, in exchange of paying certain amounts of money to the defendants. However, upon their arrival in Italy, the victims were told that there were no such construction jobs, and that they would have to beg and commit robberies for the defendants’ profit.",CLEAN_SUPPORTED,YES,TYPE_1,,Begging is the actual exploitation; construction was explicitly a false promise.
sherloc-tip-2026-08-09-en-legacy-amp-complete-n1263-097ce2027171ebc9,sector_of_exploitation:1108,1108,Ministerio Publico Federal v. Gilberto Andrade,Brazil,https://www.unodc.org/cld/case-law-doc/traffickingpersonscrimetype/bra/2008/ministerio_publico_federal_v._gilberto_andrade.html,sector_of_exploitation,Agriculture,Legacy,YES,"Legacy=[""Agriculture""]; Sidebar=[]",STRUCTURED_PRESENT,,,"In November 2004, a Mobile Inspection Unit visited the Fazenda Boa-Fe Caru and found 19 workers, including a 16 year-old boy, in slave-like conditions. Most of the workers were illiterate. Labour inspectors testified that the conditions they observed in that fazenda were among the worst they had...",CLEAN_SUPPORTED,YES,TYPE_1,,Workers were exploited on a farm/fazenda.
sherloc-tip-2026-08-09-en-legacy-amp-complete-n1263-097ce2027171ebc9,sector_of_exploitation:1164,1164,J.A. vs. State of Israel,Israel,https://www.unodc.org/cld/case-law-doc/traffickingpersonscrimetype/isr/2007/j.a._vs._state_of_israel.html,sector_of_exploitation,Organ/tissue removal,Legacy,YES,"Legacy=[""Organ/tissue removal""]; Sidebar=[]",STRUCTURED_PRESENT,,,"...the defendants. The victims S.E., A.E., H.H. and S.S. were flown to Ukraine where their kidneys were removed. Some of them continued to suffer pain and weariness long after the operation. The victim S.E. was a single mother, illiterate and working as a cleaner. She was invited to live in the...",CLEAN_SUPPORTED,YES,TYPE_1,,Kidney removal is explicit.
sherloc-tip-2026-08-09-en-legacy-amp-complete-n1263-097ce2027171ebc9,sector_of_exploitation:1225,1225,Attorney General of the Federation and E.O,Nigeria,https://www.unodc.org/cld/case-law-doc/traffickingpersonscrimetype/nga/2007/attorney_general_of_the_federation_and_e.o.html,sector_of_exploitation,Domestic servitude,Legacy,YES,"Legacy=[""Domestic servitude""]; Sidebar=[]",STRUCTURED_PRESENT,,,"...time in November 2004. F.U. told her that she had been taken to Algeria, not Lagos, and sold to a man named ‘Chidi’ for EUR 1,500 (approximately 1,875). P.U. informed their father who instantly called the number F.U. had called on. He spoke with both Chidi and F.U. Chidi said that the money he...",INSUFFICIENT_OR_MISMATCHED,NO,TYPE_2,"Sale, confinement, and abuse are described, but no domestic work is stated.",Domestic servitude is not recoverable.
sherloc-tip-2026-08-09-en-legacy-amp-complete-n1263-097ce2027171ebc9,sector_of_exploitation:1253,1253,KO R 06/2381,Finland,https://www.unodc.org/cld/case-law-doc/traffickingpersonscrimetype/fin/2006/ko_r_062381.html,sector_of_exploitation,Construction,Legacy,YES,"Legacy=[""Construction""]; Sidebar=[]",STRUCTURED_PRESENT,,,"...Oy, intentionally persuaded her clients defendant 1, defendant 2 and defendant 3 to hire underpaid foreign employees, who she brought from Poland and Bulgaria in 2004. The victims were put at a disadvantage compared to sector’s other employees. Victims were discriminated against due to their...",INSUFFICIENT_OR_MISMATCHED,NO,TYPE_2,Foreign employees and wage exploitation are described without construction work.,Construction is not recoverable.
sherloc-tip-2026-08-09-en-legacy-amp-complete-n1263-097ce2027171ebc9,sector_of_exploitation:1289,1289,Mario X,France,https://www.unodc.org/cld/case-law-doc/traffickingpersonscrimetype/fra/2006/mario_x.html,sector_of_exploitation,Domestic servitude,Legacy,YES,"Legacy=[""Domestic servitude""]; Sidebar=[]",STRUCTURED_PRESENT,,,"C. was employed as a maid in Eglatine X’s household, what was described as a ‘castle’. In 1997 Eglatine X. was hospitalized, at which point her son moved into the castle and took care of her affairs until 1998. At that time C. continued to work and live in the castle. He was housed in a room...",CLEAN_SUPPORTED,YES,TYPE_1,,Maid work in a household is explicit.
sherloc-tip-2026-08-09-en-legacy-amp-complete-n1263-097ce2027171ebc9,sector_of_exploitation:1332,1332,"Regina v. Lorenc Roci, Vullnet Ismailaj",United Kingdom of Great Britain and Northern Ireland,https://www.unodc.org/cld/case-law-doc/traffickingpersonscrimetype/gbr/2005/regina_v._lorenc_roci_vullnet_ismailaj.html,sector_of_exploitation,missing,NONE,NO,Legacy=[]; Sidebar=[],STRUCTURED_MISSING,,,"...women left Lithuania and travelled to the United Kingdom for the express purpose of working as prostitutes. Roci, Ismailaj, Qata, and an unnamed co-accused paid the airfare of the women, picked them up from the airport, confiscated their passports and facilitated their work as prostitutes....",NARRATIVE_INFORMATIVE_WITHOUT_REFERENCE,YES,TYPE_3,No structured Sector despite explicit prostitution and brothels.,Commercial sexual exploitation is narrative-answerable.
sherloc-tip-2026-08-09-en-legacy-amp-complete-n1263-097ce2027171ebc9,sector_of_exploitation:1382,1382,Processo nº 2004.03.00.022133-0 17015,Brazil,https://www.unodc.org/cld/case-law-doc/criminalgroupcrimetype/bra/2004/processo_n_2004.03.00.022133-0_17015.html,sector_of_exploitation,Commercial sexual exploitation,Legacy,YES,"Legacy=[""Commercial sexual exploitation""]; Sidebar=[]",STRUCTURED_PRESENT,,,"...Alicia” revealed that a criminal organization engaged in selling slot machines was also sexually exploiting women in Portugal. As the investigations progressed, the Federal Police Chief requested the provisional detention of all those investigated. Documents, intercepted phone calls and witness...",CLEAN_SUPPORTED,YES,TYPE_1,,Sexual exploitation in bars is explicit.
sherloc-tip-2026-08-09-en-legacy-amp-complete-n1263-097ce2027171ebc9,sector_of_exploitation:1477,1477,United States v. Esperanza Vargas,United States of America,https://www.unodc.org/cld/case-law-doc/traffickingpersonscrimetype/usa/1993/united_states_v._esperanza_vargas.html,sector_of_exploitation,missing,NONE,NO,Legacy=[]; Sidebar=[],STRUCTURED_MISSING,,,"...United States from Mexico. Once in the United States, the defendant kept the victim as a domestic servant in the Vargas’ home. The victim testified that the defendant maintained control over her using threats and physical violence. The victim also testified that she did not receive a salary, and...",NARRATIVE_INFORMATIVE_WITHOUT_REFERENCE,YES,TYPE_3,No structured Sector despite explicit domestic servitude.,Domestic servitude is narrative-answerable.
sherloc-tip-2026-08-09-en-legacy-amp-complete-n1263-097ce2027171ebc9,sector_of_exploitation:1523,1523,"CC 41/2017 – The State vs. O. B. Abba, M. P. Mkhonto, and C.J. Obasi",South Africa,https://www.unodc.org/cld/case-law-doc/drugcrimetype/zaf/cc_412017_the_state_vs._o._b._abba_m._p._mkhonto_and_c.j._obasi.html,sector_of_exploitation,Commercial sexual exploitation,Legacy + Sidebar,YES,"Legacy=[""Commercial sexual exploitation""]; Sidebar=[""Prostitution / sex work / pornography industry""]",STRUCTURED_PRESENT,,,"...C.J. Obasi, harboured at least two victims at Jaspit Court with the alleged intent to exploit his victims sexually. Both of the victims who testified as witnesses before the Court were first brought to contact with the said defendant by their acquaintances. Prior to arriving at Jaspit Court,...",CLEAN_SUPPORTED,YES,TYPE_1,,Prostitution and sexual exploitation are explicit.
sherloc-tip-2026-08-09-en-legacy-amp-complete-n1263-097ce2027171ebc9,sector_of_exploitation:1560,1560,18/ق/2009,Oman,https://www.unodc.org/cld/case-law-doc/traffickingpersonscrimetype/omn/182009.html,sector_of_exploitation,Agriculture,Legacy,YES,"Legacy=[""Agriculture""]; Sidebar=[]",STRUCTURED_PRESENT,,,"...unintentionally killed him when he pushed him into the water. The victim hit the side of the boat, fell into the sea, and drowned. Defendant 2 purposely took advantage of Defendant 1’s vulnerability and engaged him in the fishing industry. Defendant 1 was coerced to agree because of his situation.",INSUFFICIENT_OR_MISMATCHED,NO,TYPE_2,"The narrative explicitly says fishing industry, not Agriculture.",Mapping fishing to Agriculture requires an unstated taxonomy rule.
