search_rank,canonical_url,jurisdiction,word_count,modernbert_token_count_with_special_tokens,tokenizer_model_id,tokenizer_revision,fully_covered_at_512,fully_covered_at_1024,fully_covered_at_1536,fully_covered_at_2048,fully_covered_at_3072,fully_covered_at_4096,fully_covered_at_8192
13,https://www.unodc.org/cld/case-law-doc/traffickingpersonscrimetype/aze/2021/case_of_zoletic_and_others_v._azerbaijan.html,Azerbaijan,226,282,answerdotai/ModernBERT-base,8949b909ec900327062f0ebf497f51aef5e6f0c8,1,1,1,1,1,1,1
17,https://www.unodc.org/cld/case-law-doc/traffickingpersonscrimetype/usa/2021/case_no._20-0434_supreme_court_of_texas.html,United States of America,265,334,answerdotai/ModernBERT-base,8949b909ec900327062f0ebf497f51aef5e6f0c8,1,1,1,1,1,1,1
20,https://www.unodc.org/cld/case-law-doc/traffickingpersonscrimetype/nam/2020/s_v_pretorius_cc_22018_2020_nahcmd_507.html,Namibia,196,252,answerdotai/ModernBERT-base,8949b909ec900327062f0ebf497f51aef5e6f0c8,1,1,1,1,1,1,1
21,https://www.unodc.org/cld/case-law-doc/traffickingpersonscrimetype/nzl/2020/the_queen_v_joseph_auga_matamata.html,New Zealand,453,548,answerdotai/ModernBERT-base,8949b909ec900327062f0ebf497f51aef5e6f0c8,0,1,1,1,1,1,1
23,https://www.unodc.org/cld/case-law-doc/traffickingpersonscrimetype/gbr/2020/the_queen_on_the_application_of_l_v._the_director_of_public_prosecutions.html,United Kingdom of Great Britain and Northern Ireland,390,523,answerdotai/ModernBERT-base,8949b909ec900327062f0ebf497f51aef5e6f0c8,0,1,1,1,1,1,1
24,https://www.unodc.org/cld/case-law-doc/traffickingpersonscrimetype/_irb/2020/s.m._v._croatia.html,International and Regional Bodies,475,568,answerdotai/ModernBERT-base,8949b909ec900327062f0ebf497f51aef5e6f0c8,0,1,1,1,1,1,1
27,https://www.unodc.org/cld/case-law-doc/traffickingpersonscrimetype/sle/2020/s_v._fatmata_kamara_kadiatu_kargbo.html,Sierra Leone,91,126,answerdotai/ModernBERT-base,8949b909ec900327062f0ebf497f51aef5e6f0c8,1,1,1,1,1,1,1
28,https://www.unodc.org/cld/case-law-doc/traffickingpersonscrimetype/can/2020/r._v._antoine.html,Canada,264,303,answerdotai/ModernBERT-base,8949b909ec900327062f0ebf497f51aef5e6f0c8,1,1,1,1,1,1,1
29,https://www.unodc.org/cld/case-law-doc/traffickingpersonscrimetype/can/2020/r._v._sinclair.html,Canada,345,397,answerdotai/ModernBERT-base,8949b909ec900327062f0ebf497f51aef5e6f0c8,1,1,1,1,1,1,1
31,https://www.unodc.org/cld/case-law-doc/traffickingpersonscrimetype/mlt/2019/the_police_v._harish_daswani.html,Malta,173,213,answerdotai/ModernBERT-base,8949b909ec900327062f0ebf497f51aef5e6f0c8,1,1,1,1,1,1,1
34,https://www.unodc.org/cld/case-law-doc/criminalgroupcrimetype/ita/2019/proc._no._128092019.html,Italy,284,343,answerdotai/ModernBERT-base,8949b909ec900327062f0ebf497f51aef5e6f0c8,1,1,1,1,1,1,1
37,https://www.unodc.org/cld/case-law-doc/traffickingpersonscrimetype/usa/2019/united_states_of_america_v._anthony_donte_collier_932_f.3d_1067_no._18-1025.html,United States of America,411,515,answerdotai/ModernBERT-base,8949b909ec900327062f0ebf497f51aef5e6f0c8,0,1,1,1,1,1,1
38,https://www.unodc.org/cld/case-law-doc/traffickingpersonscrimetype/nam/2019/s_v._jonas_cc142017.html,Namibia,392,467,answerdotai/ModernBERT-base,8949b909ec900327062f0ebf497f51aef5e6f0c8,1,1,1,1,1,1,1
39,https://www.unodc.org/cld/case-law-doc/criminalgroupcrimetype/ita/2019/sentence_n._8832019.html,Italy,274,343,answerdotai/ModernBERT-base,8949b909ec900327062f0ebf497f51aef5e6f0c8,1,1,1,1,1,1,1
41,https://www.unodc.org/cld/case-law-doc/criminalgroupcrimetype/deu/2019/513_kls_255_js_63718_3818.html,Germany,415,563,answerdotai/ModernBERT-base,8949b909ec900327062f0ebf497f51aef5e6f0c8,0,1,1,1,1,1,1
44,https://www.unodc.org/cld/case-law-doc/traffickingpersonscrimetype/deu/2019/513_kls_255_js_63718_3818_trb_1.html,Germany,401,533,answerdotai/ModernBERT-base,8949b909ec900327062f0ebf497f51aef5e6f0c8,0,1,1,1,1,1,1
46,https://www.unodc.org/cld/case-law-doc/traffickingpersonscrimetype/bel/2019/appeal_of_the_court_of_first_instance_of_liege_2019858.html,Belgium,736,874,answerdotai/ModernBERT-base,8949b909ec900327062f0ebf497f51aef5e6f0c8,0,1,1,1,1,1,1
50,https://www.unodc.org/cld/case-law-doc/migrantsmugglingcrimetype/lux/2019/arret_n_3419_x.html,Luxembourg,676,800,answerdotai/ModernBERT-base,8949b909ec900327062f0ebf497f51aef5e6f0c8,0,1,1,1,1,1,1
52,https://www.unodc.org/cld/case-law-doc/moneylaunderingcrimetype/nld/2018/1703852.html,Netherlands (Kingdom of the),226,282,answerdotai/ModernBERT-base,8949b909ec900327062f0ebf497f51aef5e6f0c8,1,1,1,1,1,1,1
53,https://www.unodc.org/cld/case-law-doc/traffickingpersonscrimetype/arg/2018/c.m.s._y_guillemet_gaston_.html,Argentina,145,180,answerdotai/ModernBERT-base,8949b909ec900327062f0ebf497f51aef5e6f0c8,1,1,1,1,1,1,1
54,https://www.unodc.org/cld/case-law-doc/traffickingpersonscrimetype/syc/2018/s_v._alam_co_672016_2018_scsc_946_.html,Seychelles,426,531,answerdotai/ModernBERT-base,8949b909ec900327062f0ebf497f51aef5e6f0c8,0,1,1,1,1,1,1
55,https://www.unodc.org/cld/case-law-doc/traffickingpersonscrimetype/arg/2018/blanco_jose_constantino_y_otros_s_infraccion_art._145_bis.html,Argentina,117,163,answerdotai/ModernBERT-base,8949b909ec900327062f0ebf497f51aef5e6f0c8,1,1,1,1,1,1,1
58,https://www.unodc.org/cld/case-law-doc/traffickingpersonscrimetype/cri/2018/13-000227-1219-pe.html,Costa Rica,376,491,answerdotai/ModernBERT-base,8949b909ec900327062f0ebf497f51aef5e6f0c8,1,1,1,1,1,1,1
65,https://www.unodc.org/cld/case-law-doc/traffickingpersonscrimetype/omn/2018/case_142018.html,Oman,119,139,answerdotai/ModernBERT-base,8949b909ec900327062f0ebf497f51aef5e6f0c8,1,1,1,1,1,1,1
66,https://www.unodc.org/cld/case-law-doc/criminalgroupcrimetype/can/2018/r._v._alexis-mclymont_and_elgin_and_hird.html,Canada,343,405,answerdotai/ModernBERT-base,8949b909ec900327062f0ebf497f51aef5e6f0c8,1,1,1,1,1,1,1
67,https://www.unodc.org/cld/case-law-doc/traffickingpersonscrimetype/arg/2018/landriel_daniel_y_otros_.html,Argentina,278,362,answerdotai/ModernBERT-base,8949b909ec900327062f0ebf497f51aef5e6f0c8,1,1,1,1,1,1,1
68,https://www.unodc.org/cld/case-law-doc/moneylaunderingcrimetype/lux/2018/jugt_n_5342018_.html,Luxembourg,554,707,answerdotai/ModernBERT-base,8949b909ec900327062f0ebf497f51aef5e6f0c8,0,1,1,1,1,1,1
73,https://www.unodc.org/cld/case-law-doc/traffickingpersonscrimetype/zaf/2017/the_state_vs_eze.html,South Africa,6281,7351,answerdotai/ModernBERT-base,8949b909ec900327062f0ebf497f51aef5e6f0c8,0,0,0,0,0,0,1
75,https://www.unodc.org/cld/case-law-doc/traffickingpersonscrimetype/can/2017/r._v._robitaille.html,Canada,757,1035,answerdotai/ModernBERT-base,8949b909ec900327062f0ebf497f51aef5e6f0c8,0,0,1,1,1,1,1
77,https://www.unodc.org/cld/case-law-doc/traffickingpersonscrimetype/gbr/2017/reyes_v._al-malki_and_another.html,United Kingdom of Great Britain and Northern Ireland,168,223,answerdotai/ModernBERT-base,8949b909ec900327062f0ebf497f51aef5e6f0c8,1,1,1,1,1,1,1
79,https://www.unodc.org/cld/case-law-doc/traffickingpersonscrimetype/zaf/2017/case_a262014.html,South Africa,553,678,answerdotai/ModernBERT-base,8949b909ec900327062f0ebf497f51aef5e6f0c8,0,1,1,1,1,1,1
86,https://www.unodc.org/cld/case-law-doc/migrantsmugglingcrimetype/ner/2017/jugement_n_362016.html,Niger,585,794,answerdotai/ModernBERT-base,8949b909ec900327062f0ebf497f51aef5e6f0c8,0,1,1,1,1,1,1
88,https://www.unodc.org/cld/case-law-doc/traffickingpersonscrimetype/arg/2017/figueroa_susana_antonia_y_otros_s_infraccion_ley_26.364._.html,Argentina,131,184,answerdotai/ModernBERT-base,8949b909ec900327062f0ebf497f51aef5e6f0c8,1,1,1,1,1,1,1
94,https://www.unodc.org/cld/case-law-doc/traffickingpersonscrimetype/_irb/2017/chowdury_and_others_v._greece.html,International and Regional Bodies,371,447,answerdotai/ModernBERT-base,8949b909ec900327062f0ebf497f51aef5e6f0c8,1,1,1,1,1,1,1
95,https://www.unodc.org/cld/case-law-doc/traffickingpersonscrimetype/zaf/2017/the_state_and_makhosini_mathews_fakudze.html,South Africa,986,1213,answerdotai/ModernBERT-base,8949b909ec900327062f0ebf497f51aef5e6f0c8,0,0,1,1,1,1,1
97,https://www.unodc.org/cld/case-law-doc/criminalgroupcrimetype/bih/2017/s1_2_k_024459_17_k_2017_-_lipovac_saa_case.html,Bosnia and Herzegovina,470,606,answerdotai/ModernBERT-base,8949b909ec900327062f0ebf497f51aef5e6f0c8,0,1,1,1,1,1,1
99,https://www.unodc.org/cld/case-law-doc/traffickingpersonscrimetype/arg/2017/justino_horacio_abel_fernandez_castillo_celia_aurora_ledesma_ruben_lino_s_delito_c_la_libertad.html,Argentina,116,163,answerdotai/ModernBERT-base,8949b909ec900327062f0ebf497f51aef5e6f0c8,1,1,1,1,1,1,1
103,https://www.unodc.org/cld/case-law-doc/traffickingpersonscrimetype/nzl/2016/the_queen_v_faroz_ali_and_jafar_kurisi.html,New Zealand,831,1048,answerdotai/ModernBERT-base,8949b909ec900327062f0ebf497f51aef5e6f0c8,0,0,1,1,1,1,1
104,https://www.unodc.org/cld/case-law-doc/traffickingpersonscrimetype/arg/2016/montoya_pedro_eduardo_y_otros_.html,Argentina,265,345,answerdotai/ModernBERT-base,8949b909ec900327062f0ebf497f51aef5e6f0c8,1,1,1,1,1,1,1
107,https://www.unodc.org/cld/case-law-doc/traffickingpersonscrimetype/isr/2016/ibrahim_and_basma_giulani_v._the_state_of_israel.html,Israel,850,1013,answerdotai/ModernBERT-base,8949b909ec900327062f0ebf497f51aef5e6f0c8,0,1,1,1,1,1,1
108,https://www.unodc.org/cld/case-law-doc/traffickingpersonscrimetype/col/2016/n76111-31-07-003-2015-00076.html,Colombia,150,210,answerdotai/ModernBERT-base,8949b909ec900327062f0ebf497f51aef5e6f0c8,1,1,1,1,1,1,1
110,https://www.unodc.org/cld/case-law-doc/traffickingpersonscrimetype/che/2016/bvge_201627.html,Switzerland,241,275,answerdotai/ModernBERT-base,8949b909ec900327062f0ebf497f51aef5e6f0c8,1,1,1,1,1,1,1
112,https://www.unodc.org/cld/case-law-doc/traffickingpersonscrimetype/col/2016/66001-62-00-000-2016-0001.html,Colombia,210,299,answerdotai/ModernBERT-base,8949b909ec900327062f0ebf497f51aef5e6f0c8,1,1,1,1,1,1,1
115,https://www.unodc.org/cld/case-law-doc/traffickingpersonscrimetype/col/2016/n11001-60-00-000-2015-02128.html,Colombia,475,541,answerdotai/ModernBERT-base,8949b909ec900327062f0ebf497f51aef5e6f0c8,0,1,1,1,1,1,1
119,https://www.unodc.org/cld/case-law-doc/traffickingpersonscrimetype/col/2016/process_n2014-00003.html,Colombia,120,151,answerdotai/ModernBERT-base,8949b909ec900327062f0ebf497f51aef5e6f0c8,1,1,1,1,1,1,1
121,https://www.unodc.org/cld/case-law-doc/traffickingpersonscrimetype/col/2016/76520-60-00-182-2013-00697.html,Colombia,212,270,answerdotai/ModernBERT-base,8949b909ec900327062f0ebf497f51aef5e6f0c8,1,1,1,1,1,1,1
123,https://www.unodc.org/cld/case-law-doc/traffickingpersonscrimetype/col/2016/n660001-62-66-001-2011-00021-00_ac-233-15.html,Colombia,156,184,answerdotai/ModernBERT-base,8949b909ec900327062f0ebf497f51aef5e6f0c8,1,1,1,1,1,1,1
127,https://www.unodc.org/cld/case-law-doc/traffickingpersonscrimetype/grc/2016/affaire_l.e._c._grece.html,Greece,565,712,answerdotai/ModernBERT-base,8949b909ec900327062f0ebf497f51aef5e6f0c8,0,1,1,1,1,1,1
131,https://www.unodc.org/cld/case-law-doc/traffickingpersonscrimetype/nor/2015/case_0915.html,Norway,99,119,answerdotai/ModernBERT-base,8949b909ec900327062f0ebf497f51aef5e6f0c8,1,1,1,1,1,1,1
133,https://www.unodc.org/cld/case-law-doc/traffickingpersonscrimetype/nam/2015/s_v_lukas.html,Namibia,1842,2284,answerdotai/ModernBERT-base,8949b909ec900327062f0ebf497f51aef5e6f0c8,0,0,0,0,1,1,1
134,https://www.unodc.org/cld/case-law-doc/traffickingpersonscrimetype/arg/2015/torrico_claros_y_vargas_ricaldez.html,Argentina,354,437,answerdotai/ModernBERT-base,8949b909ec900327062f0ebf497f51aef5e6f0c8,1,1,1,1,1,1,1
135,https://www.unodc.org/cld/case-law-doc/traffickingpersonscrimetype/swz/2015/king_vs._phatsakahle_mike_mndzebele.html,Eswatini,1129,1366,answerdotai/ModernBERT-base,8949b909ec900327062f0ebf497f51aef5e6f0c8,0,0,1,1,1,1,1
136,https://www.unodc.org/cld/case-law-doc/traffickingpersonscrimetype/can/2015/r._v._a.a.html,Canada,1362,1745,answerdotai/ModernBERT-base,8949b909ec900327062f0ebf497f51aef5e6f0c8,0,0,0,1,1,1,1
137,https://www.unodc.org/cld/case-law-doc/traffickingpersonscrimetype/dom/2015/caso_yokaira_hernandez.html,Dominican Republic,75,102,answerdotai/ModernBERT-base,8949b909ec900327062f0ebf497f51aef5e6f0c8,1,1,1,1,1,1,1
138,https://www.unodc.org/cld/case-law-doc/corruptioncrimetype/arg/2015/case_no._91017032.html,Argentina,1071,1360,answerdotai/ModernBERT-base,8949b909ec900327062f0ebf497f51aef5e6f0c8,0,0,1,1,1,1,1
139,https://www.unodc.org/cld/case-law-doc/traffickingpersonscrimetype/nor/2015/case_0715.html,Norway,212,256,answerdotai/ModernBERT-base,8949b909ec900327062f0ebf497f51aef5e6f0c8,1,1,1,1,1,1,1
140,https://www.unodc.org/cld/case-law-doc/traffickingpersonscrimetype/usa/2015/case_0715.html,United States of America,300,381,answerdotai/ModernBERT-base,8949b909ec900327062f0ebf497f51aef5e6f0c8,1,1,1,1,1,1,1
143,https://www.unodc.org/cld/case-law-doc/traffickingpersonscrimetype/phl/2015/criminal_case_no._cbu-81592.html,Philippines,206,250,answerdotai/ModernBERT-base,8949b909ec900327062f0ebf497f51aef5e6f0c8,1,1,1,1,1,1,1
145,https://www.unodc.org/cld/case-law-doc/traffickingpersonscrimetype/mda/2015/chisinau_0615.html,Republic of Moldova,272,386,answerdotai/ModernBERT-base,8949b909ec900327062f0ebf497f51aef5e6f0c8,1,1,1,1,1,1,1
146,https://www.unodc.org/cld/case-law-doc/traffickingpersonscrimetype/mkd/2015/case_n280515.html,North Macedonia,85,102,answerdotai/ModernBERT-base,8949b909ec900327062f0ebf497f51aef5e6f0c8,1,1,1,1,1,1,1
150,https://www.unodc.org/cld/case-law-doc/traffickingpersonscrimetype/mng/2015/court_decision_no_441.html,Mongolia,72,91,answerdotai/ModernBERT-base,8949b909ec900327062f0ebf497f51aef5e6f0c8,1,1,1,1,1,1,1
153,https://www.unodc.org/cld/case-law-doc/traffickingpersonscrimetype/aus/2015/ram_v_dd_indian_fine_food_pty_ltd_anor.html,Australia,134,163,answerdotai/ModernBERT-base,8949b909ec900327062f0ebf497f51aef5e6f0c8,1,1,1,1,1,1,1
154,https://www.unodc.org/cld/case-law-doc/traffickingpersonscrimetype/zaf/2015/jezile_v._s_and_others_a_1272014_2015_zawchc.html,South Africa,132,162,answerdotai/ModernBERT-base,8949b909ec900327062f0ebf497f51aef5e6f0c8,1,1,1,1,1,1,1
155,https://www.unodc.org/cld/case-law-doc/traffickingpersonscrimetype/vnm/2015/case_0315.html,Viet Nam,361,455,answerdotai/ModernBERT-base,8949b909ec900327062f0ebf497f51aef5e6f0c8,1,1,1,1,1,1,1
156,https://www.unodc.org/cld/case-law-doc/traffickingpersonscrimetype/dom/2015/caso_alvarez_nunez_y_caba_ramos.html,Dominican Republic,317,402,answerdotai/ModernBERT-base,8949b909ec900327062f0ebf497f51aef5e6f0c8,1,1,1,1,1,1,1
157,https://www.unodc.org/cld/case-law-doc/traffickingpersonscrimetype/isr/2015/the_state_of_israel_v._teddy_ness.html,Israel,248,291,answerdotai/ModernBERT-base,8949b909ec900327062f0ebf497f51aef5e6f0c8,1,1,1,1,1,1,1
160,https://www.unodc.org/cld/case-law-doc/traffickingpersonscrimetype/nor/2015/case_0115.html,Norway,253,293,answerdotai/ModernBERT-base,8949b909ec900327062f0ebf497f51aef5e6f0c8,1,1,1,1,1,1,1
161,https://www.unodc.org/cld/case-law-doc/traffickingpersonscrimetype/bel/2015/case_130125.html,Belgium,234,297,answerdotai/ModernBERT-base,8949b909ec900327062f0ebf497f51aef5e6f0c8,1,1,1,1,1,1,1
162,https://www.unodc.org/cld/case-law-doc/traffickingpersonscrimetype/isr/2014/rami_saban_v._the_state_of_israel.html,Israel,201,249,answerdotai/ModernBERT-base,8949b909ec900327062f0ebf497f51aef5e6f0c8,1,1,1,1,1,1,1
163,https://www.unodc.org/cld/case-law-doc/traffickingpersonscrimetype/tha/2014/police_col._dr._s.l.html,Thailand,857,1068,answerdotai/ModernBERT-base,8949b909ec900327062f0ebf497f51aef5e6f0c8,0,0,1,1,1,1,1
166,https://www.unodc.org/cld/case-law-doc/traffickingpersonscrimetype/zaf/2014/the_state_v_mabuza_and_chauke.html,South Africa,2283,2774,answerdotai/ModernBERT-base,8949b909ec900327062f0ebf497f51aef5e6f0c8,0,0,0,0,1,1,1
167,https://www.unodc.org/cld/case-law-doc/traffickingpersonscrimetype/dom/2014/caso_antonio_perez_y_cabral_flete.html,Dominican Republic,244,311,answerdotai/ModernBERT-base,8949b909ec900327062f0ebf497f51aef5e6f0c8,1,1,1,1,1,1,1
169,https://www.unodc.org/cld/case-law-doc/traffickingpersonscrimetype/tjk/2014/case_1014.html,Tajikistan,79,118,answerdotai/ModernBERT-base,8949b909ec900327062f0ebf497f51aef5e6f0c8,1,1,1,1,1,1,1
173,https://www.unodc.org/cld/case-law-doc/traffickingpersonscrimetype/mng/2014/case_no1138.html,Mongolia,37,50,answerdotai/ModernBERT-base,8949b909ec900327062f0ebf497f51aef5e6f0c8,1,1,1,1,1,1,1
174,https://www.unodc.org/cld/case-law-doc/traffickingpersonscrimetype/vnm/2014/case_0914.html,Viet Nam,272,358,answerdotai/ModernBERT-base,8949b909ec900327062f0ebf497f51aef5e6f0c8,1,1,1,1,1,1,1
175,https://www.unodc.org/cld/case-law-doc/traffickingpersonscrimetype/can/2014/r_v._moazami_2014_bcsc_1727_canlii.html,Canada,135,166,answerdotai/ModernBERT-base,8949b909ec900327062f0ebf497f51aef5e6f0c8,1,1,1,1,1,1,1
176,https://www.unodc.org/cld/case-law-doc/traffickingpersonscrimetype/usa/2014/united_states_v._shamsud-din_580_fed.appx._468_7th_cir._2014.html,United States of America,307,386,answerdotai/ModernBERT-base,8949b909ec900327062f0ebf497f51aef5e6f0c8,1,1,1,1,1,1,1
177,https://www.unodc.org/cld/case-law-doc/traffickingpersonscrimetype/arg/2014/calle_calle_et._al..html,Argentina,288,356,answerdotai/ModernBERT-base,8949b909ec900327062f0ebf497f51aef5e6f0c8,1,1,1,1,1,1,1
178,https://www.unodc.org/cld/case-law-doc/traffickingpersonscrimetype/pol/2014/case_030914.html,Poland,229,277,answerdotai/ModernBERT-base,8949b909ec900327062f0ebf497f51aef5e6f0c8,1,1,1,1,1,1,1
179,https://www.unodc.org/cld/case-law-doc/traffickingpersonscrimetype/bel/2014/case_n_210814.html,Belgium,302,363,answerdotai/ModernBERT-base,8949b909ec900327062f0ebf497f51aef5e6f0c8,1,1,1,1,1,1,1
181,https://www.unodc.org/cld/case-law-doc/traffickingpersonscrimetype/tjk/2014/case_0814.html,Tajikistan,69,89,answerdotai/ModernBERT-base,8949b909ec900327062f0ebf497f51aef5e6f0c8,1,1,1,1,1,1,1
182,https://www.unodc.org/cld/case-law-doc/traffickingpersonscrimetype/aze/2014/case_no._101-683-2014.html,Azerbaijan,462,607,answerdotai/ModernBERT-base,8949b909ec900327062f0ebf497f51aef5e6f0c8,0,1,1,1,1,1,1
183,https://www.unodc.org/cld/case-law-doc/traffickingpersonscrimetype/arm/2014/yekd00910114.html,Armenia,855,1090,answerdotai/ModernBERT-base,8949b909ec900327062f0ebf497f51aef5e6f0c8,0,0,1,1,1,1,1
184,https://www.unodc.org/cld/case-law-doc/traffickingpersonscrimetype/dom/2014/caso_xiomei_y_jose.html,Dominican Republic,269,367,answerdotai/ModernBERT-base,8949b909ec900327062f0ebf497f51aef5e6f0c8,1,1,1,1,1,1,1
186,https://www.unodc.org/cld/case-law-doc/traffickingpersonscrimetype/ita/2014/tribunale_di_palmi_n._reg._sent._n._22014.html,Italy,437,506,answerdotai/ModernBERT-base,8949b909ec900327062f0ebf497f51aef5e6f0c8,1,1,1,1,1,1,1
187,https://www.unodc.org/cld/case-law-doc/traffickingpersonscrimetype/tjk/2014/case_0614.html,Tajikistan,94,117,answerdotai/ModernBERT-base,8949b909ec900327062f0ebf497f51aef5e6f0c8,1,1,1,1,1,1,1
188,https://www.unodc.org/cld/case-law-doc/traffickingpersonscrimetype/tjk/2014/case_190614.html,Tajikistan,85,106,answerdotai/ModernBERT-base,8949b909ec900327062f0ebf497f51aef5e6f0c8,1,1,1,1,1,1,1
189,https://www.unodc.org/cld/case-law-doc/traffickingpersonscrimetype/fji/2014/state_v_raikadroka_-_judgment_2014_fjhc_402.html,Fiji,398,489,answerdotai/ModernBERT-base,8949b909ec900327062f0ebf497f51aef5e6f0c8,1,1,1,1,1,1,1
191,https://www.unodc.org/cld/case-law-doc/traffickingpersonscrimetype/arm/2014/markosyan.html,Armenia,343,457,answerdotai/ModernBERT-base,8949b909ec900327062f0ebf497f51aef5e6f0c8,1,1,1,1,1,1,1
192,https://www.unodc.org/cld/case-law-doc/traffickingpersonscrimetype/arm/2014/yekd01700113.html,Armenia,881,1219,answerdotai/ModernBERT-base,8949b909ec900327062f0ebf497f51aef5e6f0c8,0,0,1,1,1,1,1
193,https://www.unodc.org/cld/case-law-doc/traffickingpersonscrimetype/col/2014/col031-proceso_no._2009-00001.html,Colombia,417,556,answerdotai/ModernBERT-base,8949b909ec900327062f0ebf497f51aef5e6f0c8,0,1,1,1,1,1,1
194,https://www.unodc.org/cld/case-law-doc/traffickingpersonscrimetype/can/2014/r_v_burton.html,Canada,232,283,answerdotai/ModernBERT-base,8949b909ec900327062f0ebf497f51aef5e6f0c8,1,1,1,1,1,1,1
195,https://www.unodc.org/cld/case-law-doc/traffickingpersonscrimetype/arg/2014/cardaci_y_mossolini.html,Argentina,457,588,answerdotai/ModernBERT-base,8949b909ec900327062f0ebf497f51aef5e6f0c8,0,1,1,1,1,1,1
196,https://www.unodc.org/cld/case-law-doc/traffickingpersonscrimetype/arg/2014/sanfilippo_jose_et_al._.html,Argentina,229,327,answerdotai/ModernBERT-base,8949b909ec900327062f0ebf497f51aef5e6f0c8,1,1,1,1,1,1,1
197,https://www.unodc.org/cld/case-law-doc/traffickingpersonscrimetype/swz/2014/rex_versus_ifeoma_adigwe-dike_and_amechi_kenechukwu_dike_.html,Eswatini,330,397,answerdotai/ModernBERT-base,8949b909ec900327062f0ebf497f51aef5e6f0c8,1,1,1,1,1,1,1
199,https://www.unodc.org/cld/case-law-doc/traffickingpersonscrimetype/srb/2014/k_12813.html,Serbia,557,639,answerdotai/ModernBERT-base,8949b909ec900327062f0ebf497f51aef5e6f0c8,0,1,1,1,1,1,1
200,https://www.unodc.org/cld/case-law-doc/traffickingpersonscrimetype/dnk/2014/case_n_160414.html,Denmark,252,298,answerdotai/ModernBERT-base,8949b909ec900327062f0ebf497f51aef5e6f0c8,1,1,1,1,1,1,1
202,https://www.unodc.org/cld/case-law-doc/traffickingpersonscrimetype/pol/2014/nikolae_l_2014.html,Poland,336,415,answerdotai/ModernBERT-base,8949b909ec900327062f0ebf497f51aef5e6f0c8,1,1,1,1,1,1,1
203,https://www.unodc.org/cld/case-law-doc/traffickingpersonscrimetype/usa/2014/case_0314.html,United States of America,170,220,answerdotai/ModernBERT-base,8949b909ec900327062f0ebf497f51aef5e6f0c8,1,1,1,1,1,1,1
205,https://www.unodc.org/cld/case-law-doc/traffickingpersonscrimetype/fin/2014/r_122045_and_r_121107.html,Finland,190,213,answerdotai/ModernBERT-base,8949b909ec900327062f0ebf497f51aef5e6f0c8,1,1,1,1,1,1,1
207,https://www.unodc.org/cld/case-law-doc/traffickingpersonscrimetype/idn/2014/case_0314.html,Indonesia,79,109,answerdotai/ModernBERT-base,8949b909ec900327062f0ebf497f51aef5e6f0c8,1,1,1,1,1,1,1
208,https://www.unodc.org/cld/case-law-doc/traffickingpersonscrimetype/vnm/2014/case_0314.html,Viet Nam,274,388,answerdotai/ModernBERT-base,8949b909ec900327062f0ebf497f51aef5e6f0c8,1,1,1,1,1,1,1
209,https://www.unodc.org/cld/case-law-doc/traffickingpersonscrimetype/phl/2014/philippines_v._jerome_montejo_et_al.html,Philippines,326,409,answerdotai/ModernBERT-base,8949b909ec900327062f0ebf497f51aef5e6f0c8,1,1,1,1,1,1,1
210,https://www.unodc.org/cld/case-law-doc/traffickingpersonscrimetype/vnm/2014/752014hspt.html,Viet Nam,399,510,answerdotai/ModernBERT-base,8949b909ec900327062f0ebf497f51aef5e6f0c8,1,1,1,1,1,1,1
211,https://www.unodc.org/cld/case-law-doc/traffickingpersonscrimetype/pol/2014/case_250214.html,Poland,263,317,answerdotai/ModernBERT-base,8949b909ec900327062f0ebf497f51aef5e6f0c8,1,1,1,1,1,1,1
212,https://www.unodc.org/cld/case-law-doc/traffickingpersonscrimetype/col/2014/proceso_no._2013-00179.html,Colombia,292,356,answerdotai/ModernBERT-base,8949b909ec900327062f0ebf497f51aef5e6f0c8,1,1,1,1,1,1,1
213,https://www.unodc.org/cld/case-law-doc/traffickingpersonscrimetype/srb/2014/k_33413.html,Serbia,387,437,answerdotai/ModernBERT-base,8949b909ec900327062f0ebf497f51aef5e6f0c8,1,1,1,1,1,1,1
214,https://www.unodc.org/cld/case-law-doc/traffickingpersonscrimetype/phl/2014/philippines_v._jocelyn_ulanday_et_al.html,Philippines,109,140,answerdotai/ModernBERT-base,8949b909ec900327062f0ebf497f51aef5e6f0c8,1,1,1,1,1,1,1
215,https://www.unodc.org/cld/case-law-doc/traffickingpersonscrimetype/phl/2014/philippines_v._annaliza_d._quebec_a.k.a._budang.html,Philippines,392,517,answerdotai/ModernBERT-base,8949b909ec900327062f0ebf497f51aef5e6f0c8,0,1,1,1,1,1,1
216,https://www.unodc.org/cld/case-law-doc/traffickingpersonscrimetype/gbr/2014/res_application_2014_niqb_15.html,United Kingdom of Great Britain and Northern Ireland,445,519,answerdotai/ModernBERT-base,8949b909ec900327062f0ebf497f51aef5e6f0c8,0,1,1,1,1,1,1
217,https://www.unodc.org/cld/case-law-doc/traffickingpersonscrimetype/uzb/2014/uzbekistan_v_kuzenko.html,Uzbekistan,213,274,answerdotai/ModernBERT-base,8949b909ec900327062f0ebf497f51aef5e6f0c8,1,1,1,1,1,1,1
218,https://www.unodc.org/cld/case-law-doc/corruptioncrimetype/phl/2014/criminal_case_no._fc5813.html,Philippines,97,121,answerdotai/ModernBERT-base,8949b909ec900327062f0ebf497f51aef5e6f0c8,1,1,1,1,1,1,1
219,https://www.unodc.org/cld/case-law-doc/traffickingpersonscrimetype/phl/2014/criminal_case_no._019150-l.html,Philippines,588,730,answerdotai/ModernBERT-base,8949b909ec900327062f0ebf497f51aef5e6f0c8,0,1,1,1,1,1,1
221,https://www.unodc.org/cld/case-law-doc/traffickingpersonscrimetype/arm/2014/yekd01640113.html,Armenia,1123,1556,answerdotai/ModernBERT-base,8949b909ec900327062f0ebf497f51aef5e6f0c8,0,0,0,1,1,1,1
222,https://www.unodc.org/cld/case-law-doc/traffickingpersonscrimetype/pol/2013/case_301213.html,Poland,167,206,answerdotai/ModernBERT-base,8949b909ec900327062f0ebf497f51aef5e6f0c8,1,1,1,1,1,1,1
223,https://www.unodc.org/cld/case-law-doc/traffickingpersonscrimetype/aze/2013/nuraddin_saleh.html,Azerbaijan,80,102,answerdotai/ModernBERT-base,8949b909ec900327062f0ebf497f51aef5e6f0c8,1,1,1,1,1,1,1
224,https://www.unodc.org/cld/case-law-doc/traffickingpersonscrimetype/col/2013/proceso_no._2013-00004_.html,Colombia,634,808,answerdotai/ModernBERT-base,8949b909ec900327062f0ebf497f51aef5e6f0c8,0,1,1,1,1,1,1
226,https://www.unodc.org/cld/case-law-doc/traffickingpersonscrimetype/arg/2013/sentence_1098-2013.html,Argentina,163,267,answerdotai/ModernBERT-base,8949b909ec900327062f0ebf497f51aef5e6f0c8,1,1,1,1,1,1,1
229,https://www.unodc.org/cld/case-law-doc/traffickingpersonscrimetype/can/2013/r_v_c_r_hutchinson.html,Canada,197,263,answerdotai/ModernBERT-base,8949b909ec900327062f0ebf497f51aef5e6f0c8,1,1,1,1,1,1,1
230,https://www.unodc.org/cld/case-law-doc/traffickingpersonscrimetype/aze/2013/seyidmammad_2013.html,Azerbaijan,80,108,answerdotai/ModernBERT-base,8949b909ec900327062f0ebf497f51aef5e6f0c8,1,1,1,1,1,1,1
231,https://www.unodc.org/cld/case-law-doc/traffickingpersonscrimetype/phl/2013/case_no.11-283640.html,Philippines,203,249,answerdotai/ModernBERT-base,8949b909ec900327062f0ebf497f51aef5e6f0c8,1,1,1,1,1,1,1
232,https://www.unodc.org/cld/case-law-doc/traffickingpersonscrimetype/bra/2013/5000029-56.2009.827.2706to.html,Brazil,276,344,answerdotai/ModernBERT-base,8949b909ec900327062f0ebf497f51aef5e6f0c8,1,1,1,1,1,1,1
233,https://www.unodc.org/cld/case-law-doc/traffickingpersonscrimetype/egy/2013/appeal_no._6772.html,Egypt,235,273,answerdotai/ModernBERT-base,8949b909ec900327062f0ebf497f51aef5e6f0c8,1,1,1,1,1,1,1
234,https://www.unodc.org/cld/case-law-doc/traffickingpersonscrimetype/pol/2013/case_131113.html,Poland,223,291,answerdotai/ModernBERT-base,8949b909ec900327062f0ebf497f51aef5e6f0c8,1,1,1,1,1,1,1
235,https://www.unodc.org/cld/case-law-doc/traffickingpersonscrimetype/ken/2013/j.f._another_v_republic_2013_eklr.html,Kenya,171,229,answerdotai/ModernBERT-base,8949b909ec900327062f0ebf497f51aef5e6f0c8,1,1,1,1,1,1,1
236,https://www.unodc.org/cld/case-law-doc/traffickingpersonscrimetype/usa/2013/case_1113.html,United States of America,130,161,answerdotai/ModernBERT-base,8949b909ec900327062f0ebf497f51aef5e6f0c8,1,1,1,1,1,1,1
237,https://www.unodc.org/cld/case-law-doc/traffickingpersonscrimetype/usa/2013/docket_number_-_211cr193_2013.html,United States of America,143,183,answerdotai/ModernBERT-base,8949b909ec900327062f0ebf497f51aef5e6f0c8,1,1,1,1,1,1,1
238,https://www.unodc.org/cld/case-law-doc/traffickingpersonscrimetype/aus/2013/r_v_kuavong_2013_qca310.html,Australia,253,305,answerdotai/ModernBERT-base,8949b909ec900327062f0ebf497f51aef5e6f0c8,1,1,1,1,1,1,1
239,https://www.unodc.org/cld/case-law-doc/traffickingpersonscrimetype/col/2013/case_no._39257.html,Colombia,250,341,answerdotai/ModernBERT-base,8949b909ec900327062f0ebf497f51aef5e6f0c8,1,1,1,1,1,1,1
240,https://www.unodc.org/cld/case-law-doc/traffickingpersonscrimetype/usa/2013/united_states_v._jermaine_lamon_roy.html,United States of America,51,68,answerdotai/ModernBERT-base,8949b909ec900327062f0ebf497f51aef5e6f0c8,1,1,1,1,1,1,1
241,https://www.unodc.org/cld/case-law-doc/traffickingpersonscrimetype/nor/2013/rt-2013-1247_.html,Norway,566,688,answerdotai/ModernBERT-base,8949b909ec900327062f0ebf497f51aef5e6f0c8,0,1,1,1,1,1,1
243,https://www.unodc.org/cld/case-law-doc/traffickingpersonscrimetype/ken/2013/beatrice_akomo_ongito_v_republic_2013_eklr_criminal_appeal_no.274_of_2012.html,Kenya,369,438,answerdotai/ModernBERT-base,8949b909ec900327062f0ebf497f51aef5e6f0c8,1,1,1,1,1,1,1
245,https://www.unodc.org/cld/case-law-doc/traffickingpersonscrimetype/phl/2013/case_no.13-9820_and_13-9821.html,Philippines,443,599,answerdotai/ModernBERT-base,8949b909ec900327062f0ebf497f51aef5e6f0c8,0,1,1,1,1,1,1
246,https://www.unodc.org/cld/case-law-doc/traffickingpersonscrimetype/fin/2013/r_121529.html,Finland,104,121,answerdotai/ModernBERT-base,8949b909ec900327062f0ebf497f51aef5e6f0c8,1,1,1,1,1,1,1
247,https://www.unodc.org/cld/case-law-doc/traffickingpersonscrimetype/nor/2013/13-149986med-larv.html,Norway,203,240,answerdotai/ModernBERT-base,8949b909ec900327062f0ebf497f51aef5e6f0c8,1,1,1,1,1,1,1
248,https://www.unodc.org/cld/case-law-doc/traffickingpersonscrimetype/col/2013/case_no._2012-00012.html,Colombia,686,868,answerdotai/ModernBERT-base,8949b909ec900327062f0ebf497f51aef5e6f0c8,0,1,1,1,1,1,1
249,https://www.unodc.org/cld/case-law-doc/traffickingpersonscrimetype/bra/2013/acr_0000957-09.2007.404.7210_trf4.html,Brazil,190,288,answerdotai/ModernBERT-base,8949b909ec900327062f0ebf497f51aef5e6f0c8,1,1,1,1,1,1,1
250,https://www.unodc.org/cld/case-law-doc/traffickingpersonscrimetype/zaf/2013/ntonga_and_others_v._state_case_no._ca_1592012.html,South Africa,238,335,answerdotai/ModernBERT-base,8949b909ec900327062f0ebf497f51aef5e6f0c8,1,1,1,1,1,1,1
251,https://www.unodc.org/cld/case-law-doc/traffickingpersonscrimetype/can/2013/r_v_byron.html,Canada,248,286,answerdotai/ModernBERT-base,8949b909ec900327062f0ebf497f51aef5e6f0c8,1,1,1,1,1,1,1
252,https://www.unodc.org/cld/case-law-doc/traffickingpersonscrimetype/col/2013/case_no._2013-00001.html,Colombia,418,533,answerdotai/ModernBERT-base,8949b909ec900327062f0ebf497f51aef5e6f0c8,0,1,1,1,1,1,1
253,https://www.unodc.org/cld/case-law-doc/traffickingpersonscrimetype/bra/2013/acr_70052205127_rs.html,Brazil,419,520,answerdotai/ModernBERT-base,8949b909ec900327062f0ebf497f51aef5e6f0c8,0,1,1,1,1,1,1
254,https://www.unodc.org/cld/case-law-doc/migrantsmugglingcrimetype/usa/2013/united_states_v._vargas-cordon_733_f.3d_366_2013.html,United States of America,365,462,answerdotai/ModernBERT-base,8949b909ec900327062f0ebf497f51aef5e6f0c8,1,1,1,1,1,1,1
255,https://www.unodc.org/cld/case-law-doc/traffickingpersonscrimetype/arg/2013/expte._d_312.html,Argentina,399,530,answerdotai/ModernBERT-base,8949b909ec900327062f0ebf497f51aef5e6f0c8,0,1,1,1,1,1,1
256,https://www.unodc.org/cld/case-law-doc/drugcrimetype/arg/2013/sentence_n_03313.html,Argentina,424,529,answerdotai/ModernBERT-base,8949b909ec900327062f0ebf497f51aef5e6f0c8,0,1,1,1,1,1,1
257,https://www.unodc.org/cld/case-law-doc/traffickingpersonscrimetype/arg/2013/case_2853-c.html,Argentina,230,310,answerdotai/ModernBERT-base,8949b909ec900327062f0ebf497f51aef5e6f0c8,1,1,1,1,1,1,1
258,https://www.unodc.org/cld/case-law-doc/traffickingpersonscrimetype/col/2013/proceso_no._2011-80352.html,Colombia,343,450,answerdotai/ModernBERT-base,8949b909ec900327062f0ebf497f51aef5e6f0c8,1,1,1,1,1,1,1
259,https://www.unodc.org/cld/case-law-doc/criminalgroupcrimetype/usa/2013/united_states_v._jones_532_fed._appx._769_9th_cir._2013.html,United States of America,104,157,answerdotai/ModernBERT-base,8949b909ec900327062f0ebf497f51aef5e6f0c8,1,1,1,1,1,1,1
260,https://www.unodc.org/cld/case-law-doc/traffickingpersonscrimetype/nld/2013/eclinlrbmne20132679.html,Netherlands (Kingdom of the),238,290,answerdotai/ModernBERT-base,8949b909ec900327062f0ebf497f51aef5e6f0c8,1,1,1,1,1,1,1
261,https://www.unodc.org/cld/case-law-doc/traffickingpersonscrimetype/bra/2013/acr_2004.51.01.514541-7_trf2_.html,Brazil,257,335,answerdotai/ModernBERT-base,8949b909ec900327062f0ebf497f51aef5e6f0c8,1,1,1,1,1,1,1
262,https://www.unodc.org/cld/case-law-doc/traffickingpersonscrimetype/phl/2013/case_no.cbu-91076.html,Philippines,351,426,answerdotai/ModernBERT-base,8949b909ec900327062f0ebf497f51aef5e6f0c8,1,1,1,1,1,1,1
264,https://www.unodc.org/cld/case-law-doc/traffickingpersonscrimetype/nor/2013/lg-_2012-173499.html,Norway,419,545,answerdotai/ModernBERT-base,8949b909ec900327062f0ebf497f51aef5e6f0c8,0,1,1,1,1,1,1
265,https://www.unodc.org/cld/case-law-doc/traffickingpersonscrimetype/phl/2013/case_no.gl-q-12-178137.html,Philippines,306,370,answerdotai/ModernBERT-base,8949b909ec900327062f0ebf497f51aef5e6f0c8,1,1,1,1,1,1,1
266,https://www.unodc.org/cld/case-law-doc/drugcrimetype/gbr/2013/l._h.v.n._t.h.n._and_t._v_r_2013_ewca_crim_991.html,United Kingdom of Great Britain and Northern Ireland,1124,1358,answerdotai/ModernBERT-base,8949b909ec900327062f0ebf497f51aef5e6f0c8,0,0,1,1,1,1,1
267,https://www.unodc.org/cld/case-law-doc/traffickingpersonscrimetype/col/2013/case_no._37951.html,Colombia,82,103,answerdotai/ModernBERT-base,8949b909ec900327062f0ebf497f51aef5e6f0c8,1,1,1,1,1,1,1
268,https://www.unodc.org/cld/case-law-doc/traffickingpersonscrimetype/gbr/2013/e.k._article_4_echr_anti-trafficking_convention_tanzania_v._secretary_of_state_for_the_home_department.html,United Kingdom of Great Britain and Northern Ireland,535,642,answerdotai/ModernBERT-base,8949b909ec900327062f0ebf497f51aef5e6f0c8,0,1,1,1,1,1,1
269,https://www.unodc.org/cld/case-law-doc/traffickingpersonscrimetype/phl/2013/case_no.04-229641.html,Philippines,302,411,answerdotai/ModernBERT-base,8949b909ec900327062f0ebf497f51aef5e6f0c8,1,1,1,1,1,1,1
270,https://www.unodc.org/cld/case-law-doc/traffickingpersonscrimetype/arg/2013/lopez_lopez_and_novello.html,Argentina,256,383,answerdotai/ModernBERT-base,8949b909ec900327062f0ebf497f51aef5e6f0c8,1,1,1,1,1,1,1
272,https://www.unodc.org/cld/case-law-doc/criminalgroupcrimetype/phl/2013/case_no._q-10-167652.html,Philippines,298,356,answerdotai/ModernBERT-base,8949b909ec900327062f0ebf497f51aef5e6f0c8,1,1,1,1,1,1,1
274,https://www.unodc.org/cld/case-law-doc/traffickingpersonscrimetype/arg/2013/case_n_369213.html,Argentina,541,653,answerdotai/ModernBERT-base,8949b909ec900327062f0ebf497f51aef5e6f0c8,0,1,1,1,1,1,1
275,https://www.unodc.org/cld/case-law-doc/traffickingpersonscrimetype/fin/2013/r_133613.html,Finland,140,157,answerdotai/ModernBERT-base,8949b909ec900327062f0ebf497f51aef5e6f0c8,1,1,1,1,1,1,1
276,https://www.unodc.org/cld/case-law-doc/traffickingpersonscrimetype/mkd/2013/case_n_200513.html,North Macedonia,175,228,answerdotai/ModernBERT-base,8949b909ec900327062f0ebf497f51aef5e6f0c8,1,1,1,1,1,1,1
277,https://www.unodc.org/cld/case-law-doc/traffickingpersonscrimetype/arg/2013/expte._n_862-12.html,Argentina,322,417,answerdotai/ModernBERT-base,8949b909ec900327062f0ebf497f51aef5e6f0c8,1,1,1,1,1,1,1
278,https://www.unodc.org/cld/case-law-doc/traffickingpersonscrimetype/col/2013/proceso_no._2012-00777.html,Colombia,339,451,answerdotai/ModernBERT-base,8949b909ec900327062f0ebf497f51aef5e6f0c8,1,1,1,1,1,1,1
280,https://www.unodc.org/cld/case-law-doc/traffickingpersonscrimetype/srb/2013/k_32212.html,Serbia,533,644,answerdotai/ModernBERT-base,8949b909ec900327062f0ebf497f51aef5e6f0c8,0,1,1,1,1,1,1
282,https://www.unodc.org/cld/case-law-doc/criminalgroupcrimetype/usa/2013/docket_number_cr-10-00660-dgc_2013.html,United States of America,353,494,answerdotai/ModernBERT-base,8949b909ec900327062f0ebf497f51aef5e6f0c8,1,1,1,1,1,1,1
283,https://www.unodc.org/cld/case-law-doc/traffickingpersonscrimetype/grc/2013/case_no._7832013.html,Greece,1091,1401,answerdotai/ModernBERT-base,8949b909ec900327062f0ebf497f51aef5e6f0c8,0,0,1,1,1,1,1
284,https://www.unodc.org/cld/case-law-doc/traffickingpersonscrimetype/col/2013/case_no._2006-01128.html,Colombia,197,278,answerdotai/ModernBERT-base,8949b909ec900327062f0ebf497f51aef5e6f0c8,1,1,1,1,1,1,1
285,https://www.unodc.org/cld/case-law-doc/migrantsmugglingcrimetype/bel/2013/case_no._20131339.html,Belgium,552,630,answerdotai/ModernBERT-base,8949b909ec900327062f0ebf497f51aef5e6f0c8,0,1,1,1,1,1,1
286,https://www.unodc.org/cld/case-law-doc/traffickingpersonscrimetype/col/2013/proceso_no._2011-04358_.html,Colombia,492,621,answerdotai/ModernBERT-base,8949b909ec900327062f0ebf497f51aef5e6f0c8,0,1,1,1,1,1,1
287,https://www.unodc.org/cld/case-law-doc/traffickingpersonscrimetype/arg/2013/case_n_2545.html,Argentina,456,585,answerdotai/ModernBERT-base,8949b909ec900327062f0ebf497f51aef5e6f0c8,0,1,1,1,1,1,1
290,https://www.unodc.org/cld/case-law-doc/drugcrimetype/aus/2013/r_v_chee_mei_wong_.html,Australia,496,593,answerdotai/ModernBERT-base,8949b909ec900327062f0ebf497f51aef5e6f0c8,0,1,1,1,1,1,1
291,https://www.unodc.org/cld/case-law-doc/drugcrimetype/pol/2013/case_no._ii_aka_4913.html,Poland,88,108,answerdotai/ModernBERT-base,8949b909ec900327062f0ebf497f51aef5e6f0c8,1,1,1,1,1,1,1
292,https://www.unodc.org/cld/case-law-doc/criminalgroupcrimetype/gbr/2013/r_v._connors.html,United Kingdom of Great Britain and Northern Ireland,282,342,answerdotai/ModernBERT-base,8949b909ec900327062f0ebf497f51aef5e6f0c8,1,1,1,1,1,1,1
293,https://www.unodc.org/cld/case-law-doc/traffickingpersonscrimetype/arg/2013/case_no._2410.html,Argentina,174,220,answerdotai/ModernBERT-base,8949b909ec900327062f0ebf497f51aef5e6f0c8,1,1,1,1,1,1,1
295,https://www.unodc.org/cld/case-law-doc/traffickingpersonscrimetype/phl/2013/case_no.q-12-176620.html,Philippines,265,337,answerdotai/ModernBERT-base,8949b909ec900327062f0ebf497f51aef5e6f0c8,1,1,1,1,1,1,1
296,https://www.unodc.org/cld/case-law-doc/traffickingpersonscrimetype/vnm/2013/case_0313.html,Viet Nam,407,564,answerdotai/ModernBERT-base,8949b909ec900327062f0ebf497f51aef5e6f0c8,0,1,1,1,1,1,1
297,https://www.unodc.org/cld/case-law-doc/traffickingpersonscrimetype/phl/2013/case_no.07-254534.html,Philippines,156,198,answerdotai/ModernBERT-base,8949b909ec900327062f0ebf497f51aef5e6f0c8,1,1,1,1,1,1,1
298,https://www.unodc.org/cld/case-law-doc/drugcrimetype/arg/2013/sentence_n_00413.html,Argentina,290,352,answerdotai/ModernBERT-base,8949b909ec900327062f0ebf497f51aef5e6f0c8,1,1,1,1,1,1,1
299,https://www.unodc.org/cld/case-law-doc/traffickingpersonscrimetype/arm/2013/shd00990112.html,Armenia,596,767,answerdotai/ModernBERT-base,8949b909ec900327062f0ebf497f51aef5e6f0c8,0,1,1,1,1,1,1
300,https://www.unodc.org/cld/case-law-doc/traffickingpersonscrimetype/arg/2013/case_11-g-2012.html,Argentina,309,430,answerdotai/ModernBERT-base,8949b909ec900327062f0ebf497f51aef5e6f0c8,1,1,1,1,1,1,1
301,https://www.unodc.org/cld/case-law-doc/traffickingpersonscrimetype/pol/2013/ii_aka_38712.html,Poland,310,410,answerdotai/ModernBERT-base,8949b909ec900327062f0ebf497f51aef5e6f0c8,1,1,1,1,1,1,1
302,https://www.unodc.org/cld/case-law-doc/traffickingpersonscrimetype/ita/2013/cass._pen._sez._v_n._12574.html,Italy,82,95,answerdotai/ModernBERT-base,8949b909ec900327062f0ebf497f51aef5e6f0c8,1,1,1,1,1,1,1
303,https://www.unodc.org/cld/case-law-doc/traffickingpersonscrimetype/bra/2013/acr_0000188-86.2006.8.26.0097_sp.html,Brazil,174,223,answerdotai/ModernBERT-base,8949b909ec900327062f0ebf497f51aef5e6f0c8,1,1,1,1,1,1,1
304,https://www.unodc.org/cld/case-law-doc/traffickingpersonscrimetype/tha/2013/samaesan.html,Thailand,782,1021,answerdotai/ModernBERT-base,8949b909ec900327062f0ebf497f51aef5e6f0c8,0,1,1,1,1,1,1
305,https://www.unodc.org/cld/case-law-doc/traffickingpersonscrimetype/bel/2013/correctional_tribunal_of_nivelles_25-01-2013.html,Belgium,299,341,answerdotai/ModernBERT-base,8949b909ec900327062f0ebf497f51aef5e6f0c8,1,1,1,1,1,1,1
306,https://www.unodc.org/cld/case-law-doc/criminalgroupcrimetype/fji/2013/state_v_laojindamanee.html,Fiji,389,476,answerdotai/ModernBERT-base,8949b909ec900327062f0ebf497f51aef5e6f0c8,1,1,1,1,1,1,1
308,https://www.unodc.org/cld/case-law-doc/traffickingpersonscrimetype/bel/2013/c1182013_2013.html,Belgium,145,191,answerdotai/ModernBERT-base,8949b909ec900327062f0ebf497f51aef5e6f0c8,1,1,1,1,1,1,1
310,https://www.unodc.org/cld/case-law-doc/traffickingpersonscrimetype/nor/2013/hr-2013-00104-a.html,Norway,45,58,answerdotai/ModernBERT-base,8949b909ec900327062f0ebf497f51aef5e6f0c8,1,1,1,1,1,1,1
311,https://www.unodc.org/cld/case-law-doc/traffickingpersonscrimetype/phl/2013/criminal_case_no._23-1556.html,Philippines,90,120,answerdotai/ModernBERT-base,8949b909ec900327062f0ebf497f51aef5e6f0c8,1,1,1,1,1,1,1
312,https://www.unodc.org/cld/case-law-doc/traffickingpersonscrimetype/phl/2013/case_no._q-08-151971.html,Philippines,249,290,answerdotai/ModernBERT-base,8949b909ec900327062f0ebf497f51aef5e6f0c8,1,1,1,1,1,1,1
313,https://www.unodc.org/cld/case-law-doc/traffickingpersonscrimetype/phl/2013/case_no._r-llp-09-05622-cr.html,Philippines,132,163,answerdotai/ModernBERT-base,8949b909ec900327062f0ebf497f51aef5e6f0c8,1,1,1,1,1,1,1
314,https://www.unodc.org/cld/case-law-doc/traffickingpersonscrimetype/can/2012/r_v_beckford.html,Canada,284,379,answerdotai/ModernBERT-base,8949b909ec900327062f0ebf497f51aef5e6f0c8,1,1,1,1,1,1,1
315,https://www.unodc.org/cld/case-law-doc/traffickingpersonscrimetype/uzb/2012/uzbekistan_v_turchinov.html,Uzbekistan,159,209,answerdotai/ModernBERT-base,8949b909ec900327062f0ebf497f51aef5e6f0c8,1,1,1,1,1,1,1
316,https://www.unodc.org/cld/case-law-doc/traffickingpersonscrimetype/lso/2012/rex_v._yoseph_girmay_tesfagaber_adanech_beru_woldegioregis.html,Lesotho,781,922,answerdotai/ModernBERT-base,8949b909ec900327062f0ebf497f51aef5e6f0c8,0,1,1,1,1,1,1
317,https://www.unodc.org/cld/case-law-doc/traffickingpersonscrimetype/nor/2012/12-175933med-otir03.html,Norway,346,403,answerdotai/ModernBERT-base,8949b909ec900327062f0ebf497f51aef5e6f0c8,1,1,1,1,1,1,1
319,https://www.unodc.org/cld/case-law-doc/traffickingpersonscrimetype/srb/2012/case_no._3k-9712.html,Serbia,503,628,answerdotai/ModernBERT-base,8949b909ec900327062f0ebf497f51aef5e6f0c8,0,1,1,1,1,1,1
320,https://www.unodc.org/cld/case-law-doc/traffickingpersonscrimetype/arg/2012/ledesma_pedro_alberto_y_otras.html,Argentina,153,210,answerdotai/ModernBERT-base,8949b909ec900327062f0ebf497f51aef5e6f0c8,1,1,1,1,1,1,1
322,https://www.unodc.org/cld/case-law-doc/traffickingpersonscrimetype/bel/2012/case_no._20123925.html,Belgium,207,253,answerdotai/ModernBERT-base,8949b909ec900327062f0ebf497f51aef5e6f0c8,1,1,1,1,1,1,1
323,https://www.unodc.org/cld/case-law-doc/traffickingpersonscrimetype/usa/2012/rodriguez_1112.html,United States of America,125,156,answerdotai/ModernBERT-base,8949b909ec900327062f0ebf497f51aef5e6f0c8,1,1,1,1,1,1,1
324,https://www.unodc.org/cld/case-law-doc/traffickingpersonscrimetype/pol/2012/case_no._ii_aka_29512.html,Poland,389,536,answerdotai/ModernBERT-base,8949b909ec900327062f0ebf497f51aef5e6f0c8,0,1,1,1,1,1,1
325,https://www.unodc.org/cld/case-law-doc/traffickingpersonscrimetype/usa/2012/united_states_v._arthur_chappell.html,United States of America,228,271,answerdotai/ModernBERT-base,8949b909ec900327062f0ebf497f51aef5e6f0c8,1,1,1,1,1,1,1
326,https://www.unodc.org/cld/case-law-doc/traffickingpersonscrimetype/_irb/2012/c.n._and_v._v._france.html,International and Regional Bodies,765,963,answerdotai/ModernBERT-base,8949b909ec900327062f0ebf497f51aef5e6f0c8,0,1,1,1,1,1,1
327,https://www.unodc.org/cld/case-law-doc/traffickingpersonscrimetype/tha/2012/sarawan_and_kongsamrej.html,Thailand,315,398,answerdotai/ModernBERT-base,8949b909ec900327062f0ebf497f51aef5e6f0c8,1,1,1,1,1,1,1
329,https://www.unodc.org/cld/case-law-doc/traffickingpersonscrimetype/ita/2012/cass._pen._sez._v_sent._n._37638.html,Italy,59,74,answerdotai/ModernBERT-base,8949b909ec900327062f0ebf497f51aef5e6f0c8,1,1,1,1,1,1,1
330,https://www.unodc.org/cld/case-law-doc/traffickingpersonscrimetype/arg/2012/causa_n_335211.html,Argentina,171,205,answerdotai/ModernBERT-base,8949b909ec900327062f0ebf497f51aef5e6f0c8,1,1,1,1,1,1,1
331,https://www.unodc.org/cld/case-law-doc/traffickingpersonscrimetype/phl/2012/case_no.06-1759.html,Philippines,242,290,answerdotai/ModernBERT-base,8949b909ec900327062f0ebf497f51aef5e6f0c8,1,1,1,1,1,1,1
332,https://www.unodc.org/cld/case-law-doc/criminalgroupcrimetype/swe/2012/case_no_2827-12.html,Sweden,193,238,answerdotai/ModernBERT-base,8949b909ec900327062f0ebf497f51aef5e6f0c8,1,1,1,1,1,1,1
333,https://www.unodc.org/cld/case-law-doc/traffickingpersonscrimetype/blr/2012/case_of_bondar_gunter_and_b..html,Belarus,99,124,answerdotai/ModernBERT-base,8949b909ec900327062f0ebf497f51aef5e6f0c8,1,1,1,1,1,1,1
334,https://www.unodc.org/cld/case-law-doc/traffickingpersonscrimetype/mkd/2012/case_n180912.html,North Macedonia,103,131,answerdotai/ModernBERT-base,8949b909ec900327062f0ebf497f51aef5e6f0c8,1,1,1,1,1,1,1
335,https://www.unodc.org/cld/case-law-doc/traffickingpersonscrimetype/swe/2012/case_no_b_1689-12.html,Sweden,52,60,answerdotai/ModernBERT-base,8949b909ec900327062f0ebf497f51aef5e6f0c8,1,1,1,1,1,1,1
337,https://www.unodc.org/cld/case-law-doc/traffickingpersonscrimetype/chl/2012/case_no._199-2012.html,Chile,415,563,answerdotai/ModernBERT-base,8949b909ec900327062f0ebf497f51aef5e6f0c8,0,1,1,1,1,1,1
338,https://www.unodc.org/cld/case-law-doc/criminalgroupcrimetype/chl/2012/ruc_1100440193-1_rit199-2012.html,Chile,704,956,answerdotai/ModernBERT-base,8949b909ec900327062f0ebf497f51aef5e6f0c8,0,1,1,1,1,1,1
339,https://www.unodc.org/cld/case-law-doc/traffickingpersonscrimetype/phl/2012/case_no._rtc_2010-0377.html,Philippines,167,197,answerdotai/ModernBERT-base,8949b909ec900327062f0ebf497f51aef5e6f0c8,1,1,1,1,1,1,1
340,https://www.unodc.org/cld/case-law-doc/traffickingpersonscrimetype/bra/2012/sentenca_n_2004.51.01.514541-7_jfrj.html,Brazil,255,336,answerdotai/ModernBERT-base,8949b909ec900327062f0ebf497f51aef5e6f0c8,1,1,1,1,1,1,1
341,https://www.unodc.org/cld/case-law-doc/traffickingpersonscrimetype/arg/2012/causa_n_336512.html,Argentina,85,113,answerdotai/ModernBERT-base,8949b909ec900327062f0ebf497f51aef5e6f0c8,1,1,1,1,1,1,1
342,https://www.unodc.org/cld/case-law-doc/criminalgroupcrimetype/bra/2012/processo_n_0006689-60.2007.4.05.8400.html,Brazil,61,78,answerdotai/ModernBERT-base,8949b909ec900327062f0ebf497f51aef5e6f0c8,1,1,1,1,1,1,1
343,https://www.unodc.org/cld/case-law-doc/traffickingpersonscrimetype/arg/2012/causa_2432.html,Argentina,362,496,answerdotai/ModernBERT-base,8949b909ec900327062f0ebf497f51aef5e6f0c8,1,1,1,1,1,1,1
344,https://www.unodc.org/cld/case-law-doc/traffickingpersonscrimetype/phl/2012/crim._case_no._09-217-i.html,Philippines,970,1265,answerdotai/ModernBERT-base,8949b909ec900327062f0ebf497f51aef5e6f0c8,0,0,1,1,1,1,1
345,https://www.unodc.org/cld/case-law-doc/traffickingpersonscrimetype/dnk/2012/hjoerring_city_court_judgement_august_22_2012.html,Denmark,342,435,answerdotai/ModernBERT-base,8949b909ec900327062f0ebf497f51aef5e6f0c8,1,1,1,1,1,1,1
346,https://www.unodc.org/cld/case-law-doc/traffickingpersonscrimetype/bra/2012/processo_n_0001703-58.2007.4.03.6124.html,Brazil,99,131,answerdotai/ModernBERT-base,8949b909ec900327062f0ebf497f51aef5e6f0c8,1,1,1,1,1,1,1
347,https://www.unodc.org/cld/case-law-doc/traffickingpersonscrimetype/phl/2012/crim._case_no._14206.html,Philippines,176,224,answerdotai/ModernBERT-base,8949b909ec900327062f0ebf497f51aef5e6f0c8,1,1,1,1,1,1,1
348,https://www.unodc.org/cld/case-law-doc/traffickingpersonscrimetype/bra/2012/acr_0006016-11.2007.8.26.0297_sp.html,Brazil,188,234,answerdotai/ModernBERT-base,8949b909ec900327062f0ebf497f51aef5e6f0c8,1,1,1,1,1,1,1
349,https://www.unodc.org/cld/case-law-doc/traffickingpersonscrimetype/est/2012/no._1-12-7180.html,Estonia,1681,2031,answerdotai/ModernBERT-base,8949b909ec900327062f0ebf497f51aef5e6f0c8,0,0,0,1,1,1,1
350,https://www.unodc.org/cld/case-law-doc/traffickingpersonscrimetype/bra/2012/processo_n_0008821-69.2011.403.6181_.html,Brazil,170,214,answerdotai/ModernBERT-base,8949b909ec900327062f0ebf497f51aef5e6f0c8,1,1,1,1,1,1,1
351,https://www.unodc.org/cld/case-law-doc/traffickingpersonscrimetype/usa/2012/docket_number_-_011-cr-00083-adm-jjg_2012.html,United States of America,157,199,answerdotai/ModernBERT-base,8949b909ec900327062f0ebf497f51aef5e6f0c8,1,1,1,1,1,1,1
352,https://www.unodc.org/cld/case-law-doc/traffickingpersonscrimetype/bra/2012/acr_2008.61.24.000743-8_trf3.html,Brazil,102,131,answerdotai/ModernBERT-base,8949b909ec900327062f0ebf497f51aef5e6f0c8,1,1,1,1,1,1,1
353,https://www.unodc.org/cld/case-law-doc/traffickingpersonscrimetype/ita/2012/case_of_m._and_others_v._italy_and_bulgaria_.html,Italy,853,1039,answerdotai/ModernBERT-base,8949b909ec900327062f0ebf497f51aef5e6f0c8,0,0,1,1,1,1,1
354,https://www.unodc.org/cld/case-law-doc/traffickingpersonscrimetype/bgr/2012/case_of_m._and_others_v._italy_and_bulgaria_.html,Bulgaria,853,1039,answerdotai/ModernBERT-base,8949b909ec900327062f0ebf497f51aef5e6f0c8,0,0,1,1,1,1,1
355,https://www.unodc.org/cld/case-law-doc/traffickingpersonscrimetype/usa/2012/linda_velez_v._betsy_sanchez.html,United States of America,163,206,answerdotai/ModernBERT-base,8949b909ec900327062f0ebf497f51aef5e6f0c8,1,1,1,1,1,1,1
356,https://www.unodc.org/cld/case-law-doc/traffickingpersonscrimetype/phl/2012/cr-hc_no._04882.html,Philippines,601,774,answerdotai/ModernBERT-base,8949b909ec900327062f0ebf497f51aef5e6f0c8,0,1,1,1,1,1,1
357,https://www.unodc.org/cld/case-law-doc/traffickingpersonscrimetype/arg/2012/case_n_313011.html,Argentina,147,182,answerdotai/ModernBERT-base,8949b909ec900327062f0ebf497f51aef5e6f0c8,1,1,1,1,1,1,1
358,https://www.unodc.org/cld/case-law-doc/traffickingpersonscrimetype/phl/2012/crim._case_no._cbu-86397.html,Philippines,796,972,answerdotai/ModernBERT-base,8949b909ec900327062f0ebf497f51aef5e6f0c8,0,1,1,1,1,1,1
359,https://www.unodc.org/cld/case-law-doc/traffickingpersonscrimetype/arg/2012/causa_20.469.html,Argentina,154,197,answerdotai/ModernBERT-base,8949b909ec900327062f0ebf497f51aef5e6f0c8,1,1,1,1,1,1,1
363,https://www.unodc.org/cld/case-law-doc/traffickingpersonscrimetype/nld/2012/eclinlghshe2012bx0599.html,Netherlands (Kingdom of the),1056,1260,answerdotai/ModernBERT-base,8949b909ec900327062f0ebf497f51aef5e6f0c8,0,0,1,1,1,1,1
364,https://www.unodc.org/cld/case-law-doc/traffickingpersonscrimetype/gbr/2012/queen_v_rong_chen_simon_dempsey_and_jason_owen_hinton.html,United Kingdom of Great Britain and Northern Ireland,360,462,answerdotai/ModernBERT-base,8949b909ec900327062f0ebf497f51aef5e6f0c8,1,1,1,1,1,1,1
365,https://www.unodc.org/cld/case-law-doc/criminalgroupcrimetype/col/2012/proceso_no.2011-74217.html,Colombia,395,486,answerdotai/ModernBERT-base,8949b909ec900327062f0ebf497f51aef5e6f0c8,1,1,1,1,1,1,1
366,https://www.unodc.org/cld/case-law-doc/traffickingpersonscrimetype/usa/2012/united_states_v._justin_p._cephus_et_al.html,United States of America,207,261,answerdotai/ModernBERT-base,8949b909ec900327062f0ebf497f51aef5e6f0c8,1,1,1,1,1,1,1
367,https://www.unodc.org/cld/case-law-doc/traffickingpersonscrimetype/nor/2012/11-194827med-bbyr01.html,Norway,52,67,answerdotai/ModernBERT-base,8949b909ec900327062f0ebf497f51aef5e6f0c8,1,1,1,1,1,1,1
368,https://www.unodc.org/cld/case-law-doc/drugcrimetype/swe/2012/_case_no_b_897-12.html,Sweden,395,457,answerdotai/ModernBERT-base,8949b909ec900327062f0ebf497f51aef5e6f0c8,1,1,1,1,1,1,1
369,https://www.unodc.org/cld/case-law-doc/traffickingpersonscrimetype/arg/2012/causa_i._s._o_d._b._n_s._j._l._c._y_m._i..html,Argentina,244,292,answerdotai/ModernBERT-base,8949b909ec900327062f0ebf497f51aef5e6f0c8,1,1,1,1,1,1,1
370,https://www.unodc.org/cld/case-law-doc/traffickingpersonscrimetype/arg/2012/expte._1811.html,Argentina,982,1263,answerdotai/ModernBERT-base,8949b909ec900327062f0ebf497f51aef5e6f0c8,0,0,1,1,1,1,1
371,https://www.unodc.org/cld/case-law-doc/traffickingpersonscrimetype/tha/2012/choen_pai_wan_and_others.html,Thailand,667,859,answerdotai/ModernBERT-base,8949b909ec900327062f0ebf497f51aef5e6f0c8,0,1,1,1,1,1,1
372,https://www.unodc.org/cld/case-law-doc/traffickingpersonscrimetype/lva/2012/criminal_case_of_the_supreme_court_2012.html,Latvia,225,299,answerdotai/ModernBERT-base,8949b909ec900327062f0ebf497f51aef5e6f0c8,1,1,1,1,1,1,1
373,https://www.unodc.org/cld/case-law-doc/traffickingpersonscrimetype/usa/2012/united_states_v._rivera_et_al.html,United States of America,374,443,answerdotai/ModernBERT-base,8949b909ec900327062f0ebf497f51aef5e6f0c8,1,1,1,1,1,1,1
374,https://www.unodc.org/cld/case-law-doc/traffickingpersonscrimetype/swe/2012/case_no_b_2220-11.html,Sweden,192,227,answerdotai/ModernBERT-base,8949b909ec900327062f0ebf497f51aef5e6f0c8,1,1,1,1,1,1,1
375,https://www.unodc.org/cld/case-law-doc/criminalgroupcrimetype/swe/2012/case_no_b_6114-11.html,Sweden,365,438,answerdotai/ModernBERT-base,8949b909ec900327062f0ebf497f51aef5e6f0c8,1,1,1,1,1,1,1
376,https://www.unodc.org/cld/case-law-doc/traffickingpersonscrimetype/col/2012/proceso_no33882.html,Colombia,174,229,answerdotai/ModernBERT-base,8949b909ec900327062f0ebf497f51aef5e6f0c8,1,1,1,1,1,1,1
377,https://www.unodc.org/cld/case-law-doc/traffickingpersonscrimetype/aus/2012/r_v_watcharaporn_nantahkhum_scc149_of_2010.html,Australia,898,1111,answerdotai/ModernBERT-base,8949b909ec900327062f0ebf497f51aef5e6f0c8,0,0,1,1,1,1,1
378,https://www.unodc.org/cld/case-law-doc/traffickingpersonscrimetype/ukr/2012/case_no._1-766-11_.html,Ukraine,237,265,answerdotai/ModernBERT-base,8949b909ec900327062f0ebf497f51aef5e6f0c8,1,1,1,1,1,1,1
381,https://www.unodc.org/cld/case-law-doc/traffickingpersonscrimetype/usa/2012/united_states_v._fetter.html,United States of America,124,143,answerdotai/ModernBERT-base,8949b909ec900327062f0ebf497f51aef5e6f0c8,1,1,1,1,1,1,1
382,https://www.unodc.org/cld/case-law-doc/criminalgroupcrimetype/pol/2012/case_no._ii_aka_12112.html,Poland,370,451,answerdotai/ModernBERT-base,8949b909ec900327062f0ebf497f51aef5e6f0c8,1,1,1,1,1,1,1
383,https://www.unodc.org/cld/case-law-doc/traffickingpersonscrimetype/cze/2012/17_t_62010.html,Czechia,657,753,answerdotai/ModernBERT-base,8949b909ec900327062f0ebf497f51aef5e6f0c8,0,1,1,1,1,1,1
385,https://www.unodc.org/cld/case-law-doc/traffickingpersonscrimetype/phl/2012/crim._case_no._11-286939.html,Philippines,436,559,answerdotai/ModernBERT-base,8949b909ec900327062f0ebf497f51aef5e6f0c8,0,1,1,1,1,1,1
386,https://www.unodc.org/cld/case-law-doc/traffickingpersonscrimetype/ukr/2012/case_no._1-1519-1201-11.html,Ukraine,124,154,answerdotai/ModernBERT-base,8949b909ec900327062f0ebf497f51aef5e6f0c8,1,1,1,1,1,1,1
387,https://www.unodc.org/cld/case-law-doc/traffickingpersonscrimetype/ukr/2012/case_no._11-536-12.html,Ukraine,169,200,answerdotai/ModernBERT-base,8949b909ec900327062f0ebf497f51aef5e6f0c8,1,1,1,1,1,1,1
388,https://www.unodc.org/cld/case-law-doc/traffickingpersonscrimetype/cze/2012/supreme_court_in_prague.html,Czechia,131,153,answerdotai/ModernBERT-base,8949b909ec900327062f0ebf497f51aef5e6f0c8,1,1,1,1,1,1,1
389,https://www.unodc.org/cld/case-law-doc/traffickingpersonscrimetype/aus/2012/r_v_divye_kumar_trivedi.html,Australia,513,660,answerdotai/ModernBERT-base,8949b909ec900327062f0ebf497f51aef5e6f0c8,0,1,1,1,1,1,1
390,https://www.unodc.org/cld/case-law-doc/traffickingpersonscrimetype/ukr/2012/case_no._1-888-11.html,Ukraine,44,53,answerdotai/ModernBERT-base,8949b909ec900327062f0ebf497f51aef5e6f0c8,1,1,1,1,1,1,1
391,https://www.unodc.org/cld/case-law-doc/traffickingpersonscrimetype/bel/2012/case_n352012.html,Belgium,282,329,answerdotai/ModernBERT-base,8949b909ec900327062f0ebf497f51aef5e6f0c8,1,1,1,1,1,1,1
393,https://www.unodc.org/cld/case-law-doc/traffickingpersonscrimetype/arg/2012/j.e.f._.html,Argentina,131,159,answerdotai/ModernBERT-base,8949b909ec900327062f0ebf497f51aef5e6f0c8,1,1,1,1,1,1,1
394,https://www.unodc.org/cld/case-law-doc/traffickingpersonscrimetype/arg/2012/sentencia_no._12.html,Argentina,437,516,answerdotai/ModernBERT-base,8949b909ec900327062f0ebf497f51aef5e6f0c8,0,1,1,1,1,1,1
395,https://www.unodc.org/cld/case-law-doc/traffickingpersonscrimetype/gbr/2012/queen_v._matyas_pis.html,United Kingdom of Great Britain and Northern Ireland,143,170,answerdotai/ModernBERT-base,8949b909ec900327062f0ebf497f51aef5e6f0c8,1,1,1,1,1,1,1
396,https://www.unodc.org/cld/case-law-doc/traffickingpersonscrimetype/arg/2012/case_no._2755.html,Argentina,660,880,answerdotai/ModernBERT-base,8949b909ec900327062f0ebf497f51aef5e6f0c8,0,1,1,1,1,1,1
397,https://www.unodc.org/cld/case-law-doc/traffickingpersonscrimetype/arg/2012/causa_n_7011.html,Argentina,49,61,answerdotai/ModernBERT-base,8949b909ec900327062f0ebf497f51aef5e6f0c8,1,1,1,1,1,1,1
398,https://www.unodc.org/cld/case-law-doc/traffickingpersonscrimetype/mng/2012/case_no150.html,Mongolia,92,118,answerdotai/ModernBERT-base,8949b909ec900327062f0ebf497f51aef5e6f0c8,1,1,1,1,1,1,1
399,https://www.unodc.org/cld/case-law-doc/traffickingpersonscrimetype/srb/2012/case_no._k4358-11_2012.html,Serbia,503,618,answerdotai/ModernBERT-base,8949b909ec900327062f0ebf497f51aef5e6f0c8,0,1,1,1,1,1,1
400,https://www.unodc.org/cld/case-law-doc/traffickingpersonscrimetype/bel/2012/h12-04-03.html,Belgium,385,467,answerdotai/ModernBERT-base,8949b909ec900327062f0ebf497f51aef5e6f0c8,1,1,1,1,1,1,1
401,https://www.unodc.org/cld/case-law-doc/traffickingpersonscrimetype/bra/2012/criminal_appeal_acr_no._2003.70.01.015337.html,Brazil,298,380,answerdotai/ModernBERT-base,8949b909ec900327062f0ebf497f51aef5e6f0c8,1,1,1,1,1,1,1
402,https://www.unodc.org/cld/case-law-doc/traffickingpersonscrimetype/bra/2012/1188-98.20114.01.300_ac.html,Brazil,99,147,answerdotai/ModernBERT-base,8949b909ec900327062f0ebf497f51aef5e6f0c8,1,1,1,1,1,1,1
403,https://www.unodc.org/cld/case-law-doc/traffickingpersonscrimetype/phl/2012/crim._cases_nos._rtc_2010-0083_and_0084.html,Philippines,130,175,answerdotai/ModernBERT-base,8949b909ec900327062f0ebf497f51aef5e6f0c8,1,1,1,1,1,1,1
404,https://www.unodc.org/cld/case-law-doc/traffickingpersonscrimetype/swe/2012/case_no_b_111-12.html,Sweden,287,339,answerdotai/ModernBERT-base,8949b909ec900327062f0ebf497f51aef5e6f0c8,1,1,1,1,1,1,1
405,https://www.unodc.org/cld/case-law-doc/traffickingpersonscrimetype/jam/2012/r_v_a.p._l.s._and_h.p._.html,Jamaica,155,190,answerdotai/ModernBERT-base,8949b909ec900327062f0ebf497f51aef5e6f0c8,1,1,1,1,1,1,1
406,https://www.unodc.org/cld/case-law-doc/traffickingpersonscrimetype/phl/2012/crim._case_no._r-llp-08-2900-cr.html,Philippines,1434,1819,answerdotai/ModernBERT-base,8949b909ec900327062f0ebf497f51aef5e6f0c8,0,0,0,1,1,1,1
407,https://www.unodc.org/cld/case-law-doc/traffickingpersonscrimetype/phl/2012/crim._case_no._0310-2009.html,Philippines,417,521,answerdotai/ModernBERT-base,8949b909ec900327062f0ebf497f51aef5e6f0c8,0,1,1,1,1,1,1
409,https://www.unodc.org/cld/case-law-doc/traffickingpersonscrimetype/swe/2012/case_no_b_16821-11.html,Sweden,52,61,answerdotai/ModernBERT-base,8949b909ec900327062f0ebf497f51aef5e6f0c8,1,1,1,1,1,1,1
410,https://www.unodc.org/cld/case-law-doc/traffickingpersonscrimetype/bra/2012/processo_n_2001.83.00.007512-0_.html,Brazil,164,230,answerdotai/ModernBERT-base,8949b909ec900327062f0ebf497f51aef5e6f0c8,1,1,1,1,1,1,1
411,https://www.unodc.org/cld/case-law-doc/traffickingpersonscrimetype/arg/2012/causa_n_978_.html,Argentina,365,436,answerdotai/ModernBERT-base,8949b909ec900327062f0ebf497f51aef5e6f0c8,1,1,1,1,1,1,1
412,https://www.unodc.org/cld/case-law-doc/traffickingpersonscrimetype/bra/2012/processo_n_2004.81.00.006158-0.html,Brazil,68,77,answerdotai/ModernBERT-base,8949b909ec900327062f0ebf497f51aef5e6f0c8,1,1,1,1,1,1,1
413,https://www.unodc.org/cld/case-law-doc/traffickingpersonscrimetype/phl/2012/crim._case_no._cbu-83123.html,Philippines,334,400,answerdotai/ModernBERT-base,8949b909ec900327062f0ebf497f51aef5e6f0c8,1,1,1,1,1,1,1
414,https://www.unodc.org/cld/case-law-doc/traffickingpersonscrimetype/srb/2012/case_no._k-245511_2012.html,Serbia,310,395,answerdotai/ModernBERT-base,8949b909ec900327062f0ebf497f51aef5e6f0c8,1,1,1,1,1,1,1
415,https://www.unodc.org/cld/case-law-doc/traffickingpersonscrimetype/swe/2012/case_no_b_756-12.html,Sweden,37,43,answerdotai/ModernBERT-base,8949b909ec900327062f0ebf497f51aef5e6f0c8,1,1,1,1,1,1,1
416,https://www.unodc.org/cld/case-law-doc/traffickingpersonscrimetype/phl/2012/crim._case_no._12574.html,Philippines,579,745,answerdotai/ModernBERT-base,8949b909ec900327062f0ebf497f51aef5e6f0c8,0,1,1,1,1,1,1
417,https://www.unodc.org/cld/case-law-doc/traffickingpersonscrimetype/phl/2012/crim._cases_nos._134741_and_134741-a.html,Philippines,386,495,answerdotai/ModernBERT-base,8949b909ec900327062f0ebf497f51aef5e6f0c8,1,1,1,1,1,1,1
418,https://www.unodc.org/cld/case-law-doc/drugcrimetype/gbr/2012/r_v._n._and_r_v._le.html,United Kingdom of Great Britain and Northern Ireland,530,615,answerdotai/ModernBERT-base,8949b909ec900327062f0ebf497f51aef5e6f0c8,0,1,1,1,1,1,1
419,https://www.unodc.org/cld/case-law-doc/traffickingpersonscrimetype/pol/2012/case_no._ii_aka_1512.html,Poland,113,140,answerdotai/ModernBERT-base,8949b909ec900327062f0ebf497f51aef5e6f0c8,1,1,1,1,1,1,1
420,https://www.unodc.org/cld/case-law-doc/traffickingpersonscrimetype/ukr/2012/case_no._1-305-11_.html,Ukraine,60,70,answerdotai/ModernBERT-base,8949b909ec900327062f0ebf497f51aef5e6f0c8,1,1,1,1,1,1,1
421,https://www.unodc.org/cld/case-law-doc/traffickingpersonscrimetype/geo/2012/case_no._281-12.html,Georgia,164,220,answerdotai/ModernBERT-base,8949b909ec900327062f0ebf497f51aef5e6f0c8,1,1,1,1,1,1,1
423,https://www.unodc.org/cld/case-law-doc/traffickingpersonscrimetype/srb/2012/case_no._k-13311_2012.html,Serbia,666,803,answerdotai/ModernBERT-base,8949b909ec900327062f0ebf497f51aef5e6f0c8,0,1,1,1,1,1,1
424,https://www.unodc.org/cld/case-law-doc/traffickingpersonscrimetype/jam/2012/r_v_n.r..html,Jamaica,320,379,answerdotai/ModernBERT-base,8949b909ec900327062f0ebf497f51aef5e6f0c8,1,1,1,1,1,1,1
426,https://www.unodc.org/cld/case-law-doc/traffickingpersonscrimetype/ukr/2012/case_no._1-1416-28.html,Ukraine,108,121,answerdotai/ModernBERT-base,8949b909ec900327062f0ebf497f51aef5e6f0c8,1,1,1,1,1,1,1
427,https://www.unodc.org/cld/case-law-doc/traffickingpersonscrimetype/bra/2012/acr_8574-_pe_2002.83.00.008963-9.html,Brazil,159,187,answerdotai/ModernBERT-base,8949b909ec900327062f0ebf497f51aef5e6f0c8,1,1,1,1,1,1,1
428,https://www.unodc.org/cld/case-law-doc/traffickingpersonscrimetype/blz/2012/orellana_.html,Belize,116,145,answerdotai/ModernBERT-base,8949b909ec900327062f0ebf497f51aef5e6f0c8,1,1,1,1,1,1,1
429,https://www.unodc.org/cld/case-law-doc/traffickingpersonscrimetype/lso/2012/cr.19392011.html,Lesotho,458,555,answerdotai/ModernBERT-base,8949b909ec900327062f0ebf497f51aef5e6f0c8,0,1,1,1,1,1,1
430,https://www.unodc.org/cld/case-law-doc/criminalgroupcrimetype/bra/2012/acr_6930-_pe_2004.83.00.007499-2.html,Brazil,171,221,answerdotai/ModernBERT-base,8949b909ec900327062f0ebf497f51aef5e6f0c8,1,1,1,1,1,1,1
432,https://www.unodc.org/cld/case-law-doc/traffickingpersonscrimetype/ukr/2012/case_no._1-281-11.html,Ukraine,99,117,answerdotai/ModernBERT-base,8949b909ec900327062f0ebf497f51aef5e6f0c8,1,1,1,1,1,1,1
433,https://www.unodc.org/cld/case-law-doc/traffickingpersonscrimetype/usa/2012/united_states_v._warren_2014_wl_3805664_d._minn._aug._1_2014.html,United States of America,184,234,answerdotai/ModernBERT-base,8949b909ec900327062f0ebf497f51aef5e6f0c8,1,1,1,1,1,1,1
434,https://www.unodc.org/cld/case-law-doc/traffickingpersonscrimetype/ukr/2012/case_no._1-280-11.html,Ukraine,73,84,answerdotai/ModernBERT-base,8949b909ec900327062f0ebf497f51aef5e6f0c8,1,1,1,1,1,1,1
435,https://www.unodc.org/cld/case-law-doc/traffickingpersonscrimetype/ind/2012/sageer_others_v._state_of_u.p._others.html,India,487,608,answerdotai/ModernBERT-base,8949b909ec900327062f0ebf497f51aef5e6f0c8,0,1,1,1,1,1,1
436,https://www.unodc.org/cld/case-law-doc/traffickingpersonscrimetype/bgr/2012/case_no._30672011.html,Bulgaria,124,160,answerdotai/ModernBERT-base,8949b909ec900327062f0ebf497f51aef5e6f0c8,1,1,1,1,1,1,1
437,https://www.unodc.org/cld/case-law-doc/traffickingpersonscrimetype/geo/2011/16449-11.html,Georgia,371,515,answerdotai/ModernBERT-base,8949b909ec900327062f0ebf497f51aef5e6f0c8,0,1,1,1,1,1,1
438,https://www.unodc.org/cld/case-law-doc/traffickingpersonscrimetype/geo/2011/16448-11.html,Georgia,202,274,answerdotai/ModernBERT-base,8949b909ec900327062f0ebf497f51aef5e6f0c8,1,1,1,1,1,1,1
440,https://www.unodc.org/cld/case-law-doc/traffickingpersonscrimetype/nld/2011/eclinlhr2011br0448_.html,Netherlands (Kingdom of the),541,629,answerdotai/ModernBERT-base,8949b909ec900327062f0ebf497f51aef5e6f0c8,0,1,1,1,1,1,1
442,https://www.unodc.org/cld/case-law-doc/traffickingpersonscrimetype/cze/2011/3_tdo_1052011.html,Czechia,60,78,answerdotai/ModernBERT-base,8949b909ec900327062f0ebf497f51aef5e6f0c8,1,1,1,1,1,1,1
444,https://www.unodc.org/cld/case-law-doc/traffickingpersonscrimetype/arg/2011/exp._n_13510.html,Argentina,408,564,answerdotai/ModernBERT-base,8949b909ec900327062f0ebf497f51aef5e6f0c8,0,1,1,1,1,1,1
445,https://www.unodc.org/cld/case-law-doc/traffickingpersonscrimetype/bra/2011/processo_n_0001389-24.2002.4.03.6113.html,Brazil,323,403,answerdotai/ModernBERT-base,8949b909ec900327062f0ebf497f51aef5e6f0c8,1,1,1,1,1,1,1
446,https://www.unodc.org/cld/case-law-doc/traffickingpersonscrimetype/fra/2011/ministere_public_c._martinez_et_autres_n_111185.html,France,140,174,answerdotai/ModernBERT-base,8949b909ec900327062f0ebf497f51aef5e6f0c8,1,1,1,1,1,1,1
447,https://www.unodc.org/cld/case-law-doc/traffickingpersonscrimetype/ukr/2011/case_no._1-1522-2027-11.html,Ukraine,77,92,answerdotai/ModernBERT-base,8949b909ec900327062f0ebf497f51aef5e6f0c8,1,1,1,1,1,1,1
448,https://www.unodc.org/cld/case-law-doc/traffickingpersonscrimetype/nld/2011/eclinlhr2011bp9394.html,Netherlands (Kingdom of the),397,508,answerdotai/ModernBERT-base,8949b909ec900327062f0ebf497f51aef5e6f0c8,1,1,1,1,1,1,1
449,https://www.unodc.org/cld/case-law-doc/traffickingpersonscrimetype/phl/2011/crim._case_no._q-10-167293.html,Philippines,515,716,answerdotai/ModernBERT-base,8949b909ec900327062f0ebf497f51aef5e6f0c8,0,1,1,1,1,1,1
450,https://www.unodc.org/cld/case-law-doc/traffickingpersonscrimetype/bra/2011/processo_n_0017108-17.2010.4.05.0000.html,Brazil,196,250,answerdotai/ModernBERT-base,8949b909ec900327062f0ebf497f51aef5e6f0c8,1,1,1,1,1,1,1
452,https://www.unodc.org/cld/case-law-doc/drugcrimetype/usa/2011/united_states_v._webster_case_no_08-30311.html,United States of America,511,626,answerdotai/ModernBERT-base,8949b909ec900327062f0ebf497f51aef5e6f0c8,0,1,1,1,1,1,1
453,https://www.unodc.org/cld/case-law-doc/traffickingpersonscrimetype/ukr/2011/case_no._1-148-11.html,Ukraine,62,74,answerdotai/ModernBERT-base,8949b909ec900327062f0ebf497f51aef5e6f0c8,1,1,1,1,1,1,1
454,https://www.unodc.org/cld/case-law-doc/traffickingpersonscrimetype/phl/2011/crim._case_no._cbu-86668.html,Philippines,1290,1683,answerdotai/ModernBERT-base,8949b909ec900327062f0ebf497f51aef5e6f0c8,0,0,0,1,1,1,1
456,https://www.unodc.org/cld/case-law-doc/traffickingpersonscrimetype/nor/2011/11-129361med-otir07.html,Norway,404,497,answerdotai/ModernBERT-base,8949b909ec900327062f0ebf497f51aef5e6f0c8,1,1,1,1,1,1,1
457,https://www.unodc.org/cld/case-law-doc/traffickingpersonscrimetype/phl/2011/crim._case_no._65_507-09.html,Philippines,215,266,answerdotai/ModernBERT-base,8949b909ec900327062f0ebf497f51aef5e6f0c8,1,1,1,1,1,1,1
460,https://www.unodc.org/cld/case-law-doc/traffickingpersonscrimetype/ukr/2011/case_no._1-50-11.html,Ukraine,105,120,answerdotai/ModernBERT-base,8949b909ec900327062f0ebf497f51aef5e6f0c8,1,1,1,1,1,1,1
461,https://www.unodc.org/cld/case-law-doc/criminalgroupcrimetype/aus/2011/ho_v_the_queen_leech_v_the_queen_2011_vsca_344_as_related_to_dpp_cth_v_ho_ho_2009_vsc_437.html,Australia,683,867,answerdotai/ModernBERT-base,8949b909ec900327062f0ebf497f51aef5e6f0c8,0,1,1,1,1,1,1
462,https://www.unodc.org/cld/case-law-doc/criminalgroupcrimetype/aus/2011/ho_v_the_queen_leech_v_the_queen_2011_vsca_344_as_related_to_dpp_cth_v_ho_leech_2009_vsc_495.html,Australia,753,1014,answerdotai/ModernBERT-base,8949b909ec900327062f0ebf497f51aef5e6f0c8,0,1,1,1,1,1,1
463,https://www.unodc.org/cld/case-law-doc/traffickingpersonscrimetype/usa/2011/united_states_v._booker_447_fed._appx._726_7th_cir._wis._2011.html,United States of America,89,118,answerdotai/ModernBERT-base,8949b909ec900327062f0ebf497f51aef5e6f0c8,1,1,1,1,1,1,1
465,https://www.unodc.org/cld/case-law-doc/traffickingpersonscrimetype/nic/2011/abaunza_and_zelaya.html,Nicaragua,190,241,answerdotai/ModernBERT-base,8949b909ec900327062f0ebf497f51aef5e6f0c8,1,1,1,1,1,1,1
466,https://www.unodc.org/cld/case-law-doc/traffickingpersonscrimetype/arg/2011/processo_2306.html,Argentina,98,123,answerdotai/ModernBERT-base,8949b909ec900327062f0ebf497f51aef5e6f0c8,1,1,1,1,1,1,1
468,https://www.unodc.org/cld/case-law-doc/traffickingpersonscrimetype/fin/2011/ko_r_111073.html,Finland,196,223,answerdotai/ModernBERT-base,8949b909ec900327062f0ebf497f51aef5e6f0c8,1,1,1,1,1,1,1
469,https://www.unodc.org/cld/case-law-doc/traffickingpersonscrimetype/swe/2011/case_no_b_1834-11.html,Sweden,199,245,answerdotai/ModernBERT-base,8949b909ec900327062f0ebf497f51aef5e6f0c8,1,1,1,1,1,1,1
471,https://www.unodc.org/cld/case-law-doc/traffickingpersonscrimetype/pol/2011/iv_kk_16211.html,Poland,1261,1552,answerdotai/ModernBERT-base,8949b909ec900327062f0ebf497f51aef5e6f0c8,0,0,0,1,1,1,1
472,https://www.unodc.org/cld/case-law-doc/traffickingpersonscrimetype/arg/2011/case_n_314810.html,Argentina,364,497,answerdotai/ModernBERT-base,8949b909ec900327062f0ebf497f51aef5e6f0c8,1,1,1,1,1,1,1
473,https://www.unodc.org/cld/case-law-doc/traffickingpersonscrimetype/tha/2011/no_or_nok_moen.html,Thailand,104,131,answerdotai/ModernBERT-base,8949b909ec900327062f0ebf497f51aef5e6f0c8,1,1,1,1,1,1,1
475,https://www.unodc.org/cld/case-law-doc/traffickingpersonscrimetype/bgr/2011/case_no._21582011.html,Bulgaria,102,138,answerdotai/ModernBERT-base,8949b909ec900327062f0ebf497f51aef5e6f0c8,1,1,1,1,1,1,1
476,https://www.unodc.org/cld/case-law-doc/traffickingpersonscrimetype/ukr/2011/case_no._11-1602-2011.html,Ukraine,93,105,answerdotai/ModernBERT-base,8949b909ec900327062f0ebf497f51aef5e6f0c8,1,1,1,1,1,1,1
477,https://www.unodc.org/cld/case-law-doc/traffickingpersonscrimetype/phl/2011/crim._case_no._q-06-142283.html,Philippines,178,261,answerdotai/ModernBERT-base,8949b909ec900327062f0ebf497f51aef5e6f0c8,1,1,1,1,1,1,1
478,https://www.unodc.org/cld/case-law-doc/traffickingpersonscrimetype/svk/2011/1_t_1942011_.html,Slovakia,281,390,answerdotai/ModernBERT-base,8949b909ec900327062f0ebf497f51aef5e6f0c8,1,1,1,1,1,1,1
479,https://www.unodc.org/cld/case-law-doc/traffickingpersonscrimetype/phl/2011/g.r._no._195419.html,Philippines,192,273,answerdotai/ModernBERT-base,8949b909ec900327062f0ebf497f51aef5e6f0c8,1,1,1,1,1,1,1
480,https://www.unodc.org/cld/case-law-doc/traffickingpersonscrimetype/arg/2011/causa_2422.html,Argentina,311,412,answerdotai/ModernBERT-base,8949b909ec900327062f0ebf497f51aef5e6f0c8,1,1,1,1,1,1,1
481,https://www.unodc.org/cld/case-law-doc/traffickingpersonscrimetype/ukr/2011/case_no._11-1686-11.html,Ukraine,50,60,answerdotai/ModernBERT-base,8949b909ec900327062f0ebf497f51aef5e6f0c8,1,1,1,1,1,1,1
482,https://www.unodc.org/cld/case-law-doc/traffickingpersonscrimetype/blr/2011/case_of_nikulinas_.html,Belarus,233,282,answerdotai/ModernBERT-base,8949b909ec900327062f0ebf497f51aef5e6f0c8,1,1,1,1,1,1,1
483,https://www.unodc.org/cld/case-law-doc/traffickingpersonscrimetype/arg/2011/sentencia_no._5511.html,Argentina,183,229,answerdotai/ModernBERT-base,8949b909ec900327062f0ebf497f51aef5e6f0c8,1,1,1,1,1,1,1
484,https://www.unodc.org/cld/case-law-doc/traffickingpersonscrimetype/arg/2011/causa_n_12.967.html,Argentina,462,590,answerdotai/ModernBERT-base,8949b909ec900327062f0ebf497f51aef5e6f0c8,0,1,1,1,1,1,1
485,https://www.unodc.org/cld/case-law-doc/traffickingpersonscrimetype/ind/2011/asha_tamang_v._state_of_west_bengal_.html,India,157,204,answerdotai/ModernBERT-base,8949b909ec900327062f0ebf497f51aef5e6f0c8,1,1,1,1,1,1,1
486,https://www.unodc.org/cld/case-law-doc/traffickingpersonscrimetype/ukr/2011/case_no._1-209-11.html,Ukraine,87,104,answerdotai/ModernBERT-base,8949b909ec900327062f0ebf497f51aef5e6f0c8,1,1,1,1,1,1,1
487,https://www.unodc.org/cld/case-law-doc/traffickingpersonscrimetype/arg/2011/causa_no._392-c-2011.html,Argentina,692,884,answerdotai/ModernBERT-base,8949b909ec900327062f0ebf497f51aef5e6f0c8,0,1,1,1,1,1,1
488,https://www.unodc.org/cld/case-law-doc/traffickingpersonscrimetype/arg/2011/causa_n1264_-_10.html,Argentina,359,476,answerdotai/ModernBERT-base,8949b909ec900327062f0ebf497f51aef5e6f0c8,1,1,1,1,1,1,1
489,https://www.unodc.org/cld/case-law-doc/traffickingpersonscrimetype/usa/2011/united_states_v._medrano.html,United States of America,331,439,answerdotai/ModernBERT-base,8949b909ec900327062f0ebf497f51aef5e6f0c8,1,1,1,1,1,1,1
490,https://www.unodc.org/cld/case-law-doc/traffickingpersonscrimetype/aut/2011/14os9311z.html,Austria,77,97,answerdotai/ModernBERT-base,8949b909ec900327062f0ebf497f51aef5e6f0c8,1,1,1,1,1,1,1
491,https://www.unodc.org/cld/case-law-doc/traffickingpersonscrimetype/bra/2011/processo_n_0004205-40.2011.404.0000.html,Brazil,245,317,answerdotai/ModernBERT-base,8949b909ec900327062f0ebf497f51aef5e6f0c8,1,1,1,1,1,1,1
492,https://www.unodc.org/cld/case-law-doc/traffickingpersonscrimetype/ind/2011/s._b._versus_s._i._of_police_pallickal_police_station_and_another.html,India,626,764,answerdotai/ModernBERT-base,8949b909ec900327062f0ebf497f51aef5e6f0c8,0,1,1,1,1,1,1
493,https://www.unodc.org/cld/case-law-doc/traffickingpersonscrimetype/mhl/2011/republic_of_the_marshall_islands_v._chen_xiaojiao_aka_mary_chen_.html,Marshall Islands,93,123,answerdotai/ModernBERT-base,8949b909ec900327062f0ebf497f51aef5e6f0c8,1,1,1,1,1,1,1
494,https://www.unodc.org/cld/case-law-doc/traffickingpersonscrimetype/arg/2011/causa_n_2537.html,Argentina,186,234,answerdotai/ModernBERT-base,8949b909ec900327062f0ebf497f51aef5e6f0c8,1,1,1,1,1,1,1
495,https://www.unodc.org/cld/case-law-doc/traffickingpersonscrimetype/arg/2011/causa_n_20441_.html,Argentina,173,232,answerdotai/ModernBERT-base,8949b909ec900327062f0ebf497f51aef5e6f0c8,1,1,1,1,1,1,1
496,https://www.unodc.org/cld/case-law-doc/traffickingpersonscrimetype/nic/2011/martinez_and_baez.html,Nicaragua,203,254,answerdotai/ModernBERT-base,8949b909ec900327062f0ebf497f51aef5e6f0c8,1,1,1,1,1,1,1
497,https://www.unodc.org/cld/case-law-doc/traffickingpersonscrimetype/phl/2011/crim._case_no._06-28757.html,Philippines,616,865,answerdotai/ModernBERT-base,8949b909ec900327062f0ebf497f51aef5e6f0c8,0,1,1,1,1,1,1
498,https://www.unodc.org/cld/case-law-doc/traffickingpersonscrimetype/usa/2011/united_states_v._edk_kenit.html,United States of America,174,213,answerdotai/ModernBERT-base,8949b909ec900327062f0ebf497f51aef5e6f0c8,1,1,1,1,1,1,1
499,https://www.unodc.org/cld/case-law-doc/traffickingpersonscrimetype/prt/2011/processo_17409_.html,Portugal,166,200,answerdotai/ModernBERT-base,8949b909ec900327062f0ebf497f51aef5e6f0c8,1,1,1,1,1,1,1
500,https://www.unodc.org/cld/case-law-doc/traffickingpersonscrimetype/usa/2011/united_states_v._dann.html,United States of America,248,325,answerdotai/ModernBERT-base,8949b909ec900327062f0ebf497f51aef5e6f0c8,1,1,1,1,1,1,1
502,https://www.unodc.org/cld/case-law-doc/criminalgroupcrimetype/bra/2011/acr_201050010005676es.html,Brazil,84,126,answerdotai/ModernBERT-base,8949b909ec900327062f0ebf497f51aef5e6f0c8,1,1,1,1,1,1,1
503,https://www.unodc.org/cld/case-law-doc/criminalgroupcrimetype/bra/2011/acr_200850010007540es.html,Brazil,109,138,answerdotai/ModernBERT-base,8949b909ec900327062f0ebf497f51aef5e6f0c8,1,1,1,1,1,1,1
504,https://www.unodc.org/cld/case-law-doc/traffickingpersonscrimetype/ukr/2011/case_no._1-171-2011.html,Ukraine,82,94,answerdotai/ModernBERT-base,8949b909ec900327062f0ebf497f51aef5e6f0c8,1,1,1,1,1,1,1
505,https://www.unodc.org/cld/case-law-doc/traffickingpersonscrimetype/kaz/2011/kassymgaliyev_et_al_.html,Kazakhstan,92,156,answerdotai/ModernBERT-base,8949b909ec900327062f0ebf497f51aef5e6f0c8,1,1,1,1,1,1,1
506,https://www.unodc.org/cld/case-law-doc/traffickingpersonscrimetype/gbr/2011/r._v_s.k._2011_ewca_crim_1691.html,United Kingdom of Great Britain and Northern Ireland,348,428,answerdotai/ModernBERT-base,8949b909ec900327062f0ebf497f51aef5e6f0c8,1,1,1,1,1,1,1
507,https://www.unodc.org/cld/case-law-doc/traffickingpersonscrimetype/usa/2011/united_states_v_robinson_.html,United States of America,106,137,answerdotai/ModernBERT-base,8949b909ec900327062f0ebf497f51aef5e6f0c8,1,1,1,1,1,1,1
508,https://www.unodc.org/cld/case-law-doc/traffickingpersonscrimetype/fin/2011/ko_r_117955.html,Finland,147,172,answerdotai/ModernBERT-base,8949b909ec900327062f0ebf497f51aef5e6f0c8,1,1,1,1,1,1,1
509,https://www.unodc.org/cld/case-law-doc/traffickingpersonscrimetype/arg/2011/case_n_2338.html,Argentina,294,392,answerdotai/ModernBERT-base,8949b909ec900327062f0ebf497f51aef5e6f0c8,1,1,1,1,1,1,1
510,https://www.unodc.org/cld/case-law-doc/traffickingpersonscrimetype/usa/2011/united_states_v._robert_c._daniels_.html,United States of America,131,168,answerdotai/ModernBERT-base,8949b909ec900327062f0ebf497f51aef5e6f0c8,1,1,1,1,1,1,1
511,https://www.unodc.org/cld/case-law-doc/traffickingpersonscrimetype/swe/2011/case_no_b_4140-11.html,Sweden,301,360,answerdotai/ModernBERT-base,8949b909ec900327062f0ebf497f51aef5e6f0c8,1,1,1,1,1,1,1
512,https://www.unodc.org/cld/case-law-doc/traffickingpersonscrimetype/arg/2011/causa_n_2359.html,Argentina,504,669,answerdotai/ModernBERT-base,8949b909ec900327062f0ebf497f51aef5e6f0c8,0,1,1,1,1,1,1
513,https://www.unodc.org/cld/case-law-doc/criminalgroupcrimetype/bra/2011/processo_n_2004.81.00.018889-0.html,Brazil,205,275,answerdotai/ModernBERT-base,8949b909ec900327062f0ebf497f51aef5e6f0c8,1,1,1,1,1,1,1
514,https://www.unodc.org/cld/case-law-doc/traffickingpersonscrimetype/phl/2011/crim._case_no._22969.html,Philippines,1671,2121,answerdotai/ModernBERT-base,8949b909ec900327062f0ebf497f51aef5e6f0c8,0,0,0,0,1,1,1
515,https://www.unodc.org/cld/case-law-doc/traffickingpersonscrimetype/nic/2011/molina_and_fitona.html,Nicaragua,248,342,answerdotai/ModernBERT-base,8949b909ec900327062f0ebf497f51aef5e6f0c8,1,1,1,1,1,1,1
516,https://www.unodc.org/cld/case-law-doc/traffickingpersonscrimetype/arg/2011/causa_n_13.607.html,Argentina,424,571,answerdotai/ModernBERT-base,8949b909ec900327062f0ebf497f51aef5e6f0c8,0,1,1,1,1,1,1
517,https://www.unodc.org/cld/case-law-doc/traffickingpersonscrimetype/phl/2011/crim._case_no._135682.html,Philippines,981,1354,answerdotai/ModernBERT-base,8949b909ec900327062f0ebf497f51aef5e6f0c8,0,0,1,1,1,1,1
518,https://www.unodc.org/cld/case-law-doc/traffickingpersonscrimetype/usa/2011/united_states_v._jaron_brice.html,United States of America,35,41,answerdotai/ModernBERT-base,8949b909ec900327062f0ebf497f51aef5e6f0c8,1,1,1,1,1,1,1
519,https://www.unodc.org/cld/case-law-doc/traffickingpersonscrimetype/mda/2011/dosar_nr._1ra_5032011.html,Republic of Moldova,63,77,answerdotai/ModernBERT-base,8949b909ec900327062f0ebf497f51aef5e6f0c8,1,1,1,1,1,1,1
520,https://www.unodc.org/cld/case-law-doc/traffickingpersonscrimetype/nic/2011/m.j.m.m._and_somarriba.html,Nicaragua,196,257,answerdotai/ModernBERT-base,8949b909ec900327062f0ebf497f51aef5e6f0c8,1,1,1,1,1,1,1
522,https://www.unodc.org/cld/case-law-doc/traffickingpersonscrimetype/mkd/2011/conviction_kok.br.5210.html,North Macedonia,127,154,answerdotai/ModernBERT-base,8949b909ec900327062f0ebf497f51aef5e6f0c8,1,1,1,1,1,1,1
523,https://www.unodc.org/cld/case-law-doc/traffickingpersonscrimetype/ukr/2011/case_no._1-409-2011.html,Ukraine,45,54,answerdotai/ModernBERT-base,8949b909ec900327062f0ebf497f51aef5e6f0c8,1,1,1,1,1,1,1
524,https://www.unodc.org/cld/case-law-doc/traffickingpersonscrimetype/cze/2011/2_tm_12011.html,Czechia,57,76,answerdotai/ModernBERT-base,8949b909ec900327062f0ebf497f51aef5e6f0c8,1,1,1,1,1,1,1
525,https://www.unodc.org/cld/case-law-doc/traffickingpersonscrimetype/ita/2011/cass._pen._sez._v_n._2775.html,Italy,99,116,answerdotai/ModernBERT-base,8949b909ec900327062f0ebf497f51aef5e6f0c8,1,1,1,1,1,1,1
526,https://www.unodc.org/cld/case-law-doc/traffickingpersonscrimetype/mda/2011/dosar_nr_1ra_-_4952011.html,Republic of Moldova,65,89,answerdotai/ModernBERT-base,8949b909ec900327062f0ebf497f51aef5e6f0c8,1,1,1,1,1,1,1
527,https://www.unodc.org/cld/case-law-doc/criminalgroupcrimetype/bra/2011/processo_n_2007.61.81.001663-8.html,Brazil,38,49,answerdotai/ModernBERT-base,8949b909ec900327062f0ebf497f51aef5e6f0c8,1,1,1,1,1,1,1
528,https://www.unodc.org/cld/case-law-doc/traffickingpersonscrimetype/mda/2011/_dosar_nr_4_-1re_-_1902011.html,Republic of Moldova,79,97,answerdotai/ModernBERT-base,8949b909ec900327062f0ebf497f51aef5e6f0c8,1,1,1,1,1,1,1
529,https://www.unodc.org/cld/case-law-doc/illicitfirearmscrimetype/swe/2011/case_no_b_5971-10.html,Sweden,438,531,answerdotai/ModernBERT-base,8949b909ec900327062f0ebf497f51aef5e6f0c8,0,1,1,1,1,1,1
531,https://www.unodc.org/cld/case-law-doc/traffickingpersonscrimetype/ukr/2011/case_no._1-48-2011.html,Ukraine,106,132,answerdotai/ModernBERT-base,8949b909ec900327062f0ebf497f51aef5e6f0c8,1,1,1,1,1,1,1
533,https://www.unodc.org/cld/case-law-doc/traffickingpersonscrimetype/rus/2011/case_no._48-_o11-49.html,Russian Federation,65,79,answerdotai/ModernBERT-base,8949b909ec900327062f0ebf497f51aef5e6f0c8,1,1,1,1,1,1,1
534,https://www.unodc.org/cld/case-law-doc/traffickingpersonscrimetype/gbr/2011/o.o.o._and_others_v_commissioner_of_police_for_the_metropolis.html,United Kingdom of Great Britain and Northern Ireland,665,799,answerdotai/ModernBERT-base,8949b909ec900327062f0ebf497f51aef5e6f0c8,0,1,1,1,1,1,1
535,https://www.unodc.org/cld/case-law-doc/traffickingpersonscrimetype/ukr/2011/case_no._1-124-11.html,Ukraine,83,96,answerdotai/ModernBERT-base,8949b909ec900327062f0ebf497f51aef5e6f0c8,1,1,1,1,1,1,1
536,https://www.unodc.org/cld/case-law-doc/traffickingpersonscrimetype/arg/2011/sentence_n_1199.html,Argentina,250,325,answerdotai/ModernBERT-base,8949b909ec900327062f0ebf497f51aef5e6f0c8,1,1,1,1,1,1,1
537,https://www.unodc.org/cld/case-law-doc/traffickingpersonscrimetype/arg/2011/causa_n3238-a.html,Argentina,357,463,answerdotai/ModernBERT-base,8949b909ec900327062f0ebf497f51aef5e6f0c8,1,1,1,1,1,1,1
538,https://www.unodc.org/cld/case-law-doc/illicitfirearmscrimetype/arg/2011/causa_n_2977_10.html,Argentina,248,325,answerdotai/ModernBERT-base,8949b909ec900327062f0ebf497f51aef5e6f0c8,1,1,1,1,1,1,1
540,https://www.unodc.org/cld/case-law-doc/traffickingpersonscrimetype/arg/2011/causa_n62-09.html,Argentina,144,184,answerdotai/ModernBERT-base,8949b909ec900327062f0ebf497f51aef5e6f0c8,1,1,1,1,1,1,1
541,https://www.unodc.org/cld/case-law-doc/traffickingpersonscrimetype/bra/2011/processo_n_0008963-79.2002.4.05.8300.html,Brazil,233,284,answerdotai/ModernBERT-base,8949b909ec900327062f0ebf497f51aef5e6f0c8,1,1,1,1,1,1,1
542,https://www.unodc.org/cld/case-law-doc/traffickingpersonscrimetype/ukr/2011/case_no._1-26-2011.html,Ukraine,403,480,answerdotai/ModernBERT-base,8949b909ec900327062f0ebf497f51aef5e6f0c8,1,1,1,1,1,1,1
544,https://www.unodc.org/cld/case-law-doc/traffickingpersonscrimetype/usa/2011/docket_number_-_110cr583_2011.html,United States of America,222,275,answerdotai/ModernBERT-base,8949b909ec900327062f0ebf497f51aef5e6f0c8,1,1,1,1,1,1,1
546,https://www.unodc.org/cld/case-law-doc/traffickingpersonscrimetype/swe/2011/case_no_b_87-11.html,Sweden,237,293,answerdotai/ModernBERT-base,8949b909ec900327062f0ebf497f51aef5e6f0c8,1,1,1,1,1,1,1
547,https://www.unodc.org/cld/case-law-doc/traffickingpersonscrimetype/mda/2011/dosar_nr_1ra_-_1442011.html,Republic of Moldova,201,264,answerdotai/ModernBERT-base,8949b909ec900327062f0ebf497f51aef5e6f0c8,1,1,1,1,1,1,1
548,https://www.unodc.org/cld/case-law-doc/traffickingpersonscrimetype/mda/2011/dosar_nr_1ra_-_3092011.html,Republic of Moldova,79,116,answerdotai/ModernBERT-base,8949b909ec900327062f0ebf497f51aef5e6f0c8,1,1,1,1,1,1,1
550,https://www.unodc.org/cld/case-law-doc/traffickingpersonscrimetype/phl/2011/crim._case_no._2009-337.html,Philippines,178,222,answerdotai/ModernBERT-base,8949b909ec900327062f0ebf497f51aef5e6f0c8,1,1,1,1,1,1,1
551,https://www.unodc.org/cld/case-law-doc/traffickingpersonscrimetype/mex/2011/penalcriminal_case_no._1752010_.html,Mexico,664,816,answerdotai/ModernBERT-base,8949b909ec900327062f0ebf497f51aef5e6f0c8,0,1,1,1,1,1,1
552,https://www.unodc.org/cld/case-law-doc/traffickingpersonscrimetype/arg/2011/sentencia_no_1711.html,Argentina,251,329,answerdotai/ModernBERT-base,8949b909ec900327062f0ebf497f51aef5e6f0c8,1,1,1,1,1,1,1
554,https://www.unodc.org/cld/case-law-doc/traffickingpersonscrimetype/cze/2011/4_t_52010.html,Czechia,110,144,answerdotai/ModernBERT-base,8949b909ec900327062f0ebf497f51aef5e6f0c8,1,1,1,1,1,1,1
555,https://www.unodc.org/cld/case-law-doc/traffickingpersonscrimetype/ton/2011/lirong.html,Tonga,430,536,answerdotai/ModernBERT-base,8949b909ec900327062f0ebf497f51aef5e6f0c8,0,1,1,1,1,1,1
557,https://www.unodc.org/cld/case-law-doc/traffickingpersonscrimetype/ukr/2011/case_no._1-70-11.html,Ukraine,149,175,answerdotai/ModernBERT-base,8949b909ec900327062f0ebf497f51aef5e6f0c8,1,1,1,1,1,1,1
558,https://www.unodc.org/cld/case-law-doc/traffickingpersonscrimetype/ind/2011/bachpan_bachao_andolan_v._union_of_india_uoi_and_ors_.html,India,444,544,answerdotai/ModernBERT-base,8949b909ec900327062f0ebf497f51aef5e6f0c8,0,1,1,1,1,1,1
559,https://www.unodc.org/cld/case-law-doc/traffickingpersonscrimetype/pol/2011/iv_kk_5211.html,Poland,627,830,answerdotai/ModernBERT-base,8949b909ec900327062f0ebf497f51aef5e6f0c8,0,1,1,1,1,1,1
560,https://www.unodc.org/cld/case-law-doc/traffickingpersonscrimetype/tur/2011/case_no._2011_1242.html,Türkiye,70,86,answerdotai/ModernBERT-base,8949b909ec900327062f0ebf497f51aef5e6f0c8,1,1,1,1,1,1,1
561,https://www.unodc.org/cld/case-law-doc/traffickingpersonscrimetype/srb/2011/case_no._k.113810.html,Serbia,827,1082,answerdotai/ModernBERT-base,8949b909ec900327062f0ebf497f51aef5e6f0c8,0,0,1,1,1,1,1
562,https://www.unodc.org/cld/case-law-doc/traffickingpersonscrimetype/nic/2011/mendoza.html,Nicaragua,201,247,answerdotai/ModernBERT-base,8949b909ec900327062f0ebf497f51aef5e6f0c8,1,1,1,1,1,1,1
563,https://www.unodc.org/cld/case-law-doc/traffickingpersonscrimetype/mda/2011/dosar_nr_4-1re_-_502011.html,Republic of Moldova,141,191,answerdotai/ModernBERT-base,8949b909ec900327062f0ebf497f51aef5e6f0c8,1,1,1,1,1,1,1
564,https://www.unodc.org/cld/case-law-doc/traffickingpersonscrimetype/usa/2011/v.z._v._wal-mart_stores.html,United States of America,200,249,answerdotai/ModernBERT-base,8949b909ec900327062f0ebf497f51aef5e6f0c8,1,1,1,1,1,1,1
565,https://www.unodc.org/cld/case-law-doc/traffickingpersonscrimetype/arg/2011/brunelli_et_al.html,Argentina,96,116,answerdotai/ModernBERT-base,8949b909ec900327062f0ebf497f51aef5e6f0c8,1,1,1,1,1,1,1
567,https://www.unodc.org/cld/case-law-doc/traffickingpersonscrimetype/phl/2011/case_no.142972.html,Philippines,180,215,answerdotai/ModernBERT-base,8949b909ec900327062f0ebf497f51aef5e6f0c8,1,1,1,1,1,1,1
568,https://www.unodc.org/cld/case-law-doc/traffickingpersonscrimetype/srb/2011/6_k_310_.html,Serbia,172,196,answerdotai/ModernBERT-base,8949b909ec900327062f0ebf497f51aef5e6f0c8,1,1,1,1,1,1,1
569,https://www.unodc.org/cld/case-law-doc/traffickingpersonscrimetype/lka/2011/republic_of_sri_lanka_v._t.t._banu_and_others.html,Sri Lanka,394,460,answerdotai/ModernBERT-base,8949b909ec900327062f0ebf497f51aef5e6f0c8,1,1,1,1,1,1,1
570,https://www.unodc.org/cld/case-law-doc/traffickingpersonscrimetype/geo/2011/166-11.html,Georgia,331,457,answerdotai/ModernBERT-base,8949b909ec900327062f0ebf497f51aef5e6f0c8,1,1,1,1,1,1,1
571,https://www.unodc.org/cld/case-law-doc/traffickingpersonscrimetype/usa/2011/docket_number_-_no._08-cv-2970_adswdw_2011.html,United States of America,502,734,answerdotai/ModernBERT-base,8949b909ec900327062f0ebf497f51aef5e6f0c8,0,1,1,1,1,1,1
572,https://www.unodc.org/cld/case-law-doc/traffickingpersonscrimetype/blr/2011/case_of_hug.html,Belarus,155,184,answerdotai/ModernBERT-base,8949b909ec900327062f0ebf497f51aef5e6f0c8,1,1,1,1,1,1,1
573,https://www.unodc.org/cld/case-law-doc/traffickingpersonscrimetype/esp/2011/jose_and_florencia.html,Spain,353,449,answerdotai/ModernBERT-base,8949b909ec900327062f0ebf497f51aef5e6f0c8,1,1,1,1,1,1,1
574,https://www.unodc.org/cld/case-law-doc/traffickingpersonscrimetype/nic/2011/lovo.html,Nicaragua,156,188,answerdotai/ModernBERT-base,8949b909ec900327062f0ebf497f51aef5e6f0c8,1,1,1,1,1,1,1
576,https://www.unodc.org/cld/case-law-doc/traffickingpersonscrimetype/cze/2011/2_t_132009.html,Czechia,99,148,answerdotai/ModernBERT-base,8949b909ec900327062f0ebf497f51aef5e6f0c8,1,1,1,1,1,1,1
577,https://www.unodc.org/cld/case-law-doc/traffickingpersonscrimetype/ukr/2011/case_no._1-689.html,Ukraine,40,46,answerdotai/ModernBERT-base,8949b909ec900327062f0ebf497f51aef5e6f0c8,1,1,1,1,1,1,1
578,https://www.unodc.org/cld/case-law-doc/criminalgroupcrimetype/bra/2011/acr_200151015291597rj.html,Brazil,202,315,answerdotai/ModernBERT-base,8949b909ec900327062f0ebf497f51aef5e6f0c8,1,1,1,1,1,1,1
579,https://www.unodc.org/cld/case-law-doc/traffickingpersonscrimetype/ind/2011/p._v._state_of_kerala.html,India,515,612,answerdotai/ModernBERT-base,8949b909ec900327062f0ebf497f51aef5e6f0c8,0,1,1,1,1,1,1
581,https://www.unodc.org/cld/case-law-doc/traffickingpersonscrimetype/bgr/2011/case_no._10582011.html,Bulgaria,105,132,answerdotai/ModernBERT-base,8949b909ec900327062f0ebf497f51aef5e6f0c8,1,1,1,1,1,1,1
582,https://www.unodc.org/cld/case-law-doc/traffickingpersonscrimetype/srb/2011/k.br._410_.html,Serbia,214,238,answerdotai/ModernBERT-base,8949b909ec900327062f0ebf497f51aef5e6f0c8,1,1,1,1,1,1,1
583,https://www.unodc.org/cld/case-law-doc/traffickingpersonscrimetype/phl/2011/crim._case_no._06-245824.html,Philippines,474,673,answerdotai/ModernBERT-base,8949b909ec900327062f0ebf497f51aef5e6f0c8,0,1,1,1,1,1,1
584,https://www.unodc.org/cld/case-law-doc/traffickingpersonscrimetype/bel/2011/first_instance_court_of_brussels_09-03-2011.html,Belgium,284,346,answerdotai/ModernBERT-base,8949b909ec900327062f0ebf497f51aef5e6f0c8,1,1,1,1,1,1,1
585,https://www.unodc.org/cld/case-law-doc/traffickingpersonscrimetype/phl/2011/people_of_philippines_vs._nelia_ogalesco_y_torio.html,Philippines,600,856,answerdotai/ModernBERT-base,8949b909ec900327062f0ebf497f51aef5e6f0c8,0,1,1,1,1,1,1
586,https://www.unodc.org/cld/case-law-doc/criminalgroupcrimetype/srb/2011/k_2410_.html,Serbia,471,551,answerdotai/ModernBERT-base,8949b909ec900327062f0ebf497f51aef5e6f0c8,0,1,1,1,1,1,1
588,https://www.unodc.org/cld/case-law-doc/criminalgroupcrimetype/bra/2011/processo_n_0011221-27.2009.4.03.6181.html,Brazil,186,253,answerdotai/ModernBERT-base,8949b909ec900327062f0ebf497f51aef5e6f0c8,1,1,1,1,1,1,1
589,https://www.unodc.org/cld/case-law-doc/traffickingpersonscrimetype/bgr/2011/case_no._7022010.html,Bulgaria,40,61,answerdotai/ModernBERT-base,8949b909ec900327062f0ebf497f51aef5e6f0c8,1,1,1,1,1,1,1
591,https://www.unodc.org/cld/case-law-doc/traffickingpersonscrimetype/egy/2011/case_no._16852010.html,Egypt,375,440,answerdotai/ModernBERT-base,8949b909ec900327062f0ebf497f51aef5e6f0c8,1,1,1,1,1,1,1
594,https://www.unodc.org/cld/case-law-doc/traffickingpersonscrimetype/phl/2011/arlene_ramos_v._a.t.w..html,Philippines,190,272,answerdotai/ModernBERT-base,8949b909ec900327062f0ebf497f51aef5e6f0c8,1,1,1,1,1,1,1
595,https://www.unodc.org/cld/case-law-doc/traffickingpersonscrimetype/phl/2011/crim._case_no._21895_.html,Philippines,912,1120,answerdotai/ModernBERT-base,8949b909ec900327062f0ebf497f51aef5e6f0c8,0,0,1,1,1,1,1
596,https://www.unodc.org/cld/case-law-doc/traffickingpersonscrimetype/omn/2011/143121_.html,Oman,130,156,answerdotai/ModernBERT-base,8949b909ec900327062f0ebf497f51aef5e6f0c8,1,1,1,1,1,1,1
597,https://www.unodc.org/cld/case-law-doc/traffickingpersonscrimetype/bel/2011/correctional_tribunal_of_brussels_02-02-2011.html,Belgium,108,159,answerdotai/ModernBERT-base,8949b909ec900327062f0ebf497f51aef5e6f0c8,1,1,1,1,1,1,1
598,https://www.unodc.org/cld/case-law-doc/traffickingpersonscrimetype/usa/2011/united_states_v._francisco_cortes-meza_and_juan_cortes-meza.html,United States of America,150,180,answerdotai/ModernBERT-base,8949b909ec900327062f0ebf497f51aef5e6f0c8,1,1,1,1,1,1,1
599,https://www.unodc.org/cld/case-law-doc/criminalgroupcrimetype/cze/2011/7_t_42010.html,Czechia,125,151,answerdotai/ModernBERT-base,8949b909ec900327062f0ebf497f51aef5e6f0c8,1,1,1,1,1,1,1
601,https://www.unodc.org/cld/case-law-doc/criminalgroupcrimetype/can/2011/domotor_et_al.html,Canada,271,315,answerdotai/ModernBERT-base,8949b909ec900327062f0ebf497f51aef5e6f0c8,1,1,1,1,1,1,1
602,https://www.unodc.org/cld/case-law-doc/traffickingpersonscrimetype/phl/2011/crim._case_no._137476.html,Philippines,103,130,answerdotai/ModernBERT-base,8949b909ec900327062f0ebf497f51aef5e6f0c8,1,1,1,1,1,1,1
603,https://www.unodc.org/cld/case-law-doc/traffickingpersonscrimetype/cze/2011/17_t_272009.html,Czechia,75,110,answerdotai/ModernBERT-base,8949b909ec900327062f0ebf497f51aef5e6f0c8,1,1,1,1,1,1,1
604,https://www.unodc.org/cld/case-law-doc/traffickingpersonscrimetype/ind/2011/shiva_ent_udyog_v._national_human_rights_commission_and_ors.html,India,465,591,answerdotai/ModernBERT-base,8949b909ec900327062f0ebf497f51aef5e6f0c8,0,1,1,1,1,1,1
605,https://www.unodc.org/cld/case-law-doc/traffickingpersonscrimetype/nor/2011/lg-2010-111760_-_lg-2010-_119397_-_rg-2011-65.html,Norway,257,308,answerdotai/ModernBERT-base,8949b909ec900327062f0ebf497f51aef5e6f0c8,1,1,1,1,1,1,1
606,https://www.unodc.org/cld/case-law-doc/traffickingpersonscrimetype/swe/2011/case_no_b_9636-10.html,Sweden,72,87,answerdotai/ModernBERT-base,8949b909ec900327062f0ebf497f51aef5e6f0c8,1,1,1,1,1,1,1
607,https://www.unodc.org/cld/case-law-doc/traffickingpersonscrimetype/ind/2011/naseem_bano_v._state_of_nct_of_delhi.html,India,121,143,answerdotai/ModernBERT-base,8949b909ec900327062f0ebf497f51aef5e6f0c8,1,1,1,1,1,1,1
608,https://www.unodc.org/cld/case-law-doc/traffickingpersonscrimetype/gbr/2011/po_nigeria_and_secretary_of_state_for_the_home_department_2011_ewca_civ_132.html,United Kingdom of Great Britain and Northern Ireland,281,333,answerdotai/ModernBERT-base,8949b909ec900327062f0ebf497f51aef5e6f0c8,1,1,1,1,1,1,1
609,https://www.unodc.org/cld/case-law-doc/traffickingpersonscrimetype/bel/2011/court_of_appeal_of_brussels_12-01-2011.html,Belgium,65,74,answerdotai/ModernBERT-base,8949b909ec900327062f0ebf497f51aef5e6f0c8,1,1,1,1,1,1,1
610,https://www.unodc.org/cld/case-law-doc/traffickingpersonscrimetype/phl/2011/crim._case_no._134985.html,Philippines,740,918,answerdotai/ModernBERT-base,8949b909ec900327062f0ebf497f51aef5e6f0c8,0,1,1,1,1,1,1
612,https://www.unodc.org/cld/case-law-doc/traffickingpersonscrimetype/phl/2011/crim._case_no._cbu-81474.html,Philippines,731,922,answerdotai/ModernBERT-base,8949b909ec900327062f0ebf497f51aef5e6f0c8,0,1,1,1,1,1,1
613,https://www.unodc.org/cld/case-law-doc/traffickingpersonscrimetype/jpn/2011/21992tokyo_high_court_2009_u_no._992.html,Japan,92,120,answerdotai/ModernBERT-base,8949b909ec900327062f0ebf497f51aef5e6f0c8,1,1,1,1,1,1,1
614,https://www.unodc.org/cld/case-law-doc/traffickingpersonscrimetype/cze/2011/48_t_32010.html,Czechia,104,140,answerdotai/ModernBERT-base,8949b909ec900327062f0ebf497f51aef5e6f0c8,1,1,1,1,1,1,1
615,https://www.unodc.org/cld/case-law-doc/traffickingpersonscrimetype/usa/2011/united_states_v._steven_c._albers.html,United States of America,84,97,answerdotai/ModernBERT-base,8949b909ec900327062f0ebf497f51aef5e6f0c8,1,1,1,1,1,1,1
616,https://www.unodc.org/cld/case-law-doc/traffickingpersonscrimetype/dnk/2011/frederiksberg_city_court_judgement_january_4_2011.html,Denmark,495,593,answerdotai/ModernBERT-base,8949b909ec900327062f0ebf497f51aef5e6f0c8,0,1,1,1,1,1,1
617,https://www.unodc.org/cld/case-law-doc/traffickingpersonscrimetype/phl/2010/crim._case_no._364.html,Philippines,682,871,answerdotai/ModernBERT-base,8949b909ec900327062f0ebf497f51aef5e6f0c8,0,1,1,1,1,1,1
618,https://www.unodc.org/cld/case-law-doc/traffickingpersonscrimetype/ind/2010/bachpan_bachao_and_ors._v._union_of_india_uoi_and_ors.html,India,540,696,answerdotai/ModernBERT-base,8949b909ec900327062f0ebf497f51aef5e6f0c8,0,1,1,1,1,1,1
619,https://www.unodc.org/cld/case-law-doc/traffickingpersonscrimetype/dnk/2010/copenhagen_city_court_judgement_december_22_2010_.html,Denmark,657,806,answerdotai/ModernBERT-base,8949b909ec900327062f0ebf497f51aef5e6f0c8,0,1,1,1,1,1,1
620,https://www.unodc.org/cld/case-law-doc/traffickingpersonscrimetype/mda/2010/dosar_nr_1ra_-_10602010.html,Republic of Moldova,139,181,answerdotai/ModernBERT-base,8949b909ec900327062f0ebf497f51aef5e6f0c8,1,1,1,1,1,1,1
621,https://www.unodc.org/cld/case-law-doc/traffickingpersonscrimetype/svk/2010/6_to_262009_.html,Slovakia,297,400,answerdotai/ModernBERT-base,8949b909ec900327062f0ebf497f51aef5e6f0c8,1,1,1,1,1,1,1
622,https://www.unodc.org/cld/case-law-doc/traffickingpersonscrimetype/srb/2010/k_i_550510.html,Serbia,168,185,answerdotai/ModernBERT-base,8949b909ec900327062f0ebf497f51aef5e6f0c8,1,1,1,1,1,1,1
623,https://www.unodc.org/cld/case-law-doc/traffickingpersonscrimetype/tha/2010/monk_apiwat_sirisaen_prasert_promjanta_and_monk_panyawuth_yosamuangjai_.html,Thailand,159,196,answerdotai/ModernBERT-base,8949b909ec900327062f0ebf497f51aef5e6f0c8,1,1,1,1,1,1,1
624,https://www.unodc.org/cld/case-law-doc/traffickingpersonscrimetype/bel/2010/correctional_tribunal_of_charleroi_10-12-2010.html,Belgium,87,105,answerdotai/ModernBERT-base,8949b909ec900327062f0ebf497f51aef5e6f0c8,1,1,1,1,1,1,1
625,https://www.unodc.org/cld/case-law-doc/traffickingpersonscrimetype/moz/2010/muiambo_and_mahvahve.html,Mozambique,58,97,answerdotai/ModernBERT-base,8949b909ec900327062f0ebf497f51aef5e6f0c8,1,1,1,1,1,1,1
627,https://www.unodc.org/cld/case-law-doc/traffickingpersonscrimetype/tha/2010/ranya_boonmee_kaew_kongmuang_and_manus_boonmee.html,Thailand,110,138,answerdotai/ModernBERT-base,8949b909ec900327062f0ebf497f51aef5e6f0c8,1,1,1,1,1,1,1
630,https://www.unodc.org/cld/case-law-doc/traffickingpersonscrimetype/fin/2010/vantaan_karajaoikeus_r_101841_.html,Finland,190,234,answerdotai/ModernBERT-base,8949b909ec900327062f0ebf497f51aef5e6f0c8,1,1,1,1,1,1,1
631,https://www.unodc.org/cld/case-law-doc/traffickingpersonscrimetype/mda/2010/dosar_nr_1ra_-_10962010.html,Republic of Moldova,53,67,answerdotai/ModernBERT-base,8949b909ec900327062f0ebf497f51aef5e6f0c8,1,1,1,1,1,1,1
632,https://www.unodc.org/cld/case-law-doc/traffickingpersonscrimetype/mda/2010/dosar_nr_1ra_-_10512009.html,Republic of Moldova,76,91,answerdotai/ModernBERT-base,8949b909ec900327062f0ebf497f51aef5e6f0c8,1,1,1,1,1,1,1
633,https://www.unodc.org/cld/case-law-doc/traffickingpersonscrimetype/gtm/2010/quiroa_diaz_munoz.html,Guatemala,88,107,answerdotai/ModernBERT-base,8949b909ec900327062f0ebf497f51aef5e6f0c8,1,1,1,1,1,1,1
634,https://www.unodc.org/cld/case-law-doc/traffickingpersonscrimetype/rus/2010/case_no._86-_o10-25.html,Russian Federation,79,110,answerdotai/ModernBERT-base,8949b909ec900327062f0ebf497f51aef5e6f0c8,1,1,1,1,1,1,1
635,https://www.unodc.org/cld/case-law-doc/traffickingpersonscrimetype/tha/2010/weerapong_saelee_anoma_siriyoowattananon.html,Thailand,134,159,answerdotai/ModernBERT-base,8949b909ec900327062f0ebf497f51aef5e6f0c8,1,1,1,1,1,1,1
636,https://www.unodc.org/cld/case-law-doc/traffickingpersonscrimetype/phl/2010/crim._cases_nos._c-71247-51.html,Philippines,85,112,answerdotai/ModernBERT-base,8949b909ec900327062f0ebf497f51aef5e6f0c8,1,1,1,1,1,1,1
637,https://www.unodc.org/cld/case-law-doc/traffickingpersonscrimetype/zaf/2010/tatiana_malachi.html,South Africa,301,371,answerdotai/ModernBERT-base,8949b909ec900327062f0ebf497f51aef5e6f0c8,1,1,1,1,1,1,1
638,https://www.unodc.org/cld/case-law-doc/traffickingpersonscrimetype/bih/2010/presuda_x-k-09850.html,Bosnia and Herzegovina,139,169,answerdotai/ModernBERT-base,8949b909ec900327062f0ebf497f51aef5e6f0c8,1,1,1,1,1,1,1
641,https://www.unodc.org/cld/case-law-doc/traffickingpersonscrimetype/bra/2010/processo_n_2007.05.00.088769-6.html,Brazil,74,100,answerdotai/ModernBERT-base,8949b909ec900327062f0ebf497f51aef5e6f0c8,1,1,1,1,1,1,1
642,https://www.unodc.org/cld/case-law-doc/traffickingpersonscrimetype/usa/2010/united_states_v._johnny_saintil.html,United States of America,101,144,answerdotai/ModernBERT-base,8949b909ec900327062f0ebf497f51aef5e6f0c8,1,1,1,1,1,1,1
643,https://www.unodc.org/cld/case-law-doc/traffickingpersonscrimetype/phl/2010/crim._case_no._09-0366_.html,Philippines,432,579,answerdotai/ModernBERT-base,8949b909ec900327062f0ebf497f51aef5e6f0c8,0,1,1,1,1,1,1
644,https://www.unodc.org/cld/case-law-doc/traffickingpersonscrimetype/usa/2010/united_states_v._fang_ping_ding.html,United States of America,145,187,answerdotai/ModernBERT-base,8949b909ec900327062f0ebf497f51aef5e6f0c8,1,1,1,1,1,1,1
645,https://www.unodc.org/cld/case-law-doc/traffickingpersonscrimetype/rus/2010/case_no._46-93352010_.html,Russian Federation,125,167,answerdotai/ModernBERT-base,8949b909ec900327062f0ebf497f51aef5e6f0c8,1,1,1,1,1,1,1
646,https://www.unodc.org/cld/case-law-doc/traffickingpersonscrimetype/usa/2010/united_states_v._jerome_e._todd.html,United States of America,346,410,answerdotai/ModernBERT-base,8949b909ec900327062f0ebf497f51aef5e6f0c8,1,1,1,1,1,1,1
647,https://www.unodc.org/cld/case-law-doc/traffickingpersonscrimetype/arg/2010/causa_n_2267.html,Argentina,226,303,answerdotai/ModernBERT-base,8949b909ec900327062f0ebf497f51aef5e6f0c8,1,1,1,1,1,1,1
648,https://www.unodc.org/cld/case-law-doc/traffickingpersonscrimetype/arg/2010/expte_g-14110.html,Argentina,261,331,answerdotai/ModernBERT-base,8949b909ec900327062f0ebf497f51aef5e6f0c8,1,1,1,1,1,1,1
649,https://www.unodc.org/cld/case-law-doc/traffickingpersonscrimetype/bra/2010/processo_n_0006196-78.2010.4.05.8400.html,Brazil,149,181,answerdotai/ModernBERT-base,8949b909ec900327062f0ebf497f51aef5e6f0c8,1,1,1,1,1,1,1
651,https://www.unodc.org/cld/case-law-doc/traffickingpersonscrimetype/fji/2010/murti.html,Fiji,407,476,answerdotai/ModernBERT-base,8949b909ec900327062f0ebf497f51aef5e6f0c8,1,1,1,1,1,1,1
652,https://www.unodc.org/cld/case-law-doc/traffickingpersonscrimetype/srb/2010/k_i_495210_.html,Serbia,189,226,answerdotai/ModernBERT-base,8949b909ec900327062f0ebf497f51aef5e6f0c8,1,1,1,1,1,1,1
653,https://www.unodc.org/cld/case-law-doc/traffickingpersonscrimetype/arg/2010/causa_n_3048-10.html,Argentina,342,414,answerdotai/ModernBERT-base,8949b909ec900327062f0ebf497f51aef5e6f0c8,1,1,1,1,1,1,1
654,https://www.unodc.org/cld/case-law-doc/traffickingpersonscrimetype/mda/2010/dosar_nr._1ra_9182010.html,Republic of Moldova,162,224,answerdotai/ModernBERT-base,8949b909ec900327062f0ebf497f51aef5e6f0c8,1,1,1,1,1,1,1
655,https://www.unodc.org/cld/case-law-doc/traffickingpersonscrimetype/zaf/2010/state_v._netcare_kwa-zulu_limited.html,South Africa,1005,1280,answerdotai/ModernBERT-base,8949b909ec900327062f0ebf497f51aef5e6f0c8,0,0,1,1,1,1,1
656,https://www.unodc.org/cld/case-law-doc/traffickingpersonscrimetype/srb/2010/kz_i_5872-10.html,Serbia,221,252,answerdotai/ModernBERT-base,8949b909ec900327062f0ebf497f51aef5e6f0c8,1,1,1,1,1,1,1
657,https://www.unodc.org/cld/case-law-doc/traffickingpersonscrimetype/swe/2010/case_no_2917-10_and_b_3184-10.html,Sweden,224,279,answerdotai/ModernBERT-base,8949b909ec900327062f0ebf497f51aef5e6f0c8,1,1,1,1,1,1,1
658,https://www.unodc.org/cld/case-law-doc/traffickingpersonscrimetype/phl/2010/crim._case_no._cbu-81127.html,Philippines,102,131,answerdotai/ModernBERT-base,8949b909ec900327062f0ebf497f51aef5e6f0c8,1,1,1,1,1,1,1
659,https://www.unodc.org/cld/case-law-doc/traffickingpersonscrimetype/ita/2010/cass._pen._sez._iii_n._43414.html,Italy,115,145,answerdotai/ModernBERT-base,8949b909ec900327062f0ebf497f51aef5e6f0c8,1,1,1,1,1,1,1
660,https://www.unodc.org/cld/case-law-doc/traffickingpersonscrimetype/rus/2010/case_no._31-_o10-25.html,Russian Federation,70,92,answerdotai/ModernBERT-base,8949b909ec900327062f0ebf497f51aef5e6f0c8,1,1,1,1,1,1,1
661,https://www.unodc.org/cld/case-law-doc/traffickingpersonscrimetype/nld/2010/eclinlrbroe2010bo4108_.html,Netherlands (Kingdom of the),534,650,answerdotai/ModernBERT-base,8949b909ec900327062f0ebf497f51aef5e6f0c8,0,1,1,1,1,1,1
662,https://www.unodc.org/cld/case-law-doc/drugcrimetype/can/2010/tynes_and_lafferty.html,Canada,387,511,answerdotai/ModernBERT-base,8949b909ec900327062f0ebf497f51aef5e6f0c8,1,1,1,1,1,1,1
663,https://www.unodc.org/cld/case-law-doc/traffickingpersonscrimetype/gbr/2010/r_v_l.m._and_others.html,United Kingdom of Great Britain and Northern Ireland,269,320,answerdotai/ModernBERT-base,8949b909ec900327062f0ebf497f51aef5e6f0c8,1,1,1,1,1,1,1
664,https://www.unodc.org/cld/case-law-doc/drugcrimetype/cze/2010/1_t_72010.html,Czechia,84,106,answerdotai/ModernBERT-base,8949b909ec900327062f0ebf497f51aef5e6f0c8,1,1,1,1,1,1,1
665,https://www.unodc.org/cld/case-law-doc/traffickingpersonscrimetype/nld/2010/eclinlgharn2010bo2994_.html,Netherlands (Kingdom of the),269,333,answerdotai/ModernBERT-base,8949b909ec900327062f0ebf497f51aef5e6f0c8,1,1,1,1,1,1,1
666,https://www.unodc.org/cld/case-law-doc/traffickingpersonscrimetype/esp/2010/cesar_et_al.html,Spain,1058,1328,answerdotai/ModernBERT-base,8949b909ec900327062f0ebf497f51aef5e6f0c8,0,0,1,1,1,1,1
668,https://www.unodc.org/cld/case-law-doc/traffickingpersonscrimetype/arg/2010/causa_8161-08_.html,Argentina,201,252,answerdotai/ModernBERT-base,8949b909ec900327062f0ebf497f51aef5e6f0c8,1,1,1,1,1,1,1
669,https://www.unodc.org/cld/case-law-doc/traffickingpersonscrimetype/svk/2010/3_to_282010_.html,Slovakia,1551,1964,answerdotai/ModernBERT-base,8949b909ec900327062f0ebf497f51aef5e6f0c8,0,0,0,1,1,1,1
670,https://www.unodc.org/cld/case-law-doc/traffickingpersonscrimetype/cze/2010/39_t_62010.html,Czechia,110,138,answerdotai/ModernBERT-base,8949b909ec900327062f0ebf497f51aef5e6f0c8,1,1,1,1,1,1,1
671,https://www.unodc.org/cld/case-law-doc/traffickingpersonscrimetype/kor/2010/anonymous.html,Republic of Korea,414,573,answerdotai/ModernBERT-base,8949b909ec900327062f0ebf497f51aef5e6f0c8,0,1,1,1,1,1,1
672,https://www.unodc.org/cld/case-law-doc/traffickingpersonscrimetype/phl/2010/case_no.2009-643.html,Philippines,154,190,answerdotai/ModernBERT-base,8949b909ec900327062f0ebf497f51aef5e6f0c8,1,1,1,1,1,1,1
673,https://www.unodc.org/cld/case-law-doc/drugcrimetype/cze/2010/56_t_22010.html,Czechia,51,74,answerdotai/ModernBERT-base,8949b909ec900327062f0ebf497f51aef5e6f0c8,1,1,1,1,1,1,1
674,https://www.unodc.org/cld/case-law-doc/traffickingpersonscrimetype/bgr/2010/case_no._4012010.html,Bulgaria,83,121,answerdotai/ModernBERT-base,8949b909ec900327062f0ebf497f51aef5e6f0c8,1,1,1,1,1,1,1
675,https://www.unodc.org/cld/case-law-doc/traffickingpersonscrimetype/mda/2010/dosar_nr._1ra_7402010.html,Republic of Moldova,85,108,answerdotai/ModernBERT-base,8949b909ec900327062f0ebf497f51aef5e6f0c8,1,1,1,1,1,1,1
676,https://www.unodc.org/cld/case-law-doc/traffickingpersonscrimetype/swe/2010/case_no_b_6263-10.html,Sweden,245,288,answerdotai/ModernBERT-base,8949b909ec900327062f0ebf497f51aef5e6f0c8,1,1,1,1,1,1,1
677,https://www.unodc.org/cld/case-law-doc/traffickingpersonscrimetype/bra/2010/processo_2009.84.00.005367-8.html,Brazil,194,253,answerdotai/ModernBERT-base,8949b909ec900327062f0ebf497f51aef5e6f0c8,1,1,1,1,1,1,1
678,https://www.unodc.org/cld/case-law-doc/traffickingpersonscrimetype/mda/2010/dosar_nr_4-1re_-_12482010.html,Republic of Moldova,60,84,answerdotai/ModernBERT-base,8949b909ec900327062f0ebf497f51aef5e6f0c8,1,1,1,1,1,1,1
679,https://www.unodc.org/cld/case-law-doc/traffickingpersonscrimetype/mda/2010/dosar_nr._1ra_7772010.html,Republic of Moldova,58,70,answerdotai/ModernBERT-base,8949b909ec900327062f0ebf497f51aef5e6f0c8,1,1,1,1,1,1,1
681,https://www.unodc.org/cld/case-law-doc/traffickingpersonscrimetype/phl/2010/crim._case_no._2007-054.html,Philippines,162,209,answerdotai/ModernBERT-base,8949b909ec900327062f0ebf497f51aef5e6f0c8,1,1,1,1,1,1,1
682,https://www.unodc.org/cld/case-law-doc/traffickingpersonscrimetype/phl/2010/crim._case_no._132048.html,Philippines,165,193,answerdotai/ModernBERT-base,8949b909ec900327062f0ebf497f51aef5e6f0c8,1,1,1,1,1,1,1
684,https://www.unodc.org/cld/case-law-doc/traffickingpersonscrimetype/col/2010/proceso_no._34728.html,Colombia,98,140,answerdotai/ModernBERT-base,8949b909ec900327062f0ebf497f51aef5e6f0c8,1,1,1,1,1,1,1
685,https://www.unodc.org/cld/case-law-doc/traffickingpersonscrimetype/arg/2010/causa_n_3094.html,Argentina,138,161,answerdotai/ModernBERT-base,8949b909ec900327062f0ebf497f51aef5e6f0c8,1,1,1,1,1,1,1
686,https://www.unodc.org/cld/case-law-doc/traffickingpersonscrimetype/ind/2010/manjappa_v._state_of_karnataka_.html,India,91,110,answerdotai/ModernBERT-base,8949b909ec900327062f0ebf497f51aef5e6f0c8,1,1,1,1,1,1,1
687,https://www.unodc.org/cld/case-law-doc/traffickingpersonscrimetype/usa/2010/united_states_v._donald_wayne_fint.html,United States of America,346,424,answerdotai/ModernBERT-base,8949b909ec900327062f0ebf497f51aef5e6f0c8,1,1,1,1,1,1,1
688,https://www.unodc.org/cld/case-law-doc/traffickingpersonscrimetype/cze/2010/3_t_102009.html,Czechia,77,118,answerdotai/ModernBERT-base,8949b909ec900327062f0ebf497f51aef5e6f0c8,1,1,1,1,1,1,1
689,https://www.unodc.org/cld/case-law-doc/traffickingpersonscrimetype/phl/2010/criminal_case_no.73018.html,Philippines,209,271,answerdotai/ModernBERT-base,8949b909ec900327062f0ebf497f51aef5e6f0c8,1,1,1,1,1,1,1
692,https://www.unodc.org/cld/case-law-doc/traffickingpersonscrimetype/usa/2010/united_states_v._fu_sheng_kuo.html,United States of America,313,386,answerdotai/ModernBERT-base,8949b909ec900327062f0ebf497f51aef5e6f0c8,1,1,1,1,1,1,1
693,https://www.unodc.org/cld/case-law-doc/traffickingpersonscrimetype/ind/2010/the_state_v._p._road_police_station_mumbai_v._kalpana_ranganath_galphade.html,India,294,379,answerdotai/ModernBERT-base,8949b909ec900327062f0ebf497f51aef5e6f0c8,1,1,1,1,1,1,1
694,https://www.unodc.org/cld/case-law-doc/traffickingpersonscrimetype/gtm/2010/case_no._164-2010.html,Guatemala,90,101,answerdotai/ModernBERT-base,8949b909ec900327062f0ebf497f51aef5e6f0c8,1,1,1,1,1,1,1
696,https://www.unodc.org/cld/case-law-doc/traffickingpersonscrimetype/usa/2010/united_states_v._afolabi.html,United States of America,413,592,answerdotai/ModernBERT-base,8949b909ec900327062f0ebf497f51aef5e6f0c8,0,1,1,1,1,1,1
697,https://www.unodc.org/cld/case-law-doc/traffickingpersonscrimetype/cze/2010/3_t_132009.html,Czechia,92,125,answerdotai/ModernBERT-base,8949b909ec900327062f0ebf497f51aef5e6f0c8,1,1,1,1,1,1,1
698,https://www.unodc.org/cld/case-law-doc/traffickingpersonscrimetype/col/2010/case_no._05-001-60-00206-2008-01760.html,Colombia,239,319,answerdotai/ModernBERT-base,8949b909ec900327062f0ebf497f51aef5e6f0c8,1,1,1,1,1,1,1
699,https://www.unodc.org/cld/case-law-doc/traffickingpersonscrimetype/svk/2010/5_to_792010.html,Slovakia,541,698,answerdotai/ModernBERT-base,8949b909ec900327062f0ebf497f51aef5e6f0c8,0,1,1,1,1,1,1
700,https://www.unodc.org/cld/case-law-doc/traffickingpersonscrimetype/can/2010/urizar.html,Canada,78,96,answerdotai/ModernBERT-base,8949b909ec900327062f0ebf497f51aef5e6f0c8,1,1,1,1,1,1,1
701,https://www.unodc.org/cld/case-law-doc/traffickingpersonscrimetype/cze/2010/16_t_72009.html,Czechia,62,77,answerdotai/ModernBERT-base,8949b909ec900327062f0ebf497f51aef5e6f0c8,1,1,1,1,1,1,1
702,https://www.unodc.org/cld/case-law-doc/traffickingpersonscrimetype/cze/2010/18_t_82006.html,Czechia,68,79,answerdotai/ModernBERT-base,8949b909ec900327062f0ebf497f51aef5e6f0c8,1,1,1,1,1,1,1
703,https://www.unodc.org/cld/case-law-doc/traffickingpersonscrimetype/phl/2010/crim._case_no._cbu-83122.html,Philippines,41,48,answerdotai/ModernBERT-base,8949b909ec900327062f0ebf497f51aef5e6f0c8,1,1,1,1,1,1,1
704,https://www.unodc.org/cld/case-law-doc/traffickingpersonscrimetype/phl/2010/crim._case_no._06-181.html,Philippines,335,447,answerdotai/ModernBERT-base,8949b909ec900327062f0ebf497f51aef5e6f0c8,1,1,1,1,1,1,1
705,https://www.unodc.org/cld/case-law-doc/traffickingpersonscrimetype/usa/2010/united_states_v._marvin_madkins.html,United States of America,73,90,answerdotai/ModernBERT-base,8949b909ec900327062f0ebf497f51aef5e6f0c8,1,1,1,1,1,1,1
706,https://www.unodc.org/cld/case-law-doc/criminalgroupcrimetype/phl/2010/crim._case_no._22878.html,Philippines,751,990,answerdotai/ModernBERT-base,8949b909ec900327062f0ebf497f51aef5e6f0c8,0,1,1,1,1,1,1
708,https://www.unodc.org/cld/case-law-doc/traffickingpersonscrimetype/bra/2010/acr_2001.70.02.002926-9_trf4.html,Brazil,184,248,answerdotai/ModernBERT-base,8949b909ec900327062f0ebf497f51aef5e6f0c8,1,1,1,1,1,1,1
709,https://www.unodc.org/cld/case-law-doc/traffickingpersonscrimetype/arg/2010/causa_n_1.86409_.html,Argentina,91,120,answerdotai/ModernBERT-base,8949b909ec900327062f0ebf497f51aef5e6f0c8,1,1,1,1,1,1,1
710,https://www.unodc.org/cld/case-law-doc/traffickingpersonscrimetype/srb/2010/k_22410_.html,Serbia,189,226,answerdotai/ModernBERT-base,8949b909ec900327062f0ebf497f51aef5e6f0c8,1,1,1,1,1,1,1
711,https://www.unodc.org/cld/case-law-doc/traffickingpersonscrimetype/usa/2010/united_states_v._aaron_j._burroughs.html,United States of America,95,126,answerdotai/ModernBERT-base,8949b909ec900327062f0ebf497f51aef5e6f0c8,1,1,1,1,1,1,1
712,https://www.unodc.org/cld/case-law-doc/criminalgroupcrimetype/srb/2010/k_19510.html,Serbia,457,502,answerdotai/ModernBERT-base,8949b909ec900327062f0ebf497f51aef5e6f0c8,1,1,1,1,1,1,1
713,https://www.unodc.org/cld/case-law-doc/traffickingpersonscrimetype/ita/2010/cass._pen._sez._v_n._35923.html,Italy,170,227,answerdotai/ModernBERT-base,8949b909ec900327062f0ebf497f51aef5e6f0c8,1,1,1,1,1,1,1
714,https://www.unodc.org/cld/case-law-doc/traffickingpersonscrimetype/usa/2010/united_states_v._uawndre_larue_fields.html,United States of America,120,140,answerdotai/ModernBERT-base,8949b909ec900327062f0ebf497f51aef5e6f0c8,1,1,1,1,1,1,1
715,https://www.unodc.org/cld/case-law-doc/traffickingpersonscrimetype/arg/2010/case_n_2809.html,Argentina,190,238,answerdotai/ModernBERT-base,8949b909ec900327062f0ebf497f51aef5e6f0c8,1,1,1,1,1,1,1
716,https://www.unodc.org/cld/case-law-doc/traffickingpersonscrimetype/arg/2010/causa_n_07-2010_.html,Argentina,248,305,answerdotai/ModernBERT-base,8949b909ec900327062f0ebf497f51aef5e6f0c8,1,1,1,1,1,1,1
717,https://www.unodc.org/cld/case-law-doc/traffickingpersonscrimetype/mda/2010/dosar_nr._1ra_7642010.html,Republic of Moldova,114,150,answerdotai/ModernBERT-base,8949b909ec900327062f0ebf497f51aef5e6f0c8,1,1,1,1,1,1,1
718,https://www.unodc.org/cld/case-law-doc/traffickingpersonscrimetype/usa/2010/united_states_v._anthony_mark_bianchi.html,United States of America,119,154,answerdotai/ModernBERT-base,8949b909ec900327062f0ebf497f51aef5e6f0c8,1,1,1,1,1,1,1
719,https://www.unodc.org/cld/case-law-doc/traffickingpersonscrimetype/bra/2010/processo_n_0008002-31.2010.4.05.0000.html,Brazil,145,185,answerdotai/ModernBERT-base,8949b909ec900327062f0ebf497f51aef5e6f0c8,1,1,1,1,1,1,1
720,https://www.unodc.org/cld/case-law-doc/traffickingpersonscrimetype/egy/2010/appeal_1126879k.html,Egypt,890,1080,answerdotai/ModernBERT-base,8949b909ec900327062f0ebf497f51aef5e6f0c8,0,0,1,1,1,1,1
722,https://www.unodc.org/cld/case-law-doc/traffickingpersonscrimetype/ken/2010/george_hezron_mwakio_v_republic_2010_eklr.html,Kenya,159,195,answerdotai/ModernBERT-base,8949b909ec900327062f0ebf497f51aef5e6f0c8,1,1,1,1,1,1,1
723,https://www.unodc.org/cld/case-law-doc/traffickingpersonscrimetype/bel/2010/court_of_appeals_of_antwerp_24-06-2010.html,Belgium,90,120,answerdotai/ModernBERT-base,8949b909ec900327062f0ebf497f51aef5e6f0c8,1,1,1,1,1,1,1
724,https://www.unodc.org/cld/case-law-doc/traffickingpersonscrimetype/rou/2010/11413722006.html,Romania,147,186,answerdotai/ModernBERT-base,8949b909ec900327062f0ebf497f51aef5e6f0c8,1,1,1,1,1,1,1
725,https://www.unodc.org/cld/case-law-doc/traffickingpersonscrimetype/bra/2010/processo_n_0006682-72.2010.4.05.8300.html,Brazil,261,335,answerdotai/ModernBERT-base,8949b909ec900327062f0ebf497f51aef5e6f0c8,1,1,1,1,1,1,1
726,https://www.unodc.org/cld/case-law-doc/traffickingpersonscrimetype/mda/2010/dosar_nr._1ra_7182010.html,Republic of Moldova,81,101,answerdotai/ModernBERT-base,8949b909ec900327062f0ebf497f51aef5e6f0c8,1,1,1,1,1,1,1
727,https://www.unodc.org/cld/case-law-doc/traffickingpersonscrimetype/phl/2010/crim._case_no._59025-06.html,Philippines,525,703,answerdotai/ModernBERT-base,8949b909ec900327062f0ebf497f51aef5e6f0c8,0,1,1,1,1,1,1
730,https://www.unodc.org/cld/case-law-doc/traffickingpersonscrimetype/bel/2010/not._66809_2010.html,Belgium,148,170,answerdotai/ModernBERT-base,8949b909ec900327062f0ebf497f51aef5e6f0c8,1,1,1,1,1,1,1
731,https://www.unodc.org/cld/case-law-doc/traffickingpersonscrimetype/isl/2010/case_no._2242010.html,Iceland,67,108,answerdotai/ModernBERT-base,8949b909ec900327062f0ebf497f51aef5e6f0c8,1,1,1,1,1,1,1
732,https://www.unodc.org/cld/case-law-doc/traffickingpersonscrimetype/fra/2010/albert_x..html,France,152,207,answerdotai/ModernBERT-base,8949b909ec900327062f0ebf497f51aef5e6f0c8,1,1,1,1,1,1,1
733,https://www.unodc.org/cld/case-law-doc/traffickingpersonscrimetype/isr/2010/angelic_sabag_gutier_vs._state_of_israel.html,Israel,426,493,answerdotai/ModernBERT-base,8949b909ec900327062f0ebf497f51aef5e6f0c8,1,1,1,1,1,1,1
734,https://www.unodc.org/cld/case-law-doc/traffickingpersonscrimetype/mda/2010/dosar_nr._1re_5112010.html,Republic of Moldova,134,178,answerdotai/ModernBERT-base,8949b909ec900327062f0ebf497f51aef5e6f0c8,1,1,1,1,1,1,1
735,https://www.unodc.org/cld/case-law-doc/traffickingpersonscrimetype/nor/2010/hr-2010-00982-a.html,Norway,204,246,answerdotai/ModernBERT-base,8949b909ec900327062f0ebf497f51aef5e6f0c8,1,1,1,1,1,1,1
737,https://www.unodc.org/cld/case-law-doc/traffickingpersonscrimetype/ita/2010/cass._pen._sez._v_n._35479.html,Italy,139,175,answerdotai/ModernBERT-base,8949b909ec900327062f0ebf497f51aef5e6f0c8,1,1,1,1,1,1,1
738,https://www.unodc.org/cld/case-law-doc/traffickingpersonscrimetype/bra/2010/processo_n_0006554-23.2010.4.05.0000.html,Brazil,142,170,answerdotai/ModernBERT-base,8949b909ec900327062f0ebf497f51aef5e6f0c8,1,1,1,1,1,1,1
739,https://www.unodc.org/cld/case-law-doc/traffickingpersonscrimetype/ken/2010/k.k.r._v_republic_2010_eklr.html,Kenya,201,246,answerdotai/ModernBERT-base,8949b909ec900327062f0ebf497f51aef5e6f0c8,1,1,1,1,1,1,1
740,https://www.unodc.org/cld/case-law-doc/traffickingpersonscrimetype/ita/2010/cass._pen._sez._iii_n._24269.html,Italy,105,127,answerdotai/ModernBERT-base,8949b909ec900327062f0ebf497f51aef5e6f0c8,1,1,1,1,1,1,1
741,https://www.unodc.org/cld/case-law-doc/traffickingpersonscrimetype/alb/2010/decision_no._538.html,Albania,127,151,answerdotai/ModernBERT-base,8949b909ec900327062f0ebf497f51aef5e6f0c8,1,1,1,1,1,1,1
742,https://www.unodc.org/cld/case-law-doc/traffickingpersonscrimetype/mda/2010/dosar_nr._1re_7832010.html,Republic of Moldova,57,73,answerdotai/ModernBERT-base,8949b909ec900327062f0ebf497f51aef5e6f0c8,1,1,1,1,1,1,1
744,https://www.unodc.org/cld/case-law-doc/traffickingpersonscrimetype/mda/2010/dosar_nr_1ra_-_4542010.html,Republic of Moldova,44,53,answerdotai/ModernBERT-base,8949b909ec900327062f0ebf497f51aef5e6f0c8,1,1,1,1,1,1,1
745,https://www.unodc.org/cld/case-law-doc/traffickingpersonscrimetype/srb/2010/k_1110_.html,Serbia,135,160,answerdotai/ModernBERT-base,8949b909ec900327062f0ebf497f51aef5e6f0c8,1,1,1,1,1,1,1
746,https://www.unodc.org/cld/case-law-doc/traffickingpersonscrimetype/bel/2010/court_of_appeals_of_antwerp_20-05-2010.html,Belgium,104,126,answerdotai/ModernBERT-base,8949b909ec900327062f0ebf497f51aef5e6f0c8,1,1,1,1,1,1,1
747,https://www.unodc.org/cld/case-law-doc/traffickingpersonscrimetype/alb/2010/decision_no._486.html,Albania,106,132,answerdotai/ModernBERT-base,8949b909ec900327062f0ebf497f51aef5e6f0c8,1,1,1,1,1,1,1
749,https://www.unodc.org/cld/case-law-doc/traffickingpersonscrimetype/svk/2010/5_to_232010_.html,Slovakia,234,331,answerdotai/ModernBERT-base,8949b909ec900327062f0ebf497f51aef5e6f0c8,1,1,1,1,1,1,1
750,https://www.unodc.org/cld/case-law-doc/traffickingpersonscrimetype/usa/2010/united_states_v._rodney_king.html,United States of America,83,118,answerdotai/ModernBERT-base,8949b909ec900327062f0ebf497f51aef5e6f0c8,1,1,1,1,1,1,1
751,https://www.unodc.org/cld/case-law-doc/criminalgroupcrimetype/srb/2010/k_40810_.html,Serbia,203,232,answerdotai/ModernBERT-base,8949b909ec900327062f0ebf497f51aef5e6f0c8,1,1,1,1,1,1,1
752,https://www.unodc.org/cld/case-law-doc/traffickingpersonscrimetype/ita/2010/cass._pen._sez._iii_n._21630.html,Italy,61,76,answerdotai/ModernBERT-base,8949b909ec900327062f0ebf497f51aef5e6f0c8,1,1,1,1,1,1,1
753,https://www.unodc.org/cld/case-law-doc/traffickingpersonscrimetype/pan/2010/s.p.a.f._v._i.g.g.html,Panama,179,216,answerdotai/ModernBERT-base,8949b909ec900327062f0ebf497f51aef5e6f0c8,1,1,1,1,1,1,1
754,https://www.unodc.org/cld/case-law-doc/illicitfirearmscrimetype/est/2010/1-10-4245.html,Estonia,99,136,answerdotai/ModernBERT-base,8949b909ec900327062f0ebf497f51aef5e6f0c8,1,1,1,1,1,1,1
755,https://www.unodc.org/cld/case-law-doc/traffickingpersonscrimetype/fra/2010/c._herve_et_d._abdelaziz.html,France,108,133,answerdotai/ModernBERT-base,8949b909ec900327062f0ebf497f51aef5e6f0c8,1,1,1,1,1,1,1
756,https://www.unodc.org/cld/case-law-doc/traffickingpersonscrimetype/aze/2010/case_no._102-267-2010.html,Azerbaijan,85,102,answerdotai/ModernBERT-base,8949b909ec900327062f0ebf497f51aef5e6f0c8,1,1,1,1,1,1,1
757,https://www.unodc.org/cld/case-law-doc/traffickingpersonscrimetype/srb/2010/k_i_93910_.html,Serbia,157,184,answerdotai/ModernBERT-base,8949b909ec900327062f0ebf497f51aef5e6f0c8,1,1,1,1,1,1,1
758,https://www.unodc.org/cld/case-law-doc/traffickingpersonscrimetype/rou/2010/3809892007.html,Romania,356,429,answerdotai/ModernBERT-base,8949b909ec900327062f0ebf497f51aef5e6f0c8,1,1,1,1,1,1,1
759,https://www.unodc.org/cld/case-law-doc/drugcrimetype/usa/2010/docket_number_-_unknown_2010.html,United States of America,365,536,answerdotai/ModernBERT-base,8949b909ec900327062f0ebf497f51aef5e6f0c8,0,1,1,1,1,1,1
760,https://www.unodc.org/cld/case-law-doc/traffickingpersonscrimetype/svk/2010/5_to_52011_.html,Slovakia,678,926,answerdotai/ModernBERT-base,8949b909ec900327062f0ebf497f51aef5e6f0c8,0,1,1,1,1,1,1
761,https://www.unodc.org/cld/case-law-doc/traffickingpersonscrimetype/che/2010/6b_812010_and_6b_1262010.html,Switzerland,191,240,answerdotai/ModernBERT-base,8949b909ec900327062f0ebf497f51aef5e6f0c8,1,1,1,1,1,1,1
762,https://www.unodc.org/cld/case-law-doc/traffickingpersonscrimetype/gbr/2010/kodos_v_prosecutor_generals_office_of_the_republic_of_lithuania.html,United Kingdom of Great Britain and Northern Ireland,321,415,answerdotai/ModernBERT-base,8949b909ec900327062f0ebf497f51aef5e6f0c8,1,1,1,1,1,1,1
763,https://www.unodc.org/cld/case-law-doc/traffickingpersonscrimetype/alb/2010/decision_no._404.html,Albania,259,319,answerdotai/ModernBERT-base,8949b909ec900327062f0ebf497f51aef5e6f0c8,1,1,1,1,1,1,1
764,https://www.unodc.org/cld/case-law-doc/traffickingpersonscrimetype/alb/2010/decision_no.403.html,Albania,52,63,answerdotai/ModernBERT-base,8949b909ec900327062f0ebf497f51aef5e6f0c8,1,1,1,1,1,1,1
765,https://www.unodc.org/cld/case-law-doc/traffickingpersonscrimetype/arg/2010/case_n_p-909.html,Argentina,348,451,answerdotai/ModernBERT-base,8949b909ec900327062f0ebf497f51aef5e6f0c8,1,1,1,1,1,1,1
766,https://www.unodc.org/cld/case-law-doc/traffickingpersonscrimetype/tur/2010/case_no._200712444.html,Türkiye,63,72,answerdotai/ModernBERT-base,8949b909ec900327062f0ebf497f51aef5e6f0c8,1,1,1,1,1,1,1
767,https://www.unodc.org/cld/case-law-doc/traffickingpersonscrimetype/mex/2010/tapachula_globeritos_case.html,Mexico,387,510,answerdotai/ModernBERT-base,8949b909ec900327062f0ebf497f51aef5e6f0c8,1,1,1,1,1,1,1
768,https://www.unodc.org/cld/case-law-doc/traffickingpersonscrimetype/bel/2010/first_instance_tribunal_of_charleroi_23-04-2010.html,Belgium,79,90,answerdotai/ModernBERT-base,8949b909ec900327062f0ebf497f51aef5e6f0c8,1,1,1,1,1,1,1
770,https://www.unodc.org/cld/case-law-doc/criminalgroupcrimetype/rou/2010/2228542008.html,Romania,216,253,answerdotai/ModernBERT-base,8949b909ec900327062f0ebf497f51aef5e6f0c8,1,1,1,1,1,1,1
771,https://www.unodc.org/cld/case-law-doc/traffickingpersonscrimetype/tur/2010/case_no._2010_1440.html,Türkiye,75,88,answerdotai/ModernBERT-base,8949b909ec900327062f0ebf497f51aef5e6f0c8,1,1,1,1,1,1,1
772,https://www.unodc.org/cld/case-law-doc/traffickingpersonscrimetype/srb/2010/k_i_21510_.html,Serbia,220,252,answerdotai/ModernBERT-base,8949b909ec900327062f0ebf497f51aef5e6f0c8,1,1,1,1,1,1,1
774,https://www.unodc.org/cld/case-law-doc/traffickingpersonscrimetype/svk/2010/3_t_62006_.html,Slovakia,542,759,answerdotai/ModernBERT-base,8949b909ec900327062f0ebf497f51aef5e6f0c8,0,1,1,1,1,1,1
775,https://www.unodc.org/cld/case-law-doc/traffickingpersonscrimetype/usa/2010/united_states_v._marvin_chavelle_epps.html,United States of America,134,170,answerdotai/ModernBERT-base,8949b909ec900327062f0ebf497f51aef5e6f0c8,1,1,1,1,1,1,1
776,https://www.unodc.org/cld/case-law-doc/traffickingpersonscrimetype/gbr/2010/a.z._thailand_v._secretary_of_state_for_the_home_department_cg_2010_ukut_118_iac.html,United Kingdom of Great Britain and Northern Ireland,358,422,answerdotai/ModernBERT-base,8949b909ec900327062f0ebf497f51aef5e6f0c8,1,1,1,1,1,1,1
777,https://www.unodc.org/cld/case-law-doc/traffickingpersonscrimetype/usa/2010/united_states_v._kasiem_brown.html,United States of America,46,54,answerdotai/ModernBERT-base,8949b909ec900327062f0ebf497f51aef5e6f0c8,1,1,1,1,1,1,1
778,https://www.unodc.org/cld/case-law-doc/traffickingpersonscrimetype/aus/2010/r_v_netthip_2010_nswdc_159.html,Australia,436,567,answerdotai/ModernBERT-base,8949b909ec900327062f0ebf497f51aef5e6f0c8,0,1,1,1,1,1,1
779,https://www.unodc.org/cld/case-law-doc/traffickingpersonscrimetype/che/2010/6b_10062009.html,Switzerland,87,103,answerdotai/ModernBERT-base,8949b909ec900327062f0ebf497f51aef5e6f0c8,1,1,1,1,1,1,1
780,https://www.unodc.org/cld/case-law-doc/traffickingpersonscrimetype/bol/2010/auto_supremo_0372010_-_guido_benigno_guardia_flores_et_al.html,Bolivia (Plurinational State of),36,41,answerdotai/ModernBERT-base,8949b909ec900327062f0ebf497f51aef5e6f0c8,1,1,1,1,1,1,1
781,https://www.unodc.org/cld/case-law-doc/traffickingpersonscrimetype/usa/2010/united_states_v._mahender_murlidhar_sabhnani_and_varsha_mahender_sabhnani_.html,United States of America,695,851,answerdotai/ModernBERT-base,8949b909ec900327062f0ebf497f51aef5e6f0c8,0,1,1,1,1,1,1
782,https://www.unodc.org/cld/case-law-doc/traffickingpersonscrimetype/mda/2010/dosar_nr._1re_5712010.html,Republic of Moldova,73,93,answerdotai/ModernBERT-base,8949b909ec900327062f0ebf497f51aef5e6f0c8,1,1,1,1,1,1,1
784,https://www.unodc.org/cld/case-law-doc/traffickingpersonscrimetype/arg/2010/causa_n_1723_.html,Argentina,205,242,answerdotai/ModernBERT-base,8949b909ec900327062f0ebf497f51aef5e6f0c8,1,1,1,1,1,1,1
785,https://www.unodc.org/cld/case-law-doc/traffickingpersonscrimetype/dnk/2010/copenhagen_city_court_judgement_march_19_2010.html,Denmark,376,452,answerdotai/ModernBERT-base,8949b909ec900327062f0ebf497f51aef5e6f0c8,1,1,1,1,1,1,1
786,https://www.unodc.org/cld/case-law-doc/traffickingpersonscrimetype/bel/2010/first_instance_tribunal_of_charleroi_19-03-2010.html,Belgium,69,77,answerdotai/ModernBERT-base,8949b909ec900327062f0ebf497f51aef5e6f0c8,1,1,1,1,1,1,1
787,https://www.unodc.org/cld/case-law-doc/traffickingpersonscrimetype/dnk/2010/copenhagen_district_court_judgment_19_march_2010.html,Denmark,122,151,answerdotai/ModernBERT-base,8949b909ec900327062f0ebf497f51aef5e6f0c8,1,1,1,1,1,1,1
788,https://www.unodc.org/cld/case-law-doc/traffickingpersonscrimetype/bel/2010/correctional_tribunal_of_hasselt_19-03-2010.html,Belgium,55,68,answerdotai/ModernBERT-base,8949b909ec900327062f0ebf497f51aef5e6f0c8,1,1,1,1,1,1,1
789,https://www.unodc.org/cld/case-law-doc/traffickingpersonscrimetype/gbr/2010/albania_v._secretary_of_state_for_the_home_department.html,United Kingdom of Great Britain and Northern Ireland,396,504,answerdotai/ModernBERT-base,8949b909ec900327062f0ebf497f51aef5e6f0c8,1,1,1,1,1,1,1
790,https://www.unodc.org/cld/case-law-doc/traffickingpersonscrimetype/bel/2010/correctional_tribunal_of_tongeren_18-03-2010.html,Belgium,39,56,answerdotai/ModernBERT-base,8949b909ec900327062f0ebf497f51aef5e6f0c8,1,1,1,1,1,1,1
791,https://www.unodc.org/cld/case-law-doc/traffickingpersonscrimetype/hrv/2010/presuda_kzm_3508-5.html,Croatia,117,141,answerdotai/ModernBERT-base,8949b909ec900327062f0ebf497f51aef5e6f0c8,1,1,1,1,1,1,1
792,https://www.unodc.org/cld/case-law-doc/traffickingpersonscrimetype/bgr/2010/case_no._6492009.html,Bulgaria,34,48,answerdotai/ModernBERT-base,8949b909ec900327062f0ebf497f51aef5e6f0c8,1,1,1,1,1,1,1
794,https://www.unodc.org/cld/case-law-doc/traffickingpersonscrimetype/svk/2010/4_t_812004_.html,Slovakia,211,300,answerdotai/ModernBERT-base,8949b909ec900327062f0ebf497f51aef5e6f0c8,1,1,1,1,1,1,1
795,https://www.unodc.org/cld/case-law-doc/traffickingpersonscrimetype/mda/2010/dosar_nr_1ra_-_3482010.html,Republic of Moldova,88,117,answerdotai/ModernBERT-base,8949b909ec900327062f0ebf497f51aef5e6f0c8,1,1,1,1,1,1,1
796,https://www.unodc.org/cld/case-law-doc/traffickingpersonscrimetype/bih/2010/presuda_k-_7608_.html,Bosnia and Herzegovina,122,143,answerdotai/ModernBERT-base,8949b909ec900327062f0ebf497f51aef5e6f0c8,1,1,1,1,1,1,1
798,https://www.unodc.org/cld/case-law-doc/traffickingpersonscrimetype/mda/2010/dosar_nr_1ra_-_3342010.html,Republic of Moldova,92,118,answerdotai/ModernBERT-base,8949b909ec900327062f0ebf497f51aef5e6f0c8,1,1,1,1,1,1,1
799,https://www.unodc.org/cld/case-law-doc/traffickingpersonscrimetype/mda/2010/dosar_nr_1ra_-_3802010.html,Republic of Moldova,104,120,answerdotai/ModernBERT-base,8949b909ec900327062f0ebf497f51aef5e6f0c8,1,1,1,1,1,1,1
800,https://www.unodc.org/cld/case-law-doc/traffickingpersonscrimetype/mda/2010/dosar_nr_1ra_-_110_.html,Republic of Moldova,92,108,answerdotai/ModernBERT-base,8949b909ec900327062f0ebf497f51aef5e6f0c8,1,1,1,1,1,1,1
801,https://www.unodc.org/cld/case-law-doc/traffickingpersonscrimetype/mda/2010/dosar_nr_1ra_-_19310.html,Republic of Moldova,39,47,answerdotai/ModernBERT-base,8949b909ec900327062f0ebf497f51aef5e6f0c8,1,1,1,1,1,1,1
802,https://www.unodc.org/cld/case-law-doc/traffickingpersonscrimetype/arg/2010/case_999.html,Argentina,178,218,answerdotai/ModernBERT-base,8949b909ec900327062f0ebf497f51aef5e6f0c8,1,1,1,1,1,1,1
803,https://www.unodc.org/cld/case-law-doc/traffickingpersonscrimetype/swe/2010/case_no_b_9732-09.html,Sweden,86,107,answerdotai/ModernBERT-base,8949b909ec900327062f0ebf497f51aef5e6f0c8,1,1,1,1,1,1,1
804,https://www.unodc.org/cld/case-law-doc/traffickingpersonscrimetype/hun/2010/2-h-bj-2010-4.html,Hungary,276,332,answerdotai/ModernBERT-base,8949b909ec900327062f0ebf497f51aef5e6f0c8,1,1,1,1,1,1,1
805,https://www.unodc.org/cld/case-law-doc/traffickingpersonscrimetype/cze/2010/2_t_172009.html,Czechia,112,172,answerdotai/ModernBERT-base,8949b909ec900327062f0ebf497f51aef5e6f0c8,1,1,1,1,1,1,1
806,https://www.unodc.org/cld/case-law-doc/traffickingpersonscrimetype/ind/2010/bhola_nath_and_anr._v._state.html,India,412,514,answerdotai/ModernBERT-base,8949b909ec900327062f0ebf497f51aef5e6f0c8,0,1,1,1,1,1,1
807,https://www.unodc.org/cld/case-law-doc/traffickingpersonscrimetype/alb/2010/decision_no._99.html,Albania,87,102,answerdotai/ModernBERT-base,8949b909ec900327062f0ebf497f51aef5e6f0c8,1,1,1,1,1,1,1
808,https://www.unodc.org/cld/case-law-doc/traffickingpersonscrimetype/bra/2010/processo_n_2005.83.00.006886-8_.html,Brazil,101,117,answerdotai/ModernBERT-base,8949b909ec900327062f0ebf497f51aef5e6f0c8,1,1,1,1,1,1,1
809,https://www.unodc.org/cld/case-law-doc/traffickingpersonscrimetype/mda/2010/dosar_nr_1re_-_3432010.html,Republic of Moldova,35,43,answerdotai/ModernBERT-base,8949b909ec900327062f0ebf497f51aef5e6f0c8,1,1,1,1,1,1,1
810,https://www.unodc.org/cld/case-law-doc/traffickingpersonscrimetype/mda/2010/dosar_nr_1ra_-_1052010.html,Republic of Moldova,81,98,answerdotai/ModernBERT-base,8949b909ec900327062f0ebf497f51aef5e6f0c8,1,1,1,1,1,1,1
811,https://www.unodc.org/cld/case-law-doc/traffickingpersonscrimetype/bra/2010/criminal_appeal_-_acr_n_4507pe_2002.83.00.001446-9.html,Brazil,309,362,answerdotai/ModernBERT-base,8949b909ec900327062f0ebf497f51aef5e6f0c8,1,1,1,1,1,1,1
812,https://www.unodc.org/cld/case-law-doc/traffickingpersonscrimetype/bra/2010/acr_2002.83.00.001446-9.html,Brazil,69,112,answerdotai/ModernBERT-base,8949b909ec900327062f0ebf497f51aef5e6f0c8,1,1,1,1,1,1,1
813,https://www.unodc.org/cld/case-law-doc/traffickingpersonscrimetype/rou/2010/8451112009.html,Romania,90,104,answerdotai/ModernBERT-base,8949b909ec900327062f0ebf497f51aef5e6f0c8,1,1,1,1,1,1,1
814,https://www.unodc.org/cld/case-law-doc/traffickingpersonscrimetype/bra/2010/processo_n_97.0104597-1.html,Brazil,150,202,answerdotai/ModernBERT-base,8949b909ec900327062f0ebf497f51aef5e6f0c8,1,1,1,1,1,1,1
815,https://www.unodc.org/cld/case-law-doc/traffickingpersonscrimetype/bra/2010/processo_no._0004447-11.2005.4.05.8300.html,Brazil,330,452,answerdotai/ModernBERT-base,8949b909ec900327062f0ebf497f51aef5e6f0c8,1,1,1,1,1,1,1
816,https://www.unodc.org/cld/case-law-doc/traffickingpersonscrimetype/cze/2010/45_t_52009.html,Czechia,181,248,answerdotai/ModernBERT-base,8949b909ec900327062f0ebf497f51aef5e6f0c8,1,1,1,1,1,1,1
818,https://www.unodc.org/cld/case-law-doc/traffickingpersonscrimetype/isr/2010/anonymous_vs._alexander_lifshin_and_armen_ben.html,Israel,183,237,answerdotai/ModernBERT-base,8949b909ec900327062f0ebf497f51aef5e6f0c8,1,1,1,1,1,1,1
820,https://www.unodc.org/cld/case-law-doc/traffickingpersonscrimetype/bra/2010/processo_n_2006.72.10.001111-9.html,Brazil,110,149,answerdotai/ModernBERT-base,8949b909ec900327062f0ebf497f51aef5e6f0c8,1,1,1,1,1,1,1
822,https://www.unodc.org/cld/case-law-doc/traffickingpersonscrimetype/mda/2010/dosar_nr_1ra_-_212010.html,Republic of Moldova,56,72,answerdotai/ModernBERT-base,8949b909ec900327062f0ebf497f51aef5e6f0c8,1,1,1,1,1,1,1
823,https://www.unodc.org/cld/case-law-doc/traffickingpersonscrimetype/mda/2010/dosar_nr._1re_552010.html,Republic of Moldova,73,95,answerdotai/ModernBERT-base,8949b909ec900327062f0ebf497f51aef5e6f0c8,1,1,1,1,1,1,1
824,https://www.unodc.org/cld/case-law-doc/traffickingpersonscrimetype/arg/2010/case_n_2271.html,Argentina,212,254,answerdotai/ModernBERT-base,8949b909ec900327062f0ebf497f51aef5e6f0c8,1,1,1,1,1,1,1
825,https://www.unodc.org/cld/case-law-doc/traffickingpersonscrimetype/_irb/2010/case_of_rantsev_v._cyprus_and_russia_application_no._2596504.html,International and Regional Bodies,510,658,answerdotai/ModernBERT-base,8949b909ec900327062f0ebf497f51aef5e6f0c8,0,1,1,1,1,1,1
826,https://www.unodc.org/cld/case-law-doc/traffickingpersonscrimetype/_irb/2010/rantsev_v._cyprus_and_russia.html,International and Regional Bodies,510,658,answerdotai/ModernBERT-base,8949b909ec900327062f0ebf497f51aef5e6f0c8,0,1,1,1,1,1,1
827,https://www.unodc.org/cld/case-law-doc/traffickingpersonscrimetype/khm/2010/criminal_case_738_.html,Cambodia,79,92,answerdotai/ModernBERT-base,8949b909ec900327062f0ebf497f51aef5e6f0c8,1,1,1,1,1,1,1
828,https://www.unodc.org/cld/case-law-doc/traffickingpersonscrimetype/col/2010/proceso_no._2006-01458.html,Colombia,266,353,answerdotai/ModernBERT-base,8949b909ec900327062f0ebf497f51aef5e6f0c8,1,1,1,1,1,1,1
829,https://www.unodc.org/cld/case-law-doc/traffickingpersonscrimetype/arg/2010/causa_1911-10.html,Argentina,158,202,answerdotai/ModernBERT-base,8949b909ec900327062f0ebf497f51aef5e6f0c8,1,1,1,1,1,1,1
831,https://www.unodc.org/cld/case-law-doc/traffickingpersonscrimetype/khm/2009/case_50125.02.09_.html,Cambodia,110,143,answerdotai/ModernBERT-base,8949b909ec900327062f0ebf497f51aef5e6f0c8,1,1,1,1,1,1,1
832,https://www.unodc.org/cld/case-law-doc/traffickingpersonscrimetype/phl/2009/crim._case_no._06-242304.html,Philippines,90,116,answerdotai/ModernBERT-base,8949b909ec900327062f0ebf497f51aef5e6f0c8,1,1,1,1,1,1,1
833,https://www.unodc.org/cld/case-law-doc/traffickingpersonscrimetype/col/2009/gil.html,Colombia,73,100,answerdotai/ModernBERT-base,8949b909ec900327062f0ebf497f51aef5e6f0c8,1,1,1,1,1,1,1
834,https://www.unodc.org/cld/case-law-doc/traffickingpersonscrimetype/nld/2009/eclinlrbsgr2009bk8237.html,Netherlands (Kingdom of the),324,394,answerdotai/ModernBERT-base,8949b909ec900327062f0ebf497f51aef5e6f0c8,1,1,1,1,1,1,1
835,https://www.unodc.org/cld/case-law-doc/traffickingpersonscrimetype/aus/2009/r_v_dobie_2009_236_flr_455.html,Australia,1071,1378,answerdotai/ModernBERT-base,8949b909ec900327062f0ebf497f51aef5e6f0c8,0,0,1,1,1,1,1
836,https://www.unodc.org/cld/case-law-doc/traffickingpersonscrimetype/bra/2009/acr_70027409499_rs.html,Brazil,166,197,answerdotai/ModernBERT-base,8949b909ec900327062f0ebf497f51aef5e6f0c8,1,1,1,1,1,1,1
837,https://www.unodc.org/cld/case-law-doc/criminalgroupcrimetype/usa/2009/united_states_v._jesus_perez-laguna.html,United States of America,259,331,answerdotai/ModernBERT-base,8949b909ec900327062f0ebf497f51aef5e6f0c8,1,1,1,1,1,1,1
839,https://www.unodc.org/cld/case-law-doc/traffickingpersonscrimetype/ecu/2009/juicio_no._460-2009.html,Ecuador,62,70,answerdotai/ModernBERT-base,8949b909ec900327062f0ebf497f51aef5e6f0c8,1,1,1,1,1,1,1
840,https://www.unodc.org/cld/case-law-doc/traffickingpersonscrimetype/geo/2009/13878-09_.html,Georgia,381,509,answerdotai/ModernBERT-base,8949b909ec900327062f0ebf497f51aef5e6f0c8,1,1,1,1,1,1,1
842,https://www.unodc.org/cld/case-law-doc/drugcrimetype/cze/2009/17_t_152007.html,Czechia,58,77,answerdotai/ModernBERT-base,8949b909ec900327062f0ebf497f51aef5e6f0c8,1,1,1,1,1,1,1
843,https://www.unodc.org/cld/case-law-doc/traffickingpersonscrimetype/arg/2009/sentencia_no_3509.html,Argentina,769,1011,answerdotai/ModernBERT-base,8949b909ec900327062f0ebf497f51aef5e6f0c8,0,1,1,1,1,1,1
844,https://www.unodc.org/cld/case-law-doc/traffickingpersonscrimetype/khm/2009/criminal_case_166.20.02.09.html,Cambodia,156,218,answerdotai/ModernBERT-base,8949b909ec900327062f0ebf497f51aef5e6f0c8,1,1,1,1,1,1,1
846,https://www.unodc.org/cld/case-law-doc/traffickingpersonscrimetype/bra/2009/acr_993.07.110179-6_sp.html,Brazil,90,114,answerdotai/ModernBERT-base,8949b909ec900327062f0ebf497f51aef5e6f0c8,1,1,1,1,1,1,1
847,https://www.unodc.org/cld/case-law-doc/traffickingpersonscrimetype/mda/2009/dosar_nr_1re_-12202009.html,Republic of Moldova,67,83,answerdotai/ModernBERT-base,8949b909ec900327062f0ebf497f51aef5e6f0c8,1,1,1,1,1,1,1
848,https://www.unodc.org/cld/case-law-doc/traffickingpersonscrimetype/phl/2009/crim._case_no._q-06-14402.html,Philippines,184,248,answerdotai/ModernBERT-base,8949b909ec900327062f0ebf497f51aef5e6f0c8,1,1,1,1,1,1,1
849,https://www.unodc.org/cld/case-law-doc/traffickingpersonscrimetype/usa/2009/united_states_v._valenzuela_et_al.html,United States of America,101,129,answerdotai/ModernBERT-base,8949b909ec900327062f0ebf497f51aef5e6f0c8,1,1,1,1,1,1,1
850,https://www.unodc.org/cld/case-law-doc/traffickingpersonscrimetype/usa/2009/united_states_v._christopher_m._cockrell.html,United States of America,124,159,answerdotai/ModernBERT-base,8949b909ec900327062f0ebf497f51aef5e6f0c8,1,1,1,1,1,1,1
851,https://www.unodc.org/cld/case-law-doc/traffickingpersonscrimetype/mda/2009/dosar_nr_1ra_-_11022009.html,Republic of Moldova,165,204,answerdotai/ModernBERT-base,8949b909ec900327062f0ebf497f51aef5e6f0c8,1,1,1,1,1,1,1
852,https://www.unodc.org/cld/case-law-doc/traffickingpersonscrimetype/svk/2009/1_t_1192009_.html,Slovakia,234,318,answerdotai/ModernBERT-base,8949b909ec900327062f0ebf497f51aef5e6f0c8,1,1,1,1,1,1,1
853,https://www.unodc.org/cld/case-law-doc/traffickingpersonscrimetype/usa/2009/united_states_v._carreto_et_al.html,United States of America,228,334,answerdotai/ModernBERT-base,8949b909ec900327062f0ebf497f51aef5e6f0c8,1,1,1,1,1,1,1
854,https://www.unodc.org/cld/case-law-doc/traffickingpersonscrimetype/col/2009/proceso_no._2009-00101.html,Colombia,254,318,answerdotai/ModernBERT-base,8949b909ec900327062f0ebf497f51aef5e6f0c8,1,1,1,1,1,1,1
855,https://www.unodc.org/cld/case-law-doc/traffickingpersonscrimetype/phl/2009/crim._case_no._09-0113-cfm.html,Philippines,33,42,answerdotai/ModernBERT-base,8949b909ec900327062f0ebf497f51aef5e6f0c8,1,1,1,1,1,1,1
856,https://www.unodc.org/cld/case-law-doc/traffickingpersonscrimetype/bel/2009/correctional_tribunal_of_gent_16-11-2009.html,Belgium,73,84,answerdotai/ModernBERT-base,8949b909ec900327062f0ebf497f51aef5e6f0c8,1,1,1,1,1,1,1
857,https://www.unodc.org/cld/case-law-doc/traffickingpersonscrimetype/mda/2009/dosar_nr_1ra_-_10982009.html,Republic of Moldova,86,113,answerdotai/ModernBERT-base,8949b909ec900327062f0ebf497f51aef5e6f0c8,1,1,1,1,1,1,1
858,https://www.unodc.org/cld/case-law-doc/traffickingpersonscrimetype/pol/2009/poland_v._mirosaw_._i_ewa_.html,Poland,124,147,answerdotai/ModernBERT-base,8949b909ec900327062f0ebf497f51aef5e6f0c8,1,1,1,1,1,1,1
859,https://www.unodc.org/cld/case-law-doc/traffickingpersonscrimetype/isr/2009/a._and_g._vs._state_of_israel.html,Israel,658,779,answerdotai/ModernBERT-base,8949b909ec900327062f0ebf497f51aef5e6f0c8,0,1,1,1,1,1,1
860,https://www.unodc.org/cld/case-law-doc/traffickingpersonscrimetype/tha/2009/wipaporn_songmeesap.html,Thailand,105,129,answerdotai/ModernBERT-base,8949b909ec900327062f0ebf497f51aef5e6f0c8,1,1,1,1,1,1,1
861,https://www.unodc.org/cld/case-law-doc/traffickingpersonscrimetype/rou/2009/1170032008.html,Romania,97,132,answerdotai/ModernBERT-base,8949b909ec900327062f0ebf497f51aef5e6f0c8,1,1,1,1,1,1,1
862,https://www.unodc.org/cld/case-law-doc/traffickingpersonscrimetype/can/2009/downey_thompson_and_roberts.html,Canada,457,571,answerdotai/ModernBERT-base,8949b909ec900327062f0ebf497f51aef5e6f0c8,0,1,1,1,1,1,1
863,https://www.unodc.org/cld/case-law-doc/traffickingpersonscrimetype/usa/2009/adhikari_et_al._v._daoud_partners_et_al.html,United States of America,510,635,answerdotai/ModernBERT-base,8949b909ec900327062f0ebf497f51aef5e6f0c8,0,1,1,1,1,1,1
864,https://www.unodc.org/cld/case-law-doc/traffickingpersonscrimetype/phl/2009/crim._cases_nos._05-239627-31.html,Philippines,68,86,answerdotai/ModernBERT-base,8949b909ec900327062f0ebf497f51aef5e6f0c8,1,1,1,1,1,1,1
865,https://www.unodc.org/cld/case-law-doc/traffickingpersonscrimetype/aus/2009/mcivor_v_r_tanuchit_v_r_2009_nswcca_264_.html,Australia,3116,4356,answerdotai/ModernBERT-base,8949b909ec900327062f0ebf497f51aef5e6f0c8,0,0,0,0,0,0,1
866,https://www.unodc.org/cld/case-law-doc/traffickingpersonscrimetype/nld/2009/diamond_city.html,Netherlands (Kingdom of the),151,185,answerdotai/ModernBERT-base,8949b909ec900327062f0ebf497f51aef5e6f0c8,1,1,1,1,1,1,1
867,https://www.unodc.org/cld/case-law-doc/traffickingpersonscrimetype/mus/2009/police_v_martinet_cg_and_others.html,Mauritius,316,393,answerdotai/ModernBERT-base,8949b909ec900327062f0ebf497f51aef5e6f0c8,1,1,1,1,1,1,1
868,https://www.unodc.org/cld/case-law-doc/traffickingpersonscrimetype/bra/2009/processo_1999.61.81006981-4_.html,Brazil,119,163,answerdotai/ModernBERT-base,8949b909ec900327062f0ebf497f51aef5e6f0c8,1,1,1,1,1,1,1
870,https://www.unodc.org/cld/case-law-doc/criminalgroupcrimetype/aut/2009/15os11709h.html,Austria,169,242,answerdotai/ModernBERT-base,8949b909ec900327062f0ebf497f51aef5e6f0c8,1,1,1,1,1,1,1
873,https://www.unodc.org/cld/case-law-doc/traffickingpersonscrimetype/usa/2009/united_states_v._marie_pompee.html,United States of America,113,141,answerdotai/ModernBERT-base,8949b909ec900327062f0ebf497f51aef5e6f0c8,1,1,1,1,1,1,1
874,https://www.unodc.org/cld/case-law-doc/traffickingpersonscrimetype/rou/2009/case_ca_alba_93-a-2009.html,Romania,124,160,answerdotai/ModernBERT-base,8949b909ec900327062f0ebf497f51aef5e6f0c8,1,1,1,1,1,1,1
875,https://www.unodc.org/cld/case-law-doc/traffickingpersonscrimetype/rou/2009/case_ca_alba_20a-2009.html,Romania,83,97,answerdotai/ModernBERT-base,8949b909ec900327062f0ebf497f51aef5e6f0c8,1,1,1,1,1,1,1
876,https://www.unodc.org/cld/case-law-doc/traffickingpersonscrimetype/svk/2009/2_to_222009_.html,Slovakia,444,596,answerdotai/ModernBERT-base,8949b909ec900327062f0ebf497f51aef5e6f0c8,0,1,1,1,1,1,1
877,https://www.unodc.org/cld/case-law-doc/traffickingpersonscrimetype/tha/2009/jeerasak_or_thong-in_meesang.html,Thailand,264,321,answerdotai/ModernBERT-base,8949b909ec900327062f0ebf497f51aef5e6f0c8,1,1,1,1,1,1,1
878,https://www.unodc.org/cld/case-law-doc/traffickingpersonscrimetype/rou/2009/case_ca_alba_19a-2009.html,Romania,359,464,answerdotai/ModernBERT-base,8949b909ec900327062f0ebf497f51aef5e6f0c8,1,1,1,1,1,1,1
879,https://www.unodc.org/cld/case-law-doc/traffickingpersonscrimetype/bra/2009/acr_20098958_se.html,Brazil,184,242,answerdotai/ModernBERT-base,8949b909ec900327062f0ebf497f51aef5e6f0c8,1,1,1,1,1,1,1
880,https://www.unodc.org/cld/case-law-doc/traffickingpersonscrimetype/rou/2009/882009.html,Romania,148,191,answerdotai/ModernBERT-base,8949b909ec900327062f0ebf497f51aef5e6f0c8,1,1,1,1,1,1,1
882,https://www.unodc.org/cld/case-law-doc/traffickingpersonscrimetype/rou/2009/case_ca_cluj_86-2009.html,Romania,122,155,answerdotai/ModernBERT-base,8949b909ec900327062f0ebf497f51aef5e6f0c8,1,1,1,1,1,1,1
883,https://www.unodc.org/cld/case-law-doc/traffickingpersonscrimetype/nga/2009/federal_republic_of_nigeria_v._favour_anware_okwuede.html,Nigeria,317,403,answerdotai/ModernBERT-base,8949b909ec900327062f0ebf497f51aef5e6f0c8,1,1,1,1,1,1,1
884,https://www.unodc.org/cld/case-law-doc/traffickingpersonscrimetype/hun/2009/20-h-bj-2009-11.html,Hungary,177,204,answerdotai/ModernBERT-base,8949b909ec900327062f0ebf497f51aef5e6f0c8,1,1,1,1,1,1,1
885,https://www.unodc.org/cld/case-law-doc/traffickingpersonscrimetype/cri/2009/g._v._j..html,Costa Rica,145,179,answerdotai/ModernBERT-base,8949b909ec900327062f0ebf497f51aef5e6f0c8,1,1,1,1,1,1,1
886,https://www.unodc.org/cld/case-law-doc/traffickingpersonscrimetype/srb/2009/presuda_kz_i_120182009.html,Serbia,95,116,answerdotai/ModernBERT-base,8949b909ec900327062f0ebf497f51aef5e6f0c8,1,1,1,1,1,1,1
887,https://www.unodc.org/cld/case-law-doc/traffickingpersonscrimetype/bra/2009/processo_n_2001.38.03.002448-8_.html,Brazil,205,284,answerdotai/ModernBERT-base,8949b909ec900327062f0ebf497f51aef5e6f0c8,1,1,1,1,1,1,1
888,https://www.unodc.org/cld/case-law-doc/traffickingpersonscrimetype/slv/2009/criminal_case_72-4-09.html,El Salvador,176,225,answerdotai/ModernBERT-base,8949b909ec900327062f0ebf497f51aef5e6f0c8,1,1,1,1,1,1,1
889,https://www.unodc.org/cld/case-law-doc/traffickingpersonscrimetype/bra/2009/acr_2006.72.03.003070-2_trf4.html,Brazil,153,226,answerdotai/ModernBERT-base,8949b909ec900327062f0ebf497f51aef5e6f0c8,1,1,1,1,1,1,1
890,https://www.unodc.org/cld/case-law-doc/traffickingpersonscrimetype/slv/2009/orellana.html,El Salvador,76,92,answerdotai/ModernBERT-base,8949b909ec900327062f0ebf497f51aef5e6f0c8,1,1,1,1,1,1,1
892,https://www.unodc.org/cld/case-law-doc/traffickingpersonscrimetype/bra/2009/acr_9500309858rj_trf2.html,Brazil,220,316,answerdotai/ModernBERT-base,8949b909ec900327062f0ebf497f51aef5e6f0c8,1,1,1,1,1,1,1
893,https://www.unodc.org/cld/case-law-doc/traffickingpersonscrimetype/cze/2009/1_t_92007.html,Czechia,50,66,answerdotai/ModernBERT-base,8949b909ec900327062f0ebf497f51aef5e6f0c8,1,1,1,1,1,1,1
894,https://www.unodc.org/cld/case-law-doc/traffickingpersonscrimetype/bra/2009/processo_n_2005.70.03.005598-2.html,Brazil,212,281,answerdotai/ModernBERT-base,8949b909ec900327062f0ebf497f51aef5e6f0c8,1,1,1,1,1,1,1
895,https://www.unodc.org/cld/case-law-doc/traffickingpersonscrimetype/mda/2009/dosar_nr._1ra_7072009.html,Republic of Moldova,90,117,answerdotai/ModernBERT-base,8949b909ec900327062f0ebf497f51aef5e6f0c8,1,1,1,1,1,1,1
896,https://www.unodc.org/cld/case-law-doc/traffickingpersonscrimetype/khm/2009/h._s._d._s..html,Cambodia,316,418,answerdotai/ModernBERT-base,8949b909ec900327062f0ebf497f51aef5e6f0c8,1,1,1,1,1,1,1
897,https://www.unodc.org/cld/case-law-doc/traffickingpersonscrimetype/aus/2009/r_v_wei_tang_2009_23_vr_332.html,Australia,1020,1314,answerdotai/ModernBERT-base,8949b909ec900327062f0ebf497f51aef5e6f0c8,0,0,1,1,1,1,1
898,https://www.unodc.org/cld/case-law-doc/traffickingpersonscrimetype/usa/2009/united_states_v._oscar_mondragon.html,United States of America,112,130,answerdotai/ModernBERT-base,8949b909ec900327062f0ebf497f51aef5e6f0c8,1,1,1,1,1,1,1
900,https://www.unodc.org/cld/case-law-doc/traffickingpersonscrimetype/phl/2009/crim._case_no._13462.html,Philippines,80,99,answerdotai/ModernBERT-base,8949b909ec900327062f0ebf497f51aef5e6f0c8,1,1,1,1,1,1,1
901,https://www.unodc.org/cld/case-law-doc/traffickingpersonscrimetype/ind/2009/guria_swayam_sevi_sansthan_versus_state_of_u.p._and_others.html,India,671,791,answerdotai/ModernBERT-base,8949b909ec900327062f0ebf497f51aef5e6f0c8,0,1,1,1,1,1,1
902,https://www.unodc.org/cld/case-law-doc/traffickingpersonscrimetype/aze/2009/case_no._102-384-2009.html,Azerbaijan,37,46,answerdotai/ModernBERT-base,8949b909ec900327062f0ebf497f51aef5e6f0c8,1,1,1,1,1,1,1
903,https://www.unodc.org/cld/case-law-doc/traffickingpersonscrimetype/slv/2009/1101-87-2009_78-ap-l-2009-3.html,El Salvador,405,511,answerdotai/ModernBERT-base,8949b909ec900327062f0ebf497f51aef5e6f0c8,1,1,1,1,1,1,1
904,https://www.unodc.org/cld/case-law-doc/traffickingpersonscrimetype/mda/2009/dosar_nr._1ra_8202009.html,Republic of Moldova,89,108,answerdotai/ModernBERT-base,8949b909ec900327062f0ebf497f51aef5e6f0c8,1,1,1,1,1,1,1
905,https://www.unodc.org/cld/case-law-doc/traffickingpersonscrimetype/usa/2009/united_states_v._byron_thompson.html,United States of America,215,263,answerdotai/ModernBERT-base,8949b909ec900327062f0ebf497f51aef5e6f0c8,1,1,1,1,1,1,1
906,https://www.unodc.org/cld/case-law-doc/traffickingpersonscrimetype/col/2009/m.n.a.a..html,Colombia,198,256,answerdotai/ModernBERT-base,8949b909ec900327062f0ebf497f51aef5e6f0c8,1,1,1,1,1,1,1
907,https://www.unodc.org/cld/case-law-doc/traffickingpersonscrimetype/arg/2009/irala_et_al.html,Argentina,249,343,answerdotai/ModernBERT-base,8949b909ec900327062f0ebf497f51aef5e6f0c8,1,1,1,1,1,1,1
909,https://www.unodc.org/cld/case-law-doc/traffickingpersonscrimetype/mda/2009/dosar_nr_1ra_-_26909.html,Republic of Moldova,36,50,answerdotai/ModernBERT-base,8949b909ec900327062f0ebf497f51aef5e6f0c8,1,1,1,1,1,1,1
910,https://www.unodc.org/cld/case-law-doc/traffickingpersonscrimetype/dnk/2009/western_high_court_judgment_1_july_2009.html,Denmark,651,791,answerdotai/ModernBERT-base,8949b909ec900327062f0ebf497f51aef5e6f0c8,0,1,1,1,1,1,1
913,https://www.unodc.org/cld/case-law-doc/traffickingpersonscrimetype/arg/2009/case_n_290009.html,Argentina,97,118,answerdotai/ModernBERT-base,8949b909ec900327062f0ebf497f51aef5e6f0c8,1,1,1,1,1,1,1
915,https://www.unodc.org/cld/case-law-doc/traffickingpersonscrimetype/srb/2009/vi_k.br._39108_.html,Serbia,157,184,answerdotai/ModernBERT-base,8949b909ec900327062f0ebf497f51aef5e6f0c8,1,1,1,1,1,1,1
916,https://www.unodc.org/cld/case-law-doc/traffickingpersonscrimetype/bra/2009/acr_2007.36.00.008024-1mt.html,Brazil,232,330,answerdotai/ModernBERT-base,8949b909ec900327062f0ebf497f51aef5e6f0c8,1,1,1,1,1,1,1
917,https://www.unodc.org/cld/case-law-doc/criminalgroupcrimetype/bra/2009/processo_n_2009.03.00.014160-5.html,Brazil,141,175,answerdotai/ModernBERT-base,8949b909ec900327062f0ebf497f51aef5e6f0c8,1,1,1,1,1,1,1
918,https://www.unodc.org/cld/case-law-doc/criminalgroupcrimetype/bra/2009/processo_2009.03.00.014160-5.html,Brazil,295,362,answerdotai/ModernBERT-base,8949b909ec900327062f0ebf497f51aef5e6f0c8,1,1,1,1,1,1,1
919,https://www.unodc.org/cld/case-law-doc/traffickingpersonscrimetype/bra/2009/acr_2009.006064-9_sc.html,Brazil,102,127,answerdotai/ModernBERT-base,8949b909ec900327062f0ebf497f51aef5e6f0c8,1,1,1,1,1,1,1
920,https://www.unodc.org/cld/case-law-doc/traffickingpersonscrimetype/rou/2009/case_ca_brasov_43-ap-2009.html,Romania,371,435,answerdotai/ModernBERT-base,8949b909ec900327062f0ebf497f51aef5e6f0c8,1,1,1,1,1,1,1
921,https://www.unodc.org/cld/case-law-doc/traffickingpersonscrimetype/mda/2009/dosar_nr._1ra_6322009.html,Republic of Moldova,53,65,answerdotai/ModernBERT-base,8949b909ec900327062f0ebf497f51aef5e6f0c8,1,1,1,1,1,1,1
922,https://www.unodc.org/cld/case-law-doc/traffickingpersonscrimetype/tur/2009/case_no._2008_19262.html,Türkiye,52,65,answerdotai/ModernBERT-base,8949b909ec900327062f0ebf497f51aef5e6f0c8,1,1,1,1,1,1,1
924,https://www.unodc.org/cld/case-law-doc/traffickingpersonscrimetype/usa/2009/m.k.s._et_al._v._major_w._kh_n.s._a.s._et_al._.html,United States of America,62,76,answerdotai/ModernBERT-base,8949b909ec900327062f0ebf497f51aef5e6f0c8,1,1,1,1,1,1,1
925,https://www.unodc.org/cld/case-law-doc/traffickingpersonscrimetype/swe/2009/case_no_b_1479-09.html,Sweden,160,186,answerdotai/ModernBERT-base,8949b909ec900327062f0ebf497f51aef5e6f0c8,1,1,1,1,1,1,1
926,https://www.unodc.org/cld/case-law-doc/traffickingpersonscrimetype/svk/2009/2_t_1512005_.html,Slovakia,337,459,answerdotai/ModernBERT-base,8949b909ec900327062f0ebf497f51aef5e6f0c8,1,1,1,1,1,1,1
928,https://www.unodc.org/cld/case-law-doc/traffickingpersonscrimetype/mda/2009/dosar_nr._1ra_59709.html,Republic of Moldova,110,139,answerdotai/ModernBERT-base,8949b909ec900327062f0ebf497f51aef5e6f0c8,1,1,1,1,1,1,1
929,https://www.unodc.org/cld/case-law-doc/traffickingpersonscrimetype/mda/2009/dosar_nr._1ra_67409.html,Republic of Moldova,234,270,answerdotai/ModernBERT-base,8949b909ec900327062f0ebf497f51aef5e6f0c8,1,1,1,1,1,1,1
930,https://www.unodc.org/cld/case-law-doc/traffickingpersonscrimetype/bra/2009/processo_n_2005.72.09.000609-8.html,Brazil,184,247,answerdotai/ModernBERT-base,8949b909ec900327062f0ebf497f51aef5e6f0c8,1,1,1,1,1,1,1
931,https://www.unodc.org/cld/case-law-doc/moneylaunderingcrimetype/col/2009/munoz.html,Colombia,67,81,answerdotai/ModernBERT-base,8949b909ec900327062f0ebf497f51aef5e6f0c8,1,1,1,1,1,1,1
932,https://www.unodc.org/cld/case-law-doc/traffickingpersonscrimetype/mda/2009/dosar_nr._1ra_73109.html,Republic of Moldova,163,206,answerdotai/ModernBERT-base,8949b909ec900327062f0ebf497f51aef5e6f0c8,1,1,1,1,1,1,1
934,https://www.unodc.org/cld/case-law-doc/traffickingpersonscrimetype/tha/2009/kulab_or_rampueng_thongmeesri_or_sai-utah.html,Thailand,229,266,answerdotai/ModernBERT-base,8949b909ec900327062f0ebf497f51aef5e6f0c8,1,1,1,1,1,1,1
935,https://www.unodc.org/cld/case-law-doc/traffickingpersonscrimetype/isr/2009/anonymous_vs._anonymous.html,Israel,73,89,answerdotai/ModernBERT-base,8949b909ec900327062f0ebf497f51aef5e6f0c8,1,1,1,1,1,1,1
936,https://www.unodc.org/cld/case-law-doc/traffickingpersonscrimetype/mda/2009/dosar_nr._1ra_5112009.html,Republic of Moldova,88,124,answerdotai/ModernBERT-base,8949b909ec900327062f0ebf497f51aef5e6f0c8,1,1,1,1,1,1,1
937,https://www.unodc.org/cld/case-law-doc/corruptioncrimetype/srb/2009/kz_i_2880-08.html,Serbia,100,116,answerdotai/ModernBERT-base,8949b909ec900327062f0ebf497f51aef5e6f0c8,1,1,1,1,1,1,1
938,https://www.unodc.org/cld/case-law-doc/traffickingpersonscrimetype/usa/2009/united_states_v._lynda_dieu_phan_justin_phan_duc_cao_nguyen.html,United States of America,274,328,answerdotai/ModernBERT-base,8949b909ec900327062f0ebf497f51aef5e6f0c8,1,1,1,1,1,1,1
940,https://www.unodc.org/cld/case-law-doc/traffickingpersonscrimetype/prt/2009/processo_502.7zrc.html,Portugal,63,75,answerdotai/ModernBERT-base,8949b909ec900327062f0ebf497f51aef5e6f0c8,1,1,1,1,1,1,1
941,https://www.unodc.org/cld/case-law-doc/traffickingpersonscrimetype/mda/2009/dosar_nr._1ra_5782009.html,Republic of Moldova,89,122,answerdotai/ModernBERT-base,8949b909ec900327062f0ebf497f51aef5e6f0c8,1,1,1,1,1,1,1
942,https://www.unodc.org/cld/case-law-doc/traffickingpersonscrimetype/idn/2009/880_kpid_sus2009_.html,Indonesia,162,180,answerdotai/ModernBERT-base,8949b909ec900327062f0ebf497f51aef5e6f0c8,1,1,1,1,1,1,1
943,https://www.unodc.org/cld/case-law-doc/traffickingpersonscrimetype/mda/2009/dosar_nr._1ra_5132009.html,Republic of Moldova,80,93,answerdotai/ModernBERT-base,8949b909ec900327062f0ebf497f51aef5e6f0c8,1,1,1,1,1,1,1
944,https://www.unodc.org/cld/case-law-doc/traffickingpersonscrimetype/svk/2009/1_t_1032003_.html,Slovakia,371,486,answerdotai/ModernBERT-base,8949b909ec900327062f0ebf497f51aef5e6f0c8,1,1,1,1,1,1,1
945,https://www.unodc.org/cld/case-law-doc/traffickingpersonscrimetype/mda/2009/dosar_nr_1ra_-_4332009.html,Republic of Moldova,97,111,answerdotai/ModernBERT-base,8949b909ec900327062f0ebf497f51aef5e6f0c8,1,1,1,1,1,1,1
946,https://www.unodc.org/cld/case-law-doc/traffickingpersonscrimetype/mda/2009/dosar_nr_1ra_-_4072009.html,Republic of Moldova,91,109,answerdotai/ModernBERT-base,8949b909ec900327062f0ebf497f51aef5e6f0c8,1,1,1,1,1,1,1
947,https://www.unodc.org/cld/case-law-doc/traffickingpersonscrimetype/mda/2009/dosar_nr._1ra_5762009.html,Republic of Moldova,44,61,answerdotai/ModernBERT-base,8949b909ec900327062f0ebf497f51aef5e6f0c8,1,1,1,1,1,1,1
948,https://www.unodc.org/cld/case-law-doc/traffickingpersonscrimetype/rou/2009/case_ca_brasov_29-ap_2009.html,Romania,204,258,answerdotai/ModernBERT-base,8949b909ec900327062f0ebf497f51aef5e6f0c8,1,1,1,1,1,1,1
950,https://www.unodc.org/cld/case-law-doc/traffickingpersonscrimetype/tha/2009/teerapong_or_pa-kack_khemthong_and_others.html,Thailand,382,442,answerdotai/ModernBERT-base,8949b909ec900327062f0ebf497f51aef5e6f0c8,1,1,1,1,1,1,1
951,https://www.unodc.org/cld/case-law-doc/traffickingpersonscrimetype/esp/2009/benita_et_al.html,Spain,233,297,answerdotai/ModernBERT-base,8949b909ec900327062f0ebf497f51aef5e6f0c8,1,1,1,1,1,1,1
953,https://www.unodc.org/cld/case-law-doc/traffickingpersonscrimetype/bra/2009/sentenca_2006.72.03.003070-2_jfsc.html,Brazil,151,227,answerdotai/ModernBERT-base,8949b909ec900327062f0ebf497f51aef5e6f0c8,1,1,1,1,1,1,1
954,https://www.unodc.org/cld/case-law-doc/traffickingpersonscrimetype/usa/2009/united_states_v._farrell.html,United States of America,403,498,answerdotai/ModernBERT-base,8949b909ec900327062f0ebf497f51aef5e6f0c8,1,1,1,1,1,1,1
955,https://www.unodc.org/cld/case-law-doc/traffickingpersonscrimetype/gtm/2009/ambc_mcb_cepm_mlcg.html,Guatemala,77,91,answerdotai/ModernBERT-base,8949b909ec900327062f0ebf497f51aef5e6f0c8,1,1,1,1,1,1,1
956,https://www.unodc.org/cld/case-law-doc/traffickingpersonscrimetype/bgr/2009/case_no._1572009.html,Bulgaria,42,62,answerdotai/ModernBERT-base,8949b909ec900327062f0ebf497f51aef5e6f0c8,1,1,1,1,1,1,1
958,https://www.unodc.org/cld/case-law-doc/traffickingpersonscrimetype/can/2009/vilutis.html,Canada,248,358,answerdotai/ModernBERT-base,8949b909ec900327062f0ebf497f51aef5e6f0c8,1,1,1,1,1,1,1
959,https://www.unodc.org/cld/case-law-doc/traffickingpersonscrimetype/mda/2009/dosar_nr_1ra_-_5032009.html,Republic of Moldova,35,45,answerdotai/ModernBERT-base,8949b909ec900327062f0ebf497f51aef5e6f0c8,1,1,1,1,1,1,1
960,https://www.unodc.org/cld/case-law-doc/traffickingpersonscrimetype/kaz/2009/shartanbayev_and_kim.html,Kazakhstan,97,117,answerdotai/ModernBERT-base,8949b909ec900327062f0ebf497f51aef5e6f0c8,1,1,1,1,1,1,1
961,https://www.unodc.org/cld/case-law-doc/traffickingpersonscrimetype/rou/2009/criminal_decision_no._452009_.html,Romania,137,175,answerdotai/ModernBERT-base,8949b909ec900327062f0ebf497f51aef5e6f0c8,1,1,1,1,1,1,1
962,https://www.unodc.org/cld/case-law-doc/traffickingpersonscrimetype/can/2009/emerson.html,Canada,213,256,answerdotai/ModernBERT-base,8949b909ec900327062f0ebf497f51aef5e6f0c8,1,1,1,1,1,1,1
963,https://www.unodc.org/cld/case-law-doc/traffickingpersonscrimetype/bgr/2009/case_no._782009.html,Bulgaria,133,168,answerdotai/ModernBERT-base,8949b909ec900327062f0ebf497f51aef5e6f0c8,1,1,1,1,1,1,1
964,https://www.unodc.org/cld/case-law-doc/traffickingpersonscrimetype/usa/2009/united_states_v._jorge_flores-rojas.html,United States of America,125,177,answerdotai/ModernBERT-base,8949b909ec900327062f0ebf497f51aef5e6f0c8,1,1,1,1,1,1,1
966,https://www.unodc.org/cld/case-law-doc/traffickingpersonscrimetype/usa/2009/united_states_v._don_l._elbert_ii.html,United States of America,108,138,answerdotai/ModernBERT-base,8949b909ec900327062f0ebf497f51aef5e6f0c8,1,1,1,1,1,1,1
967,https://www.unodc.org/cld/case-law-doc/traffickingpersonscrimetype/usa/2009/united_states_v._yingji_jin.html,United States of America,68,86,answerdotai/ModernBERT-base,8949b909ec900327062f0ebf497f51aef5e6f0c8,1,1,1,1,1,1,1
968,https://www.unodc.org/cld/case-law-doc/traffickingpersonscrimetype/rou/2009/case_ca_bacau_47-2009.html,Romania,288,369,answerdotai/ModernBERT-base,8949b909ec900327062f0ebf497f51aef5e6f0c8,1,1,1,1,1,1,1
971,https://www.unodc.org/cld/case-law-doc/traffickingpersonscrimetype/mda/2009/dosar_nr_1ra_-_3822009.html,Republic of Moldova,78,98,answerdotai/ModernBERT-base,8949b909ec900327062f0ebf497f51aef5e6f0c8,1,1,1,1,1,1,1
972,https://www.unodc.org/cld/case-law-doc/traffickingpersonscrimetype/dnk/2009/danish_supreme_court_judgment_23_march_2009.html,Denmark,363,415,answerdotai/ModernBERT-base,8949b909ec900327062f0ebf497f51aef5e6f0c8,1,1,1,1,1,1,1
973,https://www.unodc.org/cld/case-law-doc/traffickingpersonscrimetype/rou/2009/case_no._336221102006_.html,Romania,187,243,answerdotai/ModernBERT-base,8949b909ec900327062f0ebf497f51aef5e6f0c8,1,1,1,1,1,1,1
974,https://www.unodc.org/cld/case-law-doc/traffickingpersonscrimetype/rou/2009/336221102006_.html,Romania,195,253,answerdotai/ModernBERT-base,8949b909ec900327062f0ebf497f51aef5e6f0c8,1,1,1,1,1,1,1
975,https://www.unodc.org/cld/case-law-doc/traffickingpersonscrimetype/col/2009/r.h.c._j.c.m._and_s.c.c..html,Colombia,186,220,answerdotai/ModernBERT-base,8949b909ec900327062f0ebf497f51aef5e6f0c8,1,1,1,1,1,1,1
976,https://www.unodc.org/cld/case-law-doc/traffickingpersonscrimetype/phl/2009/crim._case_no._cbu-77031.html,Philippines,87,107,answerdotai/ModernBERT-base,8949b909ec900327062f0ebf497f51aef5e6f0c8,1,1,1,1,1,1,1
977,https://www.unodc.org/cld/case-law-doc/traffickingpersonscrimetype/mda/2009/dosar_nr_1ra_-_2932009.html,Republic of Moldova,154,190,answerdotai/ModernBERT-base,8949b909ec900327062f0ebf497f51aef5e6f0c8,1,1,1,1,1,1,1
978,https://www.unodc.org/cld/case-law-doc/traffickingpersonscrimetype/phl/2009/criminal_case_no._9035.html,Philippines,233,306,answerdotai/ModernBERT-base,8949b909ec900327062f0ebf497f51aef5e6f0c8,1,1,1,1,1,1,1
979,https://www.unodc.org/cld/case-law-doc/traffickingpersonscrimetype/aze/2009/case_no._103-115-2009.html,Azerbaijan,96,115,answerdotai/ModernBERT-base,8949b909ec900327062f0ebf497f51aef5e6f0c8,1,1,1,1,1,1,1
981,https://www.unodc.org/cld/case-law-doc/traffickingpersonscrimetype/mda/2009/dosar_nr_1ra_-_2622009.html,Republic of Moldova,54,68,answerdotai/ModernBERT-base,8949b909ec900327062f0ebf497f51aef5e6f0c8,1,1,1,1,1,1,1
982,https://www.unodc.org/cld/case-law-doc/traffickingpersonscrimetype/usa/2009/united_states_v._deborah_g._frock.html,United States of America,124,152,answerdotai/ModernBERT-base,8949b909ec900327062f0ebf497f51aef5e6f0c8,1,1,1,1,1,1,1
983,https://www.unodc.org/cld/case-law-doc/traffickingpersonscrimetype/cze/2009/9_t_82008.html,Czechia,26,33,answerdotai/ModernBERT-base,8949b909ec900327062f0ebf497f51aef5e6f0c8,1,1,1,1,1,1,1
984,https://www.unodc.org/cld/case-law-doc/traffickingpersonscrimetype/rou/2009/18a2009.html,Romania,36,42,answerdotai/ModernBERT-base,8949b909ec900327062f0ebf497f51aef5e6f0c8,1,1,1,1,1,1,1
985,https://www.unodc.org/cld/case-law-doc/traffickingpersonscrimetype/gbr/2009/at_and_others_v_dulghieru.html,United Kingdom of Great Britain and Northern Ireland,139,161,answerdotai/ModernBERT-base,8949b909ec900327062f0ebf497f51aef5e6f0c8,1,1,1,1,1,1,1
986,https://www.unodc.org/cld/case-law-doc/traffickingpersonscrimetype/idn/2009/no_1216_kpid_sus2009.html,Indonesia,375,444,answerdotai/ModernBERT-base,8949b909ec900327062f0ebf497f51aef5e6f0c8,1,1,1,1,1,1,1
988,https://www.unodc.org/cld/case-law-doc/traffickingpersonscrimetype/alb/2009/decision_no._648.html,Albania,371,487,answerdotai/ModernBERT-base,8949b909ec900327062f0ebf497f51aef5e6f0c8,1,1,1,1,1,1,1
989,https://www.unodc.org/cld/case-law-doc/traffickingpersonscrimetype/pol/2009/iii_k_11408.html,Poland,520,697,answerdotai/ModernBERT-base,8949b909ec900327062f0ebf497f51aef5e6f0c8,0,1,1,1,1,1,1
990,https://www.unodc.org/cld/case-law-doc/traffickingpersonscrimetype/bel/2009/correctional_tribunal_of_liege_11-02-2009.html,Belgium,288,382,answerdotai/ModernBERT-base,8949b909ec900327062f0ebf497f51aef5e6f0c8,1,1,1,1,1,1,1
992,https://www.unodc.org/cld/case-law-doc/traffickingpersonscrimetype/swe/2009/case_no._b_10768-08.html,Sweden,306,401,answerdotai/ModernBERT-base,8949b909ec900327062f0ebf497f51aef5e6f0c8,1,1,1,1,1,1,1
994,https://www.unodc.org/cld/case-law-doc/traffickingpersonscrimetype/mda/2009/dosar_nr_1ra_-_1602009.html,Republic of Moldova,112,142,answerdotai/ModernBERT-base,8949b909ec900327062f0ebf497f51aef5e6f0c8,1,1,1,1,1,1,1
995,https://www.unodc.org/cld/case-law-doc/traffickingpersonscrimetype/svk/2009/3_t_1682008_.html,Slovakia,186,271,answerdotai/ModernBERT-base,8949b909ec900327062f0ebf497f51aef5e6f0c8,1,1,1,1,1,1,1
996,https://www.unodc.org/cld/case-law-doc/traffickingpersonscrimetype/mda/2009/dosar_nr_1re_-_1142009.html,Republic of Moldova,60,78,answerdotai/ModernBERT-base,8949b909ec900327062f0ebf497f51aef5e6f0c8,1,1,1,1,1,1,1
997,https://www.unodc.org/cld/case-law-doc/traffickingpersonscrimetype/swe/2009/case_no_b_4924-08.html,Sweden,101,117,answerdotai/ModernBERT-base,8949b909ec900327062f0ebf497f51aef5e6f0c8,1,1,1,1,1,1,1
998,https://www.unodc.org/cld/case-law-doc/traffickingpersonscrimetype/rou/2009/2_a_2009.html,Romania,154,198,answerdotai/ModernBERT-base,8949b909ec900327062f0ebf497f51aef5e6f0c8,1,1,1,1,1,1,1
999,https://www.unodc.org/cld/case-law-doc/traffickingpersonscrimetype/phl/2009/crim._case_no._q-05-135363.html,Philippines,190,267,answerdotai/ModernBERT-base,8949b909ec900327062f0ebf497f51aef5e6f0c8,1,1,1,1,1,1,1
1000,https://www.unodc.org/cld/case-law-doc/traffickingpersonscrimetype/fra/2009/affiba_z..html,France,178,233,answerdotai/ModernBERT-base,8949b909ec900327062f0ebf497f51aef5e6f0c8,1,1,1,1,1,1,1
1001,https://www.unodc.org/cld/case-law-doc/moneylaunderingcrimetype/bra/2009/processo_n_2008.05.00.101562-0.html,Brazil,423,511,answerdotai/ModernBERT-base,8949b909ec900327062f0ebf497f51aef5e6f0c8,1,1,1,1,1,1,1
1002,https://www.unodc.org/cld/case-law-doc/traffickingpersonscrimetype/arg/2009/expte_231-u-2010.html,Argentina,262,327,answerdotai/ModernBERT-base,8949b909ec900327062f0ebf497f51aef5e6f0c8,1,1,1,1,1,1,1
1003,https://www.unodc.org/cld/case-law-doc/traffickingpersonscrimetype/aus/2008/r_v_kovacs_2009_2_qd_r_51.html,Australia,1461,2058,answerdotai/ModernBERT-base,8949b909ec900327062f0ebf497f51aef5e6f0c8,0,0,0,0,1,1,1
1004,https://www.unodc.org/cld/case-law-doc/traffickingpersonscrimetype/can/2008/r_v._ng.html,Canada,463,594,answerdotai/ModernBERT-base,8949b909ec900327062f0ebf497f51aef5e6f0c8,0,1,1,1,1,1,1
1005,https://www.unodc.org/cld/case-law-doc/traffickingpersonscrimetype/can/2008/m.s..html,Canada,301,361,answerdotai/ModernBERT-base,8949b909ec900327062f0ebf497f51aef5e6f0c8,1,1,1,1,1,1,1
1006,https://www.unodc.org/cld/case-law-doc/traffickingpersonscrimetype/usa/2008/united_states_v._navarrete.html,United States of America,95,137,answerdotai/ModernBERT-base,8949b909ec900327062f0ebf497f51aef5e6f0c8,1,1,1,1,1,1,1
1008,https://www.unodc.org/cld/case-law-doc/traffickingpersonscrimetype/mda/2008/dosar_nr_1ra_-_142208.html,Republic of Moldova,87,113,answerdotai/ModernBERT-base,8949b909ec900327062f0ebf497f51aef5e6f0c8,1,1,1,1,1,1,1
1010,https://www.unodc.org/cld/case-law-doc/traffickingpersonscrimetype/cze/2008/4_t_24699.html,Czechia,68,90,answerdotai/ModernBERT-base,8949b909ec900327062f0ebf497f51aef5e6f0c8,1,1,1,1,1,1,1
1011,https://www.unodc.org/cld/case-law-doc/traffickingpersonscrimetype/usa/2008/united_states_v_ezekiel_hampton.html,United States of America,83,108,answerdotai/ModernBERT-base,8949b909ec900327062f0ebf497f51aef5e6f0c8,1,1,1,1,1,1,1
1012,https://www.unodc.org/cld/case-law-doc/traffickingpersonscrimetype/dnk/2008/copenhagen_district_court_judgment_11_december_2008.html,Denmark,116,141,answerdotai/ModernBERT-base,8949b909ec900327062f0ebf497f51aef5e6f0c8,1,1,1,1,1,1,1
1013,https://www.unodc.org/cld/case-law-doc/criminalgroupcrimetype/prt/2008/processo_08p29.html,Portugal,93,113,answerdotai/ModernBERT-base,8949b909ec900327062f0ebf497f51aef5e6f0c8,1,1,1,1,1,1,1
1014,https://www.unodc.org/cld/case-law-doc/moneylaunderingcrimetype/rou/2008/58_2009.html,Romania,266,317,answerdotai/ModernBERT-base,8949b909ec900327062f0ebf497f51aef5e6f0c8,1,1,1,1,1,1,1
1015,https://www.unodc.org/cld/case-law-doc/moneylaunderingcrimetype/rou/2008/1989422007.html,Romania,90,111,answerdotai/ModernBERT-base,8949b909ec900327062f0ebf497f51aef5e6f0c8,1,1,1,1,1,1,1
1016,https://www.unodc.org/cld/case-law-doc/traffickingpersonscrimetype/fin/2008/anonymous_decision_2.html,Finland,145,175,answerdotai/ModernBERT-base,8949b909ec900327062f0ebf497f51aef5e6f0c8,1,1,1,1,1,1,1
1017,https://www.unodc.org/cld/case-law-doc/traffickingpersonscrimetype/idn/2008/no._1325_kpid_sus2009.html,Indonesia,265,331,answerdotai/ModernBERT-base,8949b909ec900327062f0ebf497f51aef5e6f0c8,1,1,1,1,1,1,1
1018,https://www.unodc.org/cld/case-law-doc/traffickingpersonscrimetype/fin/2008/anonymous_decision_222.html,Finland,145,175,answerdotai/ModernBERT-base,8949b909ec900327062f0ebf497f51aef5e6f0c8,1,1,1,1,1,1,1
1019,https://www.unodc.org/cld/case-law-doc/traffickingpersonscrimetype/usa/2008/united_states_v._daniel_mcneal.html,United States of America,39,55,answerdotai/ModernBERT-base,8949b909ec900327062f0ebf497f51aef5e6f0c8,1,1,1,1,1,1,1
1020,https://www.unodc.org/cld/case-law-doc/traffickingpersonscrimetype/fin/2008/anonymous_decision_1.html,Finland,238,267,answerdotai/ModernBERT-base,8949b909ec900327062f0ebf497f51aef5e6f0c8,1,1,1,1,1,1,1
1021,https://www.unodc.org/cld/case-law-doc/traffickingpersonscrimetype/mda/2008/dosar_nr_1ra_-132208.html,Republic of Moldova,116,137,answerdotai/ModernBERT-base,8949b909ec900327062f0ebf497f51aef5e6f0c8,1,1,1,1,1,1,1
1023,https://www.unodc.org/cld/case-law-doc/traffickingpersonscrimetype/cze/2008/45_t_52008.html,Czechia,100,125,answerdotai/ModernBERT-base,8949b909ec900327062f0ebf497f51aef5e6f0c8,1,1,1,1,1,1,1
1024,https://www.unodc.org/cld/case-law-doc/criminalgroupcrimetype/rou/2008/1511.71102008.html,Romania,267,340,answerdotai/ModernBERT-base,8949b909ec900327062f0ebf497f51aef5e6f0c8,1,1,1,1,1,1,1
1025,https://www.unodc.org/cld/case-law-doc/traffickingpersonscrimetype/sgp/2008/wang_chin_sing_v_public_prosecutor.html,Singapore,550,720,answerdotai/ModernBERT-base,8949b909ec900327062f0ebf497f51aef5e6f0c8,0,1,1,1,1,1,1
1026,https://www.unodc.org/cld/case-law-doc/traffickingpersonscrimetype/usa/2008/mother_doe_i_v._sheikh_hamdan_bin_rashid_al_maktoum.html,United States of America,222,278,answerdotai/ModernBERT-base,8949b909ec900327062f0ebf497f51aef5e6f0c8,1,1,1,1,1,1,1
1027,https://www.unodc.org/cld/case-law-doc/moneylaunderingcrimetype/plw/2008/lolita_pamintuan_at_al._v_republic_of_palau.html,Palau,276,348,answerdotai/ModernBERT-base,8949b909ec900327062f0ebf497f51aef5e6f0c8,1,1,1,1,1,1,1
1028,https://www.unodc.org/cld/case-law-doc/traffickingpersonscrimetype/sgp/2008/public_prosecutor_v_wang_minjiang.html,Singapore,165,217,answerdotai/ModernBERT-base,8949b909ec900327062f0ebf497f51aef5e6f0c8,1,1,1,1,1,1,1
1029,https://www.unodc.org/cld/case-law-doc/traffickingpersonscrimetype/gbr/2008/china_v._secretary_of_state_for_the_home_department.html,United Kingdom of Great Britain and Northern Ireland,366,431,answerdotai/ModernBERT-base,8949b909ec900327062f0ebf497f51aef5e6f0c8,1,1,1,1,1,1,1
1030,https://www.unodc.org/cld/case-law-doc/traffickingpersonscrimetype/bra/2008/acr_20088459_se.html,Brazil,170,211,answerdotai/ModernBERT-base,8949b909ec900327062f0ebf497f51aef5e6f0c8,1,1,1,1,1,1,1
1031,https://www.unodc.org/cld/case-law-doc/traffickingpersonscrimetype/jam/2008/r_v_norcott_graham_and_agon_stephens.html,Jamaica,109,128,answerdotai/ModernBERT-base,8949b909ec900327062f0ebf497f51aef5e6f0c8,1,1,1,1,1,1,1
1032,https://www.unodc.org/cld/case-law-doc/traffickingpersonscrimetype/rou/2008/case_ca_brasov_114.html,Romania,135,185,answerdotai/ModernBERT-base,8949b909ec900327062f0ebf497f51aef5e6f0c8,1,1,1,1,1,1,1
1033,https://www.unodc.org/cld/case-law-doc/traffickingpersonscrimetype/can/2008/leonard-st._vil.html,Canada,195,261,answerdotai/ModernBERT-base,8949b909ec900327062f0ebf497f51aef5e6f0c8,1,1,1,1,1,1,1
1035,https://www.unodc.org/cld/case-law-doc/traffickingpersonscrimetype/svk/2008/4_to_482008.html,Slovakia,292,399,answerdotai/ModernBERT-base,8949b909ec900327062f0ebf497f51aef5e6f0c8,1,1,1,1,1,1,1
1036,https://www.unodc.org/cld/case-law-doc/traffickingpersonscrimetype/mkd/2008/verdict_kok..6108.html,North Macedonia,170,211,answerdotai/ModernBERT-base,8949b909ec900327062f0ebf497f51aef5e6f0c8,1,1,1,1,1,1,1
1037,https://www.unodc.org/cld/case-law-doc/traffickingpersonscrimetype/svk/2008/6_to_692008_.html,Slovakia,235,325,answerdotai/ModernBERT-base,8949b909ec900327062f0ebf497f51aef5e6f0c8,1,1,1,1,1,1,1
1038,https://www.unodc.org/cld/case-law-doc/traffickingpersonscrimetype/swe/2008/case_no_b_5886-08.html,Sweden,154,191,answerdotai/ModernBERT-base,8949b909ec900327062f0ebf497f51aef5e6f0c8,1,1,1,1,1,1,1
1040,https://www.unodc.org/cld/case-law-doc/traffickingpersonscrimetype/_irb/2008/h.m._v._republic_of_niger.html,International and Regional Bodies,330,456,answerdotai/ModernBERT-base,8949b909ec900327062f0ebf497f51aef5e6f0c8,1,1,1,1,1,1,1
1041,https://www.unodc.org/cld/case-law-doc/traffickingpersonscrimetype/nld/2008/z.z.z._v._the_netherlands_communication_no._152007_cedawc42d152007.html,Netherlands (Kingdom of the),868,1051,answerdotai/ModernBERT-base,8949b909ec900327062f0ebf497f51aef5e6f0c8,0,0,1,1,1,1,1
1042,https://www.unodc.org/cld/case-law-doc/traffickingpersonscrimetype/mkd/2008/verdict_iv_kok.br.56_08.html,North Macedonia,107,134,answerdotai/ModernBERT-base,8949b909ec900327062f0ebf497f51aef5e6f0c8,1,1,1,1,1,1,1
1043,https://www.unodc.org/cld/case-law-doc/traffickingpersonscrimetype/bra/2008/processo_n_2008.84.00.003092-3_.html,Brazil,62,73,answerdotai/ModernBERT-base,8949b909ec900327062f0ebf497f51aef5e6f0c8,1,1,1,1,1,1,1
1044,https://www.unodc.org/cld/case-law-doc/traffickingpersonscrimetype/bra/2008/acr_993.08.038916-0_sp.html,Brazil,165,203,answerdotai/ModernBERT-base,8949b909ec900327062f0ebf497f51aef5e6f0c8,1,1,1,1,1,1,1
1045,https://www.unodc.org/cld/case-law-doc/traffickingpersonscrimetype/rou/2008/1420892007.html,Romania,189,218,answerdotai/ModernBERT-base,8949b909ec900327062f0ebf497f51aef5e6f0c8,1,1,1,1,1,1,1
1046,https://www.unodc.org/cld/case-law-doc/traffickingpersonscrimetype/usa/2008/united_states_v._paris.html,United States of America,359,445,answerdotai/ModernBERT-base,8949b909ec900327062f0ebf497f51aef5e6f0c8,1,1,1,1,1,1,1
1047,https://www.unodc.org/cld/case-law-doc/traffickingpersonscrimetype/rou/2008/1312008.html,Romania,145,168,answerdotai/ModernBERT-base,8949b909ec900327062f0ebf497f51aef5e6f0c8,1,1,1,1,1,1,1
1048,https://www.unodc.org/cld/case-law-doc/traffickingpersonscrimetype/phl/2008/crim._cases_nos._21800_and_22151.html,Philippines,481,630,answerdotai/ModernBERT-base,8949b909ec900327062f0ebf497f51aef5e6f0c8,0,1,1,1,1,1,1
1051,https://www.unodc.org/cld/case-law-doc/traffickingpersonscrimetype/rus/2008/case_no._n81-08-65.html,Russian Federation,104,154,answerdotai/ModernBERT-base,8949b909ec900327062f0ebf497f51aef5e6f0c8,1,1,1,1,1,1,1
1052,https://www.unodc.org/cld/case-law-doc/traffickingpersonscrimetype/rou/2008/case_ca_galati_112a-2008.html,Romania,628,786,answerdotai/ModernBERT-base,8949b909ec900327062f0ebf497f51aef5e6f0c8,0,1,1,1,1,1,1
1053,https://www.unodc.org/cld/case-law-doc/traffickingpersonscrimetype/bra/2008/processo_2008.03.00.020091-5_hc_32474.html,Brazil,156,216,answerdotai/ModernBERT-base,8949b909ec900327062f0ebf497f51aef5e6f0c8,1,1,1,1,1,1,1
1054,https://www.unodc.org/cld/case-law-doc/traffickingpersonscrimetype/rou/2008/6481092008.html,Romania,128,155,answerdotai/ModernBERT-base,8949b909ec900327062f0ebf497f51aef5e6f0c8,1,1,1,1,1,1,1
1055,https://www.unodc.org/cld/case-law-doc/traffickingpersonscrimetype/bra/2008/sentenca_0902.07.0001774-0_rs.html,Brazil,164,196,answerdotai/ModernBERT-base,8949b909ec900327062f0ebf497f51aef5e6f0c8,1,1,1,1,1,1,1
1056,https://www.unodc.org/cld/case-law-doc/traffickingpersonscrimetype/rou/2008/case_ca_ploiesti_117-2008l.html,Romania,68,79,answerdotai/ModernBERT-base,8949b909ec900327062f0ebf497f51aef5e6f0c8,1,1,1,1,1,1,1
1057,https://www.unodc.org/cld/case-law-doc/traffickingpersonscrimetype/usa/2008/_united_states_v._shannon_blaylock.html,United States of America,122,156,answerdotai/ModernBERT-base,8949b909ec900327062f0ebf497f51aef5e6f0c8,1,1,1,1,1,1,1
1059,https://www.unodc.org/cld/case-law-doc/traffickingpersonscrimetype/slv/2008/0101-39-2008_causa_no._158-3-2008.html,El Salvador,412,526,answerdotai/ModernBERT-base,8949b909ec900327062f0ebf497f51aef5e6f0c8,0,1,1,1,1,1,1
1060,https://www.unodc.org/cld/case-law-doc/traffickingpersonscrimetype/gbr/2008/regina_v_o..html,United Kingdom of Great Britain and Northern Ireland,411,471,answerdotai/ModernBERT-base,8949b909ec900327062f0ebf497f51aef5e6f0c8,1,1,1,1,1,1,1
1062,https://www.unodc.org/cld/case-law-doc/traffickingpersonscrimetype/tha/2008/sareut_kampha_and_others.html,Thailand,207,273,answerdotai/ModernBERT-base,8949b909ec900327062f0ebf497f51aef5e6f0c8,1,1,1,1,1,1,1
1063,https://www.unodc.org/cld/case-law-doc/traffickingpersonscrimetype/khm/2008/than_phoeung_anony.html,Cambodia,1059,1350,answerdotai/ModernBERT-base,8949b909ec900327062f0ebf497f51aef5e6f0c8,0,0,1,1,1,1,1
1064,https://www.unodc.org/cld/case-law-doc/criminalgroupcrimetype/col/2008/gutierez_and_calvo.html,Colombia,258,325,answerdotai/ModernBERT-base,8949b909ec900327062f0ebf497f51aef5e6f0c8,1,1,1,1,1,1,1
1065,https://www.unodc.org/cld/case-law-doc/traffickingpersonscrimetype/usa/2008/united_states_v._djoumessi.html,United States of America,199,259,answerdotai/ModernBERT-base,8949b909ec900327062f0ebf497f51aef5e6f0c8,1,1,1,1,1,1,1
1066,https://www.unodc.org/cld/case-law-doc/traffickingpersonscrimetype/aus/2008/_r_v_sieders_yotchomchin.html,Australia,1572,2229,answerdotai/ModernBERT-base,8949b909ec900327062f0ebf497f51aef5e6f0c8,0,0,0,0,1,1,1
1067,https://www.unodc.org/cld/case-law-doc/drugcrimetype/cze/2008/1_t_112008.html,Czechia,94,121,answerdotai/ModernBERT-base,8949b909ec900327062f0ebf497f51aef5e6f0c8,1,1,1,1,1,1,1
1068,https://www.unodc.org/cld/case-law-doc/traffickingpersonscrimetype/phl/2008/crim._cases_nos._ii-12478_ii-12481_and_ii_12498.html,Philippines,95,146,answerdotai/ModernBERT-base,8949b909ec900327062f0ebf497f51aef5e6f0c8,1,1,1,1,1,1,1
1069,https://www.unodc.org/cld/case-law-doc/traffickingpersonscrimetype/bra/2008/acr_2008.027440-3_sc.html,Brazil,102,129,answerdotai/ModernBERT-base,8949b909ec900327062f0ebf497f51aef5e6f0c8,1,1,1,1,1,1,1
1070,https://www.unodc.org/cld/case-law-doc/traffickingpersonscrimetype/mda/2008/dosar_nr._1ra_9762008.html,Republic of Moldova,53,68,answerdotai/ModernBERT-base,8949b909ec900327062f0ebf497f51aef5e6f0c8,1,1,1,1,1,1,1
1071,https://www.unodc.org/cld/case-law-doc/traffickingpersonscrimetype/idn/2008/no_367_kpid_sus2009.html,Indonesia,386,501,answerdotai/ModernBERT-base,8949b909ec900327062f0ebf497f51aef5e6f0c8,1,1,1,1,1,1,1
1072,https://www.unodc.org/cld/case-law-doc/traffickingpersonscrimetype/idn/2008/no_56kpid_sus2009.html,Indonesia,357,430,answerdotai/ModernBERT-base,8949b909ec900327062f0ebf497f51aef5e6f0c8,1,1,1,1,1,1,1
1073,https://www.unodc.org/cld/case-law-doc/traffickingpersonscrimetype/srb/2008/ii_k_3907_.html,Serbia,129,150,answerdotai/ModernBERT-base,8949b909ec900327062f0ebf497f51aef5e6f0c8,1,1,1,1,1,1,1
1075,https://www.unodc.org/cld/case-law-doc/traffickingpersonscrimetype/usa/2008/united_states_v._corey_davis.html,United States of America,142,190,answerdotai/ModernBERT-base,8949b909ec900327062f0ebf497f51aef5e6f0c8,1,1,1,1,1,1,1
1076,https://www.unodc.org/cld/case-law-doc/traffickingpersonscrimetype/col/2008/anonymous_criminal_case_no_63-001-60-00-059-2007-00893_.html,Colombia,54,75,answerdotai/ModernBERT-base,8949b909ec900327062f0ebf497f51aef5e6f0c8,1,1,1,1,1,1,1
1077,https://www.unodc.org/cld/case-law-doc/traffickingpersonscrimetype/nor/2008/the_public_prosecution_authority_v._daniel_dundon.html,Norway,206,251,answerdotai/ModernBERT-base,8949b909ec900327062f0ebf497f51aef5e6f0c8,1,1,1,1,1,1,1
1078,https://www.unodc.org/cld/case-law-doc/traffickingpersonscrimetype/mda/2008/dosar_nr._1ra_9152008.html,Republic of Moldova,80,93,answerdotai/ModernBERT-base,8949b909ec900327062f0ebf497f51aef5e6f0c8,1,1,1,1,1,1,1
1079,https://www.unodc.org/cld/case-law-doc/traffickingpersonscrimetype/rou/2008/case_ca_craiova_29-2008.html,Romania,238,295,answerdotai/ModernBERT-base,8949b909ec900327062f0ebf497f51aef5e6f0c8,1,1,1,1,1,1,1
1080,https://www.unodc.org/cld/case-law-doc/traffickingpersonscrimetype/bra/2008/acr_993.07.124674-3_sp.html,Brazil,98,110,answerdotai/ModernBERT-base,8949b909ec900327062f0ebf497f51aef5e6f0c8,1,1,1,1,1,1,1
1081,https://www.unodc.org/cld/case-law-doc/traffickingpersonscrimetype/rou/2008/107a_-_2008.html,Romania,255,293,answerdotai/ModernBERT-base,8949b909ec900327062f0ebf497f51aef5e6f0c8,1,1,1,1,1,1,1
1082,https://www.unodc.org/cld/case-law-doc/traffickingpersonscrimetype/can/2008/nakpangi.html,Canada,274,354,answerdotai/ModernBERT-base,8949b909ec900327062f0ebf497f51aef5e6f0c8,1,1,1,1,1,1,1
1083,https://www.unodc.org/cld/case-law-doc/traffickingpersonscrimetype/rou/2008/5971452006_.html,Romania,132,167,answerdotai/ModernBERT-base,8949b909ec900327062f0ebf497f51aef5e6f0c8,1,1,1,1,1,1,1
1084,https://www.unodc.org/cld/case-law-doc/traffickingpersonscrimetype/usa/2008/united_states_v._darrill_gray.html,United States of America,90,113,answerdotai/ModernBERT-base,8949b909ec900327062f0ebf497f51aef5e6f0c8,1,1,1,1,1,1,1
1085,https://www.unodc.org/cld/case-law-doc/traffickingpersonscrimetype/mda/2008/dosar_nr._1ra_8472008.html,Republic of Moldova,56,73,answerdotai/ModernBERT-base,8949b909ec900327062f0ebf497f51aef5e6f0c8,1,1,1,1,1,1,1
1086,https://www.unodc.org/cld/case-law-doc/traffickingpersonscrimetype/rou/2008/case_ca_craiova_26-2008_.html,Romania,497,655,answerdotai/ModernBERT-base,8949b909ec900327062f0ebf497f51aef5e6f0c8,0,1,1,1,1,1,1
1087,https://www.unodc.org/cld/case-law-doc/traffickingpersonscrimetype/slv/2008/_0601-72-2008_causa_penal_no._59-50-tsp-08-1.html,El Salvador,316,399,answerdotai/ModernBERT-base,8949b909ec900327062f0ebf497f51aef5e6f0c8,1,1,1,1,1,1,1
1088,https://www.unodc.org/cld/case-law-doc/traffickingpersonscrimetype/bel/2008/correctional_tribunal_of_gent_11-06-2008.html,Belgium,203,236,answerdotai/ModernBERT-base,8949b909ec900327062f0ebf497f51aef5e6f0c8,1,1,1,1,1,1,1
1089,https://www.unodc.org/cld/case-law-doc/traffickingpersonscrimetype/usa/2008/united_states_v._calimlim.html,United States of America,216,301,answerdotai/ModernBERT-base,8949b909ec900327062f0ebf497f51aef5e6f0c8,1,1,1,1,1,1,1
1090,https://www.unodc.org/cld/case-law-doc/traffickingpersonscrimetype/rou/2008/decision_no._872008.html,Romania,395,495,answerdotai/ModernBERT-base,8949b909ec900327062f0ebf497f51aef5e6f0c8,1,1,1,1,1,1,1
1091,https://www.unodc.org/cld/case-law-doc/traffickingpersonscrimetype/rou/2008/2054852007.html,Romania,139,163,answerdotai/ModernBERT-base,8949b909ec900327062f0ebf497f51aef5e6f0c8,1,1,1,1,1,1,1
1092,https://www.unodc.org/cld/case-law-doc/traffickingpersonscrimetype/usa/2008/united_states_v._linda_oconnor.html,United States of America,100,136,answerdotai/ModernBERT-base,8949b909ec900327062f0ebf497f51aef5e6f0c8,1,1,1,1,1,1,1
1093,https://www.unodc.org/cld/case-law-doc/traffickingpersonscrimetype/usa/2008/united_states_v._shunnee_king_criminal_case_no._cr_06-00658_crb.html,United States of America,77,96,answerdotai/ModernBERT-base,8949b909ec900327062f0ebf497f51aef5e6f0c8,1,1,1,1,1,1,1
1094,https://www.unodc.org/cld/case-law-doc/traffickingpersonscrimetype/rou/2008/361892006_.html,Romania,468,578,answerdotai/ModernBERT-base,8949b909ec900327062f0ebf497f51aef5e6f0c8,0,1,1,1,1,1,1
1096,https://www.unodc.org/cld/case-law-doc/traffickingpersonscrimetype/jam/2008/r_v_d.j..html,Jamaica,124,138,answerdotai/ModernBERT-base,8949b909ec900327062f0ebf497f51aef5e6f0c8,1,1,1,1,1,1,1
1097,https://www.unodc.org/cld/case-law-doc/criminalgroupcrimetype/col/2008/saldarriaga_et_al.html,Colombia,205,303,answerdotai/ModernBERT-base,8949b909ec900327062f0ebf497f51aef5e6f0c8,1,1,1,1,1,1,1
1098,https://www.unodc.org/cld/case-law-doc/traffickingpersonscrimetype/isr/2008/alaro_vs._ministry_of_interior.html,Israel,391,452,answerdotai/ModernBERT-base,8949b909ec900327062f0ebf497f51aef5e6f0c8,1,1,1,1,1,1,1
1099,https://www.unodc.org/cld/case-law-doc/traffickingpersonscrimetype/tur/2008/case_no._20071862.html,Türkiye,62,78,answerdotai/ModernBERT-base,8949b909ec900327062f0ebf497f51aef5e6f0c8,1,1,1,1,1,1,1
1100,https://www.unodc.org/cld/case-law-doc/traffickingpersonscrimetype/mda/2008/dosar_nr._1ra_7122008.html,Republic of Moldova,53,63,answerdotai/ModernBERT-base,8949b909ec900327062f0ebf497f51aef5e6f0c8,1,1,1,1,1,1,1
1103,https://www.unodc.org/cld/case-law-doc/criminalgroupcrimetype/bra/2008/acr_200650010081640es.html,Brazil,147,193,answerdotai/ModernBERT-base,8949b909ec900327062f0ebf497f51aef5e6f0c8,1,1,1,1,1,1,1
1104,https://www.unodc.org/cld/case-law-doc/traffickingpersonscrimetype/rou/2008/case_ca_brasov_39-ap-2008.html,Romania,137,170,answerdotai/ModernBERT-base,8949b909ec900327062f0ebf497f51aef5e6f0c8,1,1,1,1,1,1,1
1105,https://www.unodc.org/cld/case-law-doc/traffickingpersonscrimetype/usa/2008/united_states_v._mondragon.html,United States of America,85,105,answerdotai/ModernBERT-base,8949b909ec900327062f0ebf497f51aef5e6f0c8,1,1,1,1,1,1,1
1106,https://www.unodc.org/cld/case-law-doc/traffickingpersonscrimetype/rou/2008/20_-2008.html,Romania,293,363,answerdotai/ModernBERT-base,8949b909ec900327062f0ebf497f51aef5e6f0c8,1,1,1,1,1,1,1
1107,https://www.unodc.org/cld/case-law-doc/traffickingpersonscrimetype/rou/2008/1365452006_.html,Romania,263,306,answerdotai/ModernBERT-base,8949b909ec900327062f0ebf497f51aef5e6f0c8,1,1,1,1,1,1,1
1108,https://www.unodc.org/cld/case-law-doc/traffickingpersonscrimetype/bra/2008/ministerio_publico_federal_v._gilberto_andrade.html,Brazil,311,392,answerdotai/ModernBERT-base,8949b909ec900327062f0ebf497f51aef5e6f0c8,1,1,1,1,1,1,1
1109,https://www.unodc.org/cld/case-law-doc/criminalgroupcrimetype/srb/2008/k.br._2608_.html,Serbia,203,232,answerdotai/ModernBERT-base,8949b909ec900327062f0ebf497f51aef5e6f0c8,1,1,1,1,1,1,1
1110,https://www.unodc.org/cld/case-law-doc/traffickingpersonscrimetype/nga/2008/attorney_general_of_the_federation_and_samuel_emwirovbankhoe.html,Nigeria,146,178,answerdotai/ModernBERT-base,8949b909ec900327062f0ebf497f51aef5e6f0c8,1,1,1,1,1,1,1
1111,https://www.unodc.org/cld/case-law-doc/traffickingpersonscrimetype/khm/2008/p._s..html,Cambodia,256,312,answerdotai/ModernBERT-base,8949b909ec900327062f0ebf497f51aef5e6f0c8,1,1,1,1,1,1,1
1112,https://www.unodc.org/cld/case-law-doc/traffickingpersonscrimetype/aut/2008/14os16407k_2008.html,Austria,50,65,answerdotai/ModernBERT-base,8949b909ec900327062f0ebf497f51aef5e6f0c8,1,1,1,1,1,1,1
1113,https://www.unodc.org/cld/case-law-doc/traffickingpersonscrimetype/tur/2008/case_no._2007952.html,Türkiye,70,80,answerdotai/ModernBERT-base,8949b909ec900327062f0ebf497f51aef5e6f0c8,1,1,1,1,1,1,1
1114,https://www.unodc.org/cld/case-law-doc/traffickingpersonscrimetype/srb/2008/k.br._19007_.html,Serbia,101,116,answerdotai/ModernBERT-base,8949b909ec900327062f0ebf497f51aef5e6f0c8,1,1,1,1,1,1,1
1115,https://www.unodc.org/cld/case-law-doc/traffickingpersonscrimetype/cze/2008/48_t_32008.html,Czechia,144,209,answerdotai/ModernBERT-base,8949b909ec900327062f0ebf497f51aef5e6f0c8,1,1,1,1,1,1,1
1116,https://www.unodc.org/cld/case-law-doc/traffickingpersonscrimetype/nga/2008/attorney_general_of_the_federation_and_toyin_ogbebor.html,Nigeria,101,120,answerdotai/ModernBERT-base,8949b909ec900327062f0ebf497f51aef5e6f0c8,1,1,1,1,1,1,1
1117,https://www.unodc.org/cld/case-law-doc/traffickingpersonscrimetype/chn/2008/man_wai_et_al.html,China,310,386,answerdotai/ModernBERT-base,8949b909ec900327062f0ebf497f51aef5e6f0c8,1,1,1,1,1,1,1
1118,https://www.unodc.org/cld/case-law-doc/traffickingpersonscrimetype/usa/2008/united_states_vs._harrison_norris.html,United States of America,348,440,answerdotai/ModernBERT-base,8949b909ec900327062f0ebf497f51aef5e6f0c8,1,1,1,1,1,1,1
1119,https://www.unodc.org/cld/case-law-doc/traffickingpersonscrimetype/usa/2008/united_states_v._hicks.html,United States of America,115,143,answerdotai/ModernBERT-base,8949b909ec900327062f0ebf497f51aef5e6f0c8,1,1,1,1,1,1,1
1120,https://www.unodc.org/cld/case-law-doc/traffickingpersonscrimetype/nga/2008/attorney_general_of_the_federation_v._samson_ovensari.html,Nigeria,84,104,answerdotai/ModernBERT-base,8949b909ec900327062f0ebf497f51aef5e6f0c8,1,1,1,1,1,1,1
1122,https://www.unodc.org/cld/case-law-doc/traffickingpersonscrimetype/slv/2008/_0401-58-2008_causa_no._429-1-2007_.html,El Salvador,287,370,answerdotai/ModernBERT-base,8949b909ec900327062f0ebf497f51aef5e6f0c8,1,1,1,1,1,1,1
1123,https://www.unodc.org/cld/case-law-doc/traffickingpersonscrimetype/tur/2008/case_no._200710501.html,Türkiye,46,55,answerdotai/ModernBERT-base,8949b909ec900327062f0ebf497f51aef5e6f0c8,1,1,1,1,1,1,1
1124,https://www.unodc.org/cld/case-law-doc/traffickingpersonscrimetype/usa/2008/united_states_v._gereb_et_al.html,United States of America,211,309,answerdotai/ModernBERT-base,8949b909ec900327062f0ebf497f51aef5e6f0c8,1,1,1,1,1,1,1
1125,https://www.unodc.org/cld/case-law-doc/traffickingpersonscrimetype/rou/2008/case_ca_alba_25a-2008.html,Romania,67,82,answerdotai/ModernBERT-base,8949b909ec900327062f0ebf497f51aef5e6f0c8,1,1,1,1,1,1,1
1126,https://www.unodc.org/cld/case-law-doc/criminalgroupcrimetype/rou/2008/46_-_2008.html,Romania,324,429,answerdotai/ModernBERT-base,8949b909ec900327062f0ebf497f51aef5e6f0c8,1,1,1,1,1,1,1
1127,https://www.unodc.org/cld/case-law-doc/traffickingpersonscrimetype/rou/2008/case_ca_craiova_11-2008.html,Romania,100,121,answerdotai/ModernBERT-base,8949b909ec900327062f0ebf497f51aef5e6f0c8,1,1,1,1,1,1,1
1129,https://www.unodc.org/cld/case-law-doc/traffickingpersonscrimetype/svk/2008/8_to_42008_.html,Slovakia,320,445,answerdotai/ModernBERT-base,8949b909ec900327062f0ebf497f51aef5e6f0c8,1,1,1,1,1,1,1
1130,https://www.unodc.org/cld/case-law-doc/traffickingpersonscrimetype/usa/2008/united_states_v._javier_miguel_ramirez.html,United States of America,139,160,answerdotai/ModernBERT-base,8949b909ec900327062f0ebf497f51aef5e6f0c8,1,1,1,1,1,1,1
1131,https://www.unodc.org/cld/case-law-doc/traffickingpersonscrimetype/kaz/2008/nurbekov_et_al.html,Kazakhstan,73,86,answerdotai/ModernBERT-base,8949b909ec900327062f0ebf497f51aef5e6f0c8,1,1,1,1,1,1,1
1132,https://www.unodc.org/cld/case-law-doc/criminalgroupcrimetype/col/2008/garcia_et_al.html,Colombia,495,657,answerdotai/ModernBERT-base,8949b909ec900327062f0ebf497f51aef5e6f0c8,0,1,1,1,1,1,1
1133,https://www.unodc.org/cld/case-law-doc/traffickingpersonscrimetype/usa/2008/united_states_v._maude_paulin.html,United States of America,193,249,answerdotai/ModernBERT-base,8949b909ec900327062f0ebf497f51aef5e6f0c8,1,1,1,1,1,1,1
1134,https://www.unodc.org/cld/case-law-doc/traffickingpersonscrimetype/tur/2008/case_no._200610550.html,Türkiye,48,59,answerdotai/ModernBERT-base,8949b909ec900327062f0ebf497f51aef5e6f0c8,1,1,1,1,1,1,1
1135,https://www.unodc.org/cld/case-law-doc/traffickingpersonscrimetype/pol/2008/iv_k_41406.html,Poland,92,120,answerdotai/ModernBERT-base,8949b909ec900327062f0ebf497f51aef5e6f0c8,1,1,1,1,1,1,1
1136,https://www.unodc.org/cld/case-law-doc/traffickingpersonscrimetype/fra/2008/ministere_public_c_d_et_autres.html,France,181,237,answerdotai/ModernBERT-base,8949b909ec900327062f0ebf497f51aef5e6f0c8,1,1,1,1,1,1,1
1137,https://www.unodc.org/cld/case-law-doc/traffickingpersonscrimetype/usa/2008/the_united_states_v._raul_santillan-leon.html,United States of America,58,78,answerdotai/ModernBERT-base,8949b909ec900327062f0ebf497f51aef5e6f0c8,1,1,1,1,1,1,1
1138,https://www.unodc.org/cld/case-law-doc/traffickingpersonscrimetype/usa/2008/united_states_v._quinton_williams.html,United States of America,54,67,answerdotai/ModernBERT-base,8949b909ec900327062f0ebf497f51aef5e6f0c8,1,1,1,1,1,1,1
1139,https://www.unodc.org/cld/case-law-doc/traffickingpersonscrimetype/srb/2008/k.br._201407_.html,Serbia,61,74,answerdotai/ModernBERT-base,8949b909ec900327062f0ebf497f51aef5e6f0c8,1,1,1,1,1,1,1
1140,https://www.unodc.org/cld/case-law-doc/traffickingpersonscrimetype/srb/2008/k_6906_.html,Serbia,239,285,answerdotai/ModernBERT-base,8949b909ec900327062f0ebf497f51aef5e6f0c8,1,1,1,1,1,1,1
1141,https://www.unodc.org/cld/case-law-doc/traffickingpersonscrimetype/alb/2008/decision_no._93.html,Albania,87,111,answerdotai/ModernBERT-base,8949b909ec900327062f0ebf497f51aef5e6f0c8,1,1,1,1,1,1,1
1142,https://www.unodc.org/cld/case-law-doc/traffickingpersonscrimetype/col/2008/valencia_et_al.html,Colombia,140,185,answerdotai/ModernBERT-base,8949b909ec900327062f0ebf497f51aef5e6f0c8,1,1,1,1,1,1,1
1143,https://www.unodc.org/cld/case-law-doc/traffickingpersonscrimetype/svk/2008/1_t_942002_.html,Slovakia,42,54,answerdotai/ModernBERT-base,8949b909ec900327062f0ebf497f51aef5e6f0c8,1,1,1,1,1,1,1
1144,https://www.unodc.org/cld/case-law-doc/traffickingpersonscrimetype/fra/2008/aa.z.html,France,248,343,answerdotai/ModernBERT-base,8949b909ec900327062f0ebf497f51aef5e6f0c8,1,1,1,1,1,1,1
1145,https://www.unodc.org/cld/case-law-doc/traffickingpersonscrimetype/usa/2008/united_states_v._adaboi_stella_udeozor.html,United States of America,194,249,answerdotai/ModernBERT-base,8949b909ec900327062f0ebf497f51aef5e6f0c8,1,1,1,1,1,1,1
1147,https://www.unodc.org/cld/case-law-doc/criminalgroupcrimetype/ind/2008/kamaljeet_singh_vs._state_.html,India,105,136,answerdotai/ModernBERT-base,8949b909ec900327062f0ebf497f51aef5e6f0c8,1,1,1,1,1,1,1
1148,https://www.unodc.org/cld/case-law-doc/traffickingpersonscrimetype/rou/2008/decision_7amf2008.html,Romania,112,153,answerdotai/ModernBERT-base,8949b909ec900327062f0ebf497f51aef5e6f0c8,1,1,1,1,1,1,1
1149,https://www.unodc.org/cld/case-law-doc/traffickingpersonscrimetype/usa/2008/united_states_v._jackson.html,United States of America,237,315,answerdotai/ModernBERT-base,8949b909ec900327062f0ebf497f51aef5e6f0c8,1,1,1,1,1,1,1
1150,https://www.unodc.org/cld/case-law-doc/traffickingpersonscrimetype/usa/2008/united_states_v._levar_simms.html,United States of America,106,145,answerdotai/ModernBERT-base,8949b909ec900327062f0ebf497f51aef5e6f0c8,1,1,1,1,1,1,1
1151,https://www.unodc.org/cld/case-law-doc/traffickingpersonscrimetype/usa/2008/united_states_v._jones.html,United States of America,183,221,answerdotai/ModernBERT-base,8949b909ec900327062f0ebf497f51aef5e6f0c8,1,1,1,1,1,1,1
1152,https://www.unodc.org/cld/case-law-doc/traffickingpersonscrimetype/bra/2008/processo_n_2004.61.06.004897-4_18682.html,Brazil,73,112,answerdotai/ModernBERT-base,8949b909ec900327062f0ebf497f51aef5e6f0c8,1,1,1,1,1,1,1
1153,https://www.unodc.org/cld/case-law-doc/criminalgroupcrimetype/bra/2008/processo_2004.61.06.004897-4_18682.html,Brazil,379,474,answerdotai/ModernBERT-base,8949b909ec900327062f0ebf497f51aef5e6f0c8,1,1,1,1,1,1,1
1156,https://www.unodc.org/cld/case-law-doc/traffickingpersonscrimetype/rou/2008/case_ca_iasi_4-2008.html,Romania,46,58,answerdotai/ModernBERT-base,8949b909ec900327062f0ebf497f51aef5e6f0c8,1,1,1,1,1,1,1
1157,https://www.unodc.org/cld/case-law-doc/traffickingpersonscrimetype/rou/2008/case_ca_cluj_4_a_2008.html,Romania,109,141,answerdotai/ModernBERT-base,8949b909ec900327062f0ebf497f51aef5e6f0c8,1,1,1,1,1,1,1
1158,https://www.unodc.org/cld/case-law-doc/traffickingpersonscrimetype/nga/2008/attorney_general_of_the_federation_v._joseph_sunday_effiong.html,Nigeria,52,65,answerdotai/ModernBERT-base,8949b909ec900327062f0ebf497f51aef5e6f0c8,1,1,1,1,1,1,1
1159,https://www.unodc.org/cld/case-law-doc/traffickingpersonscrimetype/che/2008/6b_277_-_2007.html,Switzerland,98,115,answerdotai/ModernBERT-base,8949b909ec900327062f0ebf497f51aef5e6f0c8,1,1,1,1,1,1,1
1160,https://www.unodc.org/cld/case-law-doc/traffickingpersonscrimetype/aus/2007/mason_v_harrington_corporation_ltd.html,Australia,151,203,answerdotai/ModernBERT-base,8949b909ec900327062f0ebf497f51aef5e6f0c8,1,1,1,1,1,1,1
1161,https://www.unodc.org/cld/case-law-doc/traffickingpersonscrimetype/pol/2007/ii_k_4607.html,Poland,411,551,answerdotai/ModernBERT-base,8949b909ec900327062f0ebf497f51aef5e6f0c8,0,1,1,1,1,1,1
1162,https://www.unodc.org/cld/case-law-doc/criminalgroupcrimetype/col/2007/ruis_and_giraldo.html,Colombia,253,318,answerdotai/ModernBERT-base,8949b909ec900327062f0ebf497f51aef5e6f0c8,1,1,1,1,1,1,1
1163,https://www.unodc.org/cld/case-law-doc/illicitfirearmscrimetype/svn/2007/vsl0023085_.html,Slovenia,217,261,answerdotai/ModernBERT-base,8949b909ec900327062f0ebf497f51aef5e6f0c8,1,1,1,1,1,1,1
1164,https://www.unodc.org/cld/case-law-doc/traffickingpersonscrimetype/isr/2007/j.a._vs._state_of_israel.html,Israel,684,872,answerdotai/ModernBERT-base,8949b909ec900327062f0ebf497f51aef5e6f0c8,0,1,1,1,1,1,1
1165,https://www.unodc.org/cld/case-law-doc/traffickingpersonscrimetype/rou/2007/case_ca_alba_337-2007.html,Romania,350,454,answerdotai/ModernBERT-base,8949b909ec900327062f0ebf497f51aef5e6f0c8,1,1,1,1,1,1,1
1166,https://www.unodc.org/cld/case-law-doc/traffickingpersonscrimetype/cze/2007/6_tdo_11662007.html,Czechia,101,117,answerdotai/ModernBERT-base,8949b909ec900327062f0ebf497f51aef5e6f0c8,1,1,1,1,1,1,1
1167,https://www.unodc.org/cld/case-law-doc/traffickingpersonscrimetype/usa/2007/united_states_v._kim_et_al_aka_jerry_svoronos.html,United States of America,147,202,answerdotai/ModernBERT-base,8949b909ec900327062f0ebf497f51aef5e6f0c8,1,1,1,1,1,1,1
1168,https://www.unodc.org/cld/case-law-doc/traffickingpersonscrimetype/gbr/2007/s.b._moldova_v._secretary_of_state_for_the_home_department.html,United Kingdom of Great Britain and Northern Ireland,60,69,answerdotai/ModernBERT-base,8949b909ec900327062f0ebf497f51aef5e6f0c8,1,1,1,1,1,1,1
1170,https://www.unodc.org/cld/case-law-doc/traffickingpersonscrimetype/srb/2007/k_233807_.html,Serbia,74,87,answerdotai/ModernBERT-base,8949b909ec900327062f0ebf497f51aef5e6f0c8,1,1,1,1,1,1,1
1171,https://www.unodc.org/cld/case-law-doc/traffickingpersonscrimetype/usa/2007/united_states_v._daneman.html,United States of America,99,125,answerdotai/ModernBERT-base,8949b909ec900327062f0ebf497f51aef5e6f0c8,1,1,1,1,1,1,1
1172,https://www.unodc.org/cld/case-law-doc/traffickingpersonscrimetype/alb/2007/hasan_kujtim_hyska.html,Albania,203,242,answerdotai/ModernBERT-base,8949b909ec900327062f0ebf497f51aef5e6f0c8,1,1,1,1,1,1,1
1174,https://www.unodc.org/cld/case-law-doc/traffickingpersonscrimetype/bra/2007/acr_200151015271604rj.html,Brazil,126,152,answerdotai/ModernBERT-base,8949b909ec900327062f0ebf497f51aef5e6f0c8,1,1,1,1,1,1,1
1175,https://www.unodc.org/cld/case-law-doc/traffickingpersonscrimetype/aus/2007/r_v_rasalingam_2007.html,Australia,564,780,answerdotai/ModernBERT-base,8949b909ec900327062f0ebf497f51aef5e6f0c8,0,1,1,1,1,1,1
1177,https://www.unodc.org/cld/case-law-doc/traffickingpersonscrimetype/kaz/2007/verdict_no.1-7292007_.html,Kazakhstan,56,71,answerdotai/ModernBERT-base,8949b909ec900327062f0ebf497f51aef5e6f0c8,1,1,1,1,1,1,1
1178,https://www.unodc.org/cld/case-law-doc/traffickingpersonscrimetype/usa/2007/united_states_v._fermin_pedro_ramos-ramos_et_al.html,United States of America,83,109,answerdotai/ModernBERT-base,8949b909ec900327062f0ebf497f51aef5e6f0c8,1,1,1,1,1,1,1
1179,https://www.unodc.org/cld/case-law-doc/traffickingpersonscrimetype/usa/2007/l.s._v._international_student_exchange.html,United States of America,78,95,answerdotai/ModernBERT-base,8949b909ec900327062f0ebf497f51aef5e6f0c8,1,1,1,1,1,1,1
1180,https://www.unodc.org/cld/case-law-doc/traffickingpersonscrimetype/alb/2007/decision_no._647.html,Albania,90,111,answerdotai/ModernBERT-base,8949b909ec900327062f0ebf497f51aef5e6f0c8,1,1,1,1,1,1,1
1181,https://www.unodc.org/cld/case-law-doc/traffickingpersonscrimetype/alb/2007/agim_hoxha_et_al..html,Albania,151,200,answerdotai/ModernBERT-base,8949b909ec900327062f0ebf497f51aef5e6f0c8,1,1,1,1,1,1,1
1182,https://www.unodc.org/cld/case-law-doc/traffickingpersonscrimetype/bra/2007/processo_n_2003.60.04.000915-4_acr_17777.html,Brazil,129,166,answerdotai/ModernBERT-base,8949b909ec900327062f0ebf497f51aef5e6f0c8,1,1,1,1,1,1,1
1183,https://www.unodc.org/cld/case-law-doc/traffickingpersonscrimetype/pol/2007/poland_v._a.m.html,Poland,144,178,answerdotai/ModernBERT-base,8949b909ec900327062f0ebf497f51aef5e6f0c8,1,1,1,1,1,1,1
1185,https://www.unodc.org/cld/case-law-doc/traffickingpersonscrimetype/ind/2007/kajal_mitra_v._state_of_west_bengal_.html,India,73,85,answerdotai/ModernBERT-base,8949b909ec900327062f0ebf497f51aef5e6f0c8,1,1,1,1,1,1,1
1186,https://www.unodc.org/cld/case-law-doc/traffickingpersonscrimetype/usa/2007/united_states_v._robert_lewis_young_aka_u.s._v._young_et_al..html,United States of America,28,33,answerdotai/ModernBERT-base,8949b909ec900327062f0ebf497f51aef5e6f0c8,1,1,1,1,1,1,1
1187,https://www.unodc.org/cld/case-law-doc/traffickingpersonscrimetype/usa/2007/united_states_v._carslake.html,United States of America,132,170,answerdotai/ModernBERT-base,8949b909ec900327062f0ebf497f51aef5e6f0c8,1,1,1,1,1,1,1
1188,https://www.unodc.org/cld/case-law-doc/traffickingpersonscrimetype/bra/2007/processo_n_97.13.01651-3_.html,Brazil,133,179,answerdotai/ModernBERT-base,8949b909ec900327062f0ebf497f51aef5e6f0c8,1,1,1,1,1,1,1
1189,https://www.unodc.org/cld/case-law-doc/traffickingpersonscrimetype/chl/2007/ministerio_publico_v._jose_luis_castro_sosa.html,Chile,272,337,answerdotai/ModernBERT-base,8949b909ec900327062f0ebf497f51aef5e6f0c8,1,1,1,1,1,1,1
1190,https://www.unodc.org/cld/case-law-doc/criminalgroupcrimetype/bol/2007/_auto_supremo_2002007_-_bin_xin_zhang_zhang_et_al.html,Bolivia (Plurinational State of),333,477,answerdotai/ModernBERT-base,8949b909ec900327062f0ebf497f51aef5e6f0c8,1,1,1,1,1,1,1
1191,https://www.unodc.org/cld/case-law-doc/traffickingpersonscrimetype/isr/2007/state_of_israel_v._muhammed_john_ben_taha_jeeth_alen.html,Israel,2010,2595,answerdotai/ModernBERT-base,8949b909ec900327062f0ebf497f51aef5e6f0c8,0,0,0,0,1,1,1
1192,https://www.unodc.org/cld/case-law-doc/criminalgroupcrimetype/phl/2007/crim._case_no._59_071-2006.html,Philippines,111,167,answerdotai/ModernBERT-base,8949b909ec900327062f0ebf497f51aef5e6f0c8,1,1,1,1,1,1,1
1194,https://www.unodc.org/cld/case-law-doc/traffickingpersonscrimetype/svk/2007/1_t_972007_.html,Slovakia,219,304,answerdotai/ModernBERT-base,8949b909ec900327062f0ebf497f51aef5e6f0c8,1,1,1,1,1,1,1
1197,https://www.unodc.org/cld/case-law-doc/traffickingpersonscrimetype/ken/2007/christine_atieno_ochieng_another_v_republic_2007_eklr.html,Kenya,143,184,answerdotai/ModernBERT-base,8949b909ec900327062f0ebf497f51aef5e6f0c8,1,1,1,1,1,1,1
1198,https://www.unodc.org/cld/case-law-doc/moneylaunderingcrimetype/bra/2007/habeas_corpus_n._2759-rn_2007.05.00.025014-1.html,Brazil,221,264,answerdotai/ModernBERT-base,8949b909ec900327062f0ebf497f51aef5e6f0c8,1,1,1,1,1,1,1
1199,https://www.unodc.org/cld/case-law-doc/traffickingpersonscrimetype/fin/2007/anonymous_decision_3.html,Finland,246,274,answerdotai/ModernBERT-base,8949b909ec900327062f0ebf497f51aef5e6f0c8,1,1,1,1,1,1,1
1200,https://www.unodc.org/cld/case-law-doc/traffickingpersonscrimetype/usa/2007/united_states_v.william_irey.html,United States of America,163,199,answerdotai/ModernBERT-base,8949b909ec900327062f0ebf497f51aef5e6f0c8,1,1,1,1,1,1,1
1201,https://www.unodc.org/cld/case-law-doc/traffickingpersonscrimetype/ind/2007/state_of_maharashtra_and_anr._v._m.s.h.html,India,606,753,answerdotai/ModernBERT-base,8949b909ec900327062f0ebf497f51aef5e6f0c8,0,1,1,1,1,1,1
1203,https://www.unodc.org/cld/case-law-doc/traffickingpersonscrimetype/dnk/2007/copenhagen_district_court_judgment_2_july_2007.html,Denmark,178,200,answerdotai/ModernBERT-base,8949b909ec900327062f0ebf497f51aef5e6f0c8,1,1,1,1,1,1,1
1204,https://www.unodc.org/cld/case-law-doc/traffickingpersonscrimetype/usa/2007/united_states_v._demond_levail_osley.html,United States of America,59,71,answerdotai/ModernBERT-base,8949b909ec900327062f0ebf497f51aef5e6f0c8,1,1,1,1,1,1,1
1205,https://www.unodc.org/cld/case-law-doc/traffickingpersonscrimetype/ind/2007/sub-inspector_of_police_v._dharmapuri_sridevi.html,India,731,880,answerdotai/ModernBERT-base,8949b909ec900327062f0ebf497f51aef5e6f0c8,0,1,1,1,1,1,1
1206,https://www.unodc.org/cld/case-law-doc/traffickingpersonscrimetype/aut/2007/15os4007g_2007.html,Austria,135,154,answerdotai/ModernBERT-base,8949b909ec900327062f0ebf497f51aef5e6f0c8,1,1,1,1,1,1,1
1207,https://www.unodc.org/cld/case-law-doc/moneylaunderingcrimetype/bra/2007/habeas_corpus_n_2770-rn_2007.05.00.029423-5.html,Brazil,40,50,answerdotai/ModernBERT-base,8949b909ec900327062f0ebf497f51aef5e6f0c8,1,1,1,1,1,1,1
1208,https://www.unodc.org/cld/case-law-doc/criminalgroupcrimetype/bra/2007/habeas_corpus_no._2.746_2007.05.00.024317-3_.html,Brazil,163,200,answerdotai/ModernBERT-base,8949b909ec900327062f0ebf497f51aef5e6f0c8,1,1,1,1,1,1,1
1210,https://www.unodc.org/cld/case-law-doc/traffickingpersonscrimetype/est/2007/1-06-6797.html,Estonia,133,174,answerdotai/ModernBERT-base,8949b909ec900327062f0ebf497f51aef5e6f0c8,1,1,1,1,1,1,1
1211,https://www.unodc.org/cld/case-law-doc/traffickingpersonscrimetype/tur/2007/case_no._20074540.html,Türkiye,79,101,answerdotai/ModernBERT-base,8949b909ec900327062f0ebf497f51aef5e6f0c8,1,1,1,1,1,1,1
1213,https://www.unodc.org/cld/case-law-doc/traffickingpersonscrimetype/dnk/2007/roskilde_district_court_judgment_1_june_2007.html,Denmark,89,109,answerdotai/ModernBERT-base,8949b909ec900327062f0ebf497f51aef5e6f0c8,1,1,1,1,1,1,1
1215,https://www.unodc.org/cld/case-law-doc/traffickingpersonscrimetype/srb/2007/k_12704_.html,Serbia,74,87,answerdotai/ModernBERT-base,8949b909ec900327062f0ebf497f51aef5e6f0c8,1,1,1,1,1,1,1
1216,https://www.unodc.org/cld/case-law-doc/traffickingpersonscrimetype/nga/2007/_attorney_general_of_the_federation_and_felicia_okafor.html,Nigeria,318,406,answerdotai/ModernBERT-base,8949b909ec900327062f0ebf497f51aef5e6f0c8,1,1,1,1,1,1,1
1217,https://www.unodc.org/cld/case-law-doc/traffickingpersonscrimetype/pol/2007/ii_aka_32505_.html,Poland,815,1035,answerdotai/ModernBERT-base,8949b909ec900327062f0ebf497f51aef5e6f0c8,0,0,1,1,1,1,1
1218,https://www.unodc.org/cld/case-law-doc/traffickingpersonscrimetype/usa/2007/united_states_v._kim_et_al_do_hyup_bae.html,United States of America,282,360,answerdotai/ModernBERT-base,8949b909ec900327062f0ebf497f51aef5e6f0c8,1,1,1,1,1,1,1
1219,https://www.unodc.org/cld/case-law-doc/traffickingpersonscrimetype/bra/2007/habeas_corpus_no.2.750-pe_2007.05.00.024422-0.html,Brazil,68,85,answerdotai/ModernBERT-base,8949b909ec900327062f0ebf497f51aef5e6f0c8,1,1,1,1,1,1,1
1220,https://www.unodc.org/cld/case-law-doc/criminalgroupcrimetype/bra/2007/processo_n_2007.03.00.020742-5_.html,Brazil,284,381,answerdotai/ModernBERT-base,8949b909ec900327062f0ebf497f51aef5e6f0c8,1,1,1,1,1,1,1
1221,https://www.unodc.org/cld/case-law-doc/criminalgroupcrimetype/bra/2007/processo_2007.03.00.020742-5_hc_-_27167.html,Brazil,268,330,answerdotai/ModernBERT-base,8949b909ec900327062f0ebf497f51aef5e6f0c8,1,1,1,1,1,1,1
1222,https://www.unodc.org/cld/case-law-doc/traffickingpersonscrimetype/est/2007/1-07-91.html,Estonia,77,95,answerdotai/ModernBERT-base,8949b909ec900327062f0ebf497f51aef5e6f0c8,1,1,1,1,1,1,1
1223,https://www.unodc.org/cld/case-law-doc/traffickingpersonscrimetype/hun/2007/5-h-bj-2007-2.html,Hungary,225,269,answerdotai/ModernBERT-base,8949b909ec900327062f0ebf497f51aef5e6f0c8,1,1,1,1,1,1,1
1224,https://www.unodc.org/cld/case-law-doc/traffickingpersonscrimetype/nga/2007/hon._attorney_general_of_the_federation_and_franca_edith_asiboja.html,Nigeria,213,299,answerdotai/ModernBERT-base,8949b909ec900327062f0ebf497f51aef5e6f0c8,1,1,1,1,1,1,1
1225,https://www.unodc.org/cld/case-law-doc/traffickingpersonscrimetype/nga/2007/attorney_general_of_the_federation_and_e.o.html,Nigeria,358,460,answerdotai/ModernBERT-base,8949b909ec900327062f0ebf497f51aef5e6f0c8,1,1,1,1,1,1,1
1226,https://www.unodc.org/cld/case-law-doc/traffickingpersonscrimetype/usa/2007/united_states_v._deric_willoughby_criminal_case_no._05-81123.html,United States of America,211,270,answerdotai/ModernBERT-base,8949b909ec900327062f0ebf497f51aef5e6f0c8,1,1,1,1,1,1,1
1227,https://www.unodc.org/cld/case-law-doc/criminalgroupcrimetype/bra/2007/processo_n_2005.61.19.004841-3_.html,Brazil,374,472,answerdotai/ModernBERT-base,8949b909ec900327062f0ebf497f51aef5e6f0c8,1,1,1,1,1,1,1
1229,https://www.unodc.org/cld/case-law-doc/traffickingpersonscrimetype/usa/2007/united_states_v._telichenko.html,United States of America,264,327,answerdotai/ModernBERT-base,8949b909ec900327062f0ebf497f51aef5e6f0c8,1,1,1,1,1,1,1
1230,https://www.unodc.org/cld/case-law-doc/traffickingpersonscrimetype/usa/2007/united_states_v._javier_cortes-eliosa.html,United States of America,75,89,answerdotai/ModernBERT-base,8949b909ec900327062f0ebf497f51aef5e6f0c8,1,1,1,1,1,1,1
1232,https://www.unodc.org/cld/case-law-doc/traffickingpersonscrimetype/phl/2007/crim._case_no._21898.html,Philippines,269,338,answerdotai/ModernBERT-base,8949b909ec900327062f0ebf497f51aef5e6f0c8,1,1,1,1,1,1,1
1233,https://www.unodc.org/cld/case-law-doc/traffickingpersonscrimetype/usa/2007/united_states_v._glenn_marcus.html,United States of America,116,164,answerdotai/ModernBERT-base,8949b909ec900327062f0ebf497f51aef5e6f0c8,1,1,1,1,1,1,1
1234,https://www.unodc.org/cld/case-law-doc/traffickingpersonscrimetype/usa/2007/john_doe_v._moises_rodriguez_.html,United States of America,275,342,answerdotai/ModernBERT-base,8949b909ec900327062f0ebf497f51aef5e6f0c8,1,1,1,1,1,1,1
1235,https://www.unodc.org/cld/case-law-doc/traffickingpersonscrimetype/bel/2007/cour_dappel_de_bruxelles_11eme_chambre.html,Belgium,152,170,answerdotai/ModernBERT-base,8949b909ec900327062f0ebf497f51aef5e6f0c8,1,1,1,1,1,1,1
1236,https://www.unodc.org/cld/case-law-doc/traffickingpersonscrimetype/usa/2007/united_states_v._victor_powell.html,United States of America,44,51,answerdotai/ModernBERT-base,8949b909ec900327062f0ebf497f51aef5e6f0c8,1,1,1,1,1,1,1
1238,https://www.unodc.org/cld/case-law-doc/traffickingpersonscrimetype/svk/2007/2_to_3792006_.html,Slovakia,394,545,answerdotai/ModernBERT-base,8949b909ec900327062f0ebf497f51aef5e6f0c8,0,1,1,1,1,1,1
1239,https://www.unodc.org/cld/case-law-doc/traffickingpersonscrimetype/idn/2007/190_kpid_sus2007_.html,Indonesia,411,503,answerdotai/ModernBERT-base,8949b909ec900327062f0ebf497f51aef5e6f0c8,1,1,1,1,1,1,1
1241,https://www.unodc.org/cld/case-law-doc/drugcrimetype/est/2007/1-06-5410.html,Estonia,37,52,answerdotai/ModernBERT-base,8949b909ec900327062f0ebf497f51aef5e6f0c8,1,1,1,1,1,1,1
1242,https://www.unodc.org/cld/case-law-doc/traffickingpersonscrimetype/usa/2007/united_states_v._lucilene_felipe_dos_santos.html,United States of America,115,147,answerdotai/ModernBERT-base,8949b909ec900327062f0ebf497f51aef5e6f0c8,1,1,1,1,1,1,1
1243,https://www.unodc.org/cld/case-law-doc/traffickingpersonscrimetype/cze/2007/18_t_72006.html,Czechia,81,101,answerdotai/ModernBERT-base,8949b909ec900327062f0ebf497f51aef5e6f0c8,1,1,1,1,1,1,1
1244,https://www.unodc.org/cld/case-law-doc/traffickingpersonscrimetype/chl/2006/chile_v._m.a.c.s_s.d.g..html,Chile,106,133,answerdotai/ModernBERT-base,8949b909ec900327062f0ebf497f51aef5e6f0c8,1,1,1,1,1,1,1
1246,https://www.unodc.org/cld/case-law-doc/criminalgroupcrimetype/col/2006/morales_et_al.html,Colombia,156,205,answerdotai/ModernBERT-base,8949b909ec900327062f0ebf497f51aef5e6f0c8,1,1,1,1,1,1,1
1247,https://www.unodc.org/cld/case-law-doc/traffickingpersonscrimetype/bra/2006/processo_no._2006.33.00.005669-9.html,Brazil,163,195,answerdotai/ModernBERT-base,8949b909ec900327062f0ebf497f51aef5e6f0c8,1,1,1,1,1,1,1
1248,https://www.unodc.org/cld/case-law-doc/traffickingpersonscrimetype/cze/2006/7_t_82006.html,Czechia,62,81,answerdotai/ModernBERT-base,8949b909ec900327062f0ebf497f51aef5e6f0c8,1,1,1,1,1,1,1
1249,https://www.unodc.org/cld/case-law-doc/traffickingpersonscrimetype/col/2006/giraldo_and_cortes.html,Colombia,254,343,answerdotai/ModernBERT-base,8949b909ec900327062f0ebf497f51aef5e6f0c8,1,1,1,1,1,1,1
1251,https://www.unodc.org/cld/case-law-doc/traffickingpersonscrimetype/usa/2006/united_states_v._zheng_et_al.html,United States of America,115,147,answerdotai/ModernBERT-base,8949b909ec900327062f0ebf497f51aef5e6f0c8,1,1,1,1,1,1,1
1252,https://www.unodc.org/cld/case-law-doc/criminalgroupcrimetype/bra/2006/hc_2320-_rn_2005.05.00.050441-5.html,Brazil,116,151,answerdotai/ModernBERT-base,8949b909ec900327062f0ebf497f51aef5e6f0c8,1,1,1,1,1,1,1
1253,https://www.unodc.org/cld/case-law-doc/traffickingpersonscrimetype/fin/2006/ko_r_062381.html,Finland,159,205,answerdotai/ModernBERT-base,8949b909ec900327062f0ebf497f51aef5e6f0c8,1,1,1,1,1,1,1
1254,https://www.unodc.org/cld/case-law-doc/moneylaunderingcrimetype/bra/2006/habeas_corpus_n._2.596_rn_2006.05.00.062316-0_.html,Brazil,108,132,answerdotai/ModernBERT-base,8949b909ec900327062f0ebf497f51aef5e6f0c8,1,1,1,1,1,1,1
1256,https://www.unodc.org/cld/case-law-doc/traffickingpersonscrimetype/alb/2006/decision_no._622.html,Albania,101,131,answerdotai/ModernBERT-base,8949b909ec900327062f0ebf497f51aef5e6f0c8,1,1,1,1,1,1,1
1257,https://www.unodc.org/cld/case-law-doc/traffickingpersonscrimetype/bra/2006/processo_no._2006.30.00.000871-5.html,Brazil,127,180,answerdotai/ModernBERT-base,8949b909ec900327062f0ebf497f51aef5e6f0c8,1,1,1,1,1,1,1
1258,https://www.unodc.org/cld/case-law-doc/traffickingpersonscrimetype/hun/2006/16-h-bj-2006-2.html,Hungary,168,213,answerdotai/ModernBERT-base,8949b909ec900327062f0ebf497f51aef5e6f0c8,1,1,1,1,1,1,1
1259,https://www.unodc.org/cld/case-law-doc/traffickingpersonscrimetype/pol/2006/iii_kk_1772007_.html,Poland,645,763,answerdotai/ModernBERT-base,8949b909ec900327062f0ebf497f51aef5e6f0c8,0,1,1,1,1,1,1
1260,https://www.unodc.org/cld/case-law-doc/traffickingpersonscrimetype/usa/2006/united_states_v._chang.html,United States of America,404,526,answerdotai/ModernBERT-base,8949b909ec900327062f0ebf497f51aef5e6f0c8,0,1,1,1,1,1,1
1262,https://www.unodc.org/cld/case-law-doc/traffickingpersonscrimetype/svk/2006/29_to_342006_.html,Slovakia,216,302,answerdotai/ModernBERT-base,8949b909ec900327062f0ebf497f51aef5e6f0c8,1,1,1,1,1,1,1
1263,https://www.unodc.org/cld/case-law-doc/traffickingpersonscrimetype/chl/2006/chile_v._nelly_viviana_condori_nicolas.html,Chile,122,155,answerdotai/ModernBERT-base,8949b909ec900327062f0ebf497f51aef5e6f0c8,1,1,1,1,1,1,1
1264,https://www.unodc.org/cld/case-law-doc/criminalgroupcrimetype/bra/2006/hc_23212005.05.00.050376-9.html,Brazil,96,120,answerdotai/ModernBERT-base,8949b909ec900327062f0ebf497f51aef5e6f0c8,1,1,1,1,1,1,1
1265,https://www.unodc.org/cld/case-law-doc/traffickingpersonscrimetype/svk/2006/5_to_662006.html,Slovakia,453,615,answerdotai/ModernBERT-base,8949b909ec900327062f0ebf497f51aef5e6f0c8,0,1,1,1,1,1,1
1266,https://www.unodc.org/cld/case-law-doc/traffickingpersonscrimetype/dnk/2006/eastern_high_court_judgment_27_september_2006.html,Denmark,25,32,answerdotai/ModernBERT-base,8949b909ec900327062f0ebf497f51aef5e6f0c8,1,1,1,1,1,1,1
1267,https://www.unodc.org/cld/case-law-doc/traffickingpersonscrimetype/svk/2006/1_to_522007_.html,Slovakia,327,461,answerdotai/ModernBERT-base,8949b909ec900327062f0ebf497f51aef5e6f0c8,1,1,1,1,1,1,1
1268,https://www.unodc.org/cld/case-law-doc/traffickingpersonscrimetype/usa/2006/united_states_v._george_anderson_iii.html,United States of America,91,105,answerdotai/ModernBERT-base,8949b909ec900327062f0ebf497f51aef5e6f0c8,1,1,1,1,1,1,1
1269,https://www.unodc.org/cld/case-law-doc/traffickingpersonscrimetype/nga/2006/attorney_general_of_the_federation_v._constance_omoruyi.html,Nigeria,248,309,answerdotai/ModernBERT-base,8949b909ec900327062f0ebf497f51aef5e6f0c8,1,1,1,1,1,1,1
1270,https://www.unodc.org/cld/case-law-doc/traffickingpersonscrimetype/alb/2006/mahmutaj.html,Albania,118,161,answerdotai/ModernBERT-base,8949b909ec900327062f0ebf497f51aef5e6f0c8,1,1,1,1,1,1,1
1271,https://www.unodc.org/cld/case-law-doc/traffickingpersonscrimetype/ltu/2006/case_no._1-56-300_.html,Lithuania,111,147,answerdotai/ModernBERT-base,8949b909ec900327062f0ebf497f51aef5e6f0c8,1,1,1,1,1,1,1
1272,https://www.unodc.org/cld/case-law-doc/traffickingpersonscrimetype/bra/2006/acr_9800641386rj.html,Brazil,242,374,answerdotai/ModernBERT-base,8949b909ec900327062f0ebf497f51aef5e6f0c8,1,1,1,1,1,1,1
1273,https://www.unodc.org/cld/case-law-doc/moneylaunderingcrimetype/bra/2006/habeas_corpus_n_2.474-_rn_processo_n_2006.05.00.28010-4.html,Brazil,206,265,answerdotai/ModernBERT-base,8949b909ec900327062f0ebf497f51aef5e6f0c8,1,1,1,1,1,1,1
1274,https://www.unodc.org/cld/case-law-doc/traffickingpersonscrimetype/usa/2006/chellen_v._john_pickle_co.html,United States of America,241,358,answerdotai/ModernBERT-base,8949b909ec900327062f0ebf497f51aef5e6f0c8,1,1,1,1,1,1,1
1276,https://www.unodc.org/cld/case-law-doc/traffickingpersonscrimetype/usa/2006/united_states_v_brandon_keith_hill.html,United States of America,102,118,answerdotai/ModernBERT-base,8949b909ec900327062f0ebf497f51aef5e6f0c8,1,1,1,1,1,1,1
1277,https://www.unodc.org/cld/case-law-doc/traffickingpersonscrimetype/svk/2006/1_to_612006_.html,Slovakia,1056,1288,answerdotai/ModernBERT-base,8949b909ec900327062f0ebf497f51aef5e6f0c8,0,0,1,1,1,1,1
1278,https://www.unodc.org/cld/case-law-doc/criminalgroupcrimetype/fin/2006/estonian-finnish_criminal_organization_case.html,Finland,176,210,answerdotai/ModernBERT-base,8949b909ec900327062f0ebf497f51aef5e6f0c8,1,1,1,1,1,1,1
1279,https://www.unodc.org/cld/case-law-doc/traffickingpersonscrimetype/mkd/2006/verdict_k.6.14606.html,North Macedonia,117,140,answerdotai/ModernBERT-base,8949b909ec900327062f0ebf497f51aef5e6f0c8,1,1,1,1,1,1,1
1280,https://www.unodc.org/cld/case-law-doc/traffickingpersonscrimetype/dnk/2006/copenhagen_district_court_judgment_13_july_2006.html,Denmark,123,142,answerdotai/ModernBERT-base,8949b909ec900327062f0ebf497f51aef5e6f0c8,1,1,1,1,1,1,1
1281,https://www.unodc.org/cld/case-law-doc/moneylaunderingcrimetype/bra/2006/hc_2326-_rn_2005.05.00.050439-7.html,Brazil,134,176,answerdotai/ModernBERT-base,8949b909ec900327062f0ebf497f51aef5e6f0c8,1,1,1,1,1,1,1
1283,https://www.unodc.org/cld/case-law-doc/traffickingpersonscrimetype/ind/2006/a.n._roy_commissioner_of_police_and_anr._v._suresh_sham_singh.html,India,643,833,answerdotai/ModernBERT-base,8949b909ec900327062f0ebf497f51aef5e6f0c8,0,1,1,1,1,1,1
1284,https://www.unodc.org/cld/case-law-doc/traffickingpersonscrimetype/usa/2006/united_states_v._abdel_nasser_youssef_ibrahim.html,United States of America,203,261,answerdotai/ModernBERT-base,8949b909ec900327062f0ebf497f51aef5e6f0c8,1,1,1,1,1,1,1
1286,https://www.unodc.org/cld/case-law-doc/drugcrimetype/swe/2006/case_no_b_626-06.html,Sweden,173,223,answerdotai/ModernBERT-base,8949b909ec900327062f0ebf497f51aef5e6f0c8,1,1,1,1,1,1,1
1287,https://www.unodc.org/cld/case-law-doc/traffickingpersonscrimetype/usa/2006/united_states_v._jimenez-calderon_et_al..html,United States of America,430,589,answerdotai/ModernBERT-base,8949b909ec900327062f0ebf497f51aef5e6f0c8,0,1,1,1,1,1,1
1288,https://www.unodc.org/cld/case-law-doc/traffickingpersonscrimetype/pol/2006/iv_k_15005.html,Poland,619,788,answerdotai/ModernBERT-base,8949b909ec900327062f0ebf497f51aef5e6f0c8,0,1,1,1,1,1,1
1289,https://www.unodc.org/cld/case-law-doc/traffickingpersonscrimetype/fra/2006/mario_x.html,France,156,207,answerdotai/ModernBERT-base,8949b909ec900327062f0ebf497f51aef5e6f0c8,1,1,1,1,1,1,1
1290,https://www.unodc.org/cld/case-law-doc/traffickingpersonscrimetype/cze/2006/47_t_42006.html,Czechia,65,88,answerdotai/ModernBERT-base,8949b909ec900327062f0ebf497f51aef5e6f0c8,1,1,1,1,1,1,1
1291,https://www.unodc.org/cld/case-law-doc/traffickingpersonscrimetype/bra/2006/sentenca_2001.71.00.025842-5_jfrs.html,Brazil,223,293,answerdotai/ModernBERT-base,8949b909ec900327062f0ebf497f51aef5e6f0c8,1,1,1,1,1,1,1
1292,https://www.unodc.org/cld/case-law-doc/traffickingpersonscrimetype/bra/2006/processo_2004.38.03.009328-4.html,Brazil,96,115,answerdotai/ModernBERT-base,8949b909ec900327062f0ebf497f51aef5e6f0c8,1,1,1,1,1,1,1
1293,https://www.unodc.org/cld/case-law-doc/traffickingpersonscrimetype/alb/2006/decision_no._312.html,Albania,74,95,answerdotai/ModernBERT-base,8949b909ec900327062f0ebf497f51aef5e6f0c8,1,1,1,1,1,1,1
1294,https://www.unodc.org/cld/case-law-doc/traffickingpersonscrimetype/fra/2006/epoux_moukarim_c._demoiselle_isopehi.html,France,153,207,answerdotai/ModernBERT-base,8949b909ec900327062f0ebf497f51aef5e6f0c8,1,1,1,1,1,1,1
1296,https://www.unodc.org/cld/case-law-doc/criminalgroupcrimetype/isr/2006/brechman_et_al._vs._state_of_israel.html,Israel,533,631,answerdotai/ModernBERT-base,8949b909ec900327062f0ebf497f51aef5e6f0c8,0,1,1,1,1,1,1
1297,https://www.unodc.org/cld/case-law-doc/traffickingpersonscrimetype/bih/2006/presuda_k-7105_.html,Bosnia and Herzegovina,154,189,answerdotai/ModernBERT-base,8949b909ec900327062f0ebf497f51aef5e6f0c8,1,1,1,1,1,1,1
1298,https://www.unodc.org/cld/case-law-doc/traffickingpersonscrimetype/usa/2006/united_states_v._okhotina.html,United States of America,181,226,answerdotai/ModernBERT-base,8949b909ec900327062f0ebf497f51aef5e6f0c8,1,1,1,1,1,1,1
1299,https://www.unodc.org/cld/case-law-doc/traffickingpersonscrimetype/swe/2006/case_no_b_133-05.html,Sweden,253,312,answerdotai/ModernBERT-base,8949b909ec900327062f0ebf497f51aef5e6f0c8,1,1,1,1,1,1,1
1300,https://www.unodc.org/cld/case-law-doc/traffickingpersonscrimetype/svk/2006/5_to_312006_.html,Slovakia,413,563,answerdotai/ModernBERT-base,8949b909ec900327062f0ebf497f51aef5e6f0c8,0,1,1,1,1,1,1
1302,https://www.unodc.org/cld/case-law-doc/traffickingpersonscrimetype/svk/2006/7_to_162006.html,Slovakia,676,880,answerdotai/ModernBERT-base,8949b909ec900327062f0ebf497f51aef5e6f0c8,0,1,1,1,1,1,1
1304,https://www.unodc.org/cld/case-law-doc/traffickingpersonscrimetype/pol/2006/ii_aka_29905.html,Poland,1869,2359,answerdotai/ModernBERT-base,8949b909ec900327062f0ebf497f51aef5e6f0c8,0,0,0,0,1,1,1
1305,https://www.unodc.org/cld/case-law-doc/traffickingpersonscrimetype/usa/2006/united_states_v._carlos_curtis.html,United States of America,43,56,answerdotai/ModernBERT-base,8949b909ec900327062f0ebf497f51aef5e6f0c8,1,1,1,1,1,1,1
1306,https://www.unodc.org/cld/case-law-doc/traffickingpersonscrimetype/alb/2006/decision_no._361.html,Albania,148,197,answerdotai/ModernBERT-base,8949b909ec900327062f0ebf497f51aef5e6f0c8,1,1,1,1,1,1,1
1307,https://www.unodc.org/cld/case-law-doc/traffickingpersonscrimetype/bra/2006/processo_n_2005.03.99.009508-0_18548.html,Brazil,655,857,answerdotai/ModernBERT-base,8949b909ec900327062f0ebf497f51aef5e6f0c8,0,1,1,1,1,1,1
1308,https://www.unodc.org/cld/case-law-doc/traffickingpersonscrimetype/usa/2006/united_states_v._maksimenko_and_united_states_v._prokopenko.html,United States of America,244,339,answerdotai/ModernBERT-base,8949b909ec900327062f0ebf497f51aef5e6f0c8,1,1,1,1,1,1,1
1311,https://www.unodc.org/cld/case-law-doc/traffickingpersonscrimetype/svk/2006/5_to_732005_.html,Slovakia,360,495,answerdotai/ModernBERT-base,8949b909ec900327062f0ebf497f51aef5e6f0c8,1,1,1,1,1,1,1
1312,https://www.unodc.org/cld/case-law-doc/traffickingpersonscrimetype/gbr/2006/regina_v._besmir_ramaj_and_hasan_atesogullari.html,United Kingdom of Great Britain and Northern Ireland,126,165,answerdotai/ModernBERT-base,8949b909ec900327062f0ebf497f51aef5e6f0c8,1,1,1,1,1,1,1
1313,https://www.unodc.org/cld/case-law-doc/traffickingpersonscrimetype/cze/2006/72_t_1812005.html,Czechia,87,118,answerdotai/ModernBERT-base,8949b909ec900327062f0ebf497f51aef5e6f0c8,1,1,1,1,1,1,1
1314,https://www.unodc.org/cld/case-law-doc/traffickingpersonscrimetype/swe/2006/case_no_b_982-05.html,Sweden,78,97,answerdotai/ModernBERT-base,8949b909ec900327062f0ebf497f51aef5e6f0c8,1,1,1,1,1,1,1
1315,https://www.unodc.org/cld/case-law-doc/criminalgroupcrimetype/isr/2006/state_of_israel_vs._aldenko_et_al.html,Israel,490,601,answerdotai/ModernBERT-base,8949b909ec900327062f0ebf497f51aef5e6f0c8,0,1,1,1,1,1,1
1316,https://www.unodc.org/cld/case-law-doc/traffickingpersonscrimetype/usa/2006/united_states_v._salazar.html,United States of America,133,166,answerdotai/ModernBERT-base,8949b909ec900327062f0ebf497f51aef5e6f0c8,1,1,1,1,1,1,1
1318,https://www.unodc.org/cld/case-law-doc/traffickingpersonscrimetype/bra/2006/acr_200151015398501rj.html,Brazil,131,163,answerdotai/ModernBERT-base,8949b909ec900327062f0ebf497f51aef5e6f0c8,1,1,1,1,1,1,1
1319,https://www.unodc.org/cld/case-law-doc/traffickingpersonscrimetype/usa/2006/united_states_v_kyongja_kang.html,United States of America,291,373,answerdotai/ModernBERT-base,8949b909ec900327062f0ebf497f51aef5e6f0c8,1,1,1,1,1,1,1
1320,https://www.unodc.org/cld/case-law-doc/traffickingpersonscrimetype/usa/2006/united_states_v._kaufman.html,United States of America,125,159,answerdotai/ModernBERT-base,8949b909ec900327062f0ebf497f51aef5e6f0c8,1,1,1,1,1,1,1
1321,https://www.unodc.org/cld/case-law-doc/traffickingpersonscrimetype/swe/2006/case_no_b_8862-04.html,Sweden,99,116,answerdotai/ModernBERT-base,8949b909ec900327062f0ebf497f51aef5e6f0c8,1,1,1,1,1,1,1
1322,https://www.unodc.org/cld/case-law-doc/traffickingpersonscrimetype/swe/2006/case_no_b_2429-05.html,Sweden,251,289,answerdotai/ModernBERT-base,8949b909ec900327062f0ebf497f51aef5e6f0c8,1,1,1,1,1,1,1
1323,https://www.unodc.org/cld/case-law-doc/traffickingpersonscrimetype/svk/2006/7_t_42005_.html,Slovakia,365,488,answerdotai/ModernBERT-base,8949b909ec900327062f0ebf497f51aef5e6f0c8,1,1,1,1,1,1,1
1324,https://www.unodc.org/cld/case-law-doc/traffickingpersonscrimetype/usa/2006/united_states_v._mariece_sims.html,United States of America,179,227,answerdotai/ModernBERT-base,8949b909ec900327062f0ebf497f51aef5e6f0c8,1,1,1,1,1,1,1
1325,https://www.unodc.org/cld/case-law-doc/traffickingpersonscrimetype/srb/2005/k_7562005_.html,Serbia,169,200,answerdotai/ModernBERT-base,8949b909ec900327062f0ebf497f51aef5e6f0c8,1,1,1,1,1,1,1
1326,https://www.unodc.org/cld/case-law-doc/traffickingpersonscrimetype/nga/2005/hon._attorney_general_of_the_federation_v._m.a.html,Nigeria,122,147,answerdotai/ModernBERT-base,8949b909ec900327062f0ebf497f51aef5e6f0c8,1,1,1,1,1,1,1
1327,https://www.unodc.org/cld/case-law-doc/traffickingpersonscrimetype/srb/2005/k_i_167105_.html,Serbia,167,189,answerdotai/ModernBERT-base,8949b909ec900327062f0ebf497f51aef5e6f0c8,1,1,1,1,1,1,1
1328,https://www.unodc.org/cld/case-law-doc/criminalgroupcrimetype/phl/2005/people_of_philippines_vs._alice_tongco_y_terrado_den_jerson_tongco_y_vistal.html,Philippines,1114,1439,answerdotai/ModernBERT-base,8949b909ec900327062f0ebf497f51aef5e6f0c8,0,0,1,1,1,1,1
1329,https://www.unodc.org/cld/case-law-doc/traffickingpersonscrimetype/phl/2005/criminal_cases_nos._21908_21930.html,Philippines,708,1025,answerdotai/ModernBERT-base,8949b909ec900327062f0ebf497f51aef5e6f0c8,0,0,1,1,1,1,1
1330,https://www.unodc.org/cld/case-law-doc/traffickingpersonscrimetype/pry/2005/recurso_extraordinario_de_casacion_-_sentencia_numero_1067.html,Paraguay,136,167,answerdotai/ModernBERT-base,8949b909ec900327062f0ebf497f51aef5e6f0c8,1,1,1,1,1,1,1
1331,https://www.unodc.org/cld/case-law-doc/traffickingpersonscrimetype/gbr/2005/r._v._shaban_maka.html,United Kingdom of Great Britain and Northern Ireland,216,248,answerdotai/ModernBERT-base,8949b909ec900327062f0ebf497f51aef5e6f0c8,1,1,1,1,1,1,1
1332,https://www.unodc.org/cld/case-law-doc/traffickingpersonscrimetype/gbr/2005/regina_v._lorenc_roci_vullnet_ismailaj.html,United Kingdom of Great Britain and Northern Ireland,180,229,answerdotai/ModernBERT-base,8949b909ec900327062f0ebf497f51aef5e6f0c8,1,1,1,1,1,1,1
1333,https://www.unodc.org/cld/case-law-doc/traffickingpersonscrimetype/usa/2005/united_states_v._clarence_howard_brown.html,United States of America,168,208,answerdotai/ModernBERT-base,8949b909ec900327062f0ebf497f51aef5e6f0c8,1,1,1,1,1,1,1
1334,https://www.unodc.org/cld/case-law-doc/criminalgroupcrimetype/arm/2005/nersisyan_et_al.html,Armenia,372,499,answerdotai/ModernBERT-base,8949b909ec900327062f0ebf497f51aef5e6f0c8,1,1,1,1,1,1,1
1335,https://www.unodc.org/cld/case-law-doc/traffickingpersonscrimetype/usa/2005/united_states_v._zavala_and_ibanez.html,United States of America,150,200,answerdotai/ModernBERT-base,8949b909ec900327062f0ebf497f51aef5e6f0c8,1,1,1,1,1,1,1
1336,https://www.unodc.org/cld/case-law-doc/traffickingpersonscrimetype/_irb/2005/siliadin_v._france.html,International and Regional Bodies,208,248,answerdotai/ModernBERT-base,8949b909ec900327062f0ebf497f51aef5e6f0c8,1,1,1,1,1,1,1
1338,https://www.unodc.org/cld/case-law-doc/traffickingpersonscrimetype/usa/2005/united_states_v._nantawat_naovasaisri.html,United States of America,60,88,answerdotai/ModernBERT-base,8949b909ec900327062f0ebf497f51aef5e6f0c8,1,1,1,1,1,1,1
1339,https://www.unodc.org/cld/case-law-doc/criminalgroupcrimetype/srb/2005/k.p.405_.html,Serbia,360,436,answerdotai/ModernBERT-base,8949b909ec900327062f0ebf497f51aef5e6f0c8,1,1,1,1,1,1,1
1340,https://www.unodc.org/cld/case-law-doc/traffickingpersonscrimetype/aus/2005/r_v_kwok_2005.html,Australia,869,1154,answerdotai/ModernBERT-base,8949b909ec900327062f0ebf497f51aef5e6f0c8,0,0,1,1,1,1,1
1341,https://www.unodc.org/cld/case-law-doc/criminalgroupcrimetype/bra/2005/processo_n_2004.61.20.001211-9_.html,Brazil,191,254,answerdotai/ModernBERT-base,8949b909ec900327062f0ebf497f51aef5e6f0c8,1,1,1,1,1,1,1
1342,https://www.unodc.org/cld/case-law-doc/traffickingpersonscrimetype/nga/2005/hon._attorney_general_of_the_federation_v._hussaina_ibrahim_and_idris_aminus.html,Nigeria,150,170,answerdotai/ModernBERT-base,8949b909ec900327062f0ebf497f51aef5e6f0c8,1,1,1,1,1,1,1
1343,https://www.unodc.org/cld/case-law-doc/traffickingpersonscrimetype/swe/2005/case_no_b_4385-05.html,Sweden,175,205,answerdotai/ModernBERT-base,8949b909ec900327062f0ebf497f51aef5e6f0c8,1,1,1,1,1,1,1
1344,https://www.unodc.org/cld/case-law-doc/traffickingpersonscrimetype/usa/2005/united_states_v._lee.html,United States of America,149,186,answerdotai/ModernBERT-base,8949b909ec900327062f0ebf497f51aef5e6f0c8,1,1,1,1,1,1,1
1345,https://www.unodc.org/cld/case-law-doc/criminalgroupcrimetype/dnk/2005/eastern_high_court_judgment_17_june_2005.html,Denmark,357,430,answerdotai/ModernBERT-base,8949b909ec900327062f0ebf497f51aef5e6f0c8,1,1,1,1,1,1,1
1346,https://www.unodc.org/cld/case-law-doc/traffickingpersonscrimetype/usa/2005/united_states_v._lueleni_fetongi_maka.html,United States of America,139,182,answerdotai/ModernBERT-base,8949b909ec900327062f0ebf497f51aef5e6f0c8,1,1,1,1,1,1,1
1347,https://www.unodc.org/cld/case-law-doc/drugcrimetype/swe/2005/case_no_b_4156-04.html,Sweden,349,417,answerdotai/ModernBERT-base,8949b909ec900327062f0ebf497f51aef5e6f0c8,1,1,1,1,1,1,1
1349,https://www.unodc.org/cld/case-law-doc/traffickingpersonscrimetype/usa/2005/united_states_v._wallace.html,United States of America,409,510,answerdotai/ModernBERT-base,8949b909ec900327062f0ebf497f51aef5e6f0c8,1,1,1,1,1,1,1
1351,https://www.unodc.org/cld/case-law-doc/traffickingpersonscrimetype/srb/2005/k_110-04_.html,Serbia,98,117,answerdotai/ModernBERT-base,8949b909ec900327062f0ebf497f51aef5e6f0c8,1,1,1,1,1,1,1
1353,https://www.unodc.org/cld/case-law-doc/criminalgroupcrimetype/usa/2005/united_states_v._gouw.html,United States of America,158,196,answerdotai/ModernBERT-base,8949b909ec900327062f0ebf497f51aef5e6f0c8,1,1,1,1,1,1,1
1354,https://www.unodc.org/cld/case-law-doc/traffickingpersonscrimetype/svk/2005/3_t_522004_.html,Slovakia,252,338,answerdotai/ModernBERT-base,8949b909ec900327062f0ebf497f51aef5e6f0c8,1,1,1,1,1,1,1
1355,https://www.unodc.org/cld/case-law-doc/traffickingpersonscrimetype/alb/2005/decision_no._240.html,Albania,16,22,answerdotai/ModernBERT-base,8949b909ec900327062f0ebf497f51aef5e6f0c8,1,1,1,1,1,1,1
1356,https://www.unodc.org/cld/case-law-doc/traffickingpersonscrimetype/aus/2005/r_v_ds_2005.html,Australia,772,959,answerdotai/ModernBERT-base,8949b909ec900327062f0ebf497f51aef5e6f0c8,0,1,1,1,1,1,1
1358,https://www.unodc.org/cld/case-law-doc/traffickingpersonscrimetype/svk/2005/4_t_2022004_.html,Slovakia,273,374,answerdotai/ModernBERT-base,8949b909ec900327062f0ebf497f51aef5e6f0c8,1,1,1,1,1,1,1
1359,https://www.unodc.org/cld/case-law-doc/criminalgroupcrimetype/col/2005/gonzalez_et_al.html,Colombia,214,253,answerdotai/ModernBERT-base,8949b909ec900327062f0ebf497f51aef5e6f0c8,1,1,1,1,1,1,1
1360,https://www.unodc.org/cld/case-law-doc/traffickingpersonscrimetype/dnk/2005/aarhus_district_court_judgment_15_march_2005.html,Denmark,27,34,answerdotai/ModernBERT-base,8949b909ec900327062f0ebf497f51aef5e6f0c8,1,1,1,1,1,1,1
1361,https://www.unodc.org/cld/case-law-doc/traffickingpersonscrimetype/chn/2005/chi_yui_oi-chee_lam.html,China,463,599,answerdotai/ModernBERT-base,8949b909ec900327062f0ebf497f51aef5e6f0c8,0,1,1,1,1,1,1
1362,https://www.unodc.org/cld/case-law-doc/traffickingpersonscrimetype/swe/2005/case_no_b_2698-04.html,Sweden,43,55,answerdotai/ModernBERT-base,8949b909ec900327062f0ebf497f51aef5e6f0c8,1,1,1,1,1,1,1
1363,https://www.unodc.org/cld/case-law-doc/traffickingpersonscrimetype/isr/2005/burnstein_vs._state_of_israel.html,Israel,124,162,answerdotai/ModernBERT-base,8949b909ec900327062f0ebf497f51aef5e6f0c8,1,1,1,1,1,1,1
1365,https://www.unodc.org/cld/case-law-doc/traffickingpersonscrimetype/alb/2005/decision_no._97.html,Albania,74,94,answerdotai/ModernBERT-base,8949b909ec900327062f0ebf497f51aef5e6f0c8,1,1,1,1,1,1,1
1366,https://www.unodc.org/cld/case-law-doc/traffickingpersonscrimetype/srb/2005/k_15104.html,Serbia,167,190,answerdotai/ModernBERT-base,8949b909ec900327062f0ebf497f51aef5e6f0c8,1,1,1,1,1,1,1
1367,https://www.unodc.org/cld/case-law-doc/criminalgroupcrimetype/isr/2005/state_of_israel_vs._zaletzky.html,Israel,421,573,answerdotai/ModernBERT-base,8949b909ec900327062f0ebf497f51aef5e6f0c8,0,1,1,1,1,1,1
1371,https://www.unodc.org/cld/case-law-doc/criminalgroupcrimetype/esp/2004/luis_manuel_hector.html,Spain,212,252,answerdotai/ModernBERT-base,8949b909ec900327062f0ebf497f51aef5e6f0c8,1,1,1,1,1,1,1
1372,https://www.unodc.org/cld/case-law-doc/criminalgroupcrimetype/swe/2004/case_no_b_3863-04.html,Sweden,140,161,answerdotai/ModernBERT-base,8949b909ec900327062f0ebf497f51aef5e6f0c8,1,1,1,1,1,1,1
1373,https://www.unodc.org/cld/case-law-doc/traffickingpersonscrimetype/nga/2004/attorney-general_of_the_federation_v._sarah_okoya.html,Nigeria,248,319,answerdotai/ModernBERT-base,8949b909ec900327062f0ebf497f51aef5e6f0c8,1,1,1,1,1,1,1
1374,https://www.unodc.org/cld/case-law-doc/traffickingpersonscrimetype/usa/2004/united_states_v._theresa_mubang.html,United States of America,321,441,answerdotai/ModernBERT-base,8949b909ec900327062f0ebf497f51aef5e6f0c8,1,1,1,1,1,1,1
1376,https://www.unodc.org/cld/case-law-doc/traffickingpersonscrimetype/jpn/2004/1746_tokyo_high_court_2004_u_no._1746.html,Japan,81,94,answerdotai/ModernBERT-base,8949b909ec900327062f0ebf497f51aef5e6f0c8,1,1,1,1,1,1,1
1377,https://www.unodc.org/cld/case-law-doc/traffickingpersonscrimetype/usa/2004/united_states_v._michael_wayne_thomas_criminal_case_no._04-0082.html,United States of America,111,136,answerdotai/ModernBERT-base,8949b909ec900327062f0ebf497f51aef5e6f0c8,1,1,1,1,1,1,1
1378,https://www.unodc.org/cld/case-law-doc/traffickingpersonscrimetype/usa/2004/united_states_v._roman_valdma.html,United States of America,106,135,answerdotai/ModernBERT-base,8949b909ec900327062f0ebf497f51aef5e6f0c8,1,1,1,1,1,1,1
1379,https://www.unodc.org/cld/case-law-doc/traffickingpersonscrimetype/usa/2004/united_states_v._gates.html,United States of America,378,518,answerdotai/ModernBERT-base,8949b909ec900327062f0ebf497f51aef5e6f0c8,0,1,1,1,1,1,1
1380,https://www.unodc.org/cld/case-law-doc/traffickingpersonscrimetype/usa/2004/united_states_v._trakhtenberg.html,United States of America,78,94,answerdotai/ModernBERT-base,8949b909ec900327062f0ebf497f51aef5e6f0c8,1,1,1,1,1,1,1
1381,https://www.unodc.org/cld/case-law-doc/traffickingpersonscrimetype/ind/2004/p._v._state_of_u.p._and_ors..html,India,845,995,answerdotai/ModernBERT-base,8949b909ec900327062f0ebf497f51aef5e6f0c8,0,1,1,1,1,1,1
1382,https://www.unodc.org/cld/case-law-doc/criminalgroupcrimetype/bra/2004/processo_n_2004.03.00.022133-0_17015.html,Brazil,224,281,answerdotai/ModernBERT-base,8949b909ec900327062f0ebf497f51aef5e6f0c8,1,1,1,1,1,1,1
1383,https://www.unodc.org/cld/case-law-doc/criminalgroupcrimetype/bra/2004/processo_n_2004.03.00.022133-0_.html,Brazil,97,124,answerdotai/ModernBERT-base,8949b909ec900327062f0ebf497f51aef5e6f0c8,1,1,1,1,1,1,1
1384,https://www.unodc.org/cld/case-law-doc/traffickingpersonscrimetype/rou/2004/117_2004.html,Romania,267,329,answerdotai/ModernBERT-base,8949b909ec900327062f0ebf497f51aef5e6f0c8,1,1,1,1,1,1,1
1385,https://www.unodc.org/cld/case-law-doc/traffickingpersonscrimetype/usa/2004/united_states_v._herri_nasution_aka_usa_v._trisanti_et_al.html,United States of America,123,151,answerdotai/ModernBERT-base,8949b909ec900327062f0ebf497f51aef5e6f0c8,1,1,1,1,1,1,1
1386,https://www.unodc.org/cld/case-law-doc/traffickingpersonscrimetype/usa/2004/united_states_v_theodore_love_jr.html,United States of America,112,145,answerdotai/ModernBERT-base,8949b909ec900327062f0ebf497f51aef5e6f0c8,1,1,1,1,1,1,1
1388,https://www.unodc.org/cld/case-law-doc/traffickingpersonscrimetype/gbr/2004/criminal_case_2004_ewca_crim_1275.html,United Kingdom of Great Britain and Northern Ireland,552,670,answerdotai/ModernBERT-base,8949b909ec900327062f0ebf497f51aef5e6f0c8,0,1,1,1,1,1,1
1389,https://www.unodc.org/cld/case-law-doc/traffickingpersonscrimetype/bra/2004/acr_1998.39.00.008956-8_trf1.html,Brazil,128,201,answerdotai/ModernBERT-base,8949b909ec900327062f0ebf497f51aef5e6f0c8,1,1,1,1,1,1,1
1391,https://www.unodc.org/cld/case-law-doc/traffickingpersonscrimetype/svk/2004/3_to_432004.html,Slovakia,259,369,answerdotai/ModernBERT-base,8949b909ec900327062f0ebf497f51aef5e6f0c8,1,1,1,1,1,1,1
1392,https://www.unodc.org/cld/case-law-doc/traffickingpersonscrimetype/svk/2004/3_t_1362003_.html,Slovakia,315,426,answerdotai/ModernBERT-base,8949b909ec900327062f0ebf497f51aef5e6f0c8,1,1,1,1,1,1,1
1393,https://www.unodc.org/cld/case-law-doc/traffickingpersonscrimetype/ind/2004/sahyog_mahila_mandal_and_anr._versus_state_of_gujarat_and_ors..html,India,810,1010,answerdotai/ModernBERT-base,8949b909ec900327062f0ebf497f51aef5e6f0c8,0,1,1,1,1,1,1
1395,https://www.unodc.org/cld/case-law-doc/traffickingpersonscrimetype/svk/2004/3_to_172004.html,Slovakia,219,301,answerdotai/ModernBERT-base,8949b909ec900327062f0ebf497f51aef5e6f0c8,1,1,1,1,1,1,1
1396,https://www.unodc.org/cld/case-law-doc/traffickingpersonscrimetype/chn/2004/kwok_ho.html,China,201,256,answerdotai/ModernBERT-base,8949b909ec900327062f0ebf497f51aef5e6f0c8,1,1,1,1,1,1,1
1397,https://www.unodc.org/cld/case-law-doc/traffickingpersonscrimetype/mus/2004/lamarie_pierre_charles_jacques_v_the_state_.html,Mauritius,163,189,answerdotai/ModernBERT-base,8949b909ec900327062f0ebf497f51aef5e6f0c8,1,1,1,1,1,1,1
1398,https://www.unodc.org/cld/case-law-doc/traffickingpersonscrimetype/usa/2004/united_states_v._blackwell.html,United States of America,229,345,answerdotai/ModernBERT-base,8949b909ec900327062f0ebf497f51aef5e6f0c8,1,1,1,1,1,1,1
1399,https://www.unodc.org/cld/case-law-doc/traffickingpersonscrimetype/usa/2003/united_states_v._tong_xiong.html,United States of America,72,92,answerdotai/ModernBERT-base,8949b909ec900327062f0ebf497f51aef5e6f0c8,1,1,1,1,1,1,1
1400,https://www.unodc.org/cld/case-law-doc/drugcrimetype/swe/2003/case_no_b_4388-03.html,Sweden,154,184,answerdotai/ModernBERT-base,8949b909ec900327062f0ebf497f51aef5e6f0c8,1,1,1,1,1,1,1
1401,https://www.unodc.org/cld/case-law-doc/traffickingpersonscrimetype/ind/2003/foyam_sk._fhoim_sk._fine_sk._and_samina_bibi_v._state_of_west_bengal.html,India,366,474,answerdotai/ModernBERT-base,8949b909ec900327062f0ebf497f51aef5e6f0c8,1,1,1,1,1,1,1
1402,https://www.unodc.org/cld/case-law-doc/traffickingpersonscrimetype/isr/2003/state_of_israel_vs._yaish_ben_david.html,Israel,147,186,answerdotai/ModernBERT-base,8949b909ec900327062f0ebf497f51aef5e6f0c8,1,1,1,1,1,1,1
1403,https://www.unodc.org/cld/case-law-doc/traffickingpersonscrimetype/bra/2003/acr_200102010335742rj.html,Brazil,147,185,answerdotai/ModernBERT-base,8949b909ec900327062f0ebf497f51aef5e6f0c8,1,1,1,1,1,1,1
1404,https://www.unodc.org/cld/case-law-doc/traffickingpersonscrimetype/isr/2003/borisov_et_al_vs._state_of_israel.html,Israel,393,491,answerdotai/ModernBERT-base,8949b909ec900327062f0ebf497f51aef5e6f0c8,1,1,1,1,1,1,1
1405,https://www.unodc.org/cld/case-law-doc/traffickingpersonscrimetype/usa/2003/united_states_v._timothy_bradley_criminal_case_no._03-cr-61.html,United States of America,247,316,answerdotai/ModernBERT-base,8949b909ec900327062f0ebf497f51aef5e6f0c8,1,1,1,1,1,1,1
1406,https://www.unodc.org/cld/case-law-doc/traffickingpersonscrimetype/isr/2003/frudenthal_vs._state_of_israel_.html,Israel,318,388,answerdotai/ModernBERT-base,8949b909ec900327062f0ebf497f51aef5e6f0c8,1,1,1,1,1,1,1
1408,https://www.unodc.org/cld/case-law-doc/traffickingpersonscrimetype/usa/2003/united_states_v._armando_soto-huarto.html,United States of America,307,378,answerdotai/ModernBERT-base,8949b909ec900327062f0ebf497f51aef5e6f0c8,1,1,1,1,1,1,1
1409,https://www.unodc.org/cld/case-law-doc/traffickingpersonscrimetype/ind/2003/savera_v._state_of_goa.html,India,424,539,answerdotai/ModernBERT-base,8949b909ec900327062f0ebf497f51aef5e6f0c8,0,1,1,1,1,1,1
1410,https://www.unodc.org/cld/case-law-doc/criminalgroupcrimetype/col/2003/pareja_and_alvarez.html,Colombia,69,98,answerdotai/ModernBERT-base,8949b909ec900327062f0ebf497f51aef5e6f0c8,1,1,1,1,1,1,1
1411,https://www.unodc.org/cld/case-law-doc/traffickingpersonscrimetype/swe/2003/case_no_b_3065-03.html,Sweden,207,244,answerdotai/ModernBERT-base,8949b909ec900327062f0ebf497f51aef5e6f0c8,1,1,1,1,1,1,1
1412,https://www.unodc.org/cld/case-law-doc/traffickingpersonscrimetype/mys/2003/_sampath_kumar_vellingiri_78_yang_lain_v_chin_well_fasteners_co_sdn_bhd.html,Malaysia,509,602,answerdotai/ModernBERT-base,8949b909ec900327062f0ebf497f51aef5e6f0c8,0,1,1,1,1,1,1
1415,https://www.unodc.org/cld/case-law-doc/traffickingpersonscrimetype/rou/2003/10402003.html,Romania,76,98,answerdotai/ModernBERT-base,8949b909ec900327062f0ebf497f51aef5e6f0c8,1,1,1,1,1,1,1
1416,https://www.unodc.org/cld/case-law-doc/traffickingpersonscrimetype/svk/2003/3_to_11192002_.html,Slovakia,394,527,answerdotai/ModernBERT-base,8949b909ec900327062f0ebf497f51aef5e6f0c8,0,1,1,1,1,1,1
1417,https://www.unodc.org/cld/case-law-doc/traffickingpersonscrimetype/bra/2003/acr_200051015330641rj.html,Brazil,65,91,answerdotai/ModernBERT-base,8949b909ec900327062f0ebf497f51aef5e6f0c8,1,1,1,1,1,1,1
1418,https://www.unodc.org/cld/case-law-doc/traffickingpersonscrimetype/fra/2003/maxime_x.html,France,112,139,answerdotai/ModernBERT-base,8949b909ec900327062f0ebf497f51aef5e6f0c8,1,1,1,1,1,1,1
1420,https://www.unodc.org/cld/case-law-doc/traffickingpersonscrimetype/usa/2003/united_states_v._shannon_marie_wild.html,United States of America,141,160,answerdotai/ModernBERT-base,8949b909ec900327062f0ebf497f51aef5e6f0c8,1,1,1,1,1,1,1
1421,https://www.unodc.org/cld/case-law-doc/traffickingpersonscrimetype/bra/2003/processo_n_2001.71.03.001661-4_.html,Brazil,77,108,answerdotai/ModernBERT-base,8949b909ec900327062f0ebf497f51aef5e6f0c8,1,1,1,1,1,1,1
1422,https://www.unodc.org/cld/case-law-doc/traffickingpersonscrimetype/svk/2002/2_to_10752002_.html,Slovakia,397,537,answerdotai/ModernBERT-base,8949b909ec900327062f0ebf497f51aef5e6f0c8,0,1,1,1,1,1,1
1424,https://www.unodc.org/cld/case-law-doc/traffickingpersonscrimetype/che/2002/bge_129_iv_81_.html,Switzerland,462,554,answerdotai/ModernBERT-base,8949b909ec900327062f0ebf497f51aef5e6f0c8,0,1,1,1,1,1,1
1425,https://www.unodc.org/cld/case-law-doc/traffickingpersonscrimetype/svk/2002/3_to_2942002_.html,Slovakia,414,542,answerdotai/ModernBERT-base,8949b909ec900327062f0ebf497f51aef5e6f0c8,0,1,1,1,1,1,1
1426,https://www.unodc.org/cld/case-law-doc/traffickingpersonscrimetype/svk/2002/1_t_2452002_.html,Slovakia,244,349,answerdotai/ModernBERT-base,8949b909ec900327062f0ebf497f51aef5e6f0c8,1,1,1,1,1,1,1
1427,https://www.unodc.org/cld/case-law-doc/traffickingpersonscrimetype/ind/2002/prerana_versus_state_of_maharashtra_and_ors.html,India,609,765,answerdotai/ModernBERT-base,8949b909ec900327062f0ebf497f51aef5e6f0c8,0,1,1,1,1,1,1
1428,https://www.unodc.org/cld/case-law-doc/traffickingpersonscrimetype/cri/2002/maria_divina_altagracia_mejia_v._m.g.c..html,Costa Rica,126,146,answerdotai/ModernBERT-base,8949b909ec900327062f0ebf497f51aef5e6f0c8,1,1,1,1,1,1,1
1429,https://www.unodc.org/cld/case-law-doc/traffickingpersonscrimetype/chn/2002/yiu_sam.html,China,270,352,answerdotai/ModernBERT-base,8949b909ec900327062f0ebf497f51aef5e6f0c8,1,1,1,1,1,1,1
1430,https://www.unodc.org/cld/case-law-doc/traffickingpersonscrimetype/usa/2002/united_states_v_prosper_emeka_udogwu.html,United States of America,212,272,answerdotai/ModernBERT-base,8949b909ec900327062f0ebf497f51aef5e6f0c8,1,1,1,1,1,1,1
1431,https://www.unodc.org/cld/case-law-doc/traffickingpersonscrimetype/usa/2002/united_states_v._juan_ramos_criminal_case_no._01-14019.html,United States of America,127,158,answerdotai/ModernBERT-base,8949b909ec900327062f0ebf497f51aef5e6f0c8,1,1,1,1,1,1,1
1432,https://www.unodc.org/cld/case-law-doc/traffickingpersonscrimetype/ind/2002/mariakutty_v._state_of_tamil_nadu.html,India,605,815,answerdotai/ModernBERT-base,8949b909ec900327062f0ebf497f51aef5e6f0c8,0,1,1,1,1,1,1
1433,https://www.unodc.org/cld/case-law-doc/traffickingpersonscrimetype/aut/2002/13os3902_2002.html,Austria,44,49,answerdotai/ModernBERT-base,8949b909ec900327062f0ebf497f51aef5e6f0c8,1,1,1,1,1,1,1
1434,https://www.unodc.org/cld/case-law-doc/traffickingpersonscrimetype/svk/2002/1_t_232000_.html,Slovakia,538,759,answerdotai/ModernBERT-base,8949b909ec900327062f0ebf497f51aef5e6f0c8,0,1,1,1,1,1,1
1436,https://www.unodc.org/cld/case-law-doc/traffickingpersonscrimetype/fra/2001/_vincent_and_aminata_y..html,France,122,153,answerdotai/ModernBERT-base,8949b909ec900327062f0ebf497f51aef5e6f0c8,1,1,1,1,1,1,1
1437,https://www.unodc.org/cld/case-law-doc/traffickingpersonscrimetype/bra/2001/criminal_appeal_acr_no._990556979-0_trf5.html,Brazil,339,441,answerdotai/ModernBERT-base,8949b909ec900327062f0ebf497f51aef5e6f0c8,1,1,1,1,1,1,1
1439,https://www.unodc.org/cld/case-law-doc/traffickingpersonscrimetype/svk/2001/1_t_1522003_.html,Slovakia,432,570,answerdotai/ModernBERT-base,8949b909ec900327062f0ebf497f51aef5e6f0c8,0,1,1,1,1,1,1
1440,https://www.unodc.org/cld/case-law-doc/traffickingpersonscrimetype/svk/2001/2_t_1842001_.html,Slovakia,293,398,answerdotai/ModernBERT-base,8949b909ec900327062f0ebf497f51aef5e6f0c8,1,1,1,1,1,1,1
1441,https://www.unodc.org/cld/case-law-doc/traffickingpersonscrimetype/usa/2001/united_states_v_victor_nikolayevich_virchenko.html,United States of America,127,170,answerdotai/ModernBERT-base,8949b909ec900327062f0ebf497f51aef5e6f0c8,1,1,1,1,1,1,1
1443,https://www.unodc.org/cld/case-law-doc/traffickingpersonscrimetype/usa/2001/united_states_v._lakireddy_bali_reddy_.html,United States of America,292,395,answerdotai/ModernBERT-base,8949b909ec900327062f0ebf497f51aef5e6f0c8,1,1,1,1,1,1,1
1444,https://www.unodc.org/cld/case-law-doc/traffickingpersonscrimetype/usa/2001/united_states_v._jose_tecum_.html,United States of America,146,184,answerdotai/ModernBERT-base,8949b909ec900327062f0ebf497f51aef5e6f0c8,1,1,1,1,1,1,1
1445,https://www.unodc.org/cld/case-law-doc/traffickingpersonscrimetype/svk/2001/8_to_502001_.html,Slovakia,80,105,answerdotai/ModernBERT-base,8949b909ec900327062f0ebf497f51aef5e6f0c8,1,1,1,1,1,1,1
1446,https://www.unodc.org/cld/case-law-doc/traffickingpersonscrimetype/svk/2001/1_t_51999_.html,Slovakia,243,342,answerdotai/ModernBERT-base,8949b909ec900327062f0ebf497f51aef5e6f0c8,1,1,1,1,1,1,1
1449,https://www.unodc.org/cld/case-law-doc/traffickingpersonscrimetype/svk/2000/2_t_3362000_.html,Slovakia,288,402,answerdotai/ModernBERT-base,8949b909ec900327062f0ebf497f51aef5e6f0c8,1,1,1,1,1,1,1
1450,https://www.unodc.org/cld/case-law-doc/traffickingpersonscrimetype/isr/2000/hanuchov_vs._state_of_israel.html,Israel,60,83,answerdotai/ModernBERT-base,8949b909ec900327062f0ebf497f51aef5e6f0c8,1,1,1,1,1,1,1
1452,https://www.unodc.org/cld/case-law-doc/traffickingpersonscrimetype/svk/2000/3_t_1402000_.html,Slovakia,409,547,answerdotai/ModernBERT-base,8949b909ec900327062f0ebf497f51aef5e6f0c8,0,1,1,1,1,1,1
1453,https://www.unodc.org/cld/case-law-doc/traffickingpersonscrimetype/svk/2000/3_t_431998_.html,Slovakia,269,366,answerdotai/ModernBERT-base,8949b909ec900327062f0ebf497f51aef5e6f0c8,1,1,1,1,1,1,1
1454,https://www.unodc.org/cld/case-law-doc/traffickingpersonscrimetype/svk/2000/6_to_162000_.html,Slovakia,394,511,answerdotai/ModernBERT-base,8949b909ec900327062f0ebf497f51aef5e6f0c8,1,1,1,1,1,1,1
1455,https://www.unodc.org/cld/case-law-doc/traffickingpersonscrimetype/svk/2000/4_to_842000_.html,Slovakia,418,568,answerdotai/ModernBERT-base,8949b909ec900327062f0ebf497f51aef5e6f0c8,0,1,1,1,1,1,1
1456,https://www.unodc.org/cld/case-law-doc/traffickingpersonscrimetype/bgd/2000/bangladesh_society_for_the_enforcement_of_human_rights_bsehr_and_ors_v._government_of_bangladesh_and_ors.html,Bangladesh,632,804,answerdotai/ModernBERT-base,8949b909ec900327062f0ebf497f51aef5e6f0c8,0,1,1,1,1,1,1
1457,https://www.unodc.org/cld/case-law-doc/drugcrimetype/svk/2000/1_t_31999_and_1_t_772004_.html,Slovakia,389,513,answerdotai/ModernBERT-base,8949b909ec900327062f0ebf497f51aef5e6f0c8,0,1,1,1,1,1,1
1458,https://www.unodc.org/cld/case-law-doc/traffickingpersonscrimetype/svk/1999/1_t_271999_.html,Slovakia,584,784,answerdotai/ModernBERT-base,8949b909ec900327062f0ebf497f51aef5e6f0c8,0,1,1,1,1,1,1
1460,https://www.unodc.org/cld/case-law-doc/traffickingpersonscrimetype/fra/1999/liliane_z..html,France,89,130,answerdotai/ModernBERT-base,8949b909ec900327062f0ebf497f51aef5e6f0c8,1,1,1,1,1,1,1
1461,https://www.unodc.org/cld/case-law-doc/traffickingpersonscrimetype/srb/1999/k_8208_.html,Serbia,232,252,answerdotai/ModernBERT-base,8949b909ec900327062f0ebf497f51aef5e6f0c8,1,1,1,1,1,1,1
1462,https://www.unodc.org/cld/case-law-doc/traffickingpersonscrimetype/usa/1999/united_states_v._alex_mishulovich.html,United States of America,228,289,answerdotai/ModernBERT-base,8949b909ec900327062f0ebf497f51aef5e6f0c8,1,1,1,1,1,1,1
1463,https://www.unodc.org/cld/case-law-doc/traffickingpersonscrimetype/fra/1999/farina.html,France,60,96,answerdotai/ModernBERT-base,8949b909ec900327062f0ebf497f51aef5e6f0c8,1,1,1,1,1,1,1
1464,https://www.unodc.org/cld/case-law-doc/traffickingpersonscrimetype/idn/1998/_1028_kpid_sus2009_.html,Indonesia,242,292,answerdotai/ModernBERT-base,8949b909ec900327062f0ebf497f51aef5e6f0c8,1,1,1,1,1,1,1
1465,https://www.unodc.org/cld/case-law-doc/traffickingpersonscrimetype/usa/1998/united_states_v._flores.html,United States of America,90,105,answerdotai/ModernBERT-base,8949b909ec900327062f0ebf497f51aef5e6f0c8,1,1,1,1,1,1,1
1466,https://www.unodc.org/cld/case-law-doc/traffickingpersonscrimetype/bra/1997/processo_n_96.03.087722-0.html,Brazil,258,338,answerdotai/ModernBERT-base,8949b909ec900327062f0ebf497f51aef5e6f0c8,1,1,1,1,1,1,1
1467,https://www.unodc.org/cld/case-law-doc/traffickingpersonscrimetype/ind/1997/p._n._swamy_v._station_house_officer.html,India,685,879,answerdotai/ModernBERT-base,8949b909ec900327062f0ebf497f51aef5e6f0c8,0,1,1,1,1,1,1
1468,https://www.unodc.org/cld/case-law-doc/traffickingpersonscrimetype/bgd/1997/a.g._vs._secretary_ministry_of_foreign_affairs_govt._of_bangladesh_and_another.html,Bangladesh,224,280,answerdotai/ModernBERT-base,8949b909ec900327062f0ebf497f51aef5e6f0c8,1,1,1,1,1,1,1
1469,https://www.unodc.org/cld/case-law-doc/traffickingpersonscrimetype/ind/1997/gaurav_jain_v._union_of_india_and_others_.html,India,588,738,answerdotai/ModernBERT-base,8949b909ec900327062f0ebf497f51aef5e6f0c8,0,1,1,1,1,1,1
1470,https://www.unodc.org/cld/case-law-doc/traffickingpersonscrimetype/fra/1997/x..html,France,81,101,answerdotai/ModernBERT-base,8949b909ec900327062f0ebf497f51aef5e6f0c8,1,1,1,1,1,1,1
1471,https://www.unodc.org/cld/case-law-doc/traffickingpersonscrimetype/col/1997/uchida_and_contestabille.html,Colombia,147,174,answerdotai/ModernBERT-base,8949b909ec900327062f0ebf497f51aef5e6f0c8,1,1,1,1,1,1,1
1472,https://www.unodc.org/cld/case-law-doc/traffickingpersonscrimetype/chn/1997/so_hing.html,China,196,251,answerdotai/ModernBERT-base,8949b909ec900327062f0ebf497f51aef5e6f0c8,1,1,1,1,1,1,1
1473,https://www.unodc.org/cld/case-law-doc/criminalgroupcrimetype/bra/1996/processo_n_98.21262-0_.html,Brazil,152,182,answerdotai/ModernBERT-base,8949b909ec900327062f0ebf497f51aef5e6f0c8,1,1,1,1,1,1,1
1474,https://www.unodc.org/cld/case-law-doc/traffickingpersonscrimetype/bra/1996/processo_n_89.0040455-5.html,Brazil,106,135,answerdotai/ModernBERT-base,8949b909ec900327062f0ebf497f51aef5e6f0c8,1,1,1,1,1,1,1
1475,https://www.unodc.org/cld/case-law-doc/traffickingpersonscrimetype/usa/1995/united_states_v._joseph_morales.html,United States of America,215,271,answerdotai/ModernBERT-base,8949b909ec900327062f0ebf497f51aef5e6f0c8,1,1,1,1,1,1,1
1477,https://www.unodc.org/cld/case-law-doc/traffickingpersonscrimetype/usa/1993/united_states_v._esperanza_vargas.html,United States of America,168,234,answerdotai/ModernBERT-base,8949b909ec900327062f0ebf497f51aef5e6f0c8,1,1,1,1,1,1,1
1478,https://www.unodc.org/cld/case-law-doc/traffickingpersonscrimetype/nzl/1992/r_v_decha-iamsakun.html,New Zealand,291,364,answerdotai/ModernBERT-base,8949b909ec900327062f0ebf497f51aef5e6f0c8,1,1,1,1,1,1,1
1479,https://www.unodc.org/cld/case-law-doc/traffickingpersonscrimetype/chn/1990/lik.html,China,497,623,answerdotai/ModernBERT-base,8949b909ec900327062f0ebf497f51aef5e6f0c8,0,1,1,1,1,1,1
1480,https://www.unodc.org/cld/case-law-doc/traffickingpersonscrimetype/ind/1990/vishal_jeet_v._union_of_india.html,India,369,463,answerdotai/ModernBERT-base,8949b909ec900327062f0ebf497f51aef5e6f0c8,1,1,1,1,1,1,1
1483,https://www.unodc.org/cld/case-law-doc/traffickingpersonscrimetype/usa/1981/united_states_v._booker.html,United States of America,140,157,answerdotai/ModernBERT-base,8949b909ec900327062f0ebf497f51aef5e6f0c8,1,1,1,1,1,1,1
1484,https://www.unodc.org/cld/case-law-doc/traffickingpersonscrimetype/idn/case_2015.html,Indonesia,89,128,answerdotai/ModernBERT-base,8949b909ec900327062f0ebf497f51aef5e6f0c8,1,1,1,1,1,1,1
1485,https://www.unodc.org/cld/case-law-doc/traffickingpersonscrimetype/usa/case_1014.html,United States of America,151,200,answerdotai/ModernBERT-base,8949b909ec900327062f0ebf497f51aef5e6f0c8,1,1,1,1,1,1,1
1487,https://www.unodc.org/cld/case-law-doc/traffickingpersonscrimetype/mkd/case_2014.html,North Macedonia,133,170,answerdotai/ModernBERT-base,8949b909ec900327062f0ebf497f51aef5e6f0c8,1,1,1,1,1,1,1
1489,https://www.unodc.org/cld/case-law-doc/traffickingpersonscrimetype/zaf/s_vs_emmanuel_uche_odii_and_others.html,South Africa,922,1072,answerdotai/ModernBERT-base,8949b909ec900327062f0ebf497f51aef5e6f0c8,0,0,1,1,1,1,1
1490,https://www.unodc.org/cld/case-law-doc/traffickingpersonscrimetype/zaf/s_v_makesh_mansaur.html,South Africa,487,623,answerdotai/ModernBERT-base,8949b909ec900327062f0ebf497f51aef5e6f0c8,0,1,1,1,1,1,1
1492,https://www.unodc.org/cld/case-law-doc/traffickingpersonscrimetype/arg/juan_carlos_salazar.html,Argentina,312,408,answerdotai/ModernBERT-base,8949b909ec900327062f0ebf497f51aef5e6f0c8,1,1,1,1,1,1,1
1493,https://www.unodc.org/cld/case-law-doc/traffickingpersonscrimetype/arg/causa_n_327410_.html,Argentina,157,228,answerdotai/ModernBERT-base,8949b909ec900327062f0ebf497f51aef5e6f0c8,1,1,1,1,1,1,1
1494,https://www.unodc.org/cld/case-law-doc/traffickingpersonscrimetype/hun/bh2004._217.html,Hungary,98,112,answerdotai/ModernBERT-base,8949b909ec900327062f0ebf497f51aef5e6f0c8,1,1,1,1,1,1,1
1495,https://www.unodc.org/cld/case-law-doc/traffickingpersonscrimetype/mng/songinokhairhan_1999.html,Mongolia,176,251,answerdotai/ModernBERT-base,8949b909ec900327062f0ebf497f51aef5e6f0c8,1,1,1,1,1,1,1
1496,https://www.unodc.org/cld/case-law-doc/traffickingpersonscrimetype/mng/sukhbaatar_2002.html,Mongolia,150,181,answerdotai/ModernBERT-base,8949b909ec900327062f0ebf497f51aef5e6f0c8,1,1,1,1,1,1,1
1497,https://www.unodc.org/cld/case-law-doc/traffickingpersonscrimetype/jam/r_v_r.g..html,Jamaica,145,168,answerdotai/ModernBERT-base,8949b909ec900327062f0ebf497f51aef5e6f0c8,1,1,1,1,1,1,1
1499,https://www.unodc.org/cld/case-law-doc/traffickingpersonscrimetype/ltu/case_no._2k-578_.html,Lithuania,222,288,answerdotai/ModernBERT-base,8949b909ec900327062f0ebf497f51aef5e6f0c8,1,1,1,1,1,1,1
1500,https://www.unodc.org/cld/case-law-doc/traffickingpersonscrimetype/ltu/case_no._2k-578-2_.html,Lithuania,119,148,answerdotai/ModernBERT-base,8949b909ec900327062f0ebf497f51aef5e6f0c8,1,1,1,1,1,1,1
1503,https://www.unodc.org/cld/case-law-doc/traffickingpersonscrimetype/omn/832009.html,Oman,127,146,answerdotai/ModernBERT-base,8949b909ec900327062f0ebf497f51aef5e6f0c8,1,1,1,1,1,1,1
1504,https://www.unodc.org/cld/case-law-doc/criminalgroupcrimetype/omn/1892011_.html,Oman,79,93,answerdotai/ModernBERT-base,8949b909ec900327062f0ebf497f51aef5e6f0c8,1,1,1,1,1,1,1
1506,https://www.unodc.org/cld/case-law-doc/traffickingpersonscrimetype/aus/flattery_v_the_italian_eatery_tas_zeffirellis_pizza_restaurant.html,Australia,186,252,answerdotai/ModernBERT-base,8949b909ec900327062f0ebf497f51aef5e6f0c8,1,1,1,1,1,1,1
1507,https://www.unodc.org/cld/case-law-doc/traffickingpersonscrimetype/can/lennox.html,Canada,105,137,answerdotai/ModernBERT-base,8949b909ec900327062f0ebf497f51aef5e6f0c8,1,1,1,1,1,1,1
1508,https://www.unodc.org/cld/case-law-doc/traffickingpersonscrimetype/jor/case_no._23572010.html,Jordan,204,251,answerdotai/ModernBERT-base,8949b909ec900327062f0ebf497f51aef5e6f0c8,1,1,1,1,1,1,1
1509,https://www.unodc.org/cld/case-law-doc/traffickingpersonscrimetype/jor/case_no._20362010.html,Jordan,100,125,answerdotai/ModernBERT-base,8949b909ec900327062f0ebf497f51aef5e6f0c8,1,1,1,1,1,1,1
1510,https://www.unodc.org/cld/case-law-doc/traffickingpersonscrimetype/jor/case_no_17252008.html,Jordan,130,159,answerdotai/ModernBERT-base,8949b909ec900327062f0ebf497f51aef5e6f0c8,1,1,1,1,1,1,1
1511,https://www.unodc.org/cld/case-law-doc/traffickingpersonscrimetype/jor/case_no._24542009.html,Jordan,276,348,answerdotai/ModernBERT-base,8949b909ec900327062f0ebf497f51aef5e6f0c8,1,1,1,1,1,1,1
1512,https://www.unodc.org/cld/case-law-doc/traffickingpersonscrimetype/jor/case_no_33602009.html,Jordan,139,187,answerdotai/ModernBERT-base,8949b909ec900327062f0ebf497f51aef5e6f0c8,1,1,1,1,1,1,1
1516,https://www.unodc.org/cld/case-law-doc/traffickingpersonscrimetype/jor/case_no._26052010.html,Jordan,191,225,answerdotai/ModernBERT-base,8949b909ec900327062f0ebf497f51aef5e6f0c8,1,1,1,1,1,1,1
1517,https://www.unodc.org/cld/case-law-doc/traffickingpersonscrimetype/jor/case_no._26352009.html,Jordan,121,145,answerdotai/ModernBERT-base,8949b909ec900327062f0ebf497f51aef5e6f0c8,1,1,1,1,1,1,1
1519,https://www.unodc.org/cld/case-law-doc/traffickingpersonscrimetype/jor/case_no._4-5_13772011.html,Jordan,276,334,answerdotai/ModernBERT-base,8949b909ec900327062f0ebf497f51aef5e6f0c8,1,1,1,1,1,1,1
1523,https://www.unodc.org/cld/case-law-doc/drugcrimetype/zaf/cc_412017_the_state_vs._o._b._abba_m._p._mkhonto_and_c.j._obasi.html,South Africa,323,397,answerdotai/ModernBERT-base,8949b909ec900327062f0ebf497f51aef5e6f0c8,1,1,1,1,1,1,1
1524,https://www.unodc.org/cld/case-law-doc/traffickingpersonscrimetype/bra/processo_n_1997.71.03.001519-4_.html,Brazil,287,361,answerdotai/ModernBERT-base,8949b909ec900327062f0ebf497f51aef5e6f0c8,1,1,1,1,1,1,1
1525,https://www.unodc.org/cld/case-law-doc/traffickingpersonscrimetype/ltu/case_no._2k-332.html,Lithuania,95,123,answerdotai/ModernBERT-base,8949b909ec900327062f0ebf497f51aef5e6f0c8,1,1,1,1,1,1,1
1526,https://www.unodc.org/cld/case-law-doc/traffickingpersonscrimetype/khm/som_orn_thy_lieng.html,Cambodia,1093,1353,answerdotai/ModernBERT-base,8949b909ec900327062f0ebf497f51aef5e6f0c8,0,0,1,1,1,1,1
1528,https://www.unodc.org/cld/case-law-doc/criminalgroupcrimetype/bra/hc_2743-_rn_2006.05.00.028008-6.html,Brazil,94,123,answerdotai/ModernBERT-base,8949b909ec900327062f0ebf497f51aef5e6f0c8,1,1,1,1,1,1,1
1529,https://www.unodc.org/cld/case-law-doc/moneylaunderingcrimetype/omn/16362010.html,Oman,93,117,answerdotai/ModernBERT-base,8949b909ec900327062f0ebf497f51aef5e6f0c8,1,1,1,1,1,1,1
1530,https://www.unodc.org/cld/case-law-doc/criminalgroupcrimetype/prt/operacao_tulcea.html,Portugal,325,406,answerdotai/ModernBERT-base,8949b909ec900327062f0ebf497f51aef5e6f0c8,1,1,1,1,1,1,1
1531,https://www.unodc.org/cld/case-law-doc/traffickingpersonscrimetype/rus/case_samara_0214.html,Russian Federation,166,226,answerdotai/ModernBERT-base,8949b909ec900327062f0ebf497f51aef5e6f0c8,1,1,1,1,1,1,1
1532,https://www.unodc.org/cld/case-law-doc/traffickingpersonscrimetype/rus/case_1014.html,Russian Federation,156,184,answerdotai/ModernBERT-base,8949b909ec900327062f0ebf497f51aef5e6f0c8,1,1,1,1,1,1,1
1533,https://www.unodc.org/cld/case-law-doc/traffickingpersonscrimetype/rus/case_0514.html,Russian Federation,117,141,answerdotai/ModernBERT-base,8949b909ec900327062f0ebf497f51aef5e6f0c8,1,1,1,1,1,1,1
1537,https://www.unodc.org/cld/case-law-doc/traffickingpersonscrimetype/pry/causa_n_50922010_guido_villalba_y_clorinda_mora.html,Paraguay,605,806,answerdotai/ModernBERT-base,8949b909ec900327062f0ebf497f51aef5e6f0c8,0,1,1,1,1,1,1
1538,https://www.unodc.org/cld/case-law-doc/traffickingpersonscrimetype/can/r._v._m.o._2012_oncj_812.html,Canada,110,135,answerdotai/ModernBERT-base,8949b909ec900327062f0ebf497f51aef5e6f0c8,1,1,1,1,1,1,1
1539,https://www.unodc.org/cld/case-law-doc/traffickingpersonscrimetype/egy/no._85952012.html,Egypt,185,221,answerdotai/ModernBERT-base,8949b909ec900327062f0ebf497f51aef5e6f0c8,1,1,1,1,1,1,1
1540,https://www.unodc.org/cld/case-law-doc/traffickingpersonscrimetype/jor/case_no._762011.html,Jordan,112,136,answerdotai/ModernBERT-base,8949b909ec900327062f0ebf497f51aef5e6f0c8,1,1,1,1,1,1,1
1542,https://www.unodc.org/cld/case-law-doc/traffickingpersonscrimetype/jor/case_no_19082009.html,Jordan,141,183,answerdotai/ModernBERT-base,8949b909ec900327062f0ebf497f51aef5e6f0c8,1,1,1,1,1,1,1
1543,https://www.unodc.org/cld/case-law-doc/criminalgroupcrimetype/rou/2921042007_.html,Romania,174,205,answerdotai/ModernBERT-base,8949b909ec900327062f0ebf497f51aef5e6f0c8,1,1,1,1,1,1,1
1544,https://www.unodc.org/cld/case-law-doc/traffickingpersonscrimetype/arg/gonzalez_calderon_payero_y_zapata.html,Argentina,156,205,answerdotai/ModernBERT-base,8949b909ec900327062f0ebf497f51aef5e6f0c8,1,1,1,1,1,1,1
1545,https://www.unodc.org/cld/case-law-doc/traffickingpersonscrimetype/khm/criminal_case_843_27._10._08.html,Cambodia,71,85,answerdotai/ModernBERT-base,8949b909ec900327062f0ebf497f51aef5e6f0c8,1,1,1,1,1,1,1
1546,https://www.unodc.org/cld/case-law-doc/traffickingpersonscrimetype/zaf/case_0815.html,South Africa,64,72,answerdotai/ModernBERT-base,8949b909ec900327062f0ebf497f51aef5e6f0c8,1,1,1,1,1,1,1
1548,https://www.unodc.org/cld/case-law-doc/traffickingpersonscrimetype/omn/6742009.html,Oman,214,261,answerdotai/ModernBERT-base,8949b909ec900327062f0ebf497f51aef5e6f0c8,1,1,1,1,1,1,1
1549,https://www.unodc.org/cld/case-law-doc/traffickingpersonscrimetype/omn/1232011_al-kamil_and_al-wafi_.html,Oman,61,73,answerdotai/ModernBERT-base,8949b909ec900327062f0ebf497f51aef5e6f0c8,1,1,1,1,1,1,1
1550,https://www.unodc.org/cld/case-law-doc/traffickingpersonscrimetype/omn/122009_.html,Oman,131,158,answerdotai/ModernBERT-base,8949b909ec900327062f0ebf497f51aef5e6f0c8,1,1,1,1,1,1,1
1551,https://www.unodc.org/cld/case-law-doc/criminalgroupcrimetype/aus/k.s.r._et_al.html,Australia,625,1014,answerdotai/ModernBERT-base,8949b909ec900327062f0ebf497f51aef5e6f0c8,0,1,1,1,1,1,1
1553,https://www.unodc.org/cld/case-law-doc/traffickingpersonscrimetype/usa/united_states_v._delicia_suyapa_aguilar-galindo_criminal_case_no._402-cr-114.html,United States of America,101,124,answerdotai/ModernBERT-base,8949b909ec900327062f0ebf497f51aef5e6f0c8,1,1,1,1,1,1,1
1554,https://www.unodc.org/cld/case-law-doc/traffickingpersonscrimetype/usa/united_states_v._beleal_garcia_gonzalez.html,United States of America,104,129,answerdotai/ModernBERT-base,8949b909ec900327062f0ebf497f51aef5e6f0c8,1,1,1,1,1,1,1
1555,https://www.unodc.org/cld/case-law-doc/traffickingpersonscrimetype/mwi/lourenco.html,Malawi,297,381,answerdotai/ModernBERT-base,8949b909ec900327062f0ebf497f51aef5e6f0c8,1,1,1,1,1,1,1
1556,https://www.unodc.org/cld/case-law-doc/traffickingpersonscrimetype/arg/causa_n_2697-d_d.r.v._d.f._y_otros_.html,Argentina,584,807,answerdotai/ModernBERT-base,8949b909ec900327062f0ebf497f51aef5e6f0c8,0,1,1,1,1,1,1
1557,https://www.unodc.org/cld/case-law-doc/traffickingpersonscrimetype/usa/united_states_v._juan_rico_doss.html,United States of America,107,142,answerdotai/ModernBERT-base,8949b909ec900327062f0ebf497f51aef5e6f0c8,1,1,1,1,1,1,1
1558,https://www.unodc.org/cld/case-law-doc/traffickingpersonscrimetype/usa/united_states_v._louisa_satia_criminal_case_no._00-590.html,United States of America,100,124,answerdotai/ModernBERT-base,8949b909ec900327062f0ebf497f51aef5e6f0c8,1,1,1,1,1,1,1
1560,https://www.unodc.org/cld/case-law-doc/traffickingpersonscrimetype/omn/182009.html,Oman,56,73,answerdotai/ModernBERT-base,8949b909ec900327062f0ebf497f51aef5e6f0c8,1,1,1,1,1,1,1
1561,https://www.unodc.org/cld/case-law-doc/traffickingpersonscrimetype/omn/15772010.html,Oman,86,101,answerdotai/ModernBERT-base,8949b909ec900327062f0ebf497f51aef5e6f0c8,1,1,1,1,1,1,1
1564,https://www.unodc.org/cld/case-law-doc/traffickingpersonscrimetype/usa/lina_scurtu_v._international_student_exchange.html,United States of America,57,74,answerdotai/ModernBERT-base,8949b909ec900327062f0ebf497f51aef5e6f0c8,1,1,1,1,1,1,1
1566,https://www.unodc.org/cld/case-law-doc/traffickingpersonscrimetype/ven/jorge_eliecer_castro_davila_.html,Venezuela (Bolivarian Republic of),186,225,answerdotai/ModernBERT-base,8949b909ec900327062f0ebf497f51aef5e6f0c8,1,1,1,1,1,1,1
1567,https://www.unodc.org/cld/case-law-doc/traffickingpersonscrimetype/rou/541542009.html,Romania,286,346,answerdotai/ModernBERT-base,8949b909ec900327062f0ebf497f51aef5e6f0c8,1,1,1,1,1,1,1
1568,https://www.unodc.org/cld/case-law-doc/traffickingpersonscrimetype/rou/387822008.html,Romania,106,136,answerdotai/ModernBERT-base,8949b909ec900327062f0ebf497f51aef5e6f0c8,1,1,1,1,1,1,1
1569,https://www.unodc.org/cld/case-law-doc/traffickingpersonscrimetype/rou/78542009.html,Romania,119,145,answerdotai/ModernBERT-base,8949b909ec900327062f0ebf497f51aef5e6f0c8,1,1,1,1,1,1,1
1570,https://www.unodc.org/cld/case-law-doc/traffickingpersonscrimetype/rou/_831.31012006.html,Romania,284,333,answerdotai/ModernBERT-base,8949b909ec900327062f0ebf497f51aef5e6f0c8,1,1,1,1,1,1,1
1571,https://www.unodc.org/cld/case-law-doc/traffickingpersonscrimetype/rou/1081012007_.html,Romania,319,400,answerdotai/ModernBERT-base,8949b909ec900327062f0ebf497f51aef5e6f0c8,1,1,1,1,1,1,1
1572,https://www.unodc.org/cld/case-law-doc/traffickingpersonscrimetype/bra/ministerio_publico_federal_v_andreas_schwuarz.html,Brazil,190,239,answerdotai/ModernBERT-base,8949b909ec900327062f0ebf497f51aef5e6f0c8,1,1,1,1,1,1,1
1573,https://www.unodc.org/cld/case-law-doc/traffickingpersonscrimetype/omn/2792010.html,Oman,49,58,answerdotai/ModernBERT-base,8949b909ec900327062f0ebf497f51aef5e6f0c8,1,1,1,1,1,1,1
1574,https://www.unodc.org/cld/case-law-doc/criminalgroupcrimetype/bra/processo_n_0001979-29.2004.4.05.8100_.html,Brazil,55,65,answerdotai/ModernBERT-base,8949b909ec900327062f0ebf497f51aef5e6f0c8,1,1,1,1,1,1,1
1578,https://www.unodc.org/cld/case-law-doc/traffickingpersonscrimetype/usa/united_states_v._juan_reyes_rojas.html,United States of America,113,143,answerdotai/ModernBERT-base,8949b909ec900327062f0ebf497f51aef5e6f0c8,1,1,1,1,1,1,1
1579,https://www.unodc.org/cld/case-law-doc/traffickingpersonscrimetype/usa/united_states_v_kelvin_scot_criminal_case_no._04-0075.html,United States of America,95,137,answerdotai/ModernBERT-base,8949b909ec900327062f0ebf497f51aef5e6f0c8,1,1,1,1,1,1,1
1581,https://www.unodc.org/cld/case-law-doc/traffickingpersonscrimetype/usa/united_states_v._josef_f._boehm.html,United States of America,123,162,answerdotai/ModernBERT-base,8949b909ec900327062f0ebf497f51aef5e6f0c8,1,1,1,1,1,1,1
1582,https://www.unodc.org/cld/case-law-doc/traffickingpersonscrimetype/usa/united_states_v._john_lester_harris.html,United States of America,186,220,answerdotai/ModernBERT-base,8949b909ec900327062f0ebf497f51aef5e6f0c8,1,1,1,1,1,1,1
1583,https://www.unodc.org/cld/case-law-doc/traffickingpersonscrimetype/usa/united_states_v._jacobo_dominguez_vazquez.html,United States of America,122,153,answerdotai/ModernBERT-base,8949b909ec900327062f0ebf497f51aef5e6f0c8,1,1,1,1,1,1,1
1585,https://www.unodc.org/cld/case-law-doc/traffickingpersonscrimetype/usa/united_states_v._john_lee_geiler_jr._and_darrill_gray.html,United States of America,112,128,answerdotai/ModernBERT-base,8949b909ec900327062f0ebf497f51aef5e6f0c8,1,1,1,1,1,1,1
1586,https://www.unodc.org/cld/case-law-doc/traffickingpersonscrimetype/usa/united_states_v._carlos_andres_monsalve.html,United States of America,150,187,answerdotai/ModernBERT-base,8949b909ec900327062f0ebf497f51aef5e6f0c8,1,1,1,1,1,1,1
1588,https://www.unodc.org/cld/case-law-doc/traffickingpersonscrimetype/usa/united_states_v._domingo_gonzalez-garcia.html,United States of America,69,101,answerdotai/ModernBERT-base,8949b909ec900327062f0ebf497f51aef5e6f0c8,1,1,1,1,1,1,1
1589,https://www.unodc.org/cld/case-law-doc/traffickingpersonscrimetype/usa/united_states_v._franklin_bryant.html,United States of America,67,88,answerdotai/ModernBERT-base,8949b909ec900327062f0ebf497f51aef5e6f0c8,1,1,1,1,1,1,1
1590,https://www.unodc.org/cld/case-law-doc/traffickingpersonscrimetype/aus/aprint_pty_ltd_anor_2007.html,Australia,314,456,answerdotai/ModernBERT-base,8949b909ec900327062f0ebf497f51aef5e6f0c8,1,1,1,1,1,1,1
