candidate_display_order,search_rank,case_title,unodc_case_number,jurisdiction,canonical_url,english_fact_summary,word_count,previous_reviewer_approve,reviewer_approve_v2,reviewer_notes_v2,sentence_splitter_version,legacy_acts_reference_json,legacy_means_reference_json,legacy_purposes_reference_json,legacy_geographic_form_reference_json,fact_summary_numbered,amp_ontology_ids_json,act_evidence_by_label_json,act_support_screen_by_label_json,means_evidence_by_label_json,means_support_screen_by_label_json,purpose_evidence_by_label_json,purpose_support_screen_by_label_json,form_evidence_sentence_ids_json,form_support_screen_by_label_json,form_support_screen,candidate_group,selection_reason,fidelity_summary,amp_labels_clear_count,amp_labels_total_count,all_amp_reference_labels_clear,geographic_form_clear,rare_label_coverage,any_parser_data_warning,parser_data_warnings,previous_reviewer_notes
11,1487,Case 2014,MKD 8.00,North Macedonia,https://www.unodc.org/cld/case-law-doc/traffickingpersonscrimetype/mkd/case_2014.html,"With abuse of the economic situation of the victim’s parents, the perpetrator (with false promise for achieving social, economic and other rights or gaining asylum in Germany or Belgium) organized transportation and accommodation without any fee. The deal was that after victim’s family start to receive humanitarian financial aid as asylum seekers, they will pay back the costs that perpetrator paid for their transport to Germany or Belgium. Instead, after they arrive to Belgium, with use of force and threats, he grabs the minor (victim) from her family (female kid age 12) who was immediately sold in other family as “bride” (forced marriage). Later this family testifies that they paid a solid amount of money for perpetrator to bring the “bride” from Macedonia.
The defendant was convicted in 2014 of 13 years imprisonment.",133,Agree,Keep,,sherloc_sentence_splitter_v1,"[""Transportation"",""Harbouring""]","[""Threat or use of force or other forms of coercion"",""Abuse of power or a position of vulnerability"",""Giving or receiving payments or benefits to achieve the consent of a person having control over another person""]","[""Slavery or practices similar to slavery"",""Other""]","[""Transnational""]","[S1] With abuse of the economic situation of the victim’s parents, the perpetrator (with false promise for achieving social, economic and other rights or gaining asylum in Germany or Belgium) organized transportation and accommodation without any fee.
[S2] The deal was that after victim’s family start to receive humanitarian financial aid as asylum seekers, they will pay back the costs that perpetrator paid for their transport to Germany or Belgium.
[S3] Instead, after they arrive to Belgium, with use of force and threats, he grabs the minor (victim) from her family (female kid age 12) who was immediately sold in other family as “bride” (forced marriage).
[S4] Later this family testifies that they paid a solid amount of money for perpetrator to bring the “bride” from Macedonia.
[S5] The defendant was convicted in 2014 of 13 years imprisonment.","[""ACT_TRANSPORTATION"",""ACT_HARBOURING"",""MEANS_THREAT_FORCE_OR_COERCION"",""MEANS_ABUSE_OF_POWER_OR_VULNERABILITY"",""MEANS_PAYMENTS_OR_BENEFITS_FOR_CONTROL"",""PURPOSE_SLAVERY_OR_SIMILAR_PRACTICES"",""PURPOSE_OTHER""]","{""ACT_HARBOURING"":[""S1""],""ACT_TRANSPORTATION"":[""S1"",""S3""]}","{""ACT_HARBOURING"":""CLEAR"",""ACT_TRANSPORTATION"":""CLEAR""}","{""MEANS_ABUSE_OF_POWER_OR_VULNERABILITY"":[""S1"",""S3""],""MEANS_PAYMENTS_OR_BENEFITS_FOR_CONTROL"":[""S3"",""S4""],""MEANS_THREAT_FORCE_OR_COERCION"":[""S3""]}","{""MEANS_ABUSE_OF_POWER_OR_VULNERABILITY"":""CLEAR"",""MEANS_PAYMENTS_OR_BENEFITS_FOR_CONTROL"":""CLEAR"",""MEANS_THREAT_FORCE_OR_COERCION"":""CLEAR""}","{""PURPOSE_OTHER"":[""S3""],""PURPOSE_SLAVERY_OR_SIMILAR_PRACTICES"":[""S3"",""S4""]}","{""PURPOSE_OTHER"":""CLEAR"",""PURPOSE_SLAVERY_OR_SIMILAR_PRACTICES"":""CLEAR""}","{""Transnational"":[""S1"",""S3"",""S4""]}","{""Transnational"":""CLEAR""}",CLEAR,EXISTING_REVIEWED,Retained prior Agree decision; re-screened under v2.,7/7 displayed Legacy AMP labels screen CLEAR. Geographic Form: CLEAR. Retained prior Agree seed. The sale of a 12-year-old as a forced bride provides unusually explicit support for both rare purpose labels.,7,7,1,1,"[""PURPOSE_SLAVERY_OR_SIMILAR_PRACTICES"",""PURPOSE_OTHER""]",0,,
12,1494,BH2004. 217,HUN005,Hungary,https://www.unodc.org/cld/case-law-doc/traffickingpersonscrimetype/hun/bh2004._217.html,"The victims wanted to work in either a club or a bar and for the purposes of discussing their options they met the secondary defendant. After the meeting, the secondary defendant contacted the tertiary defendant, who operated a brothel. The tertiary defendant agreed to employ the victims as prostitutes knowing that they had not yet turned 18. Subsequently, the tertiary defendant asked the secondary defendant if he could offer the victims to the prime defendant in exchange for money for the purpose of sodomy or sexual intercourse. Eventually, the prime defendant purchased the victims from the secondary defendant.",98,Agree,Keep,,sherloc_sentence_splitter_v1,"[""Transfer"",""Receipt""]","[""Giving or receiving payments or benefits to achieve the consent of a person having control over another person""]","[""Exploitation of the prostitution of others or other forms of sexual exploitation""]","[""Internal""]","[S1] The victims wanted to work in either a club or a bar and for the purposes of discussing their options they met the secondary defendant.
[S2] After the meeting, the secondary defendant contacted the tertiary defendant, who operated a brothel.
[S3] The tertiary defendant agreed to employ the victims as prostitutes knowing that they had not yet turned 18.
[S4] Subsequently, the tertiary defendant asked the secondary defendant if he could offer the victims to the prime defendant in exchange for money for the purpose of sodomy or sexual intercourse.
[S5] Eventually, the prime defendant purchased the victims from the secondary defendant.","[""ACT_TRANSFER"",""ACT_RECEIPT"",""MEANS_PAYMENTS_OR_BENEFITS_FOR_CONTROL"",""PURPOSE_SEXUAL_EXPLOITATION""]","{""ACT_RECEIPT"":[""S5""],""ACT_TRANSFER"":[""S4"",""S5""]}","{""ACT_RECEIPT"":""CLEAR"",""ACT_TRANSFER"":""CLEAR""}","{""MEANS_PAYMENTS_OR_BENEFITS_FOR_CONTROL"":[""S4"",""S5""]}","{""MEANS_PAYMENTS_OR_BENEFITS_FOR_CONTROL"":""CLEAR""}","{""PURPOSE_SEXUAL_EXPLOITATION"":[""S3"",""S4"",""S5""]}","{""PURPOSE_SEXUAL_EXPLOITATION"":""CLEAR""}","{""Internal"":[]}","{""Internal"":""UNCLEAR""}",UNCLEAR,EXISTING_REVIEWED,Retained prior Agree decision; re-screened under v2.,"4/4 displayed Legacy AMP labels screen CLEAR. Geographic Form: UNCLEAR. Retained prior Agree seed. All AMP positives are explicit, but no place or within-country route supports Internal Form.",4,4,1,0,[],0,,
15,1178,United States v. Fermin Pedro Ramos-Ramos et al,USA060,United States of America,https://www.unodc.org/cld/case-law-doc/traffickingpersonscrimetype/usa/2007/united_states_v._fermin_pedro_ramos-ramos_et_al.html,"The defendants, husband and wife Fermin Pedro Ramos-Ramos, and Laurie Ann Ramos, held a young woman in a state of involuntary servitude in their Detroit area home. The victim was forced to work, without pay, as a housekeeper. The defendants recruited and transported the victim from Mexico. Fermin Pedro Ramos-Ramos and his wife used threats and physical violence for control over the victim, they also confiscated the victims’ identity documents, and told her that the police would arrest her if she was found.",83,,Keep,,sherloc_sentence_splitter_v1,"[""Recruitment"",""Transportation"",""Harbouring""]","[""Threat or use of force or other forms of coercion"",""Abuse of power or a position of vulnerability""]","[""Forced labour or services"",""Servitude""]","[""Transnational""]","[S1] The defendants, husband and wife Fermin Pedro Ramos-Ramos, and Laurie Ann Ramos, held a young woman in a state of involuntary servitude in their Detroit area home.
[S2] The victim was forced to work, without pay, as a housekeeper.
[S3] The defendants recruited and transported the victim from Mexico.
[S4] Fermin Pedro Ramos-Ramos and his wife used threats and physical violence for control over the victim, they also confiscated the victims’ identity documents, and told her that the police would arrest her if she was found.","[""ACT_RECRUITMENT"",""ACT_TRANSPORTATION"",""ACT_HARBOURING"",""MEANS_THREAT_FORCE_OR_COERCION"",""MEANS_ABUSE_OF_POWER_OR_VULNERABILITY"",""PURPOSE_FORCED_LABOUR_OR_SERVICES"",""PURPOSE_SERVITUDE""]","{""ACT_HARBOURING"":[""S1""],""ACT_RECRUITMENT"":[""S3""],""ACT_TRANSPORTATION"":[""S3""]}","{""ACT_HARBOURING"":""CLEAR"",""ACT_RECRUITMENT"":""CLEAR"",""ACT_TRANSPORTATION"":""CLEAR""}","{""MEANS_ABUSE_OF_POWER_OR_VULNERABILITY"":[""S1"",""S4""],""MEANS_THREAT_FORCE_OR_COERCION"":[""S2"",""S4""]}","{""MEANS_ABUSE_OF_POWER_OR_VULNERABILITY"":""CLEAR"",""MEANS_THREAT_FORCE_OR_COERCION"":""CLEAR""}","{""PURPOSE_FORCED_LABOUR_OR_SERVICES"":[""S2""],""PURPOSE_SERVITUDE"":[""S1""]}","{""PURPOSE_FORCED_LABOUR_OR_SERVICES"":""CLEAR"",""PURPOSE_SERVITUDE"":""CLEAR""}","{""Transnational"":[""S1"",""S3""]}","{""Transnational"":""POSSIBLE""}",POSSIBLE,NEW_US,Best compact U.S. domestic-servitude narrative; full AMP chain and route are explicit.,7/7 displayed Legacy AMP labels screen CLEAR. Geographic Form: POSSIBLE. Exceptionally explicit despite 83 words; the complete domestic-servitude AMP chain is stated. Form is only POSSIBLE because the destination country is not named without outside knowledge about Detroit.,7,7,1,0,"[""PURPOSE_SERVITUDE""]",0,,
19,498,United States v. Edk Kenit,USA160,United States of America,https://www.unodc.org/cld/case-law-doc/traffickingpersonscrimetype/usa/2011/united_states_v._edk_kenit.html,"A Micronesian couple was indicted by a federal grand jury for recruiting a 19-year-old girl from Micronesia to work in their home in the United States without paying her. They had promised the victim an education and the opportunity to travel in the United States, but instead, they forced her into domestic servitude. The couple arranged for the girl to obtain a passport to travel from Micronesia to Tacoma, Washington, and they also obtained a social security card in the victim’s name, concealed the card from her, and forced her to work at a chicken processing plant. In addition to forcing her to perform domestic labour such as cooking, cleaning, and childcare without pay, the defendants withheld all of her earnings from the chicken processing plant. They isolated the woman in their home, did not allow her to leave the home unmonitored, and controlled her passport to compel her labour. After a year, the victim escaped, partly thanks to the help of what the Department of Justice press release described as “an alert neighbour.”",174,,Keep,,sherloc_sentence_splitter_v1,"[""Recruitment"",""Harbouring""]","[""Threat or use of force or other forms of coercion"",""Deception"",""Abuse of power or a position of vulnerability""]","[""Forced labour or services"",""Servitude""]","[""Transnational""]","[S1] A Micronesian couple was indicted by a federal grand jury for recruiting a 19-year-old girl from Micronesia to work in their home in the United States without paying her.
[S2] They had promised the victim an education and the opportunity to travel in the United States, but instead, they forced her into domestic servitude.
[S3] The couple arranged for the girl to obtain a passport to travel from Micronesia to Tacoma, Washington, and they also obtained a social security card in the victim’s name, concealed the card from her, and forced her to work at a chicken processing plant.
[S4] In addition to forcing her to perform domestic labour such as cooking, cleaning, and childcare without pay, the defendants withheld all of her earnings from the chicken processing plant.
[S5] They isolated the woman in their home, did not allow her to leave the home unmonitored, and controlled her passport to compel her labour.
[S6] After a year, the victim escaped, partly thanks to the help of what the Department of Justice press release described as “an alert neighbour.”","[""ACT_RECRUITMENT"",""ACT_HARBOURING"",""MEANS_THREAT_FORCE_OR_COERCION"",""MEANS_DECEPTION"",""MEANS_ABUSE_OF_POWER_OR_VULNERABILITY"",""PURPOSE_FORCED_LABOUR_OR_SERVICES"",""PURPOSE_SERVITUDE""]","{""ACT_HARBOURING"":[""S1"",""S5""],""ACT_RECRUITMENT"":[""S1""]}","{""ACT_HARBOURING"":""CLEAR"",""ACT_RECRUITMENT"":""CLEAR""}","{""MEANS_ABUSE_OF_POWER_OR_VULNERABILITY"":[""S1"",""S3"",""S5""],""MEANS_DECEPTION"":[""S2""],""MEANS_THREAT_FORCE_OR_COERCION"":[""S2"",""S3"",""S5""]}","{""MEANS_ABUSE_OF_POWER_OR_VULNERABILITY"":""CLEAR"",""MEANS_DECEPTION"":""CLEAR"",""MEANS_THREAT_FORCE_OR_COERCION"":""CLEAR""}","{""PURPOSE_FORCED_LABOUR_OR_SERVICES"":[""S1"",""S3"",""S4"",""S5""],""PURPOSE_SERVITUDE"":[""S2"",""S5""]}","{""PURPOSE_FORCED_LABOUR_OR_SERVICES"":""CLEAR"",""PURPOSE_SERVITUDE"":""CLEAR""}","{""Transnational"":[""S1"",""S3""]}","{""Transnational"":""CLEAR""}",CLEAR,NEW_US,Clear U.S. domestic forced-labour/servitude case in the preferred length range.,7/7 displayed Legacy AMP labels screen CLEAR. Geographic Form: CLEAR. All displayed labels are clear. Travel arrangements may support an unreferenced Transportation label; the account uses indictment framing.,7,7,1,1,"[""PURPOSE_SERVITUDE""]",0,,
20,936,Dosar nr. 1ra – 511/2009,MDA059,Republic of Moldova,https://www.unodc.org/cld/case-law-doc/traffickingpersonscrimetype/mda/2009/dosar_nr._1ra_5112009.html,"The court of first instance retained that defendant, as part of an organized criminal group (together with, Nitu M., Tirdea V., Busuioc I, Dragutan I., Nitu I., and Chiriac N. – the last three already sentenced) recruited and transported two young women (one of them was underage) from Republic of Moldova to Russian Federation, by deceiving them and abusing their position of vulnerability for the purpose of commercial sexual exploitation. He took their passports, threatened them with the use of physical force and forced them to provide sexual services.",88,,Keep,,sherloc_sentence_splitter_v1,"[""Recruitment"",""Transportation""]","[""Threat or use of force or other forms of coercion"",""Deception"",""Abuse of power or a position of vulnerability""]","[""Exploitation of the prostitution of others or other forms of sexual exploitation""]","[""Transnational"",""Organized Criminal Group""]","[S1] The court of first instance retained that defendant, as part of an organized criminal group (together with, Nitu M., Tirdea V., Busuioc I, Dragutan I., Nitu I., and Chiriac N. – the last three already sentenced) recruited and transported two young women (one of them was underage) from Republic of Moldova to Russian Federation, by deceiving them and abusing their position of vulnerability for the purpose of commercial sexual exploitation.
[S2] He took their passports, threatened them with the use of physical force and forced them to provide sexual services.","[""ACT_RECRUITMENT"",""ACT_TRANSPORTATION"",""MEANS_THREAT_FORCE_OR_COERCION"",""MEANS_DECEPTION"",""MEANS_ABUSE_OF_POWER_OR_VULNERABILITY"",""PURPOSE_SEXUAL_EXPLOITATION""]","{""ACT_RECRUITMENT"":[""S1""],""ACT_TRANSPORTATION"":[""S1""]}","{""ACT_RECRUITMENT"":""CLEAR"",""ACT_TRANSPORTATION"":""CLEAR""}","{""MEANS_ABUSE_OF_POWER_OR_VULNERABILITY"":[""S1""],""MEANS_DECEPTION"":[""S1""],""MEANS_THREAT_FORCE_OR_COERCION"":[""S2""]}","{""MEANS_ABUSE_OF_POWER_OR_VULNERABILITY"":""CLEAR"",""MEANS_DECEPTION"":""CLEAR"",""MEANS_THREAT_FORCE_OR_COERCION"":""CLEAR""}","{""PURPOSE_SEXUAL_EXPLOITATION"":[""S1"",""S2""]}","{""PURPOSE_SEXUAL_EXPLOITATION"":""CLEAR""}","{""Transnational"":[""S1""]}","{""Transnational"":""CLEAR""}",CLEAR,NEW_MAJOR_JURISDICTION,Exceptionally concise Moldova-to-Russia case with every positive directly stated.,6/6 displayed Legacy AMP labels screen CLEAR. Geographic Form: CLEAR. Every displayed AMP and geographic Form value is directly stated; the raw Organized Criminal Group value remains audit metadata only.,6,6,1,1,[],0,,
21,391,Case n352012,BEL 33.00,Belgium,https://www.unodc.org/cld/case-law-doc/traffickingpersonscrimetype/bel/2012/case_n352012.html,"In this case in Tongeren, a Nigerian network of traffickers in women was dismantled. The organisation also had branches in the Netherlands and in Spain and was active in large-scale money laundering activities and credit card fraud. One of the victims was a Nigerian minor.

The girls were recruited in Nigeria under all sorts of pretexts and were transported illegally into Belgium via Greece in order to work as escort-girls in the prostitution world. They had to pay back the travel costs through prostitution. The defendants took advantage of voodoo rituals to instil fear in the victims. The Nigerian girls were forced to submit to extreme forms of sex on dirty mattresses and had to work day and night. There was virtually no hygiene; even the customers complained about the filthy premises and the unpleasant odours.

The victims were staying irregularly in Belgium. It is precisely this precarious and dependent situation that leaves these victims no other choice than to let themselves be exploited. The statements of the victims illustrated in detail how they were manipulated, deceived and intimidated. One of the victims was physically abused and locked in a room when the defendants discovered that she had withheld part of the money earned from the customers. When she refused to spontaneously hand over the money, the defendant struck her in order to try to take the money from her hands. He locked her up in the room where she was then staying and took away her telephone to prevent her from communicating with the outside world. He would return later, after work, to sort things out. In the meantime the victim was able to escape with the help of the neighbour.",282,,Keep,,sherloc_sentence_splitter_v1,"[""Recruitment"",""Transportation"",""Harbouring""]","[""Threat or use of force or other forms of coercion"",""Deception"",""Abuse of power or a position of vulnerability""]","[""Exploitation of the prostitution of others or other forms of sexual exploitation""]","[""Transnational"",""Organized Criminal Group""]","[S1] In this case in Tongeren, a Nigerian network of traffickers in women was dismantled.
[S2] The organisation also had branches in the Netherlands and in Spain and was active in large-scale money laundering activities and credit card fraud.
[S3] One of the victims was a Nigerian minor.
[S4] The girls were recruited in Nigeria under all sorts of pretexts and were transported illegally into Belgium via Greece in order to work as escort-girls in the prostitution world.
[S5] They had to pay back the travel costs through prostitution.
[S6] The defendants took advantage of voodoo rituals to instil fear in the victims.
[S7] The Nigerian girls were forced to submit to extreme forms of sex on dirty mattresses and had to work day and night.
[S8] There was virtually no hygiene; even the customers complained about the filthy premises and the unpleasant odours.
[S9] The victims were staying irregularly in Belgium.
[S10] It is precisely this precarious and dependent situation that leaves these victims no other choice than to let themselves be exploited.
[S11] The statements of the victims illustrated in detail how they were manipulated, deceived and intimidated.
[S12] One of the victims was physically abused and locked in a room when the defendants discovered that she had withheld part of the money earned from the customers.
[S13] When she refused to spontaneously hand over the money, the defendant struck her in order to try to take the money from her hands.
[S14] He locked her up in the room where she was then staying and took away her telephone to prevent her from communicating with the outside world.
[S15] He would return later, after work, to sort things out.
[S16] In the meantime the victim was able to escape with the help of the neighbour.","[""ACT_RECRUITMENT"",""ACT_TRANSPORTATION"",""ACT_HARBOURING"",""MEANS_THREAT_FORCE_OR_COERCION"",""MEANS_DECEPTION"",""MEANS_ABUSE_OF_POWER_OR_VULNERABILITY"",""PURPOSE_SEXUAL_EXPLOITATION""]","{""ACT_HARBOURING"":[""S12"",""S14""],""ACT_RECRUITMENT"":[""S4""],""ACT_TRANSPORTATION"":[""S4""]}","{""ACT_HARBOURING"":""CLEAR"",""ACT_RECRUITMENT"":""CLEAR"",""ACT_TRANSPORTATION"":""CLEAR""}","{""MEANS_ABUSE_OF_POWER_OR_VULNERABILITY"":[""S3"",""S9"",""S10""],""MEANS_DECEPTION"":[""S4"",""S11""],""MEANS_THREAT_FORCE_OR_COERCION"":[""S5"",""S6"",""S7"",""S11"",""S12"",""S13"",""S14""]}","{""MEANS_ABUSE_OF_POWER_OR_VULNERABILITY"":""CLEAR"",""MEANS_DECEPTION"":""CLEAR"",""MEANS_THREAT_FORCE_OR_COERCION"":""CLEAR""}","{""PURPOSE_SEXUAL_EXPLOITATION"":[""S4"",""S7""]}","{""PURPOSE_SEXUAL_EXPLOITATION"":""CLEAR""}","{""Transnational"":[""S4""]}","{""Transnational"":""CLEAR""}",CLEAR,NEW_MAJOR_JURISDICTION,Detailed Belgium case with coherent recruitment-to-exploitation facts.,7/7 displayed Legacy AMP labels screen CLEAR. Geographic Form: CLEAR. All displayed AMP and geographic Form values are clear; controlled confinement supports Harbouring. Organized Criminal Group is audit-only.,7,7,1,1,[],0,,
29,157,The State of Israel v. Teddy Ness,ISR017,Israel,https://www.unodc.org/cld/case-law-doc/traffickingpersonscrimetype/isr/2015/the_state_of_israel_v._teddy_ness.html,"The defendant is an Israeli citizen who met the complainants, the mother and her 10 years old daughter who lived in Georgia, through the internet. The defendant persisted in an on-line relations with the mother, as well as later upon his arrival to Georgia, where he met her and the daughter, bought the child gifts, went out with them and wired money for them from Israel. Later, according to the indictment, the defendant arrived to a hotel in Tbilisi and asked the mother and daughter to join him. The defendant and the mother reached an agreement according to which he will pay her a monthly payments of 100$ and in exchange she will allow him to use her daughter's body for the production of pornographic material and conducting sexual acts.
According to this agreement, in two cases, the defendant arrived to the hotel in Tbilisi and the mother brought the daughter there. In the hotel room, the defendant took obscene photos of the minor and sexually assaulted her, including partial penetration while visually recording the acts by several cameras belonging to him and the mother.
The defendant gave the mother a camera and a laptop so she can produce pedophile photos of the minor at his will. The mother emailed the photos to the defendant and he paid her. Later on, the defendant published and sold the photos and films. Additionally, the defendant held in his possession many other obscene materials of other minors, which he also published.",248,,Keep,,sherloc_sentence_splitter_v1,"[""Receipt""]","[""Abuse of power or a position of vulnerability"",""Giving or receiving payments or benefits to achieve the consent of a person having control over another person""]","[""Exploitation of the prostitution of others or other forms of sexual exploitation""]","[""Internal""]","[S1] The defendant is an Israeli citizen who met the complainants, the mother and her 10 years old daughter who lived in Georgia, through the internet.
[S2] The defendant persisted in an on-line relations with the mother, as well as later upon his arrival to Georgia, where he met her and the daughter, bought the child gifts, went out with them and wired money for them from Israel.
[S3] Later, according to the indictment, the defendant arrived to a hotel in Tbilisi and asked the mother and daughter to join him.
[S4] The defendant and the mother reached an agreement according to which he will pay her a monthly payments of 100$ and in exchange she will allow him to use her daughter's body for the production of pornographic material and conducting sexual acts.
[S5] According to this agreement, in two cases, the defendant arrived to the hotel in Tbilisi and the mother brought the daughter there.
[S6] In the hotel room, the defendant took obscene photos of the minor and sexually assaulted her, including partial penetration while visually recording the acts by several cameras belonging to him and the mother.
[S7] The defendant gave the mother a camera and a laptop so she can produce pedophile photos of the minor at his will.
[S8] The mother emailed the photos to the defendant and he paid her.
[S9] Later on, the defendant published and sold the photos and films.
[S10] Additionally, the defendant held in his possession many other obscene materials of other minors, which he also published.","[""ACT_RECEIPT"",""MEANS_ABUSE_OF_POWER_OR_VULNERABILITY"",""MEANS_PAYMENTS_OR_BENEFITS_FOR_CONTROL"",""PURPOSE_SEXUAL_EXPLOITATION""]","{""ACT_RECEIPT"":[""S3"",""S4"",""S5"",""S6""]}","{""ACT_RECEIPT"":""CLEAR""}","{""MEANS_ABUSE_OF_POWER_OR_VULNERABILITY"":[""S1"",""S4"",""S6""],""MEANS_PAYMENTS_OR_BENEFITS_FOR_CONTROL"":[""S4"",""S7"",""S8""]}","{""MEANS_ABUSE_OF_POWER_OR_VULNERABILITY"":""CLEAR"",""MEANS_PAYMENTS_OR_BENEFITS_FOR_CONTROL"":""CLEAR""}","{""PURPOSE_SEXUAL_EXPLOITATION"":[""S4"",""S6"",""S7"",""S8"",""S9"",""S10""]}","{""PURPOSE_SEXUAL_EXPLOITATION"":""CLEAR""}","{""Internal"":[""S1"",""S3"",""S5"",""S6""]}","{""Internal"":""POSSIBLE""}",POSSIBLE,NEW_OTHER,Rare payment-for-control and Internal-Form reserve; sensitive-content caveat retained.,4/4 displayed Legacy AMP labels screen CLEAR. Geographic Form: POSSIBLE. Severe child-sexual-abuse content. All displayed AMP labels are clear. Internal Form is only POSSIBLE because Georgia and Tbilisi are not explicitly linked without outside geography; the mother may support unreferenced Transfer.,4,4,1,0,[],0,,
22,1343,Case No B 4385-05,SWE031,Sweden,https://www.unodc.org/cld/case-law-doc/traffickingpersonscrimetype/swe/2005/case_no_b_4385-05.html,"One male perpetrator was accused of recruiting two 17-year-old girls from Poland and transporting them to Sweden for the purpose of exploiting them sexually. The perpetrator withheld information about the activities of his prostitution business from the girls and was aware that the victims arrived in Sweden without any economic resources.

The victim testified that she led a poor life in Poland and was approached by a person at a party with an offer of coming to Sweden and work as a prostitute. She declined, but later decided to accept and together with a female friend she was picked up by the prosecuted and transported to Sweden. The Polish girls have during the period February-May, 2005, performed sexual services in exchange for money, under the control of the perpetrator. This control consisted in contacting clients, booking hotel rooms for encounters, controlling the profit and supervising them in the work on the street.

One of the girls had to give the prosecuted her passport and the other victim was once hit in the face by him.",175,,Keep,,sherloc_sentence_splitter_v1,"[""Recruitment"",""Transportation""]","[""Threat or use of force or other forms of coercion"",""Deception"",""Abuse of power or a position of vulnerability""]","[""Exploitation of the prostitution of others or other forms of sexual exploitation""]","[""Transnational""]","[S1] One male perpetrator was accused of recruiting two 17-year-old girls from Poland and transporting them to Sweden for the purpose of exploiting them sexually.
[S2] The perpetrator withheld information about the activities of his prostitution business from the girls and was aware that the victims arrived in Sweden without any economic resources.
[S3] The victim testified that she led a poor life in Poland and was approached by a person at a party with an offer of coming to Sweden and work as a prostitute.
[S4] She declined, but later decided to accept and together with a female friend she was picked up by the prosecuted and transported to Sweden.
[S5] The Polish girls have during the period February-May, 2005, performed sexual services in exchange for money, under the control of the perpetrator.
[S6] This control consisted in contacting clients, booking hotel rooms for encounters, controlling the profit and supervising them in the work on the street.
[S7] One of the girls had to give the prosecuted her passport and the other victim was once hit in the face by him.","[""ACT_RECRUITMENT"",""ACT_TRANSPORTATION"",""MEANS_THREAT_FORCE_OR_COERCION"",""MEANS_DECEPTION"",""MEANS_ABUSE_OF_POWER_OR_VULNERABILITY"",""PURPOSE_SEXUAL_EXPLOITATION""]","{""ACT_RECRUITMENT"":[""S1"",""S3""],""ACT_TRANSPORTATION"":[""S1"",""S4""]}","{""ACT_RECRUITMENT"":""CLEAR"",""ACT_TRANSPORTATION"":""CLEAR""}","{""MEANS_ABUSE_OF_POWER_OR_VULNERABILITY"":[""S1"",""S2"",""S3"",""S5""],""MEANS_DECEPTION"":[""S2""],""MEANS_THREAT_FORCE_OR_COERCION"":[""S5"",""S6"",""S7""]}","{""MEANS_ABUSE_OF_POWER_OR_VULNERABILITY"":""CLEAR"",""MEANS_DECEPTION"":""CLEAR"",""MEANS_THREAT_FORCE_OR_COERCION"":""CLEAR""}","{""PURPOSE_SEXUAL_EXPLOITATION"":[""S1"",""S5"",""S6""]}","{""PURPOSE_SEXUAL_EXPLOITATION"":""CLEAR""}","{""Transnational"":[""S1"",""S4""]}","{""Transnational"":""CLEAR""}",CLEAR,NEW_MAJOR_JURISDICTION,"Representative Sweden case with explicit age, vulnerability, control, and movement.","6/6 displayed Legacy AMP labels screen CLEAR. Geographic Form: CLEAR. All displayed labels are clear; vulnerability is established contextually through age, poverty, lack of resources, and perpetrator control.",6,6,1,1,[],0,,
1,146,Case n280515,MKD 7.00,North Macedonia,https://www.unodc.org/cld/case-law-doc/traffickingpersonscrimetype/mkd/2015/case_n280515.html,"When the three minors – victims of trafficking in human beings were kidnapped, they were forcedly tattooed with the names of the perpetrators and accommodated in their house, where they were under constant control and restricted freedom of movement. They were forced to provide sexual services to clients for specific sum of money which were paid to the perpetrators. The sexual services were provided in a house near the place where the victims were accommodated. They were transported by the perpetrators. One victim was reported missing.",85,Agree,Skip,,sherloc_sentence_splitter_v1,"[""Recruitment"",""Transportation"",""Harbouring""]","[""Threat or use of force or other forms of coercion"",""Abduction"",""Abuse of power or a position of vulnerability""]","[""Exploitation of the prostitution of others or other forms of sexual exploitation""]","[""Internal""]","[S1] When the three minors – victims of trafficking in human beings were kidnapped, they were forcedly tattooed with the names of the perpetrators and accommodated in their house, where they were under constant control and restricted freedom of movement.
[S2] They were forced to provide sexual services to clients for specific sum of money which were paid to the perpetrators.
[S3] The sexual services were provided in a house near the place where the victims were accommodated.
[S4] They were transported by the perpetrators.
[S5] One victim was reported missing.","[""ACT_RECRUITMENT"",""ACT_TRANSPORTATION"",""ACT_HARBOURING"",""MEANS_THREAT_FORCE_OR_COERCION"",""MEANS_ABDUCTION"",""MEANS_ABUSE_OF_POWER_OR_VULNERABILITY"",""PURPOSE_SEXUAL_EXPLOITATION""]","{""ACT_HARBOURING"":[""S1"",""S3""],""ACT_RECRUITMENT"":[],""ACT_TRANSPORTATION"":[""S4""]}","{""ACT_HARBOURING"":""CLEAR"",""ACT_RECRUITMENT"":""UNCLEAR"",""ACT_TRANSPORTATION"":""CLEAR""}","{""MEANS_ABDUCTION"":[""S1""],""MEANS_ABUSE_OF_POWER_OR_VULNERABILITY"":[""S1"",""S2""],""MEANS_THREAT_FORCE_OR_COERCION"":[""S1"",""S2""]}","{""MEANS_ABDUCTION"":""CLEAR"",""MEANS_ABUSE_OF_POWER_OR_VULNERABILITY"":""CLEAR"",""MEANS_THREAT_FORCE_OR_COERCION"":""CLEAR""}","{""PURPOSE_SEXUAL_EXPLOITATION"":[""S2"",""S3""]}","{""PURPOSE_SEXUAL_EXPLOITATION"":""CLEAR""}","{""Internal"":[]}","{""Internal"":""UNCLEAR""}",UNCLEAR,EXISTING_REVIEWED,Retained prior Agree decision; re-screened under v2.,6/7 displayed Legacy AMP labels screen CLEAR. Non-CLEAR: ACT_RECRUITMENT=UNCLEAR. Geographic Form: UNCLEAR. Retained prior Agree seed. Recruitment and Internal Form are not established by the supplied Fact Summary.,6,7,0,0,"[""MEANS_ABDUCTION""]",0,,
2,154,Jezile v. S and Others (A 127/2014) 2015 ZAWCHC,ZAF011,South Africa,https://www.unodc.org/cld/case-law-doc/traffickingpersonscrimetype/zaf/2015/jezile_v._s_and_others_a_1272014_2015_zawchc.html,"The defendant, a 28 year old man, arranged a customary marriage with the complainant’s uncle which led to her abduction. The complainant was, at the time, 14 years old. The custom of abducting girls for the purposes of marriage, sometimes with the permission of their family, is known as ukuthwala in South Africa. The complainant was restrained and transported to the defendant’s village. She attempted to escape two times, and was successful the second time in arriving back to her village, but was subsequently apprehended by her uncle and returned to the defendant. She was then beaten and raped eight times, and was locked in the house when the defendant and his relatives were going out. After a few days, the complainant jumped over the fence and sought help from the police.",132,Hold,Skip,,sherloc_sentence_splitter_v1,"[""Transportation"",""Harbouring"",""Receipt""]","[""Threat or use of force or other forms of coercion"",""Abduction"",""Abuse of power or a position of vulnerability""]","[""Exploitation of the prostitution of others or other forms of sexual exploitation""]",[],"[S1] The defendant, a 28 year old man, arranged a customary marriage with the complainant’s uncle which led to her abduction.
[S2] The complainant was, at the time, 14 years old.
[S3] The custom of abducting girls for the purposes of marriage, sometimes with the permission of their family, is known as ukuthwala in South Africa.
[S4] The complainant was restrained and transported to the defendant’s village.
[S5] She attempted to escape two times, and was successful the second time in arriving back to her village, but was subsequently apprehended by her uncle and returned to the defendant.
[S6] She was then beaten and raped eight times, and was locked in the house when the defendant and his relatives were going out.
[S7] After a few days, the complainant jumped over the fence and sought help from the police.","[""ACT_TRANSPORTATION"",""ACT_HARBOURING"",""ACT_RECEIPT"",""MEANS_THREAT_FORCE_OR_COERCION"",""MEANS_ABDUCTION"",""MEANS_ABUSE_OF_POWER_OR_VULNERABILITY"",""PURPOSE_SEXUAL_EXPLOITATION""]","{""ACT_HARBOURING"":[""S6""],""ACT_RECEIPT"":[""S5""],""ACT_TRANSPORTATION"":[""S4"",""S5""]}","{""ACT_HARBOURING"":""CLEAR"",""ACT_RECEIPT"":""CLEAR"",""ACT_TRANSPORTATION"":""CLEAR""}","{""MEANS_ABDUCTION"":[""S1"",""S4"",""S5""],""MEANS_ABUSE_OF_POWER_OR_VULNERABILITY"":[""S2"",""S5"",""S6""],""MEANS_THREAT_FORCE_OR_COERCION"":[""S4"",""S5"",""S6""]}","{""MEANS_ABDUCTION"":""CLEAR"",""MEANS_ABUSE_OF_POWER_OR_VULNERABILITY"":""CLEAR"",""MEANS_THREAT_FORCE_OR_COERCION"":""CLEAR""}","{""PURPOSE_SEXUAL_EXPLOITATION"":[""S1"",""S6""]}","{""PURPOSE_SEXUAL_EXPLOITATION"":""POSSIBLE""}",{},{},NOT_APPLICABLE,EXISTING_REVIEWED,Retained prior Hold decision; re-screened under v2.,"6/7 displayed Legacy AMP labels screen CLEAR. Non-CLEAR: PURPOSE_SEXUAL_EXPLOITATION=POSSIBLE. Geographic Form: NOT_APPLICABLE. Retained prior Hold. Forced marriage and repeated rape are explicit, but the summary does not itself call the conduct sexual exploitation.",6,7,0,0,"[""MEANS_ABDUCTION""]",0,,"The act mean and purpose looks good to the reviewer, but the geographic_form_reference_json should be internal where the ground truth is missing"
3,326,C.N. and V. v. France,FRA013,International and Regional Bodies,https://www.unodc.org/cld/case-law-doc/traffickingpersonscrimetype/_irb/2012/c.n._and_v._v._france.html,"The applicants, two sisters (C.N. and V.), are French nationals, who were born in 1978 and 1984 respectively in Burundi. They left that country following the 1993 civil war, during which their parents were killed. They arrived in France in 1994 and 1995 respectively, through the intermediary of their aunt and uncle (Mr and Mrs M.), Burundi nationals living in France. The latter had been entrusted with guardianship and custody of the applicants and their younger sisters at a family meeting in Burundi. Mr and Mrs M. lived in a detached house in Ville d’Avray with their seven children, one of whom was disabled.

The applicants were accommodated in the basement of the house and alleged that they were obliged to carry out all household and domestic chores, without remuneration or any days off. C.N. claimed that she had also been required to take care of Mr and Mrs M.’s disabled son, including occasionally at night. The applicants allege that they lived in unhygienic conditions (no bathroom, makeshift toilets), were not allowed to share family meals and were subjected to daily physical and verbal harassment. On 19 December 1995 the social action department for the Hauts de Seine department submitted a report on children in danger to the Nantes public prosecutor but, following an investigation by the police child protection team, it was decided not to take any further action.

V. was a pupil in the Ville d’Avray primary school from 1995, then in the general and vocational adapted learning department (Segpa) of a Versailles secondary school from 1997. In spite of difficulties in integrating and learning French, she obtained good school results. When she returned from school she did her homework, then helped her sister with the domestic chores. The applicants claimed that they were physically and verbally harassed on a daily basis by their aunt, who regularly threatened to send them back to Burundi.

On 4 January 1999 the association “Enfance et Partage” drew the attention of the Nanterre public prosecutor’s office to the applicants’ situation; on the following day the applicants ran away from Mr and Mrs M.’s home and were taken into the association’s care.

The diplomatic immunity enjoyed by Mr M., a former Burundi government minister and a UNESCO employee, was lifted, as was that of his wife. During the preliminary investigation V. said that she had not dared to confide in the police in 1995 for fear of reprisals. In the context of the judicial investigation that was subsequently opened, C.N. and V. confirmed that their situation had gradually deteriorated since 1995, a point when “things were not (yet) going too badly” with their aunt. A medico-psychological report on the applicants found, among other things, that the psychological impact of the acts to which they had been subjected was characterised by mental suffering and, in the case of C.N., by an experience of fear and sense of abandonment, as the threat of being sent back to Burundi was synonymous in her opinion with a threat of death and abandonment of her younger sisters.

By a judgment of 17 September 2007 the Nanterre Criminal Court found Mr and Mrs M. guilty of all of the charges brought against them (for both spouses, having subjected individuals to working and living conditions that were incompatible with human dignity by taking advantage of their vulnerability or state of dependence; and for Mrs M., aggravated assault2). However, following the judgment of the Versailles Court of Appeal on 29 June 2009, only the finding that Mrs M. was guilty of aggravated intentional assault against V. was upheld. Mrs M. was ordered to pay a criminal fine of 1,500 euros (EUR) and to pay V. the sum of one euro as compensation for non-pecuniary damage, in line with her claim. The public prosecutor did not appeal on points of law against that judgment. The appeals on points of law lodged by the applicants and by Mrs M. were dismissed on 23 June 2010 by the Criminal Division of the Court of Cassation.

Relying on Article 3 (prohibition of inhuman and degrading treatment), V. alleged that she had been subjected to ill-treatment. Under Article 4 (prohibition of slavery and forced labour), the applicants submitted that they had been held in servitude and required to perform forced or compulsory labour. Lastly, relying on Article 13 (right to an effective remedy), they also claimed that no effective investigation had been carried out in response to their allegations. The application was lodged with the European Court of Human Rights on 23 December 2009.",765,Hold,Skip,,sherloc_sentence_splitter_v1,"[""Recruitment"",""Harbouring""]","[""Threat or use of force or other forms of coercion"",""Abuse of power or a position of vulnerability""]","[""Forced labour or services"",""Servitude""]",[],"[S1] The applicants, two sisters (C.N. and V.), are French nationals, who were born in 1978 and 1984 respectively in Burundi.
[S2] They left that country following the 1993 civil war, during which their parents were killed.
[S3] They arrived in France in 1994 and 1995 respectively, through the intermediary of their aunt and uncle (Mr and Mrs M.), Burundi nationals living in France.
[S4] The latter had been entrusted with guardianship and custody of the applicants and their younger sisters at a family meeting in Burundi.
[S5] Mr and Mrs M. lived in a detached house in Ville d’Avray with their seven children, one of whom was disabled.
[S6] The applicants were accommodated in the basement of the house and alleged that they were obliged to carry out all household and domestic chores, without remuneration or any days off.
[S7] C.N. claimed that she had also been required to take care of Mr and Mrs M.’s disabled son, including occasionally at night.
[S8] The applicants allege that they lived in unhygienic conditions (no bathroom, makeshift toilets), were not allowed to share family meals and were subjected to daily physical and verbal harassment.
[S9] On 19 December 1995 the social action department for the Hauts de Seine department submitted a report on children in danger to the Nantes public prosecutor but, following an investigation by the police child protection team, it was decided not to take any further action.
[S10] V. was a pupil in the Ville d’Avray primary school from 1995, then in the general and vocational adapted learning department (Segpa) of a Versailles secondary school from 1997.
[S11] In spite of difficulties in integrating and learning French, she obtained good school results.
[S12] When she returned from school she did her homework, then helped her sister with the domestic chores.
[S13] The applicants claimed that they were physically and verbally harassed on a daily basis by their aunt, who regularly threatened to send them back to Burundi.
[S14] On 4 January 1999 the association “Enfance et Partage” drew the attention of the Nanterre public prosecutor’s office to the applicants’ situation; on the following day the applicants ran away from Mr and Mrs M.’s home and were taken into the association’s care.
[S15] The diplomatic immunity enjoyed by Mr M., a former Burundi government minister and a UNESCO employee, was lifted, as was that of his wife.
[S16] During the preliminary investigation V. said that she had not dared to confide in the police in 1995 for fear of reprisals.
[S17] In the context of the judicial investigation that was subsequently opened, C.N. and V. confirmed that their situation had gradually deteriorated since 1995, a point when “things were not (yet) going too badly” with their aunt.
[S18] A medico-psychological report on the applicants found, among other things, that the psychological impact of the acts to which they had been subjected was characterised by mental suffering and, in the case of C.N., by an experience of fear and sense of abandonment, as the threat of being sent back to Burundi was synonymous in her opinion with a threat of death and abandonment of her younger sisters.
[S19] By a judgment of 17 September 2007 the Nanterre Criminal Court found Mr and Mrs M. guilty of all of the charges brought against them (for both spouses, having subjected individuals to working and living conditions that were incompatible with human dignity by taking advantage of their vulnerability or state of dependence; and for Mrs M., aggravated assault2).
[S20] However, following the judgment of the Versailles Court of Appeal on 29 June 2009, only the finding that Mrs M. was guilty of aggravated intentional assault against V. was upheld.
[S21] Mrs M. was ordered to pay a criminal fine of 1,500 euros (EUR) and to pay V. the sum of one euro as compensation for non-pecuniary damage, in line with her claim.
[S22] The public prosecutor did not appeal on points of law against that judgment.
[S23] The appeals on points of law lodged by the applicants and by Mrs M. were dismissed on 23 June 2010 by the Criminal Division of the Court of Cassation.
[S24] Relying on Article 3 (prohibition of inhuman and degrading treatment), V. alleged that she had been subjected to ill-treatment.
[S25] Under Article 4 (prohibition of slavery and forced labour), the applicants submitted that they had been held in servitude and required to perform forced or compulsory labour.
[S26] Lastly, relying on Article 13 (right to an effective remedy), they also claimed that no effective investigation had been carried out in response to their allegations.
[S27] The application was lodged with the European Court of Human Rights on 23 December 2009.","[""ACT_RECRUITMENT"",""ACT_HARBOURING"",""MEANS_THREAT_FORCE_OR_COERCION"",""MEANS_ABUSE_OF_POWER_OR_VULNERABILITY"",""PURPOSE_FORCED_LABOUR_OR_SERVICES"",""PURPOSE_SERVITUDE""]","{""ACT_HARBOURING"":[""S5"",""S6""],""ACT_RECRUITMENT"":[""S3"",""S4""]}","{""ACT_HARBOURING"":""CLEAR"",""ACT_RECRUITMENT"":""POSSIBLE""}","{""MEANS_ABUSE_OF_POWER_OR_VULNERABILITY"":[""S1"",""S2"",""S3"",""S4"",""S6""],""MEANS_THREAT_FORCE_OR_COERCION"":[""S8"",""S13"",""S18""]}","{""MEANS_ABUSE_OF_POWER_OR_VULNERABILITY"":""CLEAR"",""MEANS_THREAT_FORCE_OR_COERCION"":""CLEAR""}","{""PURPOSE_FORCED_LABOUR_OR_SERVICES"":[""S6"",""S7"",""S25""],""PURPOSE_SERVITUDE"":[""S25""]}","{""PURPOSE_FORCED_LABOUR_OR_SERVICES"":""CLEAR"",""PURPOSE_SERVITUDE"":""CLEAR""}",{},{},NOT_APPLICABLE,EXISTING_REVIEWED,Retained prior Hold decision; re-screened under v2.,"5/6 displayed Legacy AMP labels screen CLEAR. Non-CLEAR: ACT_RECRUITMENT=POSSIBLE. Geographic Form: NOT_APPLICABLE. Retained prior Hold. The aunt and uncle arranged arrival and assumed guardianship, but active recruitment is only possible from the summary.",5,6,0,0,"[""PURPOSE_SERVITUDE""]",0,,"The act mean and purpose looks good to the reviewer, but the geographic_form_reference_json should be transitional where the ground truth is missing"
4,465,Abaunza and Zelaya,NIC 3.00,Nicaragua,https://www.unodc.org/cld/case-law-doc/traffickingpersonscrimetype/nic/2011/abaunza_and_zelaya.html,"At the end of August 2011 the first defendant, Tania Maria Fletes Zelaya, tried to lure the victim, a student from the “Escuela Normal de Chinadega”, to the city of León in Nicaragua to work in exhibitions there during her school holidays.

The first defendant, Tania Maria Fletes Zelaya, approached the victim and offered her pieces of jewelry, complemented her body and told her that she should accompany men to parties.

The second defendant, Richard Benito Flores Abaunza, offered to accompany the victim to León. He also offered to buy her clothes and any other things that she wanted once there.

After loitering in front of the school for a considerable amount of time, the director of the school noticed their presence and requested that they leave. The second defendant refused to do so and started to argue with the director. The administration of the school then called the police, who took both defendants to the police station.

Once at the police station it was discovered that the couple had a known history of recruiting girls from schools. The police arrested both defendants on the afternoon of 7 September 2011.",190,Agree,Skip,,sherloc_sentence_splitter_v1,"[""Recruitment""]","[""Deception""]","[""Exploitation of the prostitution of others or other forms of sexual exploitation""]","[""Internal""]","[S1] At the end of August 2011 the first defendant, Tania Maria Fletes Zelaya, tried to lure the victim, a student from the “Escuela Normal de Chinadega”, to the city of León in Nicaragua to work in exhibitions there during her school holidays.
[S2] The first defendant, Tania Maria Fletes Zelaya, approached the victim and offered her pieces of jewelry, complemented her body and told her that she should accompany men to parties.
[S3] The second defendant, Richard Benito Flores Abaunza, offered to accompany the victim to León. He also offered to buy her clothes and any other things that she wanted once there.
[S4] After loitering in front of the school for a considerable amount of time, the director of the school noticed their presence and requested that they leave.
[S5] The second defendant refused to do so and started to argue with the director.
[S6] The administration of the school then called the police, who took both defendants to the police station.
[S7] Once at the police station it was discovered that the couple had a known history of recruiting girls from schools.
[S8] The police arrested both defendants on the afternoon of 7 September 2011.","[""ACT_RECRUITMENT"",""MEANS_DECEPTION"",""PURPOSE_SEXUAL_EXPLOITATION""]","{""ACT_RECRUITMENT"":[""S1"",""S2"",""S7""]}","{""ACT_RECRUITMENT"":""CLEAR""}","{""MEANS_DECEPTION"":[""S1"",""S2"",""S3""]}","{""MEANS_DECEPTION"":""POSSIBLE""}","{""PURPOSE_SEXUAL_EXPLOITATION"":[""S2""]}","{""PURPOSE_SEXUAL_EXPLOITATION"":""POSSIBLE""}","{""Internal"":[""S1""]}","{""Internal"":""POSSIBLE""}",POSSIBLE,EXISTING_REVIEWED,Retained prior Agree decision; re-screened under v2.,"1/3 displayed Legacy AMP labels screen CLEAR. Non-CLEAR: MEANS_DECEPTION=POSSIBLE, PURPOSE_SEXUAL_EXPLOITATION=POSSIBLE. Geographic Form: POSSIBLE. Retained prior Agree seed. The interrupted approach is clear, but the proposed work/parties only indirectly support deception and sexual purpose.",1,3,0,0,[],0,,"Although the trafficking did not happen thanks to timely intervention, but the labels are correct"
5,625,Muiambo and Mahvahve,MOZ001,Mozambique,https://www.unodc.org/cld/case-law-doc/traffickingpersonscrimetype/moz/2010/muiambo_and_mahvahve.html,"Samson Chale Magona Muiambo, also known as “Samson Mangore”, was a religious healer and a resident of Chitsama (district of Mossurize). He received an 11-year-old girl from her father, John Thaunde Mahvahve, as the security for a loan in the amount of ZAR 7000 (approximately USD 904), which he had to repay at an interest rate of 100%.",58,Agree,Skip,,sherloc_sentence_splitter_v1,"[""Harbouring"",""Receipt""]","[""Giving or receiving payments or benefits to achieve the consent of a person having control over another person""]","[""Other""]","[""Internal""]","[S1] Samson Chale Magona Muiambo, also known as “Samson Mangore”, was a religious healer and a resident of Chitsama (district of Mossurize).
[S2] He received an 11-year-old girl from her father, John Thaunde Mahvahve, as the security for a loan in the amount of ZAR 7000 (approximately USD 904), which he had to repay at an interest rate of 100%.","[""ACT_HARBOURING"",""ACT_RECEIPT"",""MEANS_PAYMENTS_OR_BENEFITS_FOR_CONTROL"",""PURPOSE_OTHER""]","{""ACT_HARBOURING"":[],""ACT_RECEIPT"":[""S2""]}","{""ACT_HARBOURING"":""UNCLEAR"",""ACT_RECEIPT"":""CLEAR""}","{""MEANS_PAYMENTS_OR_BENEFITS_FOR_CONTROL"":[""S2""]}","{""MEANS_PAYMENTS_OR_BENEFITS_FOR_CONTROL"":""CLEAR""}","{""PURPOSE_OTHER"":[""S2""]}","{""PURPOSE_OTHER"":""UNCLEAR""}","{""Internal"":[]}","{""Internal"":""UNCLEAR""}",UNCLEAR,EXISTING_REVIEWED,Retained prior Agree decision; re-screened under v2.,"2/4 displayed Legacy AMP labels screen CLEAR. Non-CLEAR: ACT_HARBOURING=UNCLEAR, PURPOSE_OTHER=UNCLEAR. Geographic Form: UNCLEAR. Retained prior Agree seed, but the two-sentence summary does not describe harbouring, an exploitation purpose, or a complete internal route.",2,4,0,0,"[""PURPOSE_OTHER""]",0,,
6,764,Decision No.403,ALB005,Albania,https://www.unodc.org/cld/case-law-doc/traffickingpersonscrimetype/alb/2010/decision_no.403.html,"The defendant lured the victim to the Albanian city of Korca with the promise of marriage. From there, the defendant brought the victim to Greece using forged passports with Greek visas. The victim was forced into prostitution and was captured by Greek police and deported back to Albania on 29 May 2004.",52,Agree,Skip,,sherloc_sentence_splitter_v1,"[""Recruitment"",""Transportation"",""Transfer""]","[""Fraud"",""Deception""]","[""Exploitation of the prostitution of others or other forms of sexual exploitation""]","[""Transnational""]","[S1] The defendant lured the victim to the Albanian city of Korca with the promise of marriage.
[S2] From there, the defendant brought the victim to Greece using forged passports with Greek visas.
[S3] The victim was forced into prostitution and was captured by Greek police and deported back to Albania on 29 May 2004.","[""ACT_RECRUITMENT"",""ACT_TRANSPORTATION"",""ACT_TRANSFER"",""MEANS_FRAUD"",""MEANS_DECEPTION"",""PURPOSE_SEXUAL_EXPLOITATION""]","{""ACT_RECRUITMENT"":[""S1""],""ACT_TRANSFER"":[],""ACT_TRANSPORTATION"":[""S2""]}","{""ACT_RECRUITMENT"":""CLEAR"",""ACT_TRANSFER"":""UNCLEAR"",""ACT_TRANSPORTATION"":""CLEAR""}","{""MEANS_DECEPTION"":[""S1""],""MEANS_FRAUD"":[""S2""]}","{""MEANS_DECEPTION"":""CLEAR"",""MEANS_FRAUD"":""CLEAR""}","{""PURPOSE_SEXUAL_EXPLOITATION"":[""S3""]}","{""PURPOSE_SEXUAL_EXPLOITATION"":""CLEAR""}","{""Transnational"":[""S1"",""S2""]}","{""Transnational"":""CLEAR""}",CLEAR,EXISTING_REVIEWED,Retained prior Agree decision; re-screened under v2.,"5/6 displayed Legacy AMP labels screen CLEAR. Non-CLEAR: ACT_TRANSFER=UNCLEAR. Geographic Form: CLEAR. Retained prior Agree seed. Recruitment, movement, forged documents, and exploitation are explicit; no change of custody/control supports Transfer.",5,6,0,1,[],0,,
7,955,"AMBC, MCB, CEPM & MLCG",GTM001,Guatemala,https://www.unodc.org/cld/case-law-doc/traffickingpersonscrimetype/gtm/2009/ambc_mcb_cepm_mlcg.html,"A one-month old child was stolen from his mother’s house and the defendants were accused of hiring someone to perform the abduction. Following the abduction the child was taken to another place, where he remained for nearly a month. It was intended the child would be sold to a person looking to illegally adopt a child. Thanks to the action of the prosecution and the armed forces, the child was rescued and given back to his mother.",77,Agree,Skip,,sherloc_sentence_splitter_v1,"[""Transportation"",""Transfer"",""Harbouring""]","[""Abduction"",""Abuse of power or a position of vulnerability""]","[""Other""]","[""Internal""]","[S1] A one-month old child was stolen from his mother’s house and the defendants were accused of hiring someone to perform the abduction.
[S2] Following the abduction the child was taken to another place, where he remained for nearly a month.
[S3] It was intended the child would be sold to a person looking to illegally adopt a child.
[S4] Thanks to the action of the prosecution and the armed forces, the child was rescued and given back to his mother.","[""ACT_TRANSPORTATION"",""ACT_TRANSFER"",""ACT_HARBOURING"",""MEANS_ABDUCTION"",""MEANS_ABUSE_OF_POWER_OR_VULNERABILITY"",""PURPOSE_OTHER""]","{""ACT_HARBOURING"":[""S2""],""ACT_TRANSFER"":[""S3""],""ACT_TRANSPORTATION"":[""S2""]}","{""ACT_HARBOURING"":""CLEAR"",""ACT_TRANSFER"":""POSSIBLE"",""ACT_TRANSPORTATION"":""CLEAR""}","{""MEANS_ABDUCTION"":[""S1""],""MEANS_ABUSE_OF_POWER_OR_VULNERABILITY"":[""S1""]}","{""MEANS_ABDUCTION"":""CLEAR"",""MEANS_ABUSE_OF_POWER_OR_VULNERABILITY"":""CLEAR""}","{""PURPOSE_OTHER"":[""S3""]}","{""PURPOSE_OTHER"":""CLEAR""}","{""Internal"":[]}","{""Internal"":""UNCLEAR""}",UNCLEAR,EXISTING_REVIEWED,Retained prior Agree decision; re-screened under v2.,"5/6 displayed Legacy AMP labels screen CLEAR. Non-CLEAR: ACT_TRANSFER=POSSIBLE. Geographic Form: UNCLEAR. Retained prior Agree seed. Illegal-adoption purpose is clear, but the planned sale was interrupted and Internal Form lacks an explicit route.",5,6,0,0,"[""MEANS_ABDUCTION"",""PURPOSE_OTHER""]",0,,"A trafficking of infant, an example of the “other” purpose category"
8,1211,Case No. 2007/4540,TUR010,Türkiye,https://www.unodc.org/cld/case-law-doc/traffickingpersonscrimetype/tur/2007/case_no._20074540.html,"The victim in this case was a female adult of Ukrainian nationality. The victim travelled to Istanbul to work as a cook after seeing a job advertisement in a newspaper. After her arrival in Turkey, the victim was transferred to Nevşehir, Turkey by Musa Savsak who paid USD 1,700 to the person who advertised for the job in the newspaper. Musa Savsak and Yasin Savsak forced the victim into prostitution through the use of violence, threats and fraud.",79,Agree,Skip,,sherloc_sentence_splitter_v1,"[""Recruitment"",""Transfer""]","[""Threat or use of force or other forms of coercion"",""Abduction"",""Fraud""]","[""Exploitation of the prostitution of others or other forms of sexual exploitation""]","[""Internal""]","[S1] The victim in this case was a female adult of Ukrainian nationality.
[S2] The victim travelled to Istanbul to work as a cook after seeing a job advertisement in a newspaper.
[S3] After her arrival in Turkey, the victim was transferred to Nevşehir, Turkey by Musa Savsak who paid USD 1,700 to the person who advertised for the job in the newspaper.
[S4] Musa Savsak and Yasin Savsak forced the victim into prostitution through the use of violence, threats and fraud.","[""ACT_RECRUITMENT"",""ACT_TRANSFER"",""MEANS_THREAT_FORCE_OR_COERCION"",""MEANS_ABDUCTION"",""MEANS_FRAUD"",""PURPOSE_SEXUAL_EXPLOITATION""]","{""ACT_RECRUITMENT"":[""S2""],""ACT_TRANSFER"":[""S3""]}","{""ACT_RECRUITMENT"":""POSSIBLE"",""ACT_TRANSFER"":""CLEAR""}","{""MEANS_ABDUCTION"":[],""MEANS_FRAUD"":[""S4""],""MEANS_THREAT_FORCE_OR_COERCION"":[""S4""]}","{""MEANS_ABDUCTION"":""UNCLEAR"",""MEANS_FRAUD"":""POSSIBLE"",""MEANS_THREAT_FORCE_OR_COERCION"":""CLEAR""}","{""PURPOSE_SEXUAL_EXPLOITATION"":[""S4""]}","{""PURPOSE_SEXUAL_EXPLOITATION"":""CLEAR""}","{""Internal"":[""S2"",""S3""]}","{""Internal"":""CLEAR""}",CLEAR,EXISTING_REVIEWED,Retained prior Agree decision; re-screened under v2.,"3/6 displayed Legacy AMP labels screen CLEAR. Non-CLEAR: ACT_RECRUITMENT=POSSIBLE, MEANS_ABDUCTION=UNCLEAR, MEANS_FRAUD=POSSIBLE. Geographic Form: CLEAR. Retained prior Agree seed. The job advertisement does not identify a recruiting actor, no abduction is narrated, and Fraud is only asserted.",3,6,0,1,"[""MEANS_ABDUCTION""]",0,,
9,1293,Decision No. 312,ALB012,Albania,https://www.unodc.org/cld/case-law-doc/traffickingpersonscrimetype/alb/2006/decision_no._312.html,"In 1997, the defendant, Mnera (the mother of the victim), introduced the victim to the co-defendant, Kasa. Kasa promised to marry the victim and brought the victim to Italy, telling her that she was going to work as a hotel cleaner. Instead, he used violence and threats to force her into street prostitution, telling the victim that she had to work to pay back the money that he had paid to the victim’s mother.",74,Hold,Skip,,sherloc_sentence_splitter_v1,"[""Recruitment"",""Transportation"",""Transfer"",""Harbouring""]","[""Fraud"",""Deception"",""Giving or receiving payments or benefits to achieve the consent of a person having control over another person""]","[""Exploitation of the prostitution of others or other forms of sexual exploitation""]","[""Transnational""]","[S1] In 1997, the defendant, Mnera (the mother of the victim), introduced the victim to the co-defendant, Kasa.
[S2] Kasa promised to marry the victim and brought the victim to Italy, telling her that she was going to work as a hotel cleaner.
[S3] Instead, he used violence and threats to force her into street prostitution, telling the victim that she had to work to pay back the money that he had paid to the victim’s mother.","[""ACT_RECRUITMENT"",""ACT_TRANSPORTATION"",""ACT_TRANSFER"",""ACT_HARBOURING"",""MEANS_FRAUD"",""MEANS_DECEPTION"",""MEANS_PAYMENTS_OR_BENEFITS_FOR_CONTROL"",""PURPOSE_SEXUAL_EXPLOITATION""]","{""ACT_HARBOURING"":[],""ACT_RECRUITMENT"":[""S1"",""S2""],""ACT_TRANSFER"":[""S1"",""S3""],""ACT_TRANSPORTATION"":[""S2""]}","{""ACT_HARBOURING"":""UNCLEAR"",""ACT_RECRUITMENT"":""CLEAR"",""ACT_TRANSFER"":""POSSIBLE"",""ACT_TRANSPORTATION"":""CLEAR""}","{""MEANS_DECEPTION"":[""S2""],""MEANS_FRAUD"":[],""MEANS_PAYMENTS_OR_BENEFITS_FOR_CONTROL"":[""S3""]}","{""MEANS_DECEPTION"":""CLEAR"",""MEANS_FRAUD"":""UNCLEAR"",""MEANS_PAYMENTS_OR_BENEFITS_FOR_CONTROL"":""CLEAR""}","{""PURPOSE_SEXUAL_EXPLOITATION"":[""S3""]}","{""PURPOSE_SEXUAL_EXPLOITATION"":""CLEAR""}","{""Transnational"":[""S2""]}","{""Transnational"":""POSSIBLE""}",POSSIBLE,EXISTING_REVIEWED,Retained prior Hold decision; re-screened under v2.,"5/8 displayed Legacy AMP labels screen CLEAR. Non-CLEAR: ACT_TRANSFER=POSSIBLE, ACT_HARBOURING=UNCLEAR, MEANS_FRAUD=UNCLEAR. Geographic Form: POSSIBLE. Retained prior Hold. Transfer is only implied, Harbouring is absent, Fraud is not distinct from deception, and the origin country is unstated.",5,8,0,0,[],0,,"the acts of Transportation"",""Transfer"",""Harbouring""might be controversial since the summary is quite short and did not specify whether those situation happens, although the summary shows Italy as the destination, but never mentioned whether they eventually reached their"
10,1294,Epoux Moukarim c. Demoiselle Isopehi,FRA012,France,https://www.unodc.org/cld/case-law-doc/traffickingpersonscrimetype/fra/2006/epoux_moukarim_c._demoiselle_isopehi.html,"Mlle Isopehi, a young Nigerian woman, was placed to work for a British employer residing in Nigeria, M. Moukarim. She worked in his house but her human rights were frequently violated. The contract had been signed by her family and it stated that the place of performance of the contract was Nigeria and Lagos. The parties also agreed that the contract was governed by the Nigerian law.

Mlle Isopehi has occasionally travelled with Moukarim to Nice, France. She was not paid during her stay in Nice (her salary in Nigeria was only 25 EUR/month) and Moukarim retained her passport. Moreover, she was not allowed to move around freely and she had to stay with the employer all the time. It was during one of these trips that she escaped from her employer. Isopehi brought a suit against Moukarim to Conseil des Prud’hommes (Labour Tribunal), demanding compensation for unpaid salaries and damage suffered.",153,Agree,Skip,,sherloc_sentence_splitter_v1,"[""Recruitment"",""Transportation"",""Transfer""]","[""Threat or use of force or other forms of coercion"",""Deception"",""Abuse of power or a position of vulnerability""]","[""Forced labour or services"",""Slavery or practices similar to slavery"",""Servitude""]","[""Transnational""]","[S1] Mlle Isopehi, a young Nigerian woman, was placed to work for a British employer residing in Nigeria, M. Moukarim.
[S2] She worked in his house but her human rights were frequently violated.
[S3] The contract had been signed by her family and it stated that the place of performance of the contract was Nigeria and Lagos.
[S4] The parties also agreed that the contract was governed by the Nigerian law.
[S5] Mlle Isopehi has occasionally travelled with Moukarim to Nice, France.
[S6] She was not paid during her stay in Nice (her salary in Nigeria was only 25 EUR/month) and Moukarim retained her passport.
[S7] Moreover, she was not allowed to move around freely and she had to stay with the employer all the time.
[S8] It was during one of these trips that she escaped from her employer.
[S9] Isopehi brought a suit against Moukarim to Conseil des Prud’hommes (Labour Tribunal), demanding compensation for unpaid salaries and damage suffered.","[""ACT_RECRUITMENT"",""ACT_TRANSPORTATION"",""ACT_TRANSFER"",""MEANS_THREAT_FORCE_OR_COERCION"",""MEANS_DECEPTION"",""MEANS_ABUSE_OF_POWER_OR_VULNERABILITY"",""PURPOSE_FORCED_LABOUR_OR_SERVICES"",""PURPOSE_SLAVERY_OR_SIMILAR_PRACTICES"",""PURPOSE_SERVITUDE""]","{""ACT_RECRUITMENT"":[""S1""],""ACT_TRANSFER"":[],""ACT_TRANSPORTATION"":[""S5""]}","{""ACT_RECRUITMENT"":""POSSIBLE"",""ACT_TRANSFER"":""UNCLEAR"",""ACT_TRANSPORTATION"":""CLEAR""}","{""MEANS_ABUSE_OF_POWER_OR_VULNERABILITY"":[""S1"",""S6"",""S7""],""MEANS_DECEPTION"":[],""MEANS_THREAT_FORCE_OR_COERCION"":[""S6"",""S7""]}","{""MEANS_ABUSE_OF_POWER_OR_VULNERABILITY"":""CLEAR"",""MEANS_DECEPTION"":""UNCLEAR"",""MEANS_THREAT_FORCE_OR_COERCION"":""CLEAR""}","{""PURPOSE_FORCED_LABOUR_OR_SERVICES"":[""S6"",""S7""],""PURPOSE_SERVITUDE"":[""S6"",""S7""],""PURPOSE_SLAVERY_OR_SIMILAR_PRACTICES"":[]}","{""PURPOSE_FORCED_LABOUR_OR_SERVICES"":""CLEAR"",""PURPOSE_SERVITUDE"":""CLEAR"",""PURPOSE_SLAVERY_OR_SIMILAR_PRACTICES"":""UNCLEAR""}","{""Transnational"":[""S1"",""S5""]}","{""Transnational"":""CLEAR""}",CLEAR,EXISTING_REVIEWED,Retained prior Agree decision; re-screened under v2.,"5/9 displayed Legacy AMP labels screen CLEAR. Non-CLEAR: ACT_RECRUITMENT=POSSIBLE, ACT_TRANSFER=UNCLEAR, MEANS_DECEPTION=UNCLEAR, PURPOSE_SLAVERY_OR_SIMILAR_PRACTICES=UNCLEAR. Geographic Form: CLEAR. Retained prior Agree seed. The summary supports coercive domestic work and servitude but not Transfer, Deception, or a distinct slavery-like label.",5,9,0,1,"[""PURPOSE_SLAVERY_OR_SIMILAR_PRACTICES"",""PURPOSE_SERVITUDE""]",0,,
13,1545,Criminal Case 843/ 27. 10. 08,KHM010,Cambodia,https://www.unodc.org/cld/case-law-doc/traffickingpersonscrimetype/khm/criminal_case_843_27._10._08.html,"The accused detained an 18 years old girl for prostitution and forced her to have an abortion. The girls come from different provinces and they work in a brothel for a salary of 3000 baht. The accused claimed not to have known that the girls were under 18 years old.

Her son and nephew were also arrested for protecting the brothel.

The offender is also being accused of using illegal drugs.",71,Agree,Skip,,sherloc_sentence_splitter_v1,"[""Harbouring"",""Receipt""]","[""Threat or use of force or other forms of coercion""]","[""Exploitation of the prostitution of others or other forms of sexual exploitation""]","[""Internal""]","[S1] The accused detained an 18 years old girl for prostitution and forced her to have an abortion.
[S2] The girls come from different provinces and they work in a brothel for a salary of 3000 baht.
[S3] The accused claimed not to have known that the girls were under 18 years old.
[S4] Her son and nephew were also arrested for protecting the brothel.
[S5] The offender is also being accused of using illegal drugs.","[""ACT_HARBOURING"",""ACT_RECEIPT"",""MEANS_THREAT_FORCE_OR_COERCION"",""PURPOSE_SEXUAL_EXPLOITATION""]","{""ACT_HARBOURING"":[""S1"",""S2""],""ACT_RECEIPT"":[]}","{""ACT_HARBOURING"":""CLEAR"",""ACT_RECEIPT"":""UNCLEAR""}","{""MEANS_THREAT_FORCE_OR_COERCION"":[""S1""]}","{""MEANS_THREAT_FORCE_OR_COERCION"":""CLEAR""}","{""PURPOSE_SEXUAL_EXPLOITATION"":[""S1"",""S2""]}","{""PURPOSE_SEXUAL_EXPLOITATION"":""CLEAR""}","{""Internal"":[]}","{""Internal"":""UNCLEAR""}",UNCLEAR,EXISTING_REVIEWED,Retained prior Agree decision; re-screened under v2.,"3/4 displayed Legacy AMP labels screen CLEAR. Non-CLEAR: ACT_RECEIPT=UNCLEAR. Geographic Form: UNCLEAR. Retained prior Agree seed. Detention and prostitution are explicit, but Receipt and Internal Form are not recoverable from the short summary.",3,4,0,0,[],0,,
14,1560,18/ق/2009,OMN005,Oman,https://www.unodc.org/cld/case-law-doc/traffickingpersonscrimetype/omn/182009.html,"Defendant 1 assaulted a man and unintentionally killed him when he pushed him into the water. The victim hit the side of the boat, fell into the sea, and drowned.

Defendant 2 purposely took advantage of Defendant 1’s vulnerability and engaged him in the fishing industry. Defendant 1 was coerced to agree because of his situation.",56,Agree,Skip,,sherloc_sentence_splitter_v1,"[""Recruitment""]","[""Abuse of power or a position of vulnerability""]","[""Forced labour or services""]","[""Internal""]","[S1] Defendant 1 assaulted a man and unintentionally killed him when he pushed him into the water.
[S2] The victim hit the side of the boat, fell into the sea, and drowned.
[S3] Defendant 2 purposely took advantage of Defendant 1’s vulnerability and engaged him in the fishing industry.
[S4] Defendant 1 was coerced to agree because of his situation.","[""ACT_RECRUITMENT"",""MEANS_ABUSE_OF_POWER_OR_VULNERABILITY"",""PURPOSE_FORCED_LABOUR_OR_SERVICES""]","{""ACT_RECRUITMENT"":[""S3""]}","{""ACT_RECRUITMENT"":""CLEAR""}","{""MEANS_ABUSE_OF_POWER_OR_VULNERABILITY"":[""S3"",""S4""]}","{""MEANS_ABUSE_OF_POWER_OR_VULNERABILITY"":""CLEAR""}","{""PURPOSE_FORCED_LABOUR_OR_SERVICES"":[""S3"",""S4""]}","{""PURPOSE_FORCED_LABOUR_OR_SERVICES"":""CLEAR""}","{""Internal"":[]}","{""Internal"":""UNCLEAR""}",UNCLEAR,EXISTING_REVIEWED,Retained prior Agree decision; re-screened under v2.,3/3 displayed Legacy AMP labels screen CLEAR. Geographic Form: UNCLEAR. Retained prior Agree seed. The fishing-work AMP chain is concise and recoverable; the narrative supplies no geography for Internal Form.,3,3,1,0,[],0,,
16,1477,United States v. Esperanza Vargas,USA067,United States of America,https://www.unodc.org/cld/case-law-doc/traffickingpersonscrimetype/usa/1993/united_states_v._esperanza_vargas.html,"The defendant Esperanza Vargas was convicted of holding a Mexican national in involuntary servitude. The defendant brought the 17-year-old victim, J.H.O., to the United States from Mexico. Once in the United States, the defendant kept the victim as a domestic servant in the Vargas’ home. The victim testified that the defendant maintained control over her using threats and physical violence. The victim also testified that she did not receive a salary, and that she was denied access to medical care. Authorities found the victim after receiving an anonymous tip.

Media reports indicate that Vargas’s adult children, Raul Arriaga Vargas, and Claudia Arriaga Vargas, were also indicted on federal charges related to J.H.O.’s trafficking. Raul Vargas is listed in the district court’s docket, but no charges are listed as having been brought against him or as pending. According to a Los Angeles Times article, Raul Vargas pleaded guilty to a single count of assaulting the victim, and was sentenced to an eight-month jail term.",168,,Skip,,sherloc_sentence_splitter_v1,"[""Transportation"",""Harbouring""]","[""Threat or use of force or other forms of coercion"",""Abuse of power or a position of vulnerability""]","[""Forced labour or services"",""Servitude""]","[""Transnational""]","[S1] The defendant Esperanza Vargas was convicted of holding a Mexican national in involuntary servitude.
[S2] The defendant brought the 17-year-old victim, J.H.O., to the United States from Mexico.
[S3] Once in the United States, the defendant kept the victim as a domestic servant in the Vargas’ home.
[S4] The victim testified that the defendant maintained control over her using threats and physical violence.
[S5] The victim also testified that she did not receive a salary, and that she was denied access to medical care.
[S6] Authorities found the victim after receiving an anonymous tip.
[S7] Media reports indicate that Vargas’s adult children, Raul Arriaga Vargas, and Claudia Arriaga Vargas, were also indicted on federal charges related to J.H.O.’s trafficking.
[S8] Raul Vargas is listed in the district court’s docket, but no charges are listed as having been brought against him or as pending.
[S9] According to a Los Angeles Times article, Raul Vargas pleaded guilty to a single count of assaulting the victim, and was sentenced to an eight-month jail term.","[""ACT_TRANSPORTATION"",""ACT_HARBOURING"",""MEANS_THREAT_FORCE_OR_COERCION"",""MEANS_ABUSE_OF_POWER_OR_VULNERABILITY"",""PURPOSE_FORCED_LABOUR_OR_SERVICES"",""PURPOSE_SERVITUDE""]","{""ACT_HARBOURING"":[""S3""],""ACT_TRANSPORTATION"":[""S2""]}","{""ACT_HARBOURING"":""CLEAR"",""ACT_TRANSPORTATION"":""CLEAR""}","{""MEANS_ABUSE_OF_POWER_OR_VULNERABILITY"":[""S2"",""S3"",""S4"",""S5""],""MEANS_THREAT_FORCE_OR_COERCION"":[""S4""]}","{""MEANS_ABUSE_OF_POWER_OR_VULNERABILITY"":""CLEAR"",""MEANS_THREAT_FORCE_OR_COERCION"":""CLEAR""}","{""PURPOSE_FORCED_LABOUR_OR_SERVICES"":[""S3"",""S4"",""S5""],""PURPOSE_SERVITUDE"":[""S1"",""S3"",""S4"",""S5""]}","{""PURPOSE_FORCED_LABOUR_OR_SERVICES"":""CLEAR"",""PURPOSE_SERVITUDE"":""CLEAR""}","{""Transnational"":[""S2""]}","{""Transnational"":""CLEAR""}",CLEAR,NEW_US,Representative U.S. domestic-servitude case in the preferred length range.,6/6 displayed Legacy AMP labels screen CLEAR. Geographic Form: CLEAR. The AMP chain is clear; S7-S9 are a modest procedural tail about related defendants but do not create target ambiguity.,6,6,1,1,"[""PURPOSE_SERVITUDE""]",0,,
17,1242,United States v. Lucilene Felipe Dos Santos,USA105,United States of America,https://www.unodc.org/cld/case-law-doc/traffickingpersonscrimetype/usa/2007/united_states_v._lucilene_felipe_dos_santos.html,"Defendants, all Brazilian nationals living in Dunwoody, Georgia, were part of a sex trafficking scheme. They smuggled four young Brazilian women into the United States through Mexico in exchange for high fees (several thousand dollars in some cases). The women were promised legitimate jobs in the US such as working in sales, as maids, or as waitresses. However, once they arrived in the United States, the women were forced to prostitute themselves in Sandy Springs, Georgia. Defendant Dos Santos threatened to tell the victims’ families that they were prostitutes. The women lived in various apartments, at least one of which functioned as a house of prostitution. Defendants' retained half of the victims’ proceeds from prostitution.",115,,Skip,,sherloc_sentence_splitter_v1,"[""Transportation""]","[""Threat or use of force or other forms of coercion"",""Deception""]","[""Exploitation of the prostitution of others or other forms of sexual exploitation""]","[""Transnational""]","[S1] Defendants, all Brazilian nationals living in Dunwoody, Georgia, were part of a sex trafficking scheme.
[S2] They smuggled four young Brazilian women into the United States through Mexico in exchange for high fees (several thousand dollars in some cases).
[S3] The women were promised legitimate jobs in the US such as working in sales, as maids, or as waitresses.
[S4] However, once they arrived in the United States, the women were forced to prostitute themselves in Sandy Springs, Georgia.
[S5] Defendant Dos Santos threatened to tell the victims’ families that they were prostitutes.
[S6] The women lived in various apartments, at least one of which functioned as a house of prostitution.
[S7] Defendants' retained half of the victims’ proceeds from prostitution.","[""ACT_TRANSPORTATION"",""MEANS_THREAT_FORCE_OR_COERCION"",""MEANS_DECEPTION"",""PURPOSE_SEXUAL_EXPLOITATION""]","{""ACT_TRANSPORTATION"":[""S2""]}","{""ACT_TRANSPORTATION"":""CLEAR""}","{""MEANS_DECEPTION"":[""S3"",""S4""],""MEANS_THREAT_FORCE_OR_COERCION"":[""S4"",""S5""]}","{""MEANS_DECEPTION"":""CLEAR"",""MEANS_THREAT_FORCE_OR_COERCION"":""CLEAR""}","{""PURPOSE_SEXUAL_EXPLOITATION"":[""S1"",""S4"",""S6"",""S7""]}","{""PURPOSE_SEXUAL_EXPLOITATION"":""CLEAR""}","{""Transnational"":[""S2"",""S3"",""S4""]}","{""Transnational"":""CLEAR""}",CLEAR,NEW_US,Clear U.S. transnational sexual-exploitation contrast with explicit job deception.,"4/4 displayed Legacy AMP labels screen CLEAR. Geographic Form: CLEAR. All positive Legacy labels are clear. Job promises and apartments may suggest additional Acts, but actor attribution is not explicit.",4,4,1,1,[],0,,
18,692,United States v. Fu Sheng Kuo,USA007,United States of America,https://www.unodc.org/cld/case-law-doc/traffickingpersonscrimetype/usa/2010/united_states_v._fu_sheng_kuo.html,"Between 1998 and 2006, defendants Fu Sheng Kuo and Shengji Wang induced women into traveling to American Samoa from China, Taiwan, and Fiji. The specific victims in this case, Y.H. and J.C., were promised work as cashiers in Wang’s grocery store. Wang told them that she would arrange for their travel and immigration documents for a fee of approximately $1,875 each, would also purchase their airline tickets, and secure their visas.

Once in American Samoa, the victim’s passports and return tickets were confiscated by the defendants. They were then locked in the Bao Lai restaurant/brothel with wire-covered windows and an exterior staircase of the structure. Wire or plywood also covered most of the balcony area. The victims were coerced into prostitution to repay the defendants for their travel expenses. Defendants threatened to hit or beat the victims if they did not do as they were told. Wang also told the victims that she knew people in China who would hurt their families if they refused to comply. Additionally, the victims were regularly threatened with food deprivation for refusing to work.

From March 7, 2006 through August 30, 2006, the victims were forced to have various forms of sexual intercourse with a total of 50 to 70 customers. They suffered multiple complications and injuries from the sex acts, and many of the customers did not wear condoms. In the end, the victims were not paid any money for their services because the defendants were paid directly approximately $100-200 per sex act. Defendants told the victims that their debt was increasing and had reached $6,000. The victims successfully escaped the Bao Lai and fled to a local village where a store owner called the police. After their interview with the police, the victims were treated for a multitude of health problems at a local hospital and the defendants were arrested.",313,,Skip,,sherloc_sentence_splitter_v1,"[""Recruitment"",""Harbouring""]","[""Threat or use of force or other forms of coercion"",""Deception""]","[""Exploitation of the prostitution of others or other forms of sexual exploitation""]","[""Transnational""]","[S1] Between 1998 and 2006, defendants Fu Sheng Kuo and Shengji Wang induced women into traveling to American Samoa from China, Taiwan, and Fiji.
[S2] The specific victims in this case, Y.H. and J.C., were promised work as cashiers in Wang’s grocery store.
[S3] Wang told them that she would arrange for their travel and immigration documents for a fee of approximately $1,875 each, would also purchase their airline tickets, and secure their visas.
[S4] Once in American Samoa, the victim’s passports and return tickets were confiscated by the defendants.
[S5] They were then locked in the Bao Lai restaurant/brothel with wire-covered windows and an exterior staircase of the structure.
[S6] Wire or plywood also covered most of the balcony area.
[S7] The victims were coerced into prostitution to repay the defendants for their travel expenses.
[S8] Defendants threatened to hit or beat the victims if they did not do as they were told.
[S9] Wang also told the victims that she knew people in China who would hurt their families if they refused to comply.
[S10] Additionally, the victims were regularly threatened with food deprivation for refusing to work.
[S11] From March 7, 2006 through August 30, 2006, the victims were forced to have various forms of sexual intercourse with a total of 50 to 70 customers.
[S12] They suffered multiple complications and injuries from the sex acts, and many of the customers did not wear condoms.
[S13] In the end, the victims were not paid any money for their services because the defendants were paid directly approximately $100-200 per sex act.
[S14] Defendants told the victims that their debt was increasing and had reached $6,000.
[S15] The victims successfully escaped the Bao Lai and fled to a local village where a store owner called the police.
[S16] After their interview with the police, the victims were treated for a multitude of health problems at a local hospital and the defendants were arrested.","[""ACT_RECRUITMENT"",""ACT_HARBOURING"",""MEANS_THREAT_FORCE_OR_COERCION"",""MEANS_DECEPTION"",""PURPOSE_SEXUAL_EXPLOITATION""]","{""ACT_HARBOURING"":[""S5""],""ACT_RECRUITMENT"":[""S1"",""S2"",""S3""]}","{""ACT_HARBOURING"":""CLEAR"",""ACT_RECRUITMENT"":""CLEAR""}","{""MEANS_DECEPTION"":[""S2"",""S7""],""MEANS_THREAT_FORCE_OR_COERCION"":[""S4"",""S5"",""S7"",""S8"",""S9"",""S10"",""S14""]}","{""MEANS_DECEPTION"":""CLEAR"",""MEANS_THREAT_FORCE_OR_COERCION"":""CLEAR""}","{""PURPOSE_SEXUAL_EXPLOITATION"":[""S5"",""S7"",""S11"",""S12"",""S13""]}","{""PURPOSE_SEXUAL_EXPLOITATION"":""CLEAR""}","{""Transnational"":[""S1"",""S3"",""S4""]}","{""Transnational"":""CLEAR""}",CLEAR,NEW_US,Detailed U.S. sexual-exploitation narrative with unusually strong coercion evidence.,"5/5 displayed Legacy AMP labels screen CLEAR. Geographic Form: CLEAR. All positive labels are clear. The narrative also strongly suggests unreferenced Transportation and vulnerability, so reference completeness deserves human review.",5,5,1,1,[],0,,
23,828,Proceso No. 2006-01458,COL034,Colombia,https://www.unodc.org/cld/case-law-doc/traffickingpersonscrimetype/col/2010/proceso_no._2006-01458.html,"An investigation was launched in the context of the violent death of a young woman, M.M.S.P., on July 11, 2006 in Pereira. Through this investigation, the existence of a transnational human trafficking ring was established. Through the interception of phone calls, the police was able to determine the existence of a criminal group dedicated to recruiting young women to then transport them from Pereira and Buenaventura to Singapur, where they were received, harboured and subjected to sexual exploitation. That organization was led by Mónica Yasmín Hernández, her husband, and her husband’s cousin. Ms Sandra Milena Roldán served as an administrator for the criminal organization.

Mónica Yasmín was one of the leaders of the criminal organization. She was responsible for selecting the victims and sending money in order to cover the costs for obtaining travel documents for the victims and providing them with suitcases for the trip. After their arrival in Singapur, upon receiving the victims, Mónica Yasmín would host them at an apartment and leave them under the supervision of the administrator, Sandra Milena.

Sandra Milena was responsible for receiving women in Singapur between 2006 and 2008. She harboured the victims in an apartment, took their passport and return ticket to Colombia, and subjected them to sexual exploitation through prostitution. She was also in charge of receiving the money obtained from that activity and and handing it to Mónica Yasmín Hernández. This money went toward paying off the debt that the victims has acquired with the leaders of the organization, in exchange for the transportation to Singapur and the ‘brokerage’ of the job.",266,,Skip,,sherloc_sentence_splitter_v1,"[""Recruitment"",""Transportation"",""Transfer"",""Harbouring"",""Receipt""]","[""Threat or use of force or other forms of coercion"",""Abuse of power or a position of vulnerability""]","[""Exploitation of the prostitution of others or other forms of sexual exploitation""]","[""Transnational"",""Organized Criminal Group""]","[S1] An investigation was launched in the context of the violent death of a young woman, M.M.S.P., on July 11, 2006 in Pereira.
[S2] Through this investigation, the existence of a transnational human trafficking ring was established.
[S3] Through the interception of phone calls, the police was able to determine the existence of a criminal group dedicated to recruiting young women to then transport them from Pereira and Buenaventura to Singapur, where they were received, harboured and subjected to sexual exploitation.
[S4] That organization was led by Mónica Yasmín Hernández, her husband, and her husband’s cousin.
[S5] Ms Sandra Milena Roldán served as an administrator for the criminal organization.
[S6] Mónica Yasmín was one of the leaders of the criminal organization.
[S7] She was responsible for selecting the victims and sending money in order to cover the costs for obtaining travel documents for the victims and providing them with suitcases for the trip.
[S8] After their arrival in Singapur, upon receiving the victims, Mónica Yasmín would host them at an apartment and leave them under the supervision of the administrator, Sandra Milena.
[S9] Sandra Milena was responsible for receiving women in Singapur between 2006 and 2008.
[S10] She harboured the victims in an apartment, took their passport and return ticket to Colombia, and subjected them to sexual exploitation through prostitution.
[S11] She was also in charge of receiving the money obtained from that activity and and handing it to Mónica Yasmín Hernández.
[S12] This money went toward paying off the debt that the victims has acquired with the leaders of the organization, in exchange for the transportation to Singapur and the ‘brokerage’ of the job.","[""ACT_RECRUITMENT"",""ACT_TRANSPORTATION"",""ACT_TRANSFER"",""ACT_HARBOURING"",""ACT_RECEIPT"",""MEANS_THREAT_FORCE_OR_COERCION"",""MEANS_ABUSE_OF_POWER_OR_VULNERABILITY"",""PURPOSE_SEXUAL_EXPLOITATION""]","{""ACT_HARBOURING"":[""S3"",""S8"",""S10""],""ACT_RECEIPT"":[""S3"",""S8"",""S9""],""ACT_RECRUITMENT"":[""S3"",""S7""],""ACT_TRANSFER"":[""S8""],""ACT_TRANSPORTATION"":[""S3"",""S7""]}","{""ACT_HARBOURING"":""CLEAR"",""ACT_RECEIPT"":""CLEAR"",""ACT_RECRUITMENT"":""CLEAR"",""ACT_TRANSFER"":""CLEAR"",""ACT_TRANSPORTATION"":""CLEAR""}","{""MEANS_ABUSE_OF_POWER_OR_VULNERABILITY"":[""S8"",""S10"",""S12""],""MEANS_THREAT_FORCE_OR_COERCION"":[""S10"",""S12""]}","{""MEANS_ABUSE_OF_POWER_OR_VULNERABILITY"":""CLEAR"",""MEANS_THREAT_FORCE_OR_COERCION"":""CLEAR""}","{""PURPOSE_SEXUAL_EXPLOITATION"":[""S3"",""S10""]}","{""PURPOSE_SEXUAL_EXPLOITATION"":""CLEAR""}","{""Transnational"":[""S2"",""S3"",""S10""]}","{""Transnational"":""CLEAR""}",CLEAR,NEW_MAJOR_JURISDICTION,"Strong Colombia case with all five Acts, explicit controller handoff, and clear route.",8/8 displayed Legacy AMP labels screen CLEAR. Geographic Form: CLEAR. All displayed AMP and Form values are clear; S8 supplies an explicit change of controller for Transfer. Organized Criminal Group is audit-only.,8,8,1,1,[],0,,
24,641,Processo n 2007.05.00.088769-6,BRA046,Brazil,https://www.unodc.org/cld/case-law-doc/traffickingpersonscrimetype/bra/2010/processo_n_2007.05.00.088769-6.html,"In 2001, the defendant Rosana Pereira Martins recruited the victims O.A.S. and F.F.V. for the purpose of sexual exploitation in Spain. The defendant deceived the victims by promising them a job as waitresses in a restaurant at Llanes, Spain. The defendant organized the whole trip and even paid for their tickets and passports. Once the victims arrived in Spain, they were forced to work as prostitutes, being kept as “prisoners”.",74,,Skip,,sherloc_sentence_splitter_v1,"[""Recruitment"",""Transportation""]","[""Threat or use of force or other forms of coercion"",""Deception""]","[""Exploitation of the prostitution of others or other forms of sexual exploitation""]","[""Transnational""]","[S1] In 2001, the defendant Rosana Pereira Martins recruited the victims O.A.S. and F.F.V. for the purpose of sexual exploitation in Spain.
[S2] The defendant deceived the victims by promising them a job as waitresses in a restaurant at Llanes, Spain.
[S3] The defendant organized the whole trip and even paid for their tickets and passports.
[S4] Once the victims arrived in Spain, they were forced to work as prostitutes, being kept as “prisoners”.","[""ACT_RECRUITMENT"",""ACT_TRANSPORTATION"",""MEANS_THREAT_FORCE_OR_COERCION"",""MEANS_DECEPTION"",""PURPOSE_SEXUAL_EXPLOITATION""]","{""ACT_RECRUITMENT"":[""S1""],""ACT_TRANSPORTATION"":[""S3"",""S4""]}","{""ACT_RECRUITMENT"":""CLEAR"",""ACT_TRANSPORTATION"":""CLEAR""}","{""MEANS_DECEPTION"":[""S2""],""MEANS_THREAT_FORCE_OR_COERCION"":[""S4""]}","{""MEANS_DECEPTION"":""CLEAR"",""MEANS_THREAT_FORCE_OR_COERCION"":""CLEAR""}","{""PURPOSE_SEXUAL_EXPLOITATION"":[""S1"",""S4""]}","{""PURPOSE_SEXUAL_EXPLOITATION"":""CLEAR""}","{""Transnational"":[""S1"",""S2"",""S3"",""S4""]}","{""Transnational"":""POSSIBLE""}",POSSIBLE,NEW_MAJOR_JURISDICTION,Concise Brazil-origin candidate with fully clear AMP labels; Form caveat retained.,"5/5 displayed Legacy AMP labels screen CLEAR. Geographic Form: POSSIBLE. All AMP positives are clear. Spain is explicit, but the origin country is not named, so Transnational Form is only POSSIBLE under the strict rule.",5,5,1,0,[],0,,
25,334,Case n180912,MKD 5.00,North Macedonia,https://www.unodc.org/cld/case-law-doc/traffickingpersonscrimetype/mkd/2012/case_n180912.html,"By deception that a Serbian citizen shall marry the victim, she was recruited by him and then illegally transported across the Macedonian-Serbian border, sheltered in a house owned by his relative in Skopje. Then the two men with assistance and inter-mediation of the third defendant, by abusing the position of the victim, using physical force and taking away of her documents (Identity document from Bosnia and Herzegovina that cannot be used for legal entry in the Republic of Macedonia) forced the victim to give sexual services to clients provided by the three defendants, and the monetary recompense was taken away from the victim.",103,,Skip,,sherloc_sentence_splitter_v1,"[""Recruitment"",""Transportation"",""Harbouring""]","[""Threat or use of force or other forms of coercion"",""Deception"",""Abuse of power or a position of vulnerability""]","[""Exploitation of the prostitution of others or other forms of sexual exploitation""]","[""Transnational""]","[S1] By deception that a Serbian citizen shall marry the victim, she was recruited by him and then illegally transported across the Macedonian-Serbian border, sheltered in a house owned by his relative in Skopje.
[S2] Then the two men with assistance and inter-mediation of the third defendant, by abusing the position of the victim, using physical force and taking away of her documents (Identity document from Bosnia and Herzegovina that cannot be used for legal entry in the Republic of Macedonia) forced the victim to give sexual services to clients provided by the three defendants, and the monetary recompense was taken away from the victim.","[""ACT_RECRUITMENT"",""ACT_TRANSPORTATION"",""ACT_HARBOURING"",""MEANS_THREAT_FORCE_OR_COERCION"",""MEANS_DECEPTION"",""MEANS_ABUSE_OF_POWER_OR_VULNERABILITY"",""PURPOSE_SEXUAL_EXPLOITATION""]","{""ACT_HARBOURING"":[""S1""],""ACT_RECRUITMENT"":[""S1""],""ACT_TRANSPORTATION"":[""S1""]}","{""ACT_HARBOURING"":""CLEAR"",""ACT_RECRUITMENT"":""CLEAR"",""ACT_TRANSPORTATION"":""CLEAR""}","{""MEANS_ABUSE_OF_POWER_OR_VULNERABILITY"":[""S2""],""MEANS_DECEPTION"":[""S1""],""MEANS_THREAT_FORCE_OR_COERCION"":[""S2""]}","{""MEANS_ABUSE_OF_POWER_OR_VULNERABILITY"":""CLEAR"",""MEANS_DECEPTION"":""CLEAR"",""MEANS_THREAT_FORCE_OR_COERCION"":""CLEAR""}","{""PURPOSE_SEXUAL_EXPLOITATION"":[""S2""]}","{""PURPOSE_SEXUAL_EXPLOITATION"":""CLEAR""}","{""Transnational"":[""S1""]}","{""Transnational"":""CLEAR""}",CLEAR,NEW_OTHER,Cleanest geographically diverse reserve; full AMP chain and border crossing are explicit.,"7/7 displayed Legacy AMP labels screen CLEAR. Geographic Form: CLEAR. Awkward English, but all Legacy labels and the border crossing are directly stated with no material support ambiguity.",7,7,1,1,[],0,,
26,761,6B_81/2010 and 6B_126/2010,CHE 1.00,Switzerland,https://www.unodc.org/cld/case-law-doc/traffickingpersonscrimetype/che/2010/6b_812010_and_6b_1262010.html,"X and Y, a married couple recruited one or more women in Brazil to work for a 'hotel', presumably a brothel, in Zurich. The principal victim, who the defendants had known for six years, was in economic and financial difficulties and unable to support her two children. Aware of these circumstances, the defendants recruited the victim sometime between August and November 2007 and arranged her travel and employment. On November 11, 2007, the victim arrived in Milan, Italy on a flight from Sao Paulo, where she was met by one of the defendants and an unnamed third person. She was taken to Zurich by car the same day.

The defendants arranged also accommodation in the brothel which the victim had to pay CHF 60.00/day (approximately USD 61). The victim then worked as a prostitute in the brothel to pay off the money she owed for the flight ticket from Sao Paolo, Brazil to Milan, Italy (CHF 1860 or approximately USD 1903), transportation from Milan to Zurich (CHF 200 or approximately USD 204) and an allowance of CHF 400 (approximately USD 410) she received when she first arrived in Switzerland.",191,,Skip,,sherloc_sentence_splitter_v1,"[""Recruitment"",""Transportation"",""Harbouring""]","[""Abuse of power or a position of vulnerability""]","[""Exploitation of the prostitution of others or other forms of sexual exploitation""]","[""Transnational""]","[S1] X and Y, a married couple recruited one or more women in Brazil to work for a 'hotel', presumably a brothel, in Zurich.
[S2] The principal victim, who the defendants had known for six years, was in economic and financial difficulties and unable to support her two children.
[S3] Aware of these circumstances, the defendants recruited the victim sometime between August and November 2007 and arranged her travel and employment.
[S4] On November 11, 2007, the victim arrived in Milan, Italy on a flight from Sao Paulo, where she was met by one of the defendants and an unnamed third person.
[S5] She was taken to Zurich by car the same day.
[S6] The defendants arranged also accommodation in the brothel which the victim had to pay CHF 60.00/day (approximately USD 61).
[S7] The victim then worked as a prostitute in the brothel to pay off the money she owed for the flight ticket from Sao Paolo, Brazil to Milan, Italy (CHF 1860 or approximately USD 1903), transportation from Milan to Zurich (CHF 200 or approximately USD 204) and an allowance of CHF 400 (approximately USD 410) she received when she first arrived in Switzerland.","[""ACT_RECRUITMENT"",""ACT_TRANSPORTATION"",""ACT_HARBOURING"",""MEANS_ABUSE_OF_POWER_OR_VULNERABILITY"",""PURPOSE_SEXUAL_EXPLOITATION""]","{""ACT_HARBOURING"":[""S6""],""ACT_RECRUITMENT"":[""S1"",""S3""],""ACT_TRANSPORTATION"":[""S3"",""S4"",""S5""]}","{""ACT_HARBOURING"":""CLEAR"",""ACT_RECRUITMENT"":""CLEAR"",""ACT_TRANSPORTATION"":""CLEAR""}","{""MEANS_ABUSE_OF_POWER_OR_VULNERABILITY"":[""S2"",""S3""]}","{""MEANS_ABUSE_OF_POWER_OR_VULNERABILITY"":""CLEAR""}","{""PURPOSE_SEXUAL_EXPLOITATION"":[""S1"",""S7""]}","{""PURPOSE_SEXUAL_EXPLOITATION"":""CLEAR""}","{""Transnational"":[""S1"",""S4"",""S5""]}","{""Transnational"":""CLEAR""}",CLEAR,NEW_OTHER,"Low-ambiguity Swiss reserve with explicit recruitment, route, accommodation, and purpose.","5/5 displayed Legacy AMP labels screen CLEAR. Geographic Form: CLEAR. Every displayed label is clear. Debt repayment weakly cues possible unreferenced coercion but no threat, restraint, or inability to leave is stated.",5,5,1,1,[],0,,
27,972,Danish Supreme Court judgment 23 March 2009,DNK009,Denmark,https://www.unodc.org/cld/case-law-doc/traffickingpersonscrimetype/dnk/2009/danish_supreme_court_judgment_23_march_2009.html,"Based on various evidence, including testimony and wiretaps, the District Court concluded that Defendants 1 and 2 were closely familiar with the world of prostitution in Copenhagen and under varying circumstances recruited, aided in transporting and harboured the Czech victims between 2004 and 2007 for prostitution and therefore engaged in trafficking. With respect to the trafficking conviction, the District and High Courts placed emphasis on the findings that the four victims came from a poor social environment, could not speak Danish, and were kept under constant surveillance by the defendants who took all the money earned by the victims through prostitution. Descriptions of testimony given in the Court decisions indicate inconsistencies in the stories given about the circumstances surrounding the trafficking, e.g. whether the victims were brought to Denmark by a third person, whether the defendants only knew of at least some of the victims after they entered Denmark, and whether the victims were aware that they would be engaged in prostitution when reaching Denmark.

Defendant 1, who is described by the Court as the pimp of the victims, was previously convicted for trafficking in 2005. He became a permanent resident in Denmark in 1986, has a daughter and grandchild there, and worked as cleaning personnel until his early retirement in 2006. Still, interpretation from Croatian into Danish was required for his testimony in Court. He is described as having health problems and while he often vacations in Croatia – where his four siblings still live – he submits that he no longer has any connection to his homeland with the exception of his ownership of a plot of land there.

Defendant 2 is described by the Court as Defendant 1's assistant who was responsible for luring the victims to Denmark, collecting money from the victims on behalf of Defendant 1 and otherwise keeping the victims under supervision and reporting to Defendant 1 while the victims engaged in prostitution. The High Court’s decision indicates that Defendant 2 was involved in a romantic relationship with Victim 2 and Victim 4 at some point in time. She is described as a long-term resident of Denmark but without lawful residency status or any connection to the country.",363,,Skip,,sherloc_sentence_splitter_v1,"[""Recruitment"",""Transportation"",""Harbouring""]","[""Abuse of power or a position of vulnerability""]","[""Exploitation of the prostitution of others or other forms of sexual exploitation""]","[""Transnational""]","[S1] Based on various evidence, including testimony and wiretaps, the District Court concluded that Defendants 1 and 2 were closely familiar with the world of prostitution in Copenhagen and under varying circumstances recruited, aided in transporting and harboured the Czech victims between 2004 and 2007 for prostitution and therefore engaged in trafficking.
[S2] With respect to the trafficking conviction, the District and High Courts placed emphasis on the findings that the four victims came from a poor social environment, could not speak Danish, and were kept under constant surveillance by the defendants who took all the money earned by the victims through prostitution.
[S3] Descriptions of testimony given in the Court decisions indicate inconsistencies in the stories given about the circumstances surrounding the trafficking, e.g. whether the victims were brought to Denmark by a third person, whether the defendants only knew of at least some of the victims after they entered Denmark, and whether the victims were aware that they would be engaged in prostitution when reaching Denmark.
[S4] Defendant 1, who is described by the Court as the pimp of the victims, was previously convicted for trafficking in 2005.
[S5] He became a permanent resident in Denmark in 1986, has a daughter and grandchild there, and worked as cleaning personnel until his early retirement in 2006.
[S6] Still, interpretation from Croatian into Danish was required for his testimony in Court.
[S7] He is described as having health problems and while he often vacations in Croatia – where his four siblings still live – he submits that he no longer has any connection to his homeland with the exception of his ownership of a plot of land there.
[S8] Defendant 2 is described by the Court as Defendant 1's assistant who was responsible for luring the victims to Denmark, collecting money from the victims on behalf of Defendant 1 and otherwise keeping the victims under supervision and reporting to Defendant 1 while the victims engaged in prostitution.
[S9] The High Court’s decision indicates that Defendant 2 was involved in a romantic relationship with Victim 2 and Victim 4 at some point in time.
[S10] She is described as a long-term resident of Denmark but without lawful residency status or any connection to the country.","[""ACT_RECRUITMENT"",""ACT_TRANSPORTATION"",""ACT_HARBOURING"",""MEANS_ABUSE_OF_POWER_OR_VULNERABILITY"",""PURPOSE_SEXUAL_EXPLOITATION""]","{""ACT_HARBOURING"":[""S1"",""S2"",""S8""],""ACT_RECRUITMENT"":[""S1"",""S8""],""ACT_TRANSPORTATION"":[""S1""]}","{""ACT_HARBOURING"":""CLEAR"",""ACT_RECRUITMENT"":""CLEAR"",""ACT_TRANSPORTATION"":""CLEAR""}","{""MEANS_ABUSE_OF_POWER_OR_VULNERABILITY"":[""S2""]}","{""MEANS_ABUSE_OF_POWER_OR_VULNERABILITY"":""CLEAR""}","{""PURPOSE_SEXUAL_EXPLOITATION"":[""S1"",""S2"",""S8""]}","{""PURPOSE_SEXUAL_EXPLOITATION"":""CLEAR""}","{""Transnational"":[""S1"",""S3"",""S8""]}","{""Transnational"":""CLEAR""}",CLEAR,NEW_OTHER,Court-grounded Danish reserve whose positive references remain clear despite evidentiary detail.,"5/5 displayed Legacy AMP labels screen CLEAR. Geographic Form: CLEAR. S3 records evidentiary disagreement about individual logistics, but S1 states the court's findings and S8 independently reinforces the conduct.",5,5,1,1,[],0,,
28,338,RUC 1100440193-1 RIT199-2012,CHL004,Chile,https://www.unodc.org/cld/case-law-doc/criminalgroupcrimetype/chl/2012/ruc_1100440193-1_rit199-2012.html,"The facts that formed the basis of the indictment in this case occurred primarily between April 2010 and May 2011.

First Fact

The defendants were part of an organized criminal group with a hierarchical structure, wherein each one had specific functions, for the purpose of trafficking in person, facilitating the entry in the Chilean territory of several Dominican women, recruited to exercise prostitution. The defendants used deception and abuse of the vulnerability of the victims.

The group was organized in the following way:

(a) The defendant Gregoria Manzueta was the leader of the organization. She was responsible for the recruitment of the victims. She coordinated their transportation from Dominican Republic to Chile and inside the country. She also coordinated the arrival of the victims, transfer and their stay until she distributed them to different Chilean cities, for the purpose of sexual exploitation.

(b) The defendant Orquídea Ubiera Mercedes was responsible for the reception of the victims at the Airport Arturo Merino Benítez and to take them to Gregoria Manzueta´s apartment in Santiago, Chile. She also was responsible for the stay, feeding and later transfer of the victims to the cities of Concepción and San Antonio.

(c) The defendant O.G. was responsible for the stay of the victims in the city of Concepción, Chile.

(d) The defendant Alba de las Mercedes Arancibia Rojas was responsible for the reception and distribution of the victims in the city of San Antonio, Chile. She was the manager of the night club “El Sol”, in San Antonio.

(e) The defendant Mariana Del Pilar Fuenzalida Sánchez was the one who received the victims in the city of San Antonio, Chile and undertook the responsibility to make sure the victims exercise prostitution.

It has been detected that since the beginning of the organized criminal group they sent more then twenty million pesos to the Dominican Republic.

Second Fact

On March 16, 2011, the defendants facilitated the entry in Chile of the victim Y.E.O., a Dominican woman of 27 years, who had been contacted by the defendant OrquídeaUbiera. The defendant deceived the victim saying she would work in the tourism field, and took advantage of her position of vulnerability.

Once in Chile, the victim Y.E.O. was transferred to Gregoria Manzueta´s apartment in Santiago for the purpose of sexual exploitation in the downtown of Santiago. Some days later she was taken to the city of Concepción, Chile, to exercise prostitution at the night club “Olga”, which was coordinated by the defendants Orquídea Ubiera and O.G.

Third Fact

On March 17, 2011, the defendants facilitated the entry in Chile of the victim M.C.U., a Dominican woman previously contacted by the defendant Orquídea Ubiera. The defendant deceived the victim and abused of her position of vulnerability, saying that the victim could receive a good remuneration if she worked in Chile.

Once in Chile, the defendant Orquídea transferred the victim M.C.U. to Gregoria Manzueta´s apartment for the purpose of sexual exploitation in the downtown of Santiago. Few days later she was transferred to the city of Concepción, Chile, to exercise prostitution at the night club “Olga”, which was coordinated by the defendants Orquídea Ubiera and O.G.

Fourth Fact

On April 14, 2011, the defendants facilitated and promoted the transfer of the victim M.P.F., a Dominican woman who had entered recently in Chile, from Santiago to the city of San Antonio, Chile.

The defendant Gregoria Manzueta recruited the victim M.P.F. when she was on the waiting line at the Department of Immigration and Migration in Santiago, Chile. The defendant deceived the victim M.P.F. by saying that she would work at a coffee shop.

Once the victim was in San Antonio, she was received by the defendant Alba Arancibia, who was the manager of the night club “El Sol”, place where the victim had to work as prostitute, being permanently controlled by the members of the organized criminal group.

On May 25, 2011, the police officers, pursuant an order of entry, search and seizure, entered at the night club “El Sol” and surprised the defendant Mariana Sánchez, who kept locked the victim M.P.F. in a room.",704,,Skip,,sherloc_sentence_splitter_v1,"[""Recruitment"",""Transportation"",""Transfer"",""Harbouring"",""Receipt""]","[""Threat or use of force or other forms of coercion"",""Deception"",""Abuse of power or a position of vulnerability""]","[""Exploitation of the prostitution of others or other forms of sexual exploitation""]","[""Transnational"",""Organized Criminal Group""]","[S1] The facts that formed the basis of the indictment in this case occurred primarily between April 2010 and May 2011.
[S2] First Fact
[S3] The defendants were part of an organized criminal group with a hierarchical structure, wherein each one had specific functions, for the purpose of trafficking in person, facilitating the entry in the Chilean territory of several Dominican women, recruited to exercise prostitution.
[S4] The defendants used deception and abuse of the vulnerability of the victims.
[S5] The group was organized in the following way:
[S6] (a) The defendant Gregoria Manzueta was the leader of the organization.
[S7] She was responsible for the recruitment of the victims.
[S8] She coordinated their transportation from Dominican Republic to Chile and inside the country.
[S9] She also coordinated the arrival of the victims, transfer and their stay until she distributed them to different Chilean cities, for the purpose of sexual exploitation.
[S10] (b) The defendant Orquídea Ubiera Mercedes was responsible for the reception of the victims at the Airport Arturo Merino Benítez and to take them to Gregoria Manzueta´s apartment in Santiago, Chile.
[S11] She also was responsible for the stay, feeding and later transfer of the victims to the cities of Concepción and San Antonio.
[S12] (c) The defendant O.G. was responsible for the stay of the victims in the city of Concepción, Chile.
[S13] (d) The defendant Alba de las Mercedes Arancibia Rojas was responsible for the reception and distribution of the victims in the city of San Antonio, Chile.
[S14] She was the manager of the night club “El Sol”, in San Antonio.
[S15] (e) The defendant Mariana Del Pilar Fuenzalida Sánchez was the one who received the victims in the city of San Antonio, Chile and undertook the responsibility to make sure the victims exercise prostitution.
[S16] It has been detected that since the beginning of the organized criminal group they sent more then twenty million pesos to the Dominican Republic.
[S17] Second Fact
[S18] On March 16, 2011, the defendants facilitated the entry in Chile of the victim Y.E.O., a Dominican woman of 27 years, who had been contacted by the defendant OrquídeaUbiera.
[S19] The defendant deceived the victim saying she would work in the tourism field, and took advantage of her position of vulnerability.
[S20] Once in Chile, the victim Y.E.O. was transferred to Gregoria Manzueta´s apartment in Santiago for the purpose of sexual exploitation in the downtown of Santiago.
[S21] Some days later she was taken to the city of Concepción, Chile, to exercise prostitution at the night club “Olga”, which was coordinated by the defendants Orquídea Ubiera and O.G.
[S22] Third Fact
[S23] On March 17, 2011, the defendants facilitated the entry in Chile of the victim M.C.U., a Dominican woman previously contacted by the defendant Orquídea Ubiera.
[S24] The defendant deceived the victim and abused of her position of vulnerability, saying that the victim could receive a good remuneration if she worked in Chile.
[S25] Once in Chile, the defendant Orquídea transferred the victim M.C.U. to Gregoria Manzueta´s apartment for the purpose of sexual exploitation in the downtown of Santiago.
[S26] Few days later she was transferred to the city of Concepción, Chile, to exercise prostitution at the night club “Olga”, which was coordinated by the defendants Orquídea Ubiera and O.G.
[S27] Fourth Fact
[S28] On April 14, 2011, the defendants facilitated and promoted the transfer of the victim M.P.F., a Dominican woman who had entered recently in Chile, from Santiago to the city of San Antonio, Chile.
[S29] The defendant Gregoria Manzueta recruited the victim M.P.F. when she was on the waiting line at the Department of Immigration and Migration in Santiago, Chile.
[S30] The defendant deceived the victim M.P.F. by saying that she would work at a coffee shop.
[S31] Once the victim was in San Antonio, she was received by the defendant Alba Arancibia, who was the manager of the night club “El Sol”, place where the victim had to work as prostitute, being permanently controlled by the members of the organized criminal group.
[S32] On May 25, 2011, the police officers, pursuant an order of entry, search and seizure, entered at the night club “El Sol” and surprised the defendant Mariana Sánchez, who kept locked the victim M.P.F. in a room.","[""ACT_RECRUITMENT"",""ACT_TRANSPORTATION"",""ACT_TRANSFER"",""ACT_HARBOURING"",""ACT_RECEIPT"",""MEANS_THREAT_FORCE_OR_COERCION"",""MEANS_DECEPTION"",""MEANS_ABUSE_OF_POWER_OR_VULNERABILITY"",""PURPOSE_SEXUAL_EXPLOITATION""]","{""ACT_HARBOURING"":[""S9"",""S12"",""S20"",""S25"",""S31"",""S32""],""ACT_RECEIPT"":[""S10"",""S13"",""S15"",""S31""],""ACT_RECRUITMENT"":[""S3"",""S7"",""S18"",""S29""],""ACT_TRANSFER"":[""S9"",""S11"",""S20"",""S25"",""S28""],""ACT_TRANSPORTATION"":[""S8"",""S21"",""S28""]}","{""ACT_HARBOURING"":""CLEAR"",""ACT_RECEIPT"":""CLEAR"",""ACT_RECRUITMENT"":""CLEAR"",""ACT_TRANSFER"":""CLEAR"",""ACT_TRANSPORTATION"":""CLEAR""}","{""MEANS_ABUSE_OF_POWER_OR_VULNERABILITY"":[""S4"",""S19"",""S24""],""MEANS_DECEPTION"":[""S4"",""S19"",""S24"",""S30""],""MEANS_THREAT_FORCE_OR_COERCION"":[""S31"",""S32""]}","{""MEANS_ABUSE_OF_POWER_OR_VULNERABILITY"":""CLEAR"",""MEANS_DECEPTION"":""CLEAR"",""MEANS_THREAT_FORCE_OR_COERCION"":""CLEAR""}","{""PURPOSE_SEXUAL_EXPLOITATION"":[""S3"",""S9"",""S20"",""S21"",""S25"",""S26"",""S31""]}","{""PURPOSE_SEXUAL_EXPLOITATION"":""CLEAR""}","{""Transnational"":[""S3"",""S8"",""S18"",""S23""]}","{""Transnational"":""CLEAR""}",CLEAR,NEW_OTHER,High-coverage Chile reserve: all five Acts are structurally and narratively explicit.,"9/9 displayed Legacy AMP labels screen CLEAR. Geographic Form: CLEAR. All positives are explicit and all five Acts are covered, but this is the longest new candidate (704 words). Organized Criminal Group is audit-only.",9,9,1,1,[],0,,