reliability_case_id,reviewer_order,search_rank,case_title,unodc_case_number,canonical_url,jurisdiction_raw,sampling_bucket,sampling_bucket_label,selection_reason,primary_amp_cohort_member,english_fact_summary_word_count,sentence_count,sentence_splitter_version,numbered_text_sha256,english_fact_summary_raw,fact_summary_numbered,raw_file_reference,raw_sha256
HRV1-001,1,237,Docket Number - 2:11cr193 [2013],USA166,https://www.unodc.org/cld/case-law-doc/traffickingpersonscrimetype/usa/2013/docket_number_-_211cr193_2013.html,United States of America,A,Representative clean cases,Prior feasibility-audit anchor: victim_multiplicity TYPE_1 (one_record_grouped_multiple),1,143,7,sherloc_sentence_splitter_v1,3c6415d8b191e6abda62ca23e5d58660934cc14d54c5f07dc240c609c3279bd1,"From 2006 to 2009, the defendant, Tyrone McMillian, trafficked five female victims (“victims”), four of whom were minors when they met the defendant.

At trial, the victims testified that the defendant forced them to give him their earnings from dancing and their “dates.” They further testified that the defendant gave them fake identification and that he used Cragslist.com to recruit victims and also to post advertisements to recruit clients. He also required the victims to call him “Daddy.” One victim testified that the defendant was charming and that he promised to buy the victim her own car and house.

Moreover, in addition to using Craiglist.com, the defendant used exotic dance clubs and private parties as a way of gaining clients.

After a six-day trial, a jury found the defendant guilty on seven of the eight sex trafficking charges brought against him.","[S1] From 2006 to 2009, the defendant, Tyrone McMillian, trafficked five female victims (“victims”), four of whom were minors when they met the defendant.
[S2] At trial, the victims testified that the defendant forced them to give him their earnings from dancing and their “dates.”
[S3] They further testified that the defendant gave them fake identification and that he used Cragslist.com to recruit victims and also to post advertisements to recruit clients.
[S4] He also required the victims to call him “Daddy.”
[S5] One victim testified that the defendant was charming and that he promised to buy the victim her own car and house.
[S6] Moreover, in addition to using Craiglist.com, the defendant used exotic dance clubs and private parties as a way of gaining clients.
[S7] After a six-day trial, a jury found the defendant guilty on seven of the eight sex trafficking charges brought against him.",data/raw_html/000237_45d4e985d8f3.html,9ee812e87502494931fd0abb488e0b93de106cc90dbeab31048f190966a18bc1
HRV1-002,2,545,EXP. N.° 01024-2011-PHC/TC,PER002,https://www.unodc.org/cld/case-law-doc/traffickingpersonscrimetype/per/2011/exp._n._01024-2011-phctc.html,Peru,D,Narrative genuinely insufficient or abstention candidate,Narrative genuinely insufficient or abstention candidate; outside complete-Legacy-AMP cohort,0,18,1,sherloc_sentence_splitter_v1,3e16e586f22c3e1543b3fa7baabbddb43e6faa75b0906a6bc2948816e56075d5,The facts of the actual trafficking underlying the case are not present in the record of this case.,[S1] The facts of the actual trafficking underlying the case are not present in the record of this case.,data/raw_html/000545_6fbffd4b7783.html,1dd9089995ab7e143ecaed9be9b0d5e30d51a3167c0b9d602920ad1036e155fd
HRV1-003,3,23,The Queen On The Application Of L v. The Director Of Public Prosecutions,GBRx093,https://www.unodc.org/cld/case-law-doc/traffickingpersonscrimetype/gbr/2020/the_queen_on_the_application_of_l_v._the_director_of_public_prosecutions.html,United Kingdom of Great Britain and Northern Ireland,B,Structured metadata present but narrative support incomplete,"Prior feasibility-audit anchor: child_minor_involvement TYPE_2 (unknown_childcare_reference): Children are members of the employer family, not trafficking victims; adult-only Sidebar tag is not accepted as exhaustive.",1,390,17,sherloc_sentence_splitter_v1,088fe0423e8bc7ad5f4ef561f2bc9d06c9b7d62c93a97d3f67d223d16e4a4d0f,"In March 2012, Victim 1, a national of the Philippines, obtained employment through an agency for Mr. & Mrs. Aljaberi in Abu Dhabi. Victim 1 performed domestic and childcare work from 7 am to 10 pm every day. Though the terms of her employment guaranteed US$400/month, Victim 1 was paid around US$200/month. Mr. Aljaberi obtained a diplomatic position at the United Arab Emirates Embassy in London in 2013. As he wanted Victim 1 to accompany the family to London, he promised her that she would work a 40-hour week and earn £1,000/month, which she agreed to.

The Aljaberi family obtained a Tier 5 visa as an overseas domestic worker for Victim 1 on the basis of a Certificate of Sponsorship from the Embassy which stipulated a salary of £1,000/month. As such, the visa was tied to her employment with Mr. & Mrs. Aljaberi, and if she left this employment, she would have no right to stay in the UK. Victim 1 testified that without this promise about her hours and pay she would not have come to the UK.

Mr. Aljaberi moved to London and later, on February 1, 2013, Mrs. Aljaberi, the children and Victim 1 followed. Despite the promise from Mr. & Mrs. Aljaberi and the stipulations of her Certificate of Sponsorship from the Embassy, Victim 1 was required to work 14-15 hours every day and was remunerated only £100 to £200/month.

Victim 1 alleges that, in London, she was mistreated for a variety of reasons. She was required to work many more hours and earned a much smaller salary than she had been promised. Victim 1 was not allowed to keep her own passport, and did not have access to medical care when she was sick (even though Mr. Aljaberi had told her that she was covered by medical insurance). Her movement was restricted and she was sometimes locked in the house, and was not allowed to leave the home without permission and (except in limited circumstances) unless accompanied.

Victim 1 left the Aljaberi family on May 1, 2013. The police initially refused to investigate the Victim’s claims, arguing that the Aljaberis had diplomatic immunity; the Crown Prosecution Service (CPS) refused to prosecute because they did not believe Victim 1 had been exploited. Victim 1 appealed and applied for judicial review.","[S1] In March 2012, Victim 1, a national of the Philippines, obtained employment through an agency for Mr. & Mrs. Aljaberi in Abu Dhabi.
[S2] Victim 1 performed domestic and childcare work from 7 am to 10 pm every day.
[S3] Though the terms of her employment guaranteed US$400/month, Victim 1 was paid around US$200/month.
[S4] Mr. Aljaberi obtained a diplomatic position at the United Arab Emirates Embassy in London in 2013.
[S5] As he wanted Victim 1 to accompany the family to London, he promised her that she would work a 40-hour week and earn £1,000/month, which she agreed to.
[S6] The Aljaberi family obtained a Tier 5 visa as an overseas domestic worker for Victim 1 on the basis of a Certificate of Sponsorship from the Embassy which stipulated a salary of £1,000/month.
[S7] As such, the visa was tied to her employment with Mr. & Mrs. Aljaberi, and if she left this employment, she would have no right to stay in the UK.
[S8] Victim 1 testified that without this promise about her hours and pay she would not have come to the UK.
[S9] Mr. Aljaberi moved to London and later, on February 1, 2013, Mrs. Aljaberi, the children and Victim 1 followed.
[S10] Despite the promise from Mr. & Mrs. Aljaberi and the stipulations of her Certificate of Sponsorship from the Embassy, Victim 1 was required to work 14-15 hours every day and was remunerated only £100 to £200/month.
[S11] Victim 1 alleges that, in London, she was mistreated for a variety of reasons.
[S12] She was required to work many more hours and earned a much smaller salary than she had been promised.
[S13] Victim 1 was not allowed to keep her own passport, and did not have access to medical care when she was sick (even though Mr. Aljaberi had told her that she was covered by medical insurance).
[S14] Her movement was restricted and she was sometimes locked in the house, and was not allowed to leave the home without permission and (except in limited circumstances) unless accompanied.
[S15] Victim 1 left the Aljaberi family on May 1, 2013.
[S16] The police initially refused to investigate the Victim’s claims, arguing that the Aljaberis had diplomatic immunity; the Crown Prosecution Service (CPS) refused to prosecute because they did not believe Victim 1 had been exploited.
[S17] Victim 1 appealed and applied for judicial review.",data/raw_html/000023_c2e7d073b50b.html,a643f14ea319dbf9fd9b4a2aaf421e4c2364f9d445ade5859ae82670038fe2e3
HRV1-004,4,202,Nikolae L 2014,POL022,https://www.unodc.org/cld/case-law-doc/traffickingpersonscrimetype/pol/2014/nikolae_l_2014.html,Poland,A,Representative clean cases,Prior feasibility-audit anchor: victim_multiplicity TYPE_1 (one_record_grouped_multiple),1,336,16,sherloc_sentence_splitter_v1,713a033cc2f35ddf2476e3556b9c00e1a65f5441e36425cc398f5d682a645d31,"Nikolae L., his wife Kamila L. and his brother Ioan L. were accused of trafficking in human beings since 2006 to 2012. They acted in the following way: recruited, transported to Poland, then located in Ścinawa 28 Romanian citizens to force them to work. Defendants mislead the victims about working conditions, as well as used their critical life situation and helplessness due to a lack of livelihood and knowledge of the language. The perpetrators were hiding IDs of the victims, using violence and unlawful threats. The perpetrators were also violating labour rights by forcing the victims to work overtime and not reporting to social security system.

The case was revealed when two Romanians run away and with no IDs were detained at the railway station in Krakow.

As it was found, Nikolae L. recruited persons willing to work in Poland in two small villages at a time when he went to visit his family for Christmas. The victims came from very poor families, also minors were recruited with the consent of their parents, who had previously received part of the money. They were assured they will be provide with a transport to Poland, accommodation, meals and remuneration in the amount of 600 to 2,500Euro for 10 months of work. In Poland, they lived in rooms from 2 to 12 persons with no hot water. Their food and possibility to go out were limited, their documents and phones taken away from them. They were often forced to work app. 18 hours a day, humiliated and threatened.

The indictment in this case was sent by District Prosecutor's Office in Lublin in December 2012. At the beginning, all the accused were detained temporarily, then bailed in the amount of 50,000PLN, with police supervision and a prohibition to leave the country.

The defendants did not admit to committing the offense both in the investigation and in court.

During the trial, the court interrogated Romanian victims with the use of video conference system as they returned to their country.","[S1] Nikolae L., his wife Kamila L. and his brother Ioan L. were accused of trafficking in human beings since 2006 to 2012.
[S2] They acted in the following way: recruited, transported to Poland, then located in Ścinawa 28 Romanian citizens to force them to work.
[S3] Defendants mislead the victims about working conditions, as well as used their critical life situation and helplessness due to a lack of livelihood and knowledge of the language.
[S4] The perpetrators were hiding IDs of the victims, using violence and unlawful threats.
[S5] The perpetrators were also violating labour rights by forcing the victims to work overtime and not reporting to social security system.
[S6] The case was revealed when two Romanians run away and with no IDs were detained at the railway station in Krakow.
[S7] As it was found, Nikolae L. recruited persons willing to work in Poland in two small villages at a time when he went to visit his family for Christmas.
[S8] The victims came from very poor families, also minors were recruited with the consent of their parents, who had previously received part of the money.
[S9] They were assured they will be provide with a transport to Poland, accommodation, meals and remuneration in the amount of 600 to 2,500Euro for 10 months of work.
[S10] In Poland, they lived in rooms from 2 to 12 persons with no hot water.
[S11] Their food and possibility to go out were limited, their documents and phones taken away from them.
[S12] They were often forced to work app. 18 hours a day, humiliated and threatened.
[S13] The indictment in this case was sent by District Prosecutor's Office in Lublin in December 2012.
[S14] At the beginning, all the accused were detained temporarily, then bailed in the amount of 50,000PLN, with police supervision and a prohibition to leave the country.
[S15] The defendants did not admit to committing the offense both in the investigation and in court.
[S16] During the trial, the court interrogated Romanian victims with the use of video conference system as they returned to their country.",data/raw_html/000202_fb4f0cdd4302.html,bd90ecf2a1efea40a65b640692d3a277bfcbfb2eaf4e8e4e829b1723bde575df
HRV1-005,5,38,S v. Jonas (CC14/2017),NAMx003,https://www.unodc.org/cld/case-law-doc/traffickingpersonscrimetype/nam/2019/s_v._jonas_cc142017.html,Namibia,A,Representative clean cases,Prior feasibility-audit anchor: victim_multiplicity TYPE_1 (one_record_apparent_single),1,392,20,sherloc_sentence_splitter_v1,d64e5f8ed40740279b32a79a0c088e778ff6030103b65eb83a18e699eca7c931,"The defendant was charged with 3 counts of Trafficking in Persons and 5 counts of Rape. It was alleged that the defendant recruited the victim by means of coercion, deception, abuse of power or of a position of vulnerability with the intent to sexually exploit her. It was also alleged that the defendant coerced the victim to commit sexual acts with various men.

In May 2012, the defendant approached the victim at Okahenge village and told the victim that she should leave school because the defendant got a job for her in Okahandja. The victim is an orphan, but her mother was the half-sister of the defendant’s mother. The victim believed the defendant and agreed to travel Okahandja. The defendant gave the victim N$200 for travel expenses which was to be repaid once the victim starts working.

When the victim arrived at the Okahandja service station, the defendant fetched her and brought her to the farm where the defendant was staying and where the victim was supposed to work. The defendant then told the victim that there was no job for her, but a man called Johnny paid for her travel and she must live with him. The defendant threatened the victim that if she does not stay with Johnny, she must find another place to stay. The defendant also threatened and forced the victim to have sex with Johnny. The victim stayed with Johnny for two and a half months during which he had sexual intercourse with the victim nightly. Within that period, Johnny gave the defendant 10kg of sugar and meat.

After a misunderstanding between Johnny and the victim, the defendant told the victim to leave Johnny. The victim stayed with the defendant who promised to find her a job. After one month, the defendant told the victim to stay with another man, Phillip, who gave the defendant carrots and meat. Phillip attempted to have sexual intercourse with the victim, but the victim ran back to the defendant’s place. A few days later, the defendant threw the victim out of her place and forced her to stay in the place of another man named Nico. Nico told the victim that she was now his wife but he will not give her money because he is giving it to the defendant. Nico had sexual intercourse with the victim several times.","[S1] The defendant was charged with 3 counts of Trafficking in Persons and 5 counts of Rape.
[S2] It was alleged that the defendant recruited the victim by means of coercion, deception, abuse of power or of a position of vulnerability with the intent to sexually exploit her.
[S3] It was also alleged that the defendant coerced the victim to commit sexual acts with various men.
[S4] In May 2012, the defendant approached the victim at Okahenge village and told the victim that she should leave school because the defendant got a job for her in Okahandja.
[S5] The victim is an orphan, but her mother was the half-sister of the defendant’s mother.
[S6] The victim believed the defendant and agreed to travel Okahandja.
[S7] The defendant gave the victim N$200 for travel expenses which was to be repaid once the victim starts working.
[S8] When the victim arrived at the Okahandja service station, the defendant fetched her and brought her to the farm where the defendant was staying and where the victim was supposed to work.
[S9] The defendant then told the victim that there was no job for her, but a man called Johnny paid for her travel and she must live with him.
[S10] The defendant threatened the victim that if she does not stay with Johnny, she must find another place to stay.
[S11] The defendant also threatened and forced the victim to have sex with Johnny.
[S12] The victim stayed with Johnny for two and a half months during which he had sexual intercourse with the victim nightly.
[S13] Within that period, Johnny gave the defendant 10kg of sugar and meat.
[S14] After a misunderstanding between Johnny and the victim, the defendant told the victim to leave Johnny.
[S15] The victim stayed with the defendant who promised to find her a job.
[S16] After one month, the defendant told the victim to stay with another man, Phillip, who gave the defendant carrots and meat.
[S17] Phillip attempted to have sexual intercourse with the victim, but the victim ran back to the defendant’s place.
[S18] A few days later, the defendant threw the victim out of her place and forced her to stay in the place of another man named Nico.
[S19] Nico told the victim that she was now his wife but he will not give her money because he is giving it to the defendant.
[S20] Nico had sexual intercourse with the victim several times.",data/raw_html/000038_f26365b1e72a.html,d23cc1be2525e369aed71c35a39ecce178d99feab91138d940fd3ba1fa4abe74
HRV1-006,6,68,Jugt n° 534/2018,LUXx002,https://www.unodc.org/cld/case-law-doc/moneylaunderingcrimetype/lux/2018/jugt_n_5342018_.html,Luxembourg,A,Representative clean cases,Prior feasibility-audit anchor: victim_multiplicity TYPE_1 (one_record_grouped_multiple),1,554,20,sherloc_sentence_splitter_v1,22c0a376773cfdaa3d78e80760402d58d2c306a1157bf0fecf11a9c32330a3ee,"According to Luxembourg law, for the offence of trafficking in persons there is no requirement of “means” used. If “means” are used, then the offence is categorized as “aggravated trafficking” .

On 10 May 2016, the real estate company ""IMMO.1."" contacted A. to inform him that people were engaged in prostitution in the apartment he had rented for B., a friend of his girlfriend, P.3. The investigators were informed that a VW Touareg brand vehicle registered in Germany appeared in front of the building, and parking in the basement of the building., belonging to P.1., a Romanian national, declared in Germany. Following an order issued by the investigating judge, telephone tapping on the numbers used by P.3., P.2., P.1. and T.2. was carried out. This surveillance demonstrated that P.1. deputized P.3. in the settlement of disputes between the victims and . received money from them.

Following search orders and arrest warrants issued by the investigating judge, P.2. and P.3. were arrested. Following an international arrest warrant issued against P. 1, the latter was handed over to the Luxembourg authorities on 14 March 2017.

D. said that she went to Luxembourg from Romania to work as a prostitute. D. declared having given 200 euros per week, money resulting from prostitution, to P.2., the latter protecting her in return, specifying that at the beginning she had paid him 400 euros per week, then 300 euros and currently 200 euros. She said that P.2. had not forced her to prostitute herself, or to come to Luxembourg. After being confronted with a wiretapping that took place between P.3. and P.1., D confirmed that the prostitutes all had their place on the street and that P.2. had intervened when the women were not in their place. She admitted that P. 2. had put pressure on her by threatening her that she would have to leave Luxembourg if she did not earn enough, however specifying that she had not been forced into prostitution.

In May 2016, P.2. helped D to come to Luxembourg by arranging the flight ticket for her and arranging her accommodation in the apartment where T.2 was located. She said that P.2. had twice verbally threatened her, telling her that she would have to leave the country if she could not pay him, adding that he had not, however, used any violence.

At the public hearing, P.2. retracted his statements made before the investigating judge, admitting to having been the pimp of D., I., N. and J. He had received money from these women for services he rendered them, which included guaranteeing them their place on the street and protecting them.

As for P.1., P.3. said that he was not a pimp and that she was not forced to give him any money. She has known him for 10 years and intends to marry him. She also admitted having made gifts to P.1., the latter also having made gifts to her, specifying, however, never having given her money resulting from prostitution activities. She denied having played a role in any capacity whatsoever as a pimp, saying that she voluntarily came to Luxembourg to prostitute herself there, the money having been sent to members of her family.","[S1] According to Luxembourg law, for the offence of trafficking in persons there is no requirement of “means” used.
[S2] If “means” are used, then the offence is categorized as “aggravated trafficking” .
[S3] On 10 May 2016, the real estate company ""IMMO.1."" contacted A. to inform him that people were engaged in prostitution in the apartment he had rented for B., a friend of his girlfriend, P.3.
[S4] The investigators were informed that a VW Touareg brand vehicle registered in Germany appeared in front of the building, and parking in the basement of the building., belonging to P.1., a Romanian national, declared in Germany.
[S5] Following an order issued by the investigating judge, telephone tapping on the numbers used by P.3., P.2., P.1. and T.2. was carried out.
[S6] This surveillance demonstrated that P.1. deputized P.3. in the settlement of disputes between the victims and . received money from them.
[S7] Following search orders and arrest warrants issued by the investigating judge, P.2. and P.3. were arrested.
[S8] Following an international arrest warrant issued against P. 1, the latter was handed over to the Luxembourg authorities on 14 March 2017.
[S9] D. said that she went to Luxembourg from Romania to work as a prostitute.
[S10] D. declared having given 200 euros per week, money resulting from prostitution, to P.2., the latter protecting her in return, specifying that at the beginning she had paid him 400 euros per week, then 300 euros and currently 200 euros.
[S11] She said that P.2. had not forced her to prostitute herself, or to come to Luxembourg.
[S12] After being confronted with a wiretapping that took place between P.3. and P.1., D confirmed that the prostitutes all had their place on the street and that P.2. had intervened when the women were not in their place.
[S13] She admitted that P. 2. had put pressure on her by threatening her that she would have to leave Luxembourg if she did not earn enough, however specifying that she had not been forced into prostitution.
[S14] In May 2016, P.2. helped D to come to Luxembourg by arranging the flight ticket for her and arranging her accommodation in the apartment where T.2 was located.
[S15] She said that P.2. had twice verbally threatened her, telling her that she would have to leave the country if she could not pay him, adding that he had not, however, used any violence.
[S16] At the public hearing, P.2. retracted his statements made before the investigating judge, admitting to having been the pimp of D., I., N. and J. He had received money from these women for services he rendered them, which included guaranteeing them their place on the street and protecting them.
[S17] As for P.1., P.3. said that he was not a pimp and that she was not forced to give him any money.
[S18] She has known him for 10 years and intends to marry him.
[S19] She also admitted having made gifts to P.1., the latter also having made gifts to her, specifying, however, never having given her money resulting from prostitution activities.
[S20] She denied having played a role in any capacity whatsoever as a pimp, saying that she voluntarily came to Luxembourg to prostitute herself there, the money having been sent to members of her family.",data/raw_html/000068_a41583c6d510.html,9f4638e09db06dae9b73959c8d740226e8c33c6e65cd02a83df9dfa91c61efab
HRV1-007,7,54,S v. Alam (CO 67/2016) [2018] SCSC 946,SYCx010,https://www.unodc.org/cld/case-law-doc/traffickingpersonscrimetype/syc/2018/s_v._alam_co_672016_2018_scsc_946_.html,Seychelles,E,Rare or challenge cases,Prior feasibility-audit anchor: victim_multiplicity TYPE_1 (multiple_records_duplicate_payload_challenge),1,426,22,sherloc_sentence_splitter_v1,58fea999bc9bac5f037762f74df019e89ca659550605693d2172594feea56898,"The Defendant, Faisal Alam, was accused of trafficking 4 Bangladeshi nationals from Bangladesh into Seychelles between 2015 and 2016. It was alleged that he recruited them by misrepresenting the financial incentive and conditions of work, and thereafter exploiting the victims by forced labour and practices similar to slavery. Defendant is a Bangladeshi national who was then residing in Mahe, Seychelles and held a GOP (Gainful Occupation Permit) as Director of Dove Alliance Ltd., a construction firm.

While still in Bangladesh, Defendant’s brother Marsud Alam told the victims that they could work as carpenters in Seychelles with a salary of 500 USD per month and that they would be provided with food and lodging. The victims paid Marsud 5,000-6,000 USD for their recruitment. Marsud then gave them their GOPs and returned 3,000 USD in cash to be given to the Defendant. The Defendant received the workers upon arrival in Seychelles, collected the cash and took their passports. The workers were lodged in unfinished houses which they were made to work on after a whole day of carpentry work for third party Dove Alliance clients. The victims lived in deplorable conditions (i.e. kitchen and toilet we the same). The amount of food given to them was not enough and they were not paid their salaries for some months. When they asked the defendant about the lack of payment, food and proper accommodation, he threatened to send them back to Bangladesh or kill them.

The officials of the Department of Employment, upon receipt of complaints that expatriate workers for Dove Alliance were being mistreated, initiated investigation and found enough evidence of human trafficking to refer the matter to the police. The officials identified the following indicators of human trafficking using the UNODC Human Trafficking Index:
- the defendant had confiscated the passports of his workers
- the workers were reluctant to answer the questions of the officers
- one of the workers stated that the defendant threatened their family members in Bangladesh if they were to report him to the authorities
- workers were constantly moved from one site to another, making it difficult for them to know their address
- workers on site were reluctant to answer the questions of the officers and gave the officers the number of the accused
- workers were not supplied with personal protective equipment
- workers had not received salary for some months
- upon inquiry about necessary equipment or salary, workers were threatened to be sent back home
- 3 out of 4 accommodations for workers were far below the standard requirements of public health authorities.","[S1] The Defendant, Faisal Alam, was accused of trafficking 4 Bangladeshi nationals from Bangladesh into Seychelles between 2015 and 2016.
[S2] It was alleged that he recruited them by misrepresenting the financial incentive and conditions of work, and thereafter exploiting the victims by forced labour and practices similar to slavery.
[S3] Defendant is a Bangladeshi national who was then residing in Mahe, Seychelles and held a GOP (Gainful Occupation Permit) as Director of Dove Alliance Ltd., a construction firm.
[S4] While still in Bangladesh, Defendant’s brother Marsud Alam told the victims that they could work as carpenters in Seychelles with a salary of 500 USD per month and that they would be provided with food and lodging.
[S5] The victims paid Marsud 5,000-6,000 USD for their recruitment.
[S6] Marsud then gave them their GOPs and returned 3,000 USD in cash to be given to the Defendant.
[S7] The Defendant received the workers upon arrival in Seychelles, collected the cash and took their passports.
[S8] The workers were lodged in unfinished houses which they were made to work on after a whole day of carpentry work for third party Dove Alliance clients.
[S9] The victims lived in deplorable conditions (i.e. kitchen and toilet we the same).
[S10] The amount of food given to them was not enough and they were not paid their salaries for some months.
[S11] When they asked the defendant about the lack of payment, food and proper accommodation, he threatened to send them back to Bangladesh or kill them.
[S12] The officials of the Department of Employment, upon receipt of complaints that expatriate workers for Dove Alliance were being mistreated, initiated investigation and found enough evidence of human trafficking to refer the matter to the police.
[S13] The officials identified the following indicators of human trafficking using the UNODC Human Trafficking Index:
[S14] - the defendant had confiscated the passports of his workers
[S15] - the workers were reluctant to answer the questions of the officers
[S16] - one of the workers stated that the defendant threatened their family members in Bangladesh if they were to report him to the authorities
[S17] - workers were constantly moved from one site to another, making it difficult for them to know their address
[S18] - workers on site were reluctant to answer the questions of the officers and gave the officers the number of the accused
[S19] - workers were not supplied with personal protective equipment
[S20] - workers had not received salary for some months
[S21] - upon inquiry about necessary equipment or salary, workers were threatened to be sent back home
[S22] - 3 out of 4 accommodations for workers were far below the standard requirements of public health authorities.",data/raw_html/000054_848f9059e3b4.html,2d57896414220fdb4918d3478a0d2ea0242486caa7252a2cb032aca5fa4ab268
HRV1-008,8,58,13-000227-1219-PE,CRI006,https://www.unodc.org/cld/case-law-doc/traffickingpersonscrimetype/cri/2018/13-000227-1219-pe.html,Costa Rica,C,Structured metadata missing but narrative informative,Prior feasibility-audit anchor: form_of_trafficking TYPE_3 (missing): No structured Form value despite an explicit international organ-removal journey.,1,376,17,sherloc_sentence_splitter_v1,90ca78f040c765f9ed2d4211e37c2be6ca15f43734612897e33f58edb3fefa5f,"Kidney donors were recruited by a ring of doctors, including Name [072] who worked as head of nephrology at Calderón Guardia Hospital. These victims were recruited to have their kidneys removed and then sold to foreign people who had the ability to pay for the organ and the operation. Consent was obtained through financial remuneration of the victims. The victims had limited financial means, were often relatives, and the promised money from the nephrectomy was the only motivating factor. [Name 072], in his capacity as a nephrologist, was the leader of the irregular operation and the only one who could coordinate the extraction of the kidney. He used his position and knowledge against the victims (who were not medical professionals and had lower education levels) in order to induce them into the nephrectomy. Dimosthenis Katsigiannis Karkasi, promoted and facilitated the transfer of people from their homes to different medical centers and clinical laboratories, first to carry out preoperative examinations and then to subject them to the illicit extraction of a kidney. On March 16, 2013, following the instructions of [Name 072], Name [043] and Name [053] left Costa Rica for Spain and then to Israel, in order to have one of Name [043]’s kidneys removed, but instead, they were detained at the airport by immigration authorities. They were interrogated until they confessed that they were going to carry out the organ harvesting.

Many victims, such as Name [014] became recruiters in this organization. She had her nephrectomy in 2009 and began recruiting in 2011. Katsigiannis and [Name 072] promoted and facilitated Name 014’s transfer to different medical centers and laboratories so that she could take the nephrectomy tests, Name [072] extended Name 014’s disability accommodations an extra 15 days (for the surgery), and arranged her admission to the hospital for the surgery. Name [014] was responsible for facilitating some of the victims, including Name [028], Name [047], Name [038], and Name [034]. She worked with Name [072] who prepared the procedures. [Name 014] was a friend and/or relative of all those she recruited. She pressured victims to carry out the transplant and received 2000 USD per victim. [Name 014 contacted doctors in the United States to serve as a contact between recipients and donors.","[S1] Kidney donors were recruited by a ring of doctors, including Name [072] who worked as head of nephrology at Calderón Guardia Hospital.
[S2] These victims were recruited to have their kidneys removed and then sold to foreign people who had the ability to pay for the organ and the operation.
[S3] Consent was obtained through financial remuneration of the victims.
[S4] The victims had limited financial means, were often relatives, and the promised money from the nephrectomy was the only motivating factor.
[S5] [Name 072], in his capacity as a nephrologist, was the leader of the irregular operation and the only one who could coordinate the extraction of the kidney.
[S6] He used his position and knowledge against the victims (who were not medical professionals and had lower education levels) in order to induce them into the nephrectomy.
[S7] Dimosthenis Katsigiannis Karkasi, promoted and facilitated the transfer of people from their homes to different medical centers and clinical laboratories, first to carry out preoperative examinations and then to subject them to the illicit extraction of a kidney.
[S8] On March 16, 2013, following the instructions of [Name 072], Name [043] and Name [053] left Costa Rica for Spain and then to Israel, in order to have one of Name [043]’s kidneys removed, but instead, they were detained at the airport by immigration authorities.
[S9] They were interrogated until they confessed that they were going to carry out the organ harvesting.
[S10] Many victims, such as Name [014] became recruiters in this organization.
[S11] She had her nephrectomy in 2009 and began recruiting in 2011.
[S12] Katsigiannis and [Name 072] promoted and facilitated Name 014’s transfer to different medical centers and laboratories so that she could take the nephrectomy tests, Name [072] extended Name 014’s disability accommodations an extra 15 days (for the surgery), and arranged her admission to the hospital for the surgery.
[S13] Name [014] was responsible for facilitating some of the victims, including Name [028], Name [047], Name [038], and Name [034].
[S14] She worked with Name [072] who prepared the procedures.
[S15] [Name 014] was a friend and/or relative of all those she recruited.
[S16] She pressured victims to carry out the transplant and received 2000 USD per victim.
[S17] [Name 014 contacted doctors in the United States to serve as a contact between recipients and donors.",data/raw_html/000058_389590b6dafa.html,3190e91e49f7904310b9e18963efe526d69071745955822fca8eda210c094eec
HRV1-009,9,825,"Case of Rantsev v. Cyprus and Russia, Application No. 25965/04",IRBx039,https://www.unodc.org/cld/case-law-doc/traffickingpersonscrimetype/_irb/2010/case_of_rantsev_v._cyprus_and_russia_application_no._2596504.html,International and Regional Bodies,E,Rare or challenge cases,Prior feasibility-audit anchor: victim_multiplicity TYPE_1 (multiple_records_mixed_roles),1,510,21,sherloc_sentence_splitter_v1,2395c7f62fa06ff6e646f582236d2848743346e3fcf14d18dec1afab29f25246,"On 5 March 2001, O.R., a 21-year-old female Russian national, traveled with the intention to work as an “artiste” in a cabaret. A cabaret owner, X.A., had applied for an “artiste” visa and work permit for her. O.R. was granted a temporary resident permit as a visitor in a cabaret owned by X.A. On 16 March 2001 she began her employment at the cabaret, which was managed by M.A., the brother of X.A. While working at the cabaret, she shared an apartment with her colleagues. After only three days, on 19 March 2001, O.R. left the apartment leaving behind a letter saying that she was tired and intended to go back to Russia.

M.A. notified the Limassol Immigration Office of O.R.’s disappearance and requested that she be arrested and deported to Russia so that he could hire another artiste. However, O.R. was not included in a police list of wanted persons. On 28 March 2001, M.A. was informed that O.R. was at a discotheque. He gave information to the police about her whereabouts and requested they arrest her. However, M.A. went himself to the discotheque with a security guard from his cabaret, retrieved O.R., and took her to the Limassol Central Police Station. The duty passport officer did not corroborate her illegal presence in Cyprus, as there was no record of M.A.’s complaint on 19 March 2001. In any case, domestic law did not allow a person to be illegal until 15 days pass after the filing of the complaint. The Police Aliens and Immigration Service advised the Limassol police of her detention, but requested that M.A. pick her up from the station and bring her to the immigration office the following day at 7 a.m.

M.A. subsequently picked up O.R. at around 5:20 a.m. and accompanied her to a 5th floor apartment belonging to M.P., one of the cabaret employees. O.R. was placed in a room on the upper level of the apartment, with M.A. sleeping in the living room, blocking her only exit. At around 7 a.m., M.A. and M.P. awoke and found police officers gathered around O.R.’s dead body on the street. After investigation and autopsy, Cypriot authorities concluded that her death was not the result of a criminal act. Rather it was found that the injuries on her body were the result of an accidental fall, also the cause of her death.

On 13 September 2001, Mr Rantsev, the father of O.R., approached Russian authorities to apply to the Public Prosecutor of Cyprus on his behalf for free legal assistance and waiver of court costs in order to initiate an additional investigation of his daughter's death. Not satisfied with the results of the proceedings, or the activities of the two governments regarding the investigation of the matter, Mr Rantsev brought the case to the European Court of Human Rights (ECtHR) on 26 May 2004.","[S1] On 5 March 2001, O.R., a 21-year-old female Russian national, traveled with the intention to work as an “artiste” in a cabaret.
[S2] A cabaret owner, X.A., had applied for an “artiste” visa and work permit for her.
[S3] O.R. was granted a temporary resident permit as a visitor in a cabaret owned by X.A.
[S4] On 16 March 2001 she began her employment at the cabaret, which was managed by M.A., the brother of X.A.
[S5] While working at the cabaret, she shared an apartment with her colleagues.
[S6] After only three days, on 19 March 2001, O.R. left the apartment leaving behind a letter saying that she was tired and intended to go back to Russia.
[S7] M.A. notified the Limassol Immigration Office of O.R.’s disappearance and requested that she be arrested and deported to Russia so that he could hire another artiste.
[S8] However, O.R. was not included in a police list of wanted persons.
[S9] On 28 March 2001, M.A. was informed that O.R. was at a discotheque.
[S10] He gave information to the police about her whereabouts and requested they arrest her.
[S11] However, M.A. went himself to the discotheque with a security guard from his cabaret, retrieved O.R., and took her to the Limassol Central Police Station.
[S12] The duty passport officer did not corroborate her illegal presence in Cyprus, as there was no record of M.A.’s complaint on 19 March 2001.
[S13] In any case, domestic law did not allow a person to be illegal until 15 days pass after the filing of the complaint.
[S14] The Police Aliens and Immigration Service advised the Limassol police of her detention, but requested that M.A. pick her up from the station and bring her to the immigration office the following day at 7 a.m.
[S15] M.A. subsequently picked up O.R. at around 5:20 a.m. and accompanied her to a 5th floor apartment belonging to M.P., one of the cabaret employees.
[S16] O.R. was placed in a room on the upper level of the apartment, with M.A. sleeping in the living room, blocking her only exit.
[S17] At around 7 a.m., M.A. and M.P. awoke and found police officers gathered around O.R.’s dead body on the street.
[S18] After investigation and autopsy, Cypriot authorities concluded that her death was not the result of a criminal act.
[S19] Rather it was found that the injuries on her body were the result of an accidental fall, also the cause of her death.
[S20] On 13 September 2001, Mr Rantsev, the father of O.R., approached Russian authorities to apply to the Public Prosecutor of Cyprus on his behalf for free legal assistance and waiver of court costs in order to initiate an additional investigation of his daughter's death.
[S21] Not satisfied with the results of the proceedings, or the activities of the two governments regarding the investigation of the matter, Mr Rantsev brought the case to the European Court of Human Rights (ECtHR) on 26 May 2004.",data/raw_html/000825_bb4ebff7cd3a.html,ae753511deed28d86f60db3aca214a19f1b3fd90522ff89b0b6fa92db779014b
HRV1-010,10,1238,2 To 379/2006,SVK019,https://www.unodc.org/cld/case-law-doc/traffickingpersonscrimetype/svk/2007/2_to_3792006_.html,Slovakia,A,Representative clean cases,Prior feasibility-audit anchor: victim_multiplicity TYPE_1 (one_record_apparent_single),1,394,23,sherloc_sentence_splitter_v1,9fdd5773c6f163fb752fa97ee2061dcc73dcb3c58eecc3f4a5f4b78bd3e538f0,"Recruitment/targeting of victim:

From April to August 1998, the Defendant 1 and 2 enticed the Victim to work as a prostitute. They regularly transported her to an unspecified hotel in Trenčianske Teplice where she had sexual intercourse with men for money. The Defendant 1 and 2 gave the Victim part of the money she earned through prostitution. From the very beginning, they knew that she was under 18 years of age.

The Defendant 1 and 2 thus enticed the Victim, as a juvenile, to lead the immoral life of a prostitute and as a consequence thereof, the Victim failed to attend school from April to August 1998.

On August 12-13, 1998, the Defendant 1 and 2 transported the Victim (with her consent) to the Czech Republic for the purpose of her sale for prostitution there. After the Defendant 1 and 2 learned that the mother of the Victim was going to call the police, they transported her back to Slovakia.

Trafficking route and transportation: Transportation by motor vehicle was provided from Žiar nad Hronom to an unspecified hotel in Trenčianske Teplice. In addition, on August 12-13, 1998, Defendants 1 and 2 transported the Victim (with her consent) to the Czech Republic for the purpose of her sale for prostitution there.

Details of the form of exploitation: The Victim was primarily used for prostitution in an unspecified hotel in Trenčianske Teplice.

Modus operandi of the trafficker: The Defendant 1 and 2 enticed the Victim, a juvenile, to work as a prostitute.

Relationship between the defendants and victim: The Victim was dating the Defendant 1.

Characteristics of the defendants and victim: The Victim had insufficient moral and sexual barriers. She had had previous sexual experiences and was willing to work as a prostitute. In addition, the mother stated that the Victim was incorrigible and intended to put her under institutional care.

Criminal justice response: The court sentenced the Defendant 1 and 2 to 2 years of imprisonment (conditionally deferred for a probation period of 5 years).

Form of investigation: Information is not available.

Method of discovery of trafficking: Information is not available.

Date of indictment: Information is not available.

Date of arrest: Information is not available.

Ability of the victims to participate in court proceedings: The Victim testified before the court during the preliminary and main hearings.

Capability of victims to speak destination’s language: Yes.","[S1] Recruitment/targeting of victim:
[S2] From April to August 1998, the Defendant 1 and 2 enticed the Victim to work as a prostitute.
[S3] They regularly transported her to an unspecified hotel in Trenčianske Teplice where she had sexual intercourse with men for money.
[S4] The Defendant 1 and 2 gave the Victim part of the money she earned through prostitution.
[S5] From the very beginning, they knew that she was under 18 years of age.
[S6] The Defendant 1 and 2 thus enticed the Victim, as a juvenile, to lead the immoral life of a prostitute and as a consequence thereof, the Victim failed to attend school from April to August 1998.
[S7] On August 12-13, 1998, the Defendant 1 and 2 transported the Victim (with her consent) to the Czech Republic for the purpose of her sale for prostitution there.
[S8] After the Defendant 1 and 2 learned that the mother of the Victim was going to call the police, they transported her back to Slovakia.
[S9] Trafficking route and transportation: Transportation by motor vehicle was provided from Žiar nad Hronom to an unspecified hotel in Trenčianske Teplice.
[S10] In addition, on August 12-13, 1998, Defendants 1 and 2 transported the Victim (with her consent) to the Czech Republic for the purpose of her sale for prostitution there.
[S11] Details of the form of exploitation: The Victim was primarily used for prostitution in an unspecified hotel in Trenčianske Teplice.
[S12] Modus operandi of the trafficker: The Defendant 1 and 2 enticed the Victim, a juvenile, to work as a prostitute.
[S13] Relationship between the defendants and victim: The Victim was dating the Defendant 1.
[S14] Characteristics of the defendants and victim: The Victim had insufficient moral and sexual barriers.
[S15] She had had previous sexual experiences and was willing to work as a prostitute.
[S16] In addition, the mother stated that the Victim was incorrigible and intended to put her under institutional care.
[S17] Criminal justice response: The court sentenced the Defendant 1 and 2 to 2 years of imprisonment (conditionally deferred for a probation period of 5 years).
[S18] Form of investigation: Information is not available.
[S19] Method of discovery of trafficking: Information is not available.
[S20] Date of indictment: Information is not available.
[S21] Date of arrest: Information is not available.
[S22] Ability of the victims to participate in court proceedings: The Victim testified before the court during the preliminary and main hearings.
[S23] Capability of victims to speak destination’s language: Yes.",data/raw_html/001238_c39be7c079fe.html,cc6fd4d698ccf95d17317f1f030f9c5b55ca7850ca2c9f3e779dacca9b9522a1
HRV1-011,11,1396,Kwok Ho,CHN001,https://www.unodc.org/cld/case-law-doc/traffickingpersonscrimetype/chn/2004/kwok_ho.html,China,E,Rare or challenge cases,"Prior feasibility-audit anchor: form_of_trafficking TYPE_2 (Internal + Transnational): Shenzhen-to-Hong Kong movement is explicit, but why both Internal and Transnational apply is not self-evident from the text alone.",1,201,10,sherloc_sentence_splitter_v1,16d09235495ac9cd37880c29a43f0e9f3cc01c8aa3f0da86b5153567ab614151,"On or about 13 April 2002, the accused, Mr Kwok Ho, travelled to Shenzhen and met K.S who asked him to help her find work in Hong Kong. Mr Kwok Ho made arrangements for K.S. to come to Hong Kong to work and K.S. agreed.

Mr Kwok Ho allegedly transported K.S. to a hotel in Shenzhen to a third party who he knew was going to transport her to Hong Kong. The accused knew K.S. was being brought to Hong Kong for the purposes of prostitution. A third party then transported K.S. and several other girls to Hong Kong. K.S. was then accommodated and began to work as a prostitute at a massage establishment in Mongkok called ‘Chun Mun Lau’. Between April and May 2002, Mr Kwok Ho assisted in the management of these premises, which were kept as a vice establishment. While working there, K.S. claimed she was locked up in a room on the premises and escorted from place to place. It should be noted, however, that K.S.’s evidence was deemed by the presiding judge at first instance to be unreliable. [Reasons for reaching this conclusion were not given].","[S1] On or about 13 April 2002, the accused, Mr Kwok Ho, travelled to Shenzhen and met K.S who asked him to help her find work in Hong Kong.
[S2] Mr Kwok Ho made arrangements for K.S. to come to Hong Kong to work and K.S. agreed.
[S3] Mr Kwok Ho allegedly transported K.S. to a hotel in Shenzhen to a third party who he knew was going to transport her to Hong Kong.
[S4] The accused knew K.S. was being brought to Hong Kong for the purposes of prostitution.
[S5] A third party then transported K.S. and several other girls to Hong Kong.
[S6] K.S. was then accommodated and began to work as a prostitute at a massage establishment in Mongkok called ‘Chun Mun Lau’.
[S7] Between April and May 2002, Mr Kwok Ho assisted in the management of these premises, which were kept as a vice establishment.
[S8] While working there, K.S. claimed she was locked up in a room on the premises and escorted from place to place.
[S9] It should be noted, however, that K.S.’s evidence was deemed by the presiding judge at first instance to be unreliable.
[S10] [Reasons for reaching this conclusion were not given].",data/raw_html/001396_33769f775922.html,1b9283b5b28c49c397c185fcea995acbe56d55c2aec79e8974c327565667c15c
HRV1-012,12,917,Processo nº 2009.03.00.014160-5,BRA027,https://www.unodc.org/cld/case-law-doc/criminalgroupcrimetype/bra/2009/processo_n_2009.03.00.014160-5.html,Brazil,A,Representative clean cases,Prior feasibility-audit anchor: form_of_trafficking TYPE_1 (Internal + Transnational + Organized Criminal Group),1,141,5,sherloc_sentence_splitter_v1,c04231411beaab86f94553eed102d268fb3722f64db6f012560c22dec1df4ece,"The defendant Maria de Jesus dos Santos Bezerra was an integrant of an organized criminal group with the purpose of promoting, intermediating and favouring the internal and international trafficking in person, participating directly on the profits from the prostitution of the women recruited.

The evidence gathered showed that Jiselda Aparecida de Oliveira, aka Gigi, had a database with photos of naked women or women wearing sensual underwear. The photos were sent by email to clients searching for her services along with a code that gives access to the photos. According to the Federal Police reports of telephone interceptions, Gigi received several calls per day of Brazilian and foreigner clients, who sought women for sexual programs in Brazil and abroad.

The defendant Maria de Jesus lives in Portugal and is responsible for the agency of the women that Gigi sends to Europe.","[S1] The defendant Maria de Jesus dos Santos Bezerra was an integrant of an organized criminal group with the purpose of promoting, intermediating and favouring the internal and international trafficking in person, participating directly on the profits from the prostitution of the women recruited.
[S2] The evidence gathered showed that Jiselda Aparecida de Oliveira, aka Gigi, had a database with photos of naked women or women wearing sensual underwear.
[S3] The photos were sent by email to clients searching for her services along with a code that gives access to the photos.
[S4] According to the Federal Police reports of telephone interceptions, Gigi received several calls per day of Brazilian and foreigner clients, who sought women for sexual programs in Brazil and abroad.
[S5] The defendant Maria de Jesus lives in Portugal and is responsible for the agency of the women that Gigi sends to Europe.",data/raw_html/000917_ed846f4a4d55.html,5c5d33d7c4b4ff68b9d707c3b49f6a0d9e3461c70ea09f64b882ef1c4cf63624
HRV1-013,13,615,United States v. Steven C. Albers,USA154,https://www.unodc.org/cld/case-law-doc/traffickingpersonscrimetype/usa/2011/united_states_v._steven_c._albers.html,United States of America,D,Narrative genuinely insufficient or abstention candidate,Prior feasibility-audit anchor: victim_multiplicity TYPE_4 (no_person_section_no_actual_victim): The page describes an undercover advertisement and attempted offence; no actual victim is established.,1,84,5,sherloc_sentence_splitter_v1,11c35301886eff237f739101a7a10098603ffb863803305661631b03b8b60a08,"The defendant responded to a Craig’s List advertisement that offered 11 and 15 year old girls for sex and asked whether little girls were available. The advertisement was run by Operation Guardian Angel, an undercover investigation into child sex trafficking in Missouri. After the defendant arrived at the predetermined location and paid for sex, he was arrested. The defendant pled guilty to attempted commercial exploitation of a child for sex. On January 6, 2011, he was sentenced to 15 years in prison without parole.","[S1] The defendant responded to a Craig’s List advertisement that offered 11 and 15 year old girls for sex and asked whether little girls were available.
[S2] The advertisement was run by Operation Guardian Angel, an undercover investigation into child sex trafficking in Missouri.
[S3] After the defendant arrived at the predetermined location and paid for sex, he was arrested.
[S4] The defendant pled guilty to attempted commercial exploitation of a child for sex.
[S5] On January 6, 2011, he was sentenced to 15 years in prison without parole.",data/raw_html/000615_596db8c3a77d.html,9bfab057cc78656385d96cab71db35c97d3d29ae94668d08b03cbcf236f24095
HRV1-014,14,13,Case of Zoletic and Others v. Azerbaijan,IRBx037,https://www.unodc.org/cld/case-law-doc/traffickingpersonscrimetype/aze/2021/case_of_zoletic_and_others_v._azerbaijan.html,Azerbaijan,A,Representative clean cases,Prior feasibility-audit anchor: form_of_trafficking TYPE_1 (Transnational); sector_of_exploitation TYPE_1 (Construction),1,226,10,sherloc_sentence_splitter_v1,393d60c7db5ce4a2b36474815ced453b5a0252766feaeecc68d5ba7f4585a7bb,"“SerbAz Project Design and Construction LLC”, a construction company, had concluded contracts with the Ministry of Sports and Youth of Azerbaijan providing that the company would complete certain construction projects in Azerbaijan. For this purpose, the applicants, nationals of Bosnia and Herzegovina, were recruited by Serbaz and taken to Azerbaijan. The applicants were told that they would receive excellent accommodation, good salaries, food expenses, paid visas and health insurance once they move to Azerbaijan. Instead, once they arrived, they had taken away their travel and identification documents preventing them from leaving the country and had been accommodated in dormitories with inhuman living conditions. Their freedom of movement had been restricted, and they had been exposed to various punishments, mental and physical abuse, such as beatings and prolonged physical labour. They were also deprived of adequate food, and many employers lost significant weight. Victims were deprived of health care and some of them developed untreatable illnesses. Furthermore, the applicants had not been paid for their work for several months. Most of the victims stayed in Azerbaijan for periods of six months or longer.

In October and November 2019 and after the mobilization of international NGOs concerning the situation, Serbaz paid part of the unpaid wages to the workers, took them to the Baku international airport, handed back their passports and arranged their return to their home countries.","[S1] “SerbAz Project Design and Construction LLC”, a construction company, had concluded contracts with the Ministry of Sports and Youth of Azerbaijan providing that the company would complete certain construction projects in Azerbaijan.
[S2] For this purpose, the applicants, nationals of Bosnia and Herzegovina, were recruited by Serbaz and taken to Azerbaijan.
[S3] The applicants were told that they would receive excellent accommodation, good salaries, food expenses, paid visas and health insurance once they move to Azerbaijan.
[S4] Instead, once they arrived, they had taken away their travel and identification documents preventing them from leaving the country and had been accommodated in dormitories with inhuman living conditions.
[S5] Their freedom of movement had been restricted, and they had been exposed to various punishments, mental and physical abuse, such as beatings and prolonged physical labour.
[S6] They were also deprived of adequate food, and many employers lost significant weight.
[S7] Victims were deprived of health care and some of them developed untreatable illnesses.
[S8] Furthermore, the applicants had not been paid for their work for several months.
[S9] Most of the victims stayed in Azerbaijan for periods of six months or longer.
[S10] In October and November 2019 and after the mobilization of international NGOs concerning the situation, Serbaz paid part of the unpaid wages to the workers, took them to the Baku international airport, handed back their passports and arranged their return to their home countries.",data/raw_html/000013_c271c40f0a94.html,04a0792f2d9b5cd9f2b6e23c416715e287cc7f48e79a54ddcecc5ef102c6ec03
HRV1-015,15,728,"Expediente 2571-2010, Inconstitucionalidad en Caso Concreto",GTM005,https://www.unodc.org/cld/case-law-doc/traffickingpersonscrimetype/gtm/2010/expediente_2571-2010_inconstitucionalidad_en_caso_concreto.html,Guatemala,D,Narrative genuinely insufficient or abstention candidate,Narrative genuinely insufficient or abstention candidate; outside complete-Legacy-AMP cohort,0,4,1,sherloc_sentence_splitter_v1,59dc7007a53d8e424168ff7fbe108de51bf8bc9af8927d14809c08f5faded779,No underlying facts provided.,[S1] No underlying facts provided.,data/raw_html/000728_d0c68497361d.html,bb01cf94ebd9faf22931bfda8bee6557c50444ec8f2dc0292ddf7d05022fbe04
HRV1-016,16,898,United States v. Oscar Mondragon,USA087,https://www.unodc.org/cld/case-law-doc/traffickingpersonscrimetype/usa/2009/united_states_v._oscar_mondragon.html,United States of America,C,Structured metadata missing but narrative informative,Prior feasibility-audit anchor: form_of_trafficking TYPE_3 (missing): No structured value despite explicit movement into the United States.,1,112,5,sherloc_sentence_splitter_v1,a251aad985a67f7d51f189fe96d4fc6514b0253bdc6ca2946606412a1d6df068,"Defendants were part of a scheme to smuggle Central American women and girls into the United States. The defendants lured their victims with promises of legal jobs in the United States. Once in the country, however, the victims were forced to work in restaurants, bars and cantinas in the Houston area, and in some instances, were required to respond to the sexual advances of customers. The women were threatened with physical harm or harm to their families if they attempted to escape before paying off their smuggling debt; some were sexually assaulted by the defendants. The money the women made was turned over to the defendants to pay off the victims' debts.","[S1] Defendants were part of a scheme to smuggle Central American women and girls into the United States.
[S2] The defendants lured their victims with promises of legal jobs in the United States.
[S3] Once in the country, however, the victims were forced to work in restaurants, bars and cantinas in the Houston area, and in some instances, were required to respond to the sexual advances of customers.
[S4] The women were threatened with physical harm or harm to their families if they attempted to escape before paying off their smuggling debt; some were sexually assaulted by the defendants.
[S5] The money the women made was turned over to the defendants to pay off the victims' debts.",data/raw_html/000898_2aa2db6f0769.html,847413cfce3297e954f2c1e88bffbeb7d922facf9dd6976d3d53298a47442bee
HRV1-017,17,313,Case No. R-LLP-09-05622-CR,PHL074,https://www.unodc.org/cld/case-law-doc/traffickingpersonscrimetype/phl/2013/case_no._r-llp-09-05622-cr.html,Philippines,B,Structured metadata present but narrative support incomplete,Prior feasibility-audit anchor: form_of_trafficking TYPE_2 (Internal): The local operation does not state origin or trafficking route.,1,132,6,sherloc_sentence_splitter_v1,79f564bde3ea42dac0d15b53e8a3d158df0e2eb48486423ce8c33baaaea8f835,"In December 2009, the Philippines National Police, along with the Regional Anti-Human Trafficking Task Force, conducted an undercover operation at an establishment in Lapu-Lapu City based on prior intelligence that showed widespread prostitution taking place in the area.

During the operation, two police officers acted as decoys and pretended to be customers who wanted to hire four girls from the defendant. They negotiated the price with N.L.R, who then brought the four girls. The defendant instructed the decoys to give the payment to one of the girls.

The police officers got inside a taxi with the girls and proceeded to pay the agreed sum. It was then when they informed the girls that they were carrying out an undercover operation, and the law enforcement officers proceeded to arrest the defendant.","[S1] In December 2009, the Philippines National Police, along with the Regional Anti-Human Trafficking Task Force, conducted an undercover operation at an establishment in Lapu-Lapu City based on prior intelligence that showed widespread prostitution taking place in the area.
[S2] During the operation, two police officers acted as decoys and pretended to be customers who wanted to hire four girls from the defendant.
[S3] They negotiated the price with N.L.R, who then brought the four girls.
[S4] The defendant instructed the decoys to give the payment to one of the girls.
[S5] The police officers got inside a taxi with the girls and proceeded to pay the agreed sum.
[S6] It was then when they informed the girls that they were carrying out an undercover operation, and the law enforcement officers proceeded to arrest the defendant.",data/raw_html/000313_3302b7112b00.html,4089509957e447aca8eb3c9a79284fa503f0b8c7c58c964271f99c7600a6ab00
HRV1-018,18,889,ACR 2006.72.03.003070-2 TRF4,BRA112,https://www.unodc.org/cld/case-law-doc/traffickingpersonscrimetype/bra/2009/acr_2006.72.03.003070-2_trf4.html,Brazil,B,Structured metadata present but narrative support incomplete,Prior feasibility-audit anchor: child_minor_involvement TYPE_2 (disputed_age): Both sources hedge child status.; form_of_trafficking TYPE_1 (Transnational),1,153,8,sherloc_sentence_splitter_v1,8ccd2f4dc9b4faa70ac8d55840daf14c43d8296495608e27cd13378d3bda095f,"In 2001 and early 2002, in the municipality of Joaçaba Santa Catarina, Brazil, a criminal group was dedicated to the promotion and facilitation of the entry to Brazil of women from Paraguay to exercise prostitution, sometimes through the use of fraud. One of these trafficked women was apparently a teenager. The accused were two men, DIRLEI DE OLIVEIRA and JOSÉ ARTEMÉDIO PEREIRA, and a Paraguayan woman, GLORIS MARLENE MERELES. According to the prosecutor, DIRLEI and JOSÉ took advantage of the prostitution of these women by participating directly in their profits. Also, they prevented many of them from leaving prostitution, forcing them to remain in the premises against their will. DIRLEI and JOSÉ had also their own brothel named “Boate Dallas” where trafficked women were sexually exploited.

These proceedings were brought only against GLORIS as the rest of the defendants were tried separately. GLORIS was convicted for human trafficking and her appeal was dismissed.","[S1] In 2001 and early 2002, in the municipality of Joaçaba Santa Catarina, Brazil, a criminal group was dedicated to the promotion and facilitation of the entry to Brazil of women from Paraguay to exercise prostitution, sometimes through the use of fraud.
[S2] One of these trafficked women was apparently a teenager.
[S3] The accused were two men, DIRLEI DE OLIVEIRA and JOSÉ ARTEMÉDIO PEREIRA, and a Paraguayan woman, GLORIS MARLENE MERELES.
[S4] According to the prosecutor, DIRLEI and JOSÉ took advantage of the prostitution of these women by participating directly in their profits.
[S5] Also, they prevented many of them from leaving prostitution, forcing them to remain in the premises against their will.
[S6] DIRLEI and JOSÉ had also their own brothel named “Boate Dallas” where trafficked women were sexually exploited.
[S7] These proceedings were brought only against GLORIS as the rest of the defendants were tried separately.
[S8] GLORIS was convicted for human trafficking and her appeal was dismissed.",data/raw_html/000889_68c9185ecf7d.html,99db420bb0fd447567499674c8d7682e4ba82bca5e640a2ac736e72c56b043bf
HRV1-019,19,934,Kulab or Rampueng Thongmeesri or Sai-utah,THA006,https://www.unodc.org/cld/case-law-doc/traffickingpersonscrimetype/tha/2009/kulab_or_rampueng_thongmeesri_or_sai-utah.html,Thailand,D,Narrative genuinely insufficient or abstention candidate,Prior feasibility-audit anchor: child_minor_involvement TYPE_4 (historical_childhood_only): Historical childhood friendship does not establish age during trafficking.,1,229,12,sherloc_sentence_splitter_v1,b1ee4f97e1058020dfb6132232cffc3c40dcf276ce0a66afb1131c28d9828493,"The relevant incident occurred between July 2005 and June 2006. In the middle of July 2005, the defendant convinced all three victims to work in Italy, promising that the 1st and 2nd victims were going to work as chefs and that the 3rd one would work as an assistant at the defendant’s grocery store. The defendants paid for the victims’ travel expenses in advance. The victims trusted the defendants as they were from the same village. They knew each other from when they were children and they were also distant relatives. Once in Italy, the victims were taken to a small room in an apartment used as a brothel. The victims stayed in the same room as the defendants’ employees and were restricted from leaving the room, as the door was code-locked and guarded at all times. The defendants forced the victims to become prostitutes, threatening that if they did not accept, they would not receive any food and would be gang-raped. The 1st victim got pregnant after 22 days in Italy and was forced to have an abortion and work again after two days. The expenses of the abortion were added to her debt. The victims were arrested on 6 June 2006 because their visas expired. The three victims were sent back to Thailand with twenty or more Thai nationals, with the financial assistance of the IOM Foundation.","[S1] The relevant incident occurred between July 2005 and June 2006.
[S2] In the middle of July 2005, the defendant convinced all three victims to work in Italy, promising that the 1st and 2nd victims were going to work as chefs and that the 3rd one would work as an assistant at the defendant’s grocery store.
[S3] The defendants paid for the victims’ travel expenses in advance.
[S4] The victims trusted the defendants as they were from the same village.
[S5] They knew each other from when they were children and they were also distant relatives.
[S6] Once in Italy, the victims were taken to a small room in an apartment used as a brothel.
[S7] The victims stayed in the same room as the defendants’ employees and were restricted from leaving the room, as the door was code-locked and guarded at all times.
[S8] The defendants forced the victims to become prostitutes, threatening that if they did not accept, they would not receive any food and would be gang-raped.
[S9] The 1st victim got pregnant after 22 days in Italy and was forced to have an abortion and work again after two days.
[S10] The expenses of the abortion were added to her debt.
[S11] The victims were arrested on 6 June 2006 because their visas expired.
[S12] The three victims were sent back to Thailand with twenty or more Thai nationals, with the financial assistance of the IOM Foundation.",data/raw_html/000934_9bab15c3a0d7.html,866e568a17a1c8c27cd34c08eb505697b83b1d75578d1b0d009f49b5cfa5be9b
HRV1-020,20,1508,Case No. 2357/2010,JOR012,https://www.unodc.org/cld/case-law-doc/traffickingpersonscrimetype/jor/case_no._23572010.html,Jordan,E,Rare or challenge cases,Rare or challenge cases; multiplicity=PROVISIONAL_SINGLE,1,204,9,sherloc_sentence_splitter_v1,2c3bd94a49b6be0a43785d1ba0325aca8ceea18c1132927f46f5c9e7e51f7aea,"The victim, M.B., was brought from Indonesia to work as a domestic worker at the house of the defendant, Ziad Tawfiq Sabah, on the sponsorship of the defendant's wife. The defendant brought her into the country for the purpose of exploiting her to achieve financial gain through forcing her to work for others. He used threats and physical abuse to force her into working outside the house for other people for long hours. The defendant’s salary was 25-30 JD per day yet he paid the victim only 2 JD. When the defendant took the victim to the house of L.S.H.A.D., the victim told L.S.H.A.D. how the defendant was exploiting her by making her work outside his house. In turn, the authorities were notified.

The Court found the defendant guilty of human trafficking based on Article 3/A/1 of the Jordanian Law to Combat Human Trafficking and he was sentenced to prison for 6 months based on Article 8 of the Law. He was also convicted of violating Article 18 of the Law of Professional Licenses and was fined 10 JD. Based on Article 72 of the Penal Code, the court combined the two penalties.","[S1] The victim, M.B., was brought from Indonesia to work as a domestic worker at the house of the defendant, Ziad Tawfiq Sabah, on the sponsorship of the defendant's wife.
[S2] The defendant brought her into the country for the purpose of exploiting her to achieve financial gain through forcing her to work for others.
[S3] He used threats and physical abuse to force her into working outside the house for other people for long hours.
[S4] The defendant’s salary was 25-30 JD per day yet he paid the victim only 2 JD.
[S5] When the defendant took the victim to the house of L.S.H.A.D., the victim told L.S.H.A.D. how the defendant was exploiting her by making her work outside his house.
[S6] In turn, the authorities were notified.
[S7] The Court found the defendant guilty of human trafficking based on Article 3/A/1 of the Jordanian Law to Combat Human Trafficking and he was sentenced to prison for 6 months based on Article 8 of the Law.
[S8] He was also convicted of violating Article 18 of the Law of Professional Licenses and was fined 10 JD.
[S9] Based on Article 72 of the Penal Code, the court combined the two penalties.",data/raw_html/001508_35a183b34941.html,88e7c610d6f8e1801fb5749848e9bf3ac27e0446706c84a7471472a9287fc476
HRV1-021,21,604,Shiva Ent Udyog v. National Human Rights Commission and Ors,IND013,https://www.unodc.org/cld/case-law-doc/traffickingpersonscrimetype/ind/2011/shiva_ent_udyog_v._national_human_rights_commission_and_ors.html,India,C,Structured metadata missing but narrative informative,Prior feasibility-audit anchor: child_minor_involvement TYPE_3 (plaintiff_not_victim),1,465,15,sherloc_sentence_splitter_v1,172107eb535ac0abce8f67d48108da6e4c260398411c679b5e04db88fe535d54,"The petition was filed for quashing the order dated 10.8.2010 issued by the Assistant Registrar (Law) of the National Human Rights Commission, New Delhi, directing the District Magistrate, Bulandshahr to initiate action against the Petitioner under the provisions of Bonded Labour System (Abolition) Act, 1976; and to send action taken report to the Commission within six weeks. After consideration of the evidence, the writ petition was denied by the appellate court.

The Petitioner is a firm, engaged in the business of running a brick kiln situated in a village in the State of Uttar Pradesh. Several persons including minor children made a complaint to the National Human Rights Commission (NHRC), alleging that they, along with their family members, were held as bonded labourers by the owners of the brick kiln. The complaint also alleged ill-treatment and misbehaviour with women and non-payment of wages and restrictions placed on their movement. The Commission was requested to rescue them and other persons held as bonded labourers.

The Director General (Investigation) NHRC was directed by the Commission to carry out an investigation based on which a report was submitted after examining the documents, and the persons available on the spot and the district authorities. The Assistant Registrar (Law) NHRC made several observations regarding action taken by the District Magistrate and the Labour officials. Instead of protecting the interest of the labourers, the NHRC found that all the authorities had protected the brick kiln owner.

The petitioners contended that no offence was made out under the Bonded Labour System (Abolition) Act, 1976 and that the Protection of Human Rights Act, 1993, does not give powers to the National Human Rights Commission to record findings of violations of law and for taking action under the Bonded Labour Act unless there was sufficient material to arrive at such finding.

The High Court examined the entire legal framework pertaining to bonded labour and the provisions of the Protection of Human Rights Act, 1993. Based on the powers provided to the NHRC under the Act of 1993, the High Court came to the conclusion that the contentions raised by the petitioner were wholly unfounded.

The court held that this case included all the elements of bonded labour system as defined under Sub-section (2) (g) of the Bonded Labour Act. The violation of The Bonded Labour System, (Abolition) Act of 1976, is without any doubt a violation of human rights as defined under Section 2(d) and (f) of the Protection of Human Rights Act, 1993 for which the NHRC has the authority conferred by the Protection of Human Rights Act, 1993, to enquire, investigate and to take steps provided under Sections 13, 14 and 16 of the Act. The writ petition was dismissed by the High Court on the above legal reasoning.","[S1] The petition was filed for quashing the order dated 10.8.2010 issued by the Assistant Registrar (Law) of the National Human Rights Commission, New Delhi, directing the District Magistrate, Bulandshahr to initiate action against the Petitioner under the provisions of Bonded Labour System (Abolition) Act, 1976; and to send action taken report to the Commission within six weeks.
[S2] After consideration of the evidence, the writ petition was denied by the appellate court.
[S3] The Petitioner is a firm, engaged in the business of running a brick kiln situated in a village in the State of Uttar Pradesh.
[S4] Several persons including minor children made a complaint to the National Human Rights Commission (NHRC), alleging that they, along with their family members, were held as bonded labourers by the owners of the brick kiln.
[S5] The complaint also alleged ill-treatment and misbehaviour with women and non-payment of wages and restrictions placed on their movement.
[S6] The Commission was requested to rescue them and other persons held as bonded labourers.
[S7] The Director General (Investigation) NHRC was directed by the Commission to carry out an investigation based on which a report was submitted after examining the documents, and the persons available on the spot and the district authorities.
[S8] The Assistant Registrar (Law) NHRC made several observations regarding action taken by the District Magistrate and the Labour officials.
[S9] Instead of protecting the interest of the labourers, the NHRC found that all the authorities had protected the brick kiln owner.
[S10] The petitioners contended that no offence was made out under the Bonded Labour System (Abolition) Act, 1976 and that the Protection of Human Rights Act, 1993, does not give powers to the National Human Rights Commission to record findings of violations of law and for taking action under the Bonded Labour Act unless there was sufficient material to arrive at such finding.
[S11] The High Court examined the entire legal framework pertaining to bonded labour and the provisions of the Protection of Human Rights Act, 1993.
[S12] Based on the powers provided to the NHRC under the Act of 1993, the High Court came to the conclusion that the contentions raised by the petitioner were wholly unfounded.
[S13] The court held that this case included all the elements of bonded labour system as defined under Sub-section (2) (g) of the Bonded Labour Act.
[S14] The violation of The Bonded Labour System, (Abolition) Act of 1976, is without any doubt a violation of human rights as defined under Section 2(d) and (f) of the Protection of Human Rights Act, 1993 for which the NHRC has the authority conferred by the Protection of Human Rights Act, 1993, to enquire, investigate and to take steps provided under Sections 13, 14 and 16 of the Act.
[S15] The writ petition was dismissed by the High Court on the above legal reasoning.",data/raw_html/000604_c629dda2891d.html,373b4c6b0c5586a00f28f64df1ab350529bb375a6e9f4184763224a1f490a221
HRV1-022,22,962,Emerson,CAN009,https://www.unodc.org/cld/case-law-doc/traffickingpersonscrimetype/can/2009/emerson.html,Canada,B,Structured metadata present but narrative support incomplete,"Prior feasibility-audit anchor: form_of_trafficking TYPE_2 (Internal): Ottawa-to-Gatineau movement is domestic, but interpreting it requires outside geographic knowledge.",1,213,10,sherloc_sentence_splitter_v1,827447df7af914c8844eeb4ea4b32816e10c403d1548435bb98b98b4027d8265,"Ms Emerson forced three young women, two of whom were underage at the time of the offence, into prostitution. Some of the victims were lured into the vicinity of a women’s homeless shelter in the National Capital Region while some were recruited at an Ottawa courthouse, although no record of Ms Emerson working at the courthouse could be found. It was alleged that Ms Emerson received one of the three women in an exchange with another pimp.

The victims were confined inside a Gatineau area condominium furnished only with a mattress and forced to prostitute. The victims were also transported to hotels and homes to service clients. The victims were subjected to physical abuse and threats and surrendered all their earnings. It has been reported that the women were expected to work eight to 10 hours a day and make CAD1000-2000, all of which went to Ms Emerson. Ms Emerson further exploited the victim’s drug and alcohol dependencies, making them smoke crack, to ensure their compliance.

Two of the victims made a number of attempts to escape but were ultimately caught by Ms Emerson, beaten and then returned to the condominium. Following the arrest of Ms Emerson it was reported that she made threats against them in an attempt to prevent them testifying.","[S1] Ms Emerson forced three young women, two of whom were underage at the time of the offence, into prostitution.
[S2] Some of the victims were lured into the vicinity of a women’s homeless shelter in the National Capital Region while some were recruited at an Ottawa courthouse, although no record of Ms Emerson working at the courthouse could be found.
[S3] It was alleged that Ms Emerson received one of the three women in an exchange with another pimp.
[S4] The victims were confined inside a Gatineau area condominium furnished only with a mattress and forced to prostitute.
[S5] The victims were also transported to hotels and homes to service clients.
[S6] The victims were subjected to physical abuse and threats and surrendered all their earnings.
[S7] It has been reported that the women were expected to work eight to 10 hours a day and make CAD1000-2000, all of which went to Ms Emerson.
[S8] Ms Emerson further exploited the victim’s drug and alcohol dependencies, making them smoke crack, to ensure their compliance.
[S9] Two of the victims made a number of attempts to escape but were ultimately caught by Ms Emerson, beaten and then returned to the condominium.
[S10] Following the arrest of Ms Emerson it was reported that she made threats against them in an attempt to prevent them testifying.",data/raw_html/000962_683958d7fca5.html,845efe70a5733b121951df346e13d0bd24aeae6a00b90fd7bf471bd25f809d00
HRV1-023,23,304,Samaesan,THA011,https://www.unodc.org/cld/case-law-doc/traffickingpersonscrimetype/tha/2013/samaesan.html,Thailand,B,Structured metadata present but narrative support incomplete,"Prior feasibility-audit anchor: child_minor_involvement TYPE_2 (structured_true_narrative_missing): Fact Summary identifies victim ordinals but omits their ages.; sector_of_exploitation TYPE_2 (Other sectors): Fishing-trawler work is explicit, but Other sectors is a catch-all mapping not stated in the text.",1,782,33,sherloc_sentence_splitter_v1,2dedbca7ac9ea5e0d2a5c71db56e2238828b20e730f138781d807422148ecbfe,"All of the victims and some other Myanmar citizens wanted to work in Thailand. They – therefore – contacted a Myanmar middleman, who helped them enter Thailand illegally. In return, each victim had to pay the middleman between 8,500 and 12,000 Baht. The victims were told that they would be working in a food or fruit processing factory. In April 2012, the 1st, 2nd and the 3th victim travelled with Mr. M. T. and the 6th and the 7th victim travelled with Mr. J. T. to Thailand.

In order to get in to Thailand, they had to travel by car, boats as well as on foot. Along the way to the border, the middlemen collected some other Myanmar citizens, who also wanted to go to Thailand for finding a job. Once they arrived at the border, they entered Thailand illegally on foot in Mae Sod District, Tak Province. The 6th and 7th victim travelled together with other 40 Myanmar citizens by several pickup trucks to Bangkok, where they spent a night before they left for a dock in Cholburi Province in the next morning. At the same time, the 1st and 2nd victim and other 71 Myanmar citizens travelled directly to a dock in Chonburi Province by several pickup trucks.

At the Suvit-Jetty in Samaersan Subdistrict, Sattahip District in Chonburi Province, four of the victims (the 1st, 2nd, 6th and the 7th victim) first met the defendant – Mr. Uu Wen or Uu Win or Uu Wong – and were told by the defendant that each of them were sold at 12,500 Baht to him to work in fishing trawlers. In order to pay off this debt, the victims were forced to work in the vessels. Whenever they refused to work, they would be beaten up or they would be threatened to be killed.

The 1st victim had to work in the fishing trawler number 56, which was controlled by skipper Tong Chui. The 2nd victim was sent to the trawler number 12, the 3rd and the 6th and the 7th victim to the trawler number 75, which is controlled by skipper Ga Dong. A fishing expedition took normally 15 – 20 days. During the trip, the victims had to do all the works needed to be done on the trawlers, i.e. spreading out the fishing net on the water, hauling them back in, sorting the catch, storing the fish in the boxes and covering them with ice. In case the victims became too ill to work or did not work fast enough, they would be beaten up or would be harmed with knives or with an electric shocker. All the victims were hence too frightened to escape.

After docking in the port, all nine victims had to sleep in the trawlers, where they were strictly controlled by the defendant or trawler’s skippers. Some of the victims were allowed to sleep in a wood row house near the trawlers, which was under strict control of the defendant and his accomplices.

As the trawler number 12 and 56 docked in June 2012, the 1st and 2nd victim secretly informed Mr. K. T. – the elder brother of the 1st victim and also a relative of the 2nd victim – and asked him for help. Mr. K. T. informed the Department of Special Investigation (DSI) and the “Labor Right Promotion Network Foundation” of the situation of his younger brother and his relative. By prior arrangement with the police, Mr. K. T. negotiated with Mr. Tong Chui and paid 15,000 Baht for the release of the 1st victim.

Later in June 14, 2012, the 2nd victim successfully contacted and asked Mr. K. T. again for help. By prior arrangement with police officer and according to the prior negotiation between Mr. K. T. and the defendant, 15,000 Baht was handed over to the defendant for the release of the 2nd victim. The police could successfully take evidence photographs of the persons involved during the negotiation and the money handover.

After the release of the 2nd victim, the police and officers from DSI (Department of Special Investigation) planned a rescue operation of trafficking victims. On July 26, 2012 the officers got a search and arrest warrant from the court. By this operation the 3th victim and another 11 trafficked victims – including the 4th – 9th victim – were successfully rescued. The defendant was arrested, electric shocking devices were seized.

The 1st, 2nd, 6th and the 7th victim testified in court and informed the court of their situation on the trawlers. The content of their testimonies in court corresponded to the statement of the rest of the victims given to investigating officers and the statements of those given through an interpreter.","[S1] All of the victims and some other Myanmar citizens wanted to work in Thailand.
[S2] They – therefore – contacted a Myanmar middleman, who helped them enter Thailand illegally.
[S3] In return, each victim had to pay the middleman between 8,500 and 12,000 Baht.
[S4] The victims were told that they would be working in a food or fruit processing factory.
[S5] In April 2012, the 1st, 2nd and the 3th victim travelled with Mr. M. T. and the 6th and the 7th victim travelled with Mr. J. T. to Thailand.
[S6] In order to get in to Thailand, they had to travel by car, boats as well as on foot.
[S7] Along the way to the border, the middlemen collected some other Myanmar citizens, who also wanted to go to Thailand for finding a job.
[S8] Once they arrived at the border, they entered Thailand illegally on foot in Mae Sod District, Tak Province.
[S9] The 6th and 7th victim travelled together with other 40 Myanmar citizens by several pickup trucks to Bangkok, where they spent a night before they left for a dock in Cholburi Province in the next morning.
[S10] At the same time, the 1st and 2nd victim and other 71 Myanmar citizens travelled directly to a dock in Chonburi Province by several pickup trucks.
[S11] At the Suvit-Jetty in Samaersan Subdistrict, Sattahip District in Chonburi Province, four of the victims (the 1st, 2nd, 6th and the 7th victim) first met the defendant – Mr. Uu Wen or Uu Win or Uu Wong – and were told by the defendant that each of them were sold at 12,500 Baht to him to work in fishing trawlers.
[S12] In order to pay off this debt, the victims were forced to work in the vessels.
[S13] Whenever they refused to work, they would be beaten up or they would be threatened to be killed.
[S14] The 1st victim had to work in the fishing trawler number 56, which was controlled by skipper Tong Chui.
[S15] The 2nd victim was sent to the trawler number 12, the 3rd and the 6th and the 7th victim to the trawler number 75, which is controlled by skipper Ga Dong.
[S16] A fishing expedition took normally 15 – 20 days.
[S17] During the trip, the victims had to do all the works needed to be done on the trawlers, i.e. spreading out the fishing net on the water, hauling them back in, sorting the catch, storing the fish in the boxes and covering them with ice.
[S18] In case the victims became too ill to work or did not work fast enough, they would be beaten up or would be harmed with knives or with an electric shocker.
[S19] All the victims were hence too frightened to escape.
[S20] After docking in the port, all nine victims had to sleep in the trawlers, where they were strictly controlled by the defendant or trawler’s skippers.
[S21] Some of the victims were allowed to sleep in a wood row house near the trawlers, which was under strict control of the defendant and his accomplices.
[S22] As the trawler number 12 and 56 docked in June 2012, the 1st and 2nd victim secretly informed Mr. K. T. – the elder brother of the 1st victim and also a relative of the 2nd victim – and asked him for help.
[S23] Mr. K. T. informed the Department of Special Investigation (DSI) and the “Labor Right Promotion Network Foundation” of the situation of his younger brother and his relative.
[S24] By prior arrangement with the police, Mr. K. T. negotiated with Mr. Tong Chui and paid 15,000 Baht for the release of the 1st victim.
[S25] Later in June 14, 2012, the 2nd victim successfully contacted and asked Mr. K. T. again for help.
[S26] By prior arrangement with police officer and according to the prior negotiation between Mr. K. T. and the defendant, 15,000 Baht was handed over to the defendant for the release of the 2nd victim.
[S27] The police could successfully take evidence photographs of the persons involved during the negotiation and the money handover.
[S28] After the release of the 2nd victim, the police and officers from DSI (Department of Special Investigation) planned a rescue operation of trafficking victims.
[S29] On July 26, 2012 the officers got a search and arrest warrant from the court.
[S30] By this operation the 3th victim and another 11 trafficked victims – including the 4th – 9th victim – were successfully rescued.
[S31] The defendant was arrested, electric shocking devices were seized.
[S32] The 1st, 2nd, 6th and the 7th victim testified in court and informed the court of their situation on the trawlers.
[S33] The content of their testimonies in court corresponded to the statement of the rest of the victims given to investigating officers and the statements of those given through an interpreter.",data/raw_html/000304_d1cd56b28ae3.html,5c521284f2464efec85dd5f0c175d7ca241d6d2c5d16872261970bf9c1057c30
HRV1-024,24,34,Proc. No. 12809/2019,ITAx035,https://www.unodc.org/cld/case-law-doc/criminalgroupcrimetype/ita/2019/proc._no._128092019.html,Italy,C,Structured metadata missing but narrative informative,Prior feasibility-audit anchor: child_minor_involvement TYPE_1 (sidebar_true_participants_absent); victim_multiplicity TYPE_3 (no_person_section_narrative_multiple): Structured person reference is missing despite explicit plural victims.,1,284,9,sherloc_sentence_splitter_v1,a6cd8a98a886378fddb0d9df988aa4831d9c8d72192aa99b05b31ffc3642d646,"Subject of this case are a series of decisions taken by the Court of preliminary investigations of Palermo and the prosecutor’s office, deciding upon the arrest and detention (or to the prolongation of the detention) of three suspects for the charges of human trafficking, torture, murder, sexual assault, enabling clandestine migration and kidnapping of hundreds of men, women and children in Libya. The three suspects were accused of forming an organized criminal group and using an abandoned military base as an illegal “prison” in Libya, where migrants were forcibly detained, tortured, beaten and abused in order to coerce them or their families into paying a “liberation fee”. If no payment was made, then victims would either be tortured, killed, or sold to other traffickers for the purpose of sexual or labour exploitation. The head of the organization, a Libyan national, was responsible for running the prison and coordinating with different actors of the organization, including taxi drivers and local police officers who would deliver victims to the prison or other traffickers that would sell victims to the organization. The two other suspects, a Guinean and an Egyptian national, worked as armed prison guards, regularly abusing detainees and occasionally torturing and killing them. All suspects arrived irregularly to Italy, together with 56 other migrants who were rescued by an NGO off the Libyan coast. The suspects continuously denied allegations and claimed they were themselves held prisoners in the facility. Six victims, all of which had spent several months detained by the suspects, came forward and recognized them as the one responsible running / working in the illegal prison. Victims also mentioned several other individuals, all male from different nationalities, that were involved in the criminal organization.","[S1] Subject of this case are a series of decisions taken by the Court of preliminary investigations of Palermo and the prosecutor’s office, deciding upon the arrest and detention (or to the prolongation of the detention) of three suspects for the charges of human trafficking, torture, murder, sexual assault, enabling clandestine migration and kidnapping of hundreds of men, women and children in Libya.
[S2] The three suspects were accused of forming an organized criminal group and using an abandoned military base as an illegal “prison” in Libya, where migrants were forcibly detained, tortured, beaten and abused in order to coerce them or their families into paying a “liberation fee”.
[S3] If no payment was made, then victims would either be tortured, killed, or sold to other traffickers for the purpose of sexual or labour exploitation.
[S4] The head of the organization, a Libyan national, was responsible for running the prison and coordinating with different actors of the organization, including taxi drivers and local police officers who would deliver victims to the prison or other traffickers that would sell victims to the organization.
[S5] The two other suspects, a Guinean and an Egyptian national, worked as armed prison guards, regularly abusing detainees and occasionally torturing and killing them.
[S6] All suspects arrived irregularly to Italy, together with 56 other migrants who were rescued by an NGO off the Libyan coast.
[S7] The suspects continuously denied allegations and claimed they were themselves held prisoners in the facility.
[S8] Six victims, all of which had spent several months detained by the suspects, came forward and recognized them as the one responsible running / working in the illegal prison.
[S9] Victims also mentioned several other individuals, all male from different nationalities, that were involved in the criminal organization.",data/raw_html/000034_d3c428ea5020.html,7c01ab5cd091bc569f59b464e94a77990350e476a61c022c422eafa146532565
HRV1-025,25,627,"Ranya Boonmee, Kaew Kongmuang and Manus Boonmee",THA001,https://www.unodc.org/cld/case-law-doc/traffickingpersonscrimetype/tha/2010/ranya_boonmee_kaew_kongmuang_and_manus_boonmee.html,Thailand,B,Structured metadata present but narrative support incomplete,Prior feasibility-audit anchor: form_of_trafficking TYPE_2 (Internal): Myanmar nationality in a Thai factory does not establish an internal trafficking route.,1,110,5,sherloc_sentence_splitter_v1,466f09bf6dd19b0f505b3cb0da0c919b5c6837c54894124b90a360f747984726,"On 16 September 2006, Thai police and immigration authorities raided the Ranya Paew shrimp processing factory in Samut Sakhon, based on information from workers who had escaped from the factory. The factory itself was built with 16-foot-high, barbed-wire capped walls and an internal closed-circuit television. The police found more than 200 workers from Myanmar inside the compound, living in undesirable conditions and forced to work long hours. The normal shift would last about 16 hours. After having interviewed more than 280 workers, police took 63 women and three men to a safe shelter for protection and assistance on the ground that they were victims of trafficking and/or forced labour.","[S1] On 16 September 2006, Thai police and immigration authorities raided the Ranya Paew shrimp processing factory in Samut Sakhon, based on information from workers who had escaped from the factory.
[S2] The factory itself was built with 16-foot-high, barbed-wire capped walls and an internal closed-circuit television.
[S3] The police found more than 200 workers from Myanmar inside the compound, living in undesirable conditions and forced to work long hours.
[S4] The normal shift would last about 16 hours.
[S5] After having interviewed more than 280 workers, police took 63 women and three men to a safe shelter for protection and assistance on the ground that they were victims of trafficking and/or forced labour.",data/raw_html/000627_c131b7499853.html,1006637c62e6ce21b4b6d7a70092dcb413201fa1ac0625f23694e3cb7d69ab13
HRV1-026,26,1515,Case No. 2105/2009,JOR013,https://www.unodc.org/cld/case-law-doc/traffickingpersonscrimetype/jor/case_no._21052009.html,Jordan,D,Narrative genuinely insufficient or abstention candidate,Narrative genuinely insufficient or abstention candidate; outside complete-Legacy-AMP cohort,0,52,3,sherloc_sentence_splitter_v1,60f3fa18fbf19044555b07e955a503371212f108885d048a3986e10924a1b21e,"The defendant travelled to Baghdad, Iraq and sold his kidney for 3000 dollars. He was arrested in Baghdad, as selling an organ for money is prohibited under Articles 10 and 4/c of the Jordanian Law on the Utilization of Human Organs.

The Court sentenced the defendant to one year in prison.","[S1] The defendant travelled to Baghdad, Iraq and sold his kidney for 3000 dollars.
[S2] He was arrested in Baghdad, as selling an organ for money is prohibited under Articles 10 and 4/c of the Jordanian Law on the Utilization of Human Organs.
[S3] The Court sentenced the defendant to one year in prison.",data/raw_html/001515_93e2dc561bc5.html,eb03383a7d837322f123f62740c5089e7c60d817c64c5e323019031c4dab38ef
HRV1-027,27,999,CRIM. CASE NO. Q-05-135363,PHL047,https://www.unodc.org/cld/case-law-doc/traffickingpersonscrimetype/phl/2009/crim._case_no._q-05-135363.html,Philippines,C,Structured metadata missing but narrative informative,Prior feasibility-audit anchor: victim_multiplicity TYPE_3 (no_person_section_narrative_multiple): Structured person reference is missing despite seven explicitly reported victims.,1,190,6,sherloc_sentence_splitter_v1,afef6d3602bfbe33ecbd6b993c3775f964abe65b6f2c7991c721a1e5f1e23d9c,"At around 9:30 o’clock of June 23, 2005, the NBI Special Investigator D.G. briefed operatives of the Anti-Human Trafficking Division of the NBI, namely R.R., N.C., Supervising Agent R.V., Special Investigator R.D., E.V., D.G., P.K. and S.S., on their respective tasks. Specifically, N.C. and R.R. together with the witness D.G. acted as poseur-customers and went to the pedestrian overpass of Aurora Blvd./EDSA, Cahao area to conduct the operation. The group was then approached by the four accused, all identified in an open Court, and were offered sexual services to be performed by young women or minors of their choice. After choosing three women, they closed the deal and signals were given to the other operatives who immediately rounded up the young women and their pimps.

Witness D.G. added that he did not see whether a consideration or money was exchanged for the alleged transaction and had no particular person that they intended to arrest at that time. During the operation four alleged pimps and seven victims were apprehended, some woman, however, were able to escape.","[S1] At around 9:30 o’clock of June 23, 2005, the NBI Special Investigator D.G. briefed operatives of the Anti-Human Trafficking Division of the NBI, namely R.R., N.C., Supervising Agent R.V., Special Investigator R.D., E.V., D.G., P.K. and S.S., on their respective tasks.
[S2] Specifically, N.C. and R.R. together with the witness D.G. acted as poseur-customers and went to the pedestrian overpass of Aurora Blvd./EDSA, Cahao area to conduct the operation.
[S3] The group was then approached by the four accused, all identified in an open Court, and were offered sexual services to be performed by young women or minors of their choice.
[S4] After choosing three women, they closed the deal and signals were given to the other operatives who immediately rounded up the young women and their pimps.
[S5] Witness D.G. added that he did not see whether a consideration or money was exchanged for the alleged transaction and had no particular person that they intended to arrest at that time.
[S6] During the operation four alleged pimps and seven victims were apprehended, some woman, however, were able to escape.",data/raw_html/000999_394d457fbc8b.html,83dea5fa9696154bc4761508c7171dac033c6623a753f39b80e4650377b724f8
HRV1-028,28,474,ACR 200850010049016ES,BRA126,https://www.unodc.org/cld/case-law-doc/traffickingpersonscrimetype/bra/2011/acr_200850010049016es.html,Brazil,D,Narrative genuinely insufficient or abstention candidate,Narrative genuinely insufficient or abstention candidate; outside complete-Legacy-AMP cohort,0,51,2,sherloc_sentence_splitter_v1,c5e483cf3f3d47f79166deee6a299381a333fc044a5a315964909568b8a8ea1d,"The defendant was convicted to three years and six months of imprisonment for international trafficking of people for sexual exploitation.
The Appellate Court reduced the sentence of imprisonment stating that in order to consider the personality of the defendant as an aggravating circumstance, a deep psychological exam needs to be conducted.","[S1] The defendant was convicted to three years and six months of imprisonment for international trafficking of people for sexual exploitation.
[S2] The Appellate Court reduced the sentence of imprisonment stating that in order to consider the personality of the defendant as an aggravating circumstance, a deep psychological exam needs to be conducted.",data/raw_html/000474_12e0b6aebd05.html,29dda91ac71eed154677254e7706e9c40cd284f04e83caede519be296de6bcb0
HRV1-029,29,1462,United States v. Alex Mishulovich,USA100,https://www.unodc.org/cld/case-law-doc/traffickingpersonscrimetype/usa/1999/united_states_v._alex_mishulovich.html,United States of America,E,Rare or challenge cases,Prior feasibility-audit anchor: child_minor_involvement TYPE_2 (structured_narrative_conflict): Structured Age 12 directly conflicts with narrative age 23.,1,228,11,sherloc_sentence_splitter_v1,f79302885d51332adc13199b3d5287a0342459924e09e07e02e54fcb9cafd4f3,"One of the victims, L., was 23 and working as a marketing manager in Riga, Latvia, when Defendant Mishulovich approached her and offered her to work in the US as a bikini dancer. The initial arrangement was that she would be splitting her earnings evenly with Mishulovich. In fact, when she arrived and began working at a strip club, she would earn often several hundred dollars a night, but she would be allowed to keep only as little as $20. Other women were in the same situation as her and many were prostituted while at the stripclub. In addition to confiscating money, Mishulovich kept the women from leaving through tactics including confiscation of identity documents, physical violence, threats and threats against family members. They initially lived in one apartment in Chicago, which they could leave only under strict restrictions. Later, however, they were moved into Mishulovich's apartment which they were not permitted to leave for reasons other than going to work. In his apartment, the women were often forced to do household chores. L. told Mishulovich that she wanted to leave, but he became so agitated that she, fearful for her safety, told him she changed her mind. To cope with their situation, the women resorted to alcohol. L.'s freedom was eventually bought for $5000 and a watch by a man she met at the strip club.","[S1] One of the victims, L., was 23 and working as a marketing manager in Riga, Latvia, when Defendant Mishulovich approached her and offered her to work in the US as a bikini dancer.
[S2] The initial arrangement was that she would be splitting her earnings evenly with Mishulovich.
[S3] In fact, when she arrived and began working at a strip club, she would earn often several hundred dollars a night, but she would be allowed to keep only as little as $20.
[S4] Other women were in the same situation as her and many were prostituted while at the stripclub.
[S5] In addition to confiscating money, Mishulovich kept the women from leaving through tactics including confiscation of identity documents, physical violence, threats and threats against family members.
[S6] They initially lived in one apartment in Chicago, which they could leave only under strict restrictions.
[S7] Later, however, they were moved into Mishulovich's apartment which they were not permitted to leave for reasons other than going to work.
[S8] In his apartment, the women were often forced to do household chores.
[S9] L. told Mishulovich that she wanted to leave, but he became so agitated that she, fearful for her safety, told him she changed her mind.
[S10] To cope with their situation, the women resorted to alcohol.
[S11] L.'s freedom was eventually bought for $5000 and a watch by a man she met at the strip club.",data/raw_html/001462_7c584594f59e.html,1cfc2e090c588be2116af830707684424b4e07fd5bec6b94d018e7b610a7ca87
HRV1-030,30,509,Case N 2338,ARG040,https://www.unodc.org/cld/case-law-doc/traffickingpersonscrimetype/arg/2011/case_n_2338.html,Argentina,C,Structured metadata missing but narrative informative,Prior feasibility-audit anchor: child_minor_involvement TYPE_3 (narrative_false_grouped),1,294,7,sherloc_sentence_splitter_v1,e16b806e9f93f2b7cd95eaea8e98c3f513132067a6b13d619833ef7e2c0904a2,"As a result of a complaint filed with the National Migration Office of Mar del Plata, the authorities realized a list of addresses in which foreign citizens could be found sexually exploited.

The authorities found that the house located on the street Berutti N 3574, is a brothel where most of the women were foreign and sexually exploited and the males pay for their services.

In addition, the brothel published telephone numbers to contact the women and a website where the costumer can watch the pictures of the victims like products offering sex.

It was proved that the respondent received and welcomed the victims at brothel: 1) prior to August 27, 2008 to M.E.E., E.S.C.A., E.R.O., C.C., O.E., all women are adults and from Paraguay, and V.M.R. and C.M.P., also adults and from Argentina; 2) prior to September 5, 2008 to G.P.P., N.F.B., T.M.V., all women are adults and from Paraguay; and G.E. and M.R.R., both adults and from Argentina; and 3) prior to September 23, 2008 to L.N.C., R.B.C.A., Z.C.F.C. all adults and from Paraguay, showing in all the cases abuse of the victims vulnerability and sexual exploitation by gaining economic advantage.

During the process, the victims explained how the brothel worked and the manner in which the respondents retained part of their payment and a compensation to cancel the victim’s rental and personal expenses.

Also, the investigation showed the different roles assumed by the respondents to carry out the illegal exploitation. They knew the vulnerable situation in which the victims lived and need the money to pay the expenses of their children.","[S1] As a result of a complaint filed with the National Migration Office of Mar del Plata, the authorities realized a list of addresses in which foreign citizens could be found sexually exploited.
[S2] The authorities found that the house located on the street Berutti N 3574, is a brothel where most of the women were foreign and sexually exploited and the males pay for their services.
[S3] In addition, the brothel published telephone numbers to contact the women and a website where the costumer can watch the pictures of the victims like products offering sex.
[S4] It was proved that the respondent received and welcomed the victims at brothel: 1) prior to August 27, 2008 to M.E.E., E.S.C.A., E.R.O., C.C., O.E., all women are adults and from Paraguay, and V.M.R. and C.M.P., also adults and from Argentina; 2) prior to September 5, 2008 to G.P.P., N.F.B., T.M.V., all women are adults and from Paraguay; and G.E. and M.R.R., both adults and from Argentina; and 3) prior to September 23, 2008 to L.N.C., R.B.C.A., Z.C.F.C. all adults and from Paraguay, showing in all the cases abuse of the victims vulnerability and sexual exploitation by gaining economic advantage.
[S5] During the process, the victims explained how the brothel worked and the manner in which the respondents retained part of their payment and a compensation to cancel the victim’s rental and personal expenses.
[S6] Also, the investigation showed the different roles assumed by the respondents to carry out the illegal exploitation.
[S7] They knew the vulnerable situation in which the victims lived and need the money to pay the expenses of their children.",data/raw_html/000509_66e738a1fd5c.html,d62fb8782120e4c065836dce1e24f1465e004ce4e7839697997ec2112bfc02e2
HRV1-031,31,546,Case no B 87-11,SWE014,https://www.unodc.org/cld/case-law-doc/traffickingpersonscrimetype/swe/2011/case_no_b_87-11.html,Sweden,B,Structured metadata present but narrative support incomplete,Prior feasibility-audit anchor: child_minor_involvement TYPE_2 (hedged_age): Likely is not a definitive age finding and the narrative omits age.,1,237,14,sherloc_sentence_splitter_v1,112cd12c00c336f4d3f1f9fef749c518f4367c0c3f2d6d0690cc99d328069fbf,"Two women from Cameroon were convicted in the District Court to six and two years in prison for human trafficking and procuring. The Svea Court of Appeal made the same assessment. The Defendants had been using voodoo to frighten a dozen African women into prostitution through voodoo rituals. Medicine Men had used ancient curses, slaughtered animals and drums. The women had to take an oath to reimburse travel costs for tens of thousands of euros. Medicine men also stated that they would die for example if the amount was not repaid and the women were reported.

The district court found that prostitution, which has been marketed over the Internet, generating large revenues primarily to one woman, Defendant 1. The circumstances were considered to be comparable with the repeated rape of a deprived victim. One of the women sentenced to prison for six years. The other woman has been exposed to some pressure and she was therefore sentenced to prison for two years. Her involvement has also been restricted to phone calls and some contribution to the organization.

Two of the most vulnerable women were entitled to damages of SEK 300,000 each, according to the District Court of Stockholm. However, the Svea Court of Appeal modified the district court's judgment only by determining the damages to the women to SEK 250,000 each.

At the main hearing (Sw:huvudförhandling) has been interpreted to and from five languages.","[S1] Two women from Cameroon were convicted in the District Court to six and two years in prison for human trafficking and procuring.
[S2] The Svea Court of Appeal made the same assessment.
[S3] The Defendants had been using voodoo to frighten a dozen African women into prostitution through voodoo rituals.
[S4] Medicine Men had used ancient curses, slaughtered animals and drums.
[S5] The women had to take an oath to reimburse travel costs for tens of thousands of euros.
[S6] Medicine men also stated that they would die for example if the amount was not repaid and the women were reported.
[S7] The district court found that prostitution, which has been marketed over the Internet, generating large revenues primarily to one woman, Defendant 1.
[S8] The circumstances were considered to be comparable with the repeated rape of a deprived victim.
[S9] One of the women sentenced to prison for six years.
[S10] The other woman has been exposed to some pressure and she was therefore sentenced to prison for two years.
[S11] Her involvement has also been restricted to phone calls and some contribution to the organization.
[S12] Two of the most vulnerable women were entitled to damages of SEK 300,000 each, according to the District Court of Stockholm.
[S13] However, the Svea Court of Appeal modified the district court's judgment only by determining the damages to the women to SEK 250,000 each.
[S14] At the main hearing (Sw:huvudförhandling) has been interpreted to and from five languages.",data/raw_html/000546_fcc0e11a0166.html,3dbd8c909b3f22c04e7ea2651ece3752fee51968021bcd368f8223d11beb1172
HRV1-032,32,1111,P. & S.,KHM001,https://www.unodc.org/cld/case-law-doc/traffickingpersonscrimetype/khm/2008/p._s..html,Cambodia,A,Representative clean cases,Prior feasibility-audit anchor: victim_multiplicity TYPE_1 (one_record_apparent_single),1,256,12,sherloc_sentence_splitter_v1,c6127c0672d19f0b5155cd3ab9534bb784de54508d8d06222022c47ee5ab6c50,"In 2006, Mr P. and Mrs S, a married couple that owned a brothel, persuaded a 17-year-old girl, Ms M., to engage in prostitution in return for USD 100 per month. Ms M. was led to believe that no-one would be willing to marry her as she had lost her virginity to her boyfriend. Moreover, she thought that her mother would not accept her returning home and that she would not find any other livelihood or support.

Ms M. was required to service clients every day and the couple managed all the money received. The clients would pay Ms M. USD 2.50 if she serviced them in the brothel and between USD 20-30 if she went out with them. Ms M. never received the USD 100 monthly wage as promised. The couple told her that she would not receive the money because she had returned to the brothel late after being out with a client. Ms M. was often threatened by the couple if she refused to service clients.

The case was uncovered when the police searched the guesthouse (which operated as the brothel) on the suspicion that it was being used for drug trafficking. The police found a number of sex workers, including Ms M., who were told to return home. Ms M. did so and managed to live a normal life with her family, however, the couple later found her and forced her to once again work as a prostitute. Ms M. refused to continue working and the couple threatened to kill her.","[S1] In 2006, Mr P. and Mrs S, a married couple that owned a brothel, persuaded a 17-year-old girl, Ms M., to engage in prostitution in return for USD 100 per month.
[S2] Ms M. was led to believe that no-one would be willing to marry her as she had lost her virginity to her boyfriend.
[S3] Moreover, she thought that her mother would not accept her returning home and that she would not find any other livelihood or support.
[S4] Ms M. was required to service clients every day and the couple managed all the money received.
[S5] The clients would pay Ms M. USD 2.50 if she serviced them in the brothel and between USD 20-30 if she went out with them.
[S6] Ms M. never received the USD 100 monthly wage as promised.
[S7] The couple told her that she would not receive the money because she had returned to the brothel late after being out with a client.
[S8] Ms M. was often threatened by the couple if she refused to service clients.
[S9] The case was uncovered when the police searched the guesthouse (which operated as the brothel) on the suspicion that it was being used for drug trafficking.
[S10] The police found a number of sex workers, including Ms M., who were told to return home.
[S11] Ms M. did so and managed to live a normal life with her family, however, the couple later found her and forced her to once again work as a prostitute.
[S12] Ms M. refused to continue working and the couple threatened to kill her.",data/raw_html/001111_f6a1c92718b8.html,0e9877ebbe59ca6b841d6ddf9100f89f2052805fbb53f1caebd9cc01b76147de
HRV1-033,33,375,Case no B 6114-11,SWE015,https://www.unodc.org/cld/case-law-doc/criminalgroupcrimetype/swe/2012/case_no_b_6114-11.html,Sweden,A,Representative clean cases,Prior feasibility-audit anchor: form_of_trafficking TYPE_1 (Transnational + Organized Criminal Group),1,365,17,sherloc_sentence_splitter_v1,9107adbea9960516e4cea78f599d4a37779663f41e2e11b9054fb20619efaaf0,"During the period from November 2010 to February Victim 5, 8, 7 and three other women were in Stockholm and sold sexual services. The women were recruited by Defendant 1 and 2 in Lithuania except for Victim 7 who was picked up in Norway by Defendant 1, 2 and 3. Defendant 3 was in charge of the procuring activities in Stockholm during this period. Income from the activities was transferred to Lithuania.

During the period from March 2011 to April 2011 Victims 9, 7, 6, 4, 2 and one other woman were in Stockholm and sold sexual services. They were recruited in Lithuania. Defendants 3 and 4 were in charge of the procuring activities at different times and income from the activities was transferred to Lithuania.

During the period from June 2011 to August 2011 the Defendants 1, 2 and three and two other women were in Stockholm and sold sexual services. Defendants 3, 5 and another man were in charge of the procuring activities at different times and income from the activities was sent to Lithuania.

Defendants 1-6, all Lithuanian, were part of an organized network and involved in the recruitment and transport of women to Sweden in order to exploit them in prostitution. The activity involved at least 16 women and included elements of improper means. Some of the women were recklessly exploited economically and the situation was similar to Human Trafficking for several of the women.

Defendant 1 recruited and deceived Victim 1 by promising her money for the prostitution in Sweden, that she never received. Victim 1 was young and was pressured by Defendant 1 with the purpose to exploit in prostitution.

Victim 1 did not speak Swedish or English and was in a weak position in relation to Defendant 1 and 2, she did not have any influence on where and how she stayed, the number of clients she had, the price of the services, at what time she would work and was very rarely left by herself. Defendant 1 was clearly in control of Victim 1 and was convicted of Human Trafficking. Defendant 2 did not have a decisive influence over Victim 1 and was convicted of Gross Procuring.","[S1] During the period from November 2010 to February Victim 5, 8, 7 and three other women were in Stockholm and sold sexual services.
[S2] The women were recruited by Defendant 1 and 2 in Lithuania except for Victim 7 who was picked up in Norway by Defendant 1, 2 and 3.
[S3] Defendant 3 was in charge of the procuring activities in Stockholm during this period.
[S4] Income from the activities was transferred to Lithuania.
[S5] During the period from March 2011 to April 2011 Victims 9, 7, 6, 4, 2 and one other woman were in Stockholm and sold sexual services.
[S6] They were recruited in Lithuania.
[S7] Defendants 3 and 4 were in charge of the procuring activities at different times and income from the activities was transferred to Lithuania.
[S8] During the period from June 2011 to August 2011 the Defendants 1, 2 and three and two other women were in Stockholm and sold sexual services.
[S9] Defendants 3, 5 and another man were in charge of the procuring activities at different times and income from the activities was sent to Lithuania.
[S10] Defendants 1-6, all Lithuanian, were part of an organized network and involved in the recruitment and transport of women to Sweden in order to exploit them in prostitution.
[S11] The activity involved at least 16 women and included elements of improper means.
[S12] Some of the women were recklessly exploited economically and the situation was similar to Human Trafficking for several of the women.
[S13] Defendant 1 recruited and deceived Victim 1 by promising her money for the prostitution in Sweden, that she never received.
[S14] Victim 1 was young and was pressured by Defendant 1 with the purpose to exploit in prostitution.
[S15] Victim 1 did not speak Swedish or English and was in a weak position in relation to Defendant 1 and 2, she did not have any influence on where and how she stayed, the number of clients she had, the price of the services, at what time she would work and was very rarely left by herself.
[S16] Defendant 1 was clearly in control of Victim 1 and was convicted of Human Trafficking.
[S17] Defendant 2 did not have a decisive influence over Victim 1 and was convicted of Gross Procuring.",data/raw_html/000375_d42a3bd48079.html,29ab8c5f9bbdc79ca117c0711580e4a225a0f7a74e22a7e49535a8877d711816
HRV1-034,34,262,Case NO.CBU-91076,PHL067,https://www.unodc.org/cld/case-law-doc/traffickingpersonscrimetype/phl/2013/case_no.cbu-91076.html,Philippines,B,Structured metadata present but narrative support incomplete,Prior feasibility-audit anchor: form_of_trafficking TYPE_2 (Internal): No origin or trafficking movement is stated; a local rescue operation alone does not prove Internal.,1,351,14,sherloc_sentence_splitter_v1,0aa2751fdc287bcd807748509655c7a5c36ae20883a7aba005b35e33961029f5,"The evidence compiled during the investigation shows that the Regional Anti-Human Trafficking Task Force 7 was alerted to a potential case of trafficking in persons at the establishment known as Gate 3 in Cebu City. The Task Force assigned two police officers to the investigation, and put the place under surveillance.

On the evening of November 25th, police agents went to Gate 3 as part of an undercover mission. The agents posed as customers interested in paying for the sexual services of two girls. They where received by one of the defendants, L.V. Later on, they met Val Martin (another defendant in this case) and discussed the price of the sexual services provided by the girls who accompanied him. A third defendant (S.V.) led the agents, to a ‘display room’ and pressed a button to alert the girls of the arrival of customers. The two police officers chose two of the girls, took them to a karaoke, invited them to dinner and drinks and tried to extract some information about Gate 3 from them by having a distended conversation. The two girls admitted that Gate 3 was a prostitution den, that they had sex with clients in exchange for money and that Val Martin was the “manager” of the place. The agents then reported this information to Police Inspector M.T.M., who resolved to conduct an entrapment operation at Gate 3, on December 3rd 2010.

The two police officers were designated as decoys, and were provided with fluorescent dusted money in order to pay for the girls. Once inside Gate 3, the police officers chose three girls and handed 7,500.00 pesos to M.D. (a fourth defendant), who in turn gave them to Val Martin. One of the police decoys alerted the arresting team, and the members of the task force along with the DSWD personnel rushed in and arrested Val Martin and M.D., who where taken to de PNP Crime Laboratory to be examined for the presence of fluorescent powder on their hands. The 34 rescued girls where placed in the custody of DSWD.","[S1] The evidence compiled during the investigation shows that the Regional Anti-Human Trafficking Task Force 7 was alerted to a potential case of trafficking in persons at the establishment known as Gate 3 in Cebu City.
[S2] The Task Force assigned two police officers to the investigation, and put the place under surveillance.
[S3] On the evening of November 25th, police agents went to Gate 3 as part of an undercover mission.
[S4] The agents posed as customers interested in paying for the sexual services of two girls.
[S5] They where received by one of the defendants, L.V.
[S6] Later on, they met Val Martin (another defendant in this case) and discussed the price of the sexual services provided by the girls who accompanied him.
[S7] A third defendant (S.V.) led the agents, to a ‘display room’ and pressed a button to alert the girls of the arrival of customers.
[S8] The two police officers chose two of the girls, took them to a karaoke, invited them to dinner and drinks and tried to extract some information about Gate 3 from them by having a distended conversation.
[S9] The two girls admitted that Gate 3 was a prostitution den, that they had sex with clients in exchange for money and that Val Martin was the “manager” of the place.
[S10] The agents then reported this information to Police Inspector M.T.M., who resolved to conduct an entrapment operation at Gate 3, on December 3rd 2010.
[S11] The two police officers were designated as decoys, and were provided with fluorescent dusted money in order to pay for the girls.
[S12] Once inside Gate 3, the police officers chose three girls and handed 7,500.00 pesos to M.D. (a fourth defendant), who in turn gave them to Val Martin.
[S13] One of the police decoys alerted the arresting team, and the members of the task force along with the DSWD personnel rushed in and arrested Val Martin and M.D., who where taken to de PNP Crime Laboratory to be examined for the presence of fluorescent powder on their hands.
[S14] The 34 rescued girls where placed in the custody of DSWD.",data/raw_html/000262_a2ff734e5cf7.html,5912554147d9a7a54204afac5d7474d8f393dc9fcf0bce904ab7a12dc78ee388
HRV1-035,35,468,KO R 11/1073,FIN007,https://www.unodc.org/cld/case-law-doc/traffickingpersonscrimetype/fin/2011/ko_r_111073.html,Finland,E,Rare or challenge cases,Prior feasibility-audit anchor: victim_multiplicity TYPE_2 (multiple_records_exact_duplicate_false_multiple): Duplicate source records conflict with a consistently singular case narrative.,1,196,8,sherloc_sentence_splitter_v1,912e07549a5c2f5928007bab120b36e8949ae758c10df0283eff30b51c71dc91,"The defendant, a 21 year old woman, had threatened the victim, hence gaining authority over her, which resulted in the woman accepting to offer sexual services in return for compensation. The victim had provided approximately 100 clients with sexual services resulting in a profit of approximately EUR 15,000. This profit was withheld by the defendant, while the plaintiff only received food, alcohol and tobacco as compensation for her services from the defendant.

The aggravated human trafficking of the plaintiff took place between 1 September 2008 and 27 April 2009, the menace between 25 December 2009 and 30 December 2009 and the criminal damage between 28 December 2009 and 30 December 2009. The defendant denied all allegations.

The minimum sentence of imprisonment for aggravated trafficking of human beings is two years imprisonment while the maximum is ten years. The defendant was sentenced to two years and six months for the above mentioned crimes.

The judgment does not include any additional information regarding aggravated trafficking of human beings or the other case specific details as the judgment was declared confidential for 60 years (Act on the Publicity of Court Proceedings in General Courts Sections 25 and 26).","[S1] The defendant, a 21 year old woman, had threatened the victim, hence gaining authority over her, which resulted in the woman accepting to offer sexual services in return for compensation.
[S2] The victim had provided approximately 100 clients with sexual services resulting in a profit of approximately EUR 15,000.
[S3] This profit was withheld by the defendant, while the plaintiff only received food, alcohol and tobacco as compensation for her services from the defendant.
[S4] The aggravated human trafficking of the plaintiff took place between 1 September 2008 and 27 April 2009, the menace between 25 December 2009 and 30 December 2009 and the criminal damage between 28 December 2009 and 30 December 2009.
[S5] The defendant denied all allegations.
[S6] The minimum sentence of imprisonment for aggravated trafficking of human beings is two years imprisonment while the maximum is ten years.
[S7] The defendant was sentenced to two years and six months for the above mentioned crimes.
[S8] The judgment does not include any additional information regarding aggravated trafficking of human beings or the other case specific details as the judgment was declared confidential for 60 years (Act on the Publicity of Court Proceedings in General Courts Sections 25 and 26).",data/raw_html/000468_55784eff91cf.html,49c629a947d7b59bbc83e45768202052aa6ee1d5747783f4a53556a0c31e55e3
HRV1-036,36,1399,United States v. Tong Xiong,USA088,https://www.unodc.org/cld/case-law-doc/traffickingpersonscrimetype/usa/2003/united_states_v._tong_xiong.html,United States of America,C,Structured metadata missing but narrative informative,Prior feasibility-audit anchor: child_minor_involvement TYPE_3 (narrative_true_age_missing),1,72,3,sherloc_sentence_splitter_v1,673a7f903589d52cad1487d761f9a636840c7cf953860a06f0b24e4d3799c092,"Five men were involved in a sex trafficking ring that forced at least 2 underage girls to prostitute themselves at hotels and in private homes in the Twin Cities area. The defendants Tong Xiong and Aliak Thor both pleaded guilty to sex trafficking of a minor, and conspiracy to commit sex trafficking of a minor, respectively. Tong Xiong’s was sentenced to 97 months imprisonment; Aliak Thor’s was sentenced to 60 months imprisonment.","[S1] Five men were involved in a sex trafficking ring that forced at least 2 underage girls to prostitute themselves at hotels and in private homes in the Twin Cities area.
[S2] The defendants Tong Xiong and Aliak Thor both pleaded guilty to sex trafficking of a minor, and conspiracy to commit sex trafficking of a minor, respectively.
[S3] Tong Xiong’s was sentenced to 97 months imprisonment; Aliak Thor’s was sentenced to 60 months imprisonment.",data/raw_html/001399_28aa064a9f32.html,0560825b796ea0ac411b008a7337d40e8592cdb22966bfff019fad3de42437b5
HRV1-037,37,409,Case No B 16821-11,SWE028,https://www.unodc.org/cld/case-law-doc/traffickingpersonscrimetype/swe/2012/case_no_b_16821-11.html,Sweden,C,Structured metadata missing but narrative informative,Prior feasibility-audit anchor: form_of_trafficking TYPE_3 (missing): The phrase transported to Sweden suggests but does not state the origin country.,1,52,3,sherloc_sentence_splitter_v1,115c83fb4c5123c6e59a1d562aaef48569a85ca5e56b6c45c6705a756157ccfb,"The defendant 1 transported one of the victims to Sweden; the other victims had already been in Sweden. The victims stayed in the defendant’s apartment for a few nights. The victims were told that they would get normal jobs through the defendants, but upon arrival to Sweden they were forced to steal.","[S1] The defendant 1 transported one of the victims to Sweden; the other victims had already been in Sweden.
[S2] The victims stayed in the defendant’s apartment for a few nights.
[S3] The victims were told that they would get normal jobs through the defendants, but upon arrival to Sweden they were forced to steal.",data/raw_html/000409_c6888778d791.html,a3db484e0578822978e2e3649ba68e5dbea8560d1f8101b1709ec9581fb1434a
HRV1-038,38,86,JUGEMENT N° 362/016,NER001,https://www.unodc.org/cld/case-law-doc/migrantsmugglingcrimetype/ner/2017/jugement_n_362016.html,Niger,B,Structured metadata present but narrative support incomplete,Prior feasibility-audit anchor: victim_multiplicity TYPE_2 (migrants_heading_cross_classification): The page is framed as migrant smuggling and calls migrants victims; trafficking-victim membership is unclear.,1,585,22,sherloc_sentence_splitter_v1,d2322b1c7d185837226af9104d331044224e994423566c66ad27f5a95df139f0,"On 12/07/2016 the public prosecutor office instructed the Agadez police to investigate alleged acts of smuggling of migrants against Tekue Nerve and Sidi Dilla.

Statements of the victims

One of the victims, N, declared that he had left Cameroon to go to Algeria, and had met Tekue Herve at Kano/ Nigeria. Tekue told him that he knew the route well, so N gave him the sum of 150,000 CFA francs to take him along. He thus travelled to Agadez, together with eight girls who were also with Tekue Herve. N also added that Tekue had a dispute with the driver, and had to call Sidi Dille to bring him the sum of 170,000 CFA francs to pay to the driver. Tekue Herve continued to Algeria with six girls, left N and two other girls with Sidi Dille, and promised to send them the transport fees to join him in Oran within four days.

N added that three weeks later, tired of waiting for Tekue Herve's promise, the two girls continued to Algeria leaving him alone at Sidi's house, waging their hair wicks for a sum of money, on condition that they will repay it once they arrive to destination.

N claimed that he asked Sidi Dilla to buy building materials to decorate his house, while the two other girls were doing household work.

N concluded by stating that after spending more than two months at his home, Sidi Dilla threw him out, N arrived to a train station “RIMBO” where he had finally met Tekue Herve.

Heard also as victims, B, K and P, all Cameroonian nationals, declared that they had been picked up by Sidi Dilla, for whom, they carried out various tasks against getting a roof and food.

B said that it was also Sidi Dilla who had paid his transportation fees between Tahoua- Agadez (the sum of 20,000 FGFA); which he paid back by working on his construction site for about ten days.

Statements of the accused

Tekue Herve stated that he had met six of his Cameroonian compatriots in Kano, and they had asked him to take them to Algeria since he knew the way, without financial compensation or any other advantage. He added that he had taken the sum of 130,000 FCFA from N to give the driver as a fee of their transport between Kano-Zinder. He indicated that when they arrived to Agadez, having no more money to pay the driver, he called Sidi Dilla who brought him the sum of 170,000 FCFA to pay transport costs.

Sidi Dilla confirmed the statements of his co-accused as to the circumstances of their meeting. He indicated that Tekue Herve had continued to Algeria the same day, entrusting him with N and two other girls and promising to send him his money, as well as the transport costs of those people, upon his arrival to the Maghreb. He added that, having heard nothing more from Tekue Nerve, the two girls borrowed money from him to continue to Algeria, leaving Brazilian hair wicks as a wage. He added that tired of supporting N, he threw him out of his house, and that N went to the RIMBO Transport station, where he met Tekue Herve.

Sidi Dilla admitted hiring migrants several times, including the aforementioned victims from the station RIMBO transport, to work on his construction site. He pointed out that he preferred them to local workforce because they were a labour force at a lower cost.","[S1] On 12/07/2016 the public prosecutor office instructed the Agadez police to investigate alleged acts of smuggling of migrants against Tekue Nerve and Sidi Dilla.
[S2] Statements of the victims
[S3] One of the victims, N, declared that he had left Cameroon to go to Algeria, and had met Tekue Herve at Kano/ Nigeria.
[S4] Tekue told him that he knew the route well, so N gave him the sum of 150,000 CFA francs to take him along.
[S5] He thus travelled to Agadez, together with eight girls who were also with Tekue Herve.
[S6] N also added that Tekue had a dispute with the driver, and had to call Sidi Dille to bring him the sum of 170,000 CFA francs to pay to the driver.
[S7] Tekue Herve continued to Algeria with six girls, left N and two other girls with Sidi Dille, and promised to send them the transport fees to join him in Oran within four days.
[S8] N added that three weeks later, tired of waiting for Tekue Herve's promise, the two girls continued to Algeria leaving him alone at Sidi's house, waging their hair wicks for a sum of money, on condition that they will repay it once they arrive to destination.
[S9] N claimed that he asked Sidi Dilla to buy building materials to decorate his house, while the two other girls were doing household work.
[S10] N concluded by stating that after spending more than two months at his home, Sidi Dilla threw him out, N arrived to a train station “RIMBO” where he had finally met Tekue Herve.
[S11] Heard also as victims, B, K and P, all Cameroonian nationals, declared that they had been picked up by Sidi Dilla, for whom, they carried out various tasks against getting a roof and food.
[S12] B said that it was also Sidi Dilla who had paid his transportation fees between Tahoua- Agadez (the sum of 20,000 FGFA); which he paid back by working on his construction site for about ten days.
[S13] Statements of the accused
[S14] Tekue Herve stated that he had met six of his Cameroonian compatriots in Kano, and they had asked him to take them to Algeria since he knew the way, without financial compensation or any other advantage.
[S15] He added that he had taken the sum of 130,000 FCFA from N to give the driver as a fee of their transport between Kano-Zinder.
[S16] He indicated that when they arrived to Agadez, having no more money to pay the driver, he called Sidi Dilla who brought him the sum of 170,000 FCFA to pay transport costs.
[S17] Sidi Dilla confirmed the statements of his co-accused as to the circumstances of their meeting.
[S18] He indicated that Tekue Herve had continued to Algeria the same day, entrusting him with N and two other girls and promising to send him his money, as well as the transport costs of those people, upon his arrival to the Maghreb.
[S19] He added that, having heard nothing more from Tekue Nerve, the two girls borrowed money from him to continue to Algeria, leaving Brazilian hair wicks as a wage.
[S20] He added that tired of supporting N, he threw him out of his house, and that N went to the RIMBO Transport station, where he met Tekue Herve.
[S21] Sidi Dilla admitted hiring migrants several times, including the aforementioned victims from the station RIMBO transport, to work on his construction site.
[S22] He pointed out that he preferred them to local workforce because they were a labour force at a lower cost.",data/raw_html/000086_7c0f6d07ff60.html,43d06fcb1ccabda22db63e932180dc5d9387fcdc99cebbd0e90e1e2acde36609
HRV1-039,39,123,N°660001-62-66-001-2011-00021-00 (AC-233-15),COL037,https://www.unodc.org/cld/case-law-doc/traffickingpersonscrimetype/col/2016/n660001-62-66-001-2011-00021-00_ac-233-15.html,Colombia,A,Representative clean cases,Prior feasibility-audit anchor: form_of_trafficking TYPE_1 (Transnational + Organized Criminal Group),1,156,3,sherloc_sentence_splitter_v1,726d61542e039c14c662c8d093e1b73d6c22a42d95e94dc6ce0ace786cf16a09,"Ms. Exmisilbana Calle Collazos was part of a criminal organization that transferred young women with a prototype of special physique and of scarce economic resources from Colombia to Panama, China and Singapore with the purpose of exploiting them in the modality of prostitution, restricting their freedom through different means as threats against their lives; and forcing them to provide sexual services in long working hours without social benefits or protection for their health and integrity, thus obtaining an illicit economic benefit.

Calle Collazos received money from abroad through payroll deductions posted by her victims, she captured 2 women who were subjected to a casual exploitation in the city of Hong Kong under the pretext that they had to pay the debt acquired by the costs of the transfer that in the end was unpayable .

Given that the sentence of the referenced file comes from an appeal there are no more details of the act of condemnation.","[S1] Ms. Exmisilbana Calle Collazos was part of a criminal organization that transferred young women with a prototype of special physique and of scarce economic resources from Colombia to Panama, China and Singapore with the purpose of exploiting them in the modality of prostitution, restricting their freedom through different means as threats against their lives; and forcing them to provide sexual services in long working hours without social benefits or protection for their health and integrity, thus obtaining an illicit economic benefit.
[S2] Calle Collazos received money from abroad through payroll deductions posted by her victims, she captured 2 women who were subjected to a casual exploitation in the city of Hong Kong under the pretext that they had to pay the debt acquired by the costs of the transfer that in the end was unpayable .
[S3] Given that the sentence of the referenced file comes from an appeal there are no more details of the act of condemnation.",data/raw_html/000123_4e98cc1ca7d1.html,e31afdbcbef05a8f08fffaf47835d520337b37064bee6d6d9c6740506d5bd3a6
HRV1-040,40,52,17/03852,NLDx005,https://www.unodc.org/cld/case-law-doc/moneylaunderingcrimetype/nld/2018/1703852.html,Netherlands (Kingdom of the),B,Structured metadata present but narrative support incomplete,Prior feasibility-audit anchor: child_minor_involvement TYPE_2 (sidebar_true_narrative_missing): Young age is vague and refers to a co-defendant who was formerly trafficked; victim ages are absent.; victim_multiplicity TYPE_3 (no_person_section_narrative_multiple): Structured person reference is missing despite explicit victim count.,1,226,12,sherloc_sentence_splitter_v1,4e381b0763bacebffa5438fdefe908526520a6dc24b0fb4b3d211951deca36f4,"Two defendants accused of having trafficked three Hungarian victims to Amsterdam. Second defendant was trafficked herself and in a relationship with lead trafficker since a young age. She herself participated in the exploitation of the victims by coercing victims to prostitution and extracting financial benefit for her and her partner (co-defendant). Just like the accused and [fellow accused], the victims had come from Hungary to the Netherlands to escape from extremely poor circumstances. They had to give up an important part of their earnings. This agreement was seen by the victims as a necessary evil: there was no concrete quid pro quo in return, but other pimps demanded even more and working independently was not an option due to language problems and unfamiliarity with the Dutch situation (para 3.1). When not enough was earned, a debt arose that had to be repaid. There were shouts and sometimes threats to keep the trafficked victims working for the two accused.
The accused, together with her ex-partner, has been found guilty of human trafficking. In that period, she has also involved in laundering the proceeds of this trafficking. The Amsterdam Court of Appeals found her guilty, while defence claimed ""psychological force majeure"" in order to exclude criminal responsibility. On appeal in Supreme Court, the female co-defendant was charged as a co-perpetrator and the non-punishment principle did not apply.","[S1] Two defendants accused of having trafficked three Hungarian victims to Amsterdam.
[S2] Second defendant was trafficked herself and in a relationship with lead trafficker since a young age.
[S3] She herself participated in the exploitation of the victims by coercing victims to prostitution and extracting financial benefit for her and her partner (co-defendant).
[S4] Just like the accused and [fellow accused], the victims had come from Hungary to the Netherlands to escape from extremely poor circumstances.
[S5] They had to give up an important part of their earnings.
[S6] This agreement was seen by the victims as a necessary evil: there was no concrete quid pro quo in return, but other pimps demanded even more and working independently was not an option due to language problems and unfamiliarity with the Dutch situation (para 3.1).
[S7] When not enough was earned, a debt arose that had to be repaid.
[S8] There were shouts and sometimes threats to keep the trafficked victims working for the two accused.
[S9] The accused, together with her ex-partner, has been found guilty of human trafficking.
[S10] In that period, she has also involved in laundering the proceeds of this trafficking.
[S11] The Amsterdam Court of Appeals found her guilty, while defence claimed ""psychological force majeure"" in order to exclude criminal responsibility.
[S12] On appeal in Supreme Court, the female co-defendant was charged as a co-perpetrator and the non-punishment principle did not apply.",data/raw_html/000052_b0decee91624.html,bba380e18e7d2f0c48f6a35ce7d0c9c9376df202094365feaf6bc2948eba51fa
HRV1-041,41,1566,Jorge Eliecer Castro Davila,VEN001,https://www.unodc.org/cld/case-law-doc/traffickingpersonscrimetype/ven/jorge_eliecer_castro_davila_.html,Venezuela (Bolivarian Republic of),A,Representative clean cases,Prior feasibility-audit anchor: victim_multiplicity TYPE_1 (one_record_apparent_single),1,186,12,sherloc_sentence_splitter_v1,97ff4ac576ac40c6a29173abbd01ff98448c482ad1cf1f9771f5b2d445962f3d,"The decision describes the victim, D.A., as a young woman who was experiencing financial hardship. She saw an advertisement in her local newspaper seeking women between the ages of 18 and 25 who would be willing to travel to Europe. She answered the ad and met with the Defendant, who promised her a job cooking in Madrid, Spain for 1,500 Euros.

D.A. accepted the offer of cooking in Spain and the Defendant purchased a plane ticket for her. Upon arriving in Spain, D.A. was taken to a brothel and was informed that she was going to work as a prostitute. She initially refused and was beaten. Her captors later forced her to have sex with several men. D.A. eventually escaped from the brothel and told a taxi driver what had happened to her. The police later raided the brothel and arrested six Spanish nationals. Those individuals were presumably prosecuted under Spanish law.

The Defendant was apprehended in Venezuela and indicted on trafficking and threat charges in July 2009. His trial began the following January and he was convicted on January 9.","[S1] The decision describes the victim, D.A., as a young woman who was experiencing financial hardship.
[S2] She saw an advertisement in her local newspaper seeking women between the ages of 18 and 25 who would be willing to travel to Europe.
[S3] She answered the ad and met with the Defendant, who promised her a job cooking in Madrid, Spain for 1,500 Euros.
[S4] D.A. accepted the offer of cooking in Spain and the Defendant purchased a plane ticket for her.
[S5] Upon arriving in Spain, D.A. was taken to a brothel and was informed that she was going to work as a prostitute.
[S6] She initially refused and was beaten.
[S7] Her captors later forced her to have sex with several men.
[S8] D.A. eventually escaped from the brothel and told a taxi driver what had happened to her.
[S9] The police later raided the brothel and arrested six Spanish nationals.
[S10] Those individuals were presumably prosecuted under Spanish law.
[S11] The Defendant was apprehended in Venezuela and indicted on trafficking and threat charges in July 2009.
[S12] His trial began the following January and he was convicted on January 9.",data/raw_html/001566_9a41a2cbf925.html,8e6b72331c688620e3cfc0db2e7e6e6b2c3deb7a2ce5074f409c3a6c08599b6f
HRV1-042,42,235,J.F. & another v Republic [2013] eKLR,KEN007,https://www.unodc.org/cld/case-law-doc/traffickingpersonscrimetype/ken/2013/j.f._another_v_republic_2013_eklr.html,Kenya,B,Structured metadata present but narrative support incomplete,"Prior feasibility-audit anchor: child_minor_involvement TYPE_2 (disputed_age): Fact Summary contains no age; the structured source says age was disputed.; sector_of_exploitation TYPE_2 (Other sectors): The narrative describes confinement and sexual assault, but Other sectors is an ontology catch-all rather than a recoverable phrase.",1,171,9,sherloc_sentence_splitter_v1,c8bf0e28bac81d913c4c3d603306910030c237d7a00cf331e8f8a520aa3004cd,"The victim accompanied K.M. (the 2nd appellant) to Gichegere to collect her shoes, which K.M. had taken away. They met with J.F. (the 1st appellant) on the way, and arrived at K.M.’s home at 7pm. Later in the evening, J.F. came to K.M.’s home. K.M. then asked the victim to go with J.F. to his home and collect alcohol for her.

They both left and did not return, as J.F. allegedly locked the victim in his house and sexually abused her. A woman came to the house inquiring about the noise and screams (presumably the victim’s screams), but J.F. threatened her. The victim slept at J.F.’s house until the morning, when she escaped while the appellant was out buying milk. The victim then went to a nearby home, where a woman gave her a skirt to wear and took her to the subarea. She was then taken to hospital and the matter was reported to the police.","[S1] The victim accompanied K.M. (the 2nd appellant) to Gichegere to collect her shoes, which K.M. had taken away.
[S2] They met with J.F. (the 1st appellant) on the way, and arrived at K.M.’s home at 7pm.
[S3] Later in the evening, J.F. came to K.M.’s home.
[S4] K.M. then asked the victim to go with J.F. to his home and collect alcohol for her.
[S5] They both left and did not return, as J.F. allegedly locked the victim in his house and sexually abused her.
[S6] A woman came to the house inquiring about the noise and screams (presumably the victim’s screams), but J.F. threatened her.
[S7] The victim slept at J.F.’s house until the morning, when she escaped while the appellant was out buying milk.
[S8] The victim then went to a nearby home, where a woman gave her a skirt to wear and took her to the subarea.
[S9] She was then taken to hospital and the matter was reported to the police.",data/raw_html/000235_81bfb2c141a0.html,6ec6acc359994e02f909bb6a882db69505d0654c3a0292f69a2958a77835534b
HRV1-043,43,618,Bachpan Bachao and Ors. v. Union of India (UOI) and Ors,IND018,https://www.unodc.org/cld/case-law-doc/traffickingpersonscrimetype/ind/2010/bachpan_bachao_and_ors._v._union_of_india_uoi_and_ors.html,India,A,Representative clean cases,Prior feasibility-audit anchor: form_of_trafficking TYPE_1 (Internal + Transnational),1,540,20,sherloc_sentence_splitter_v1,b3949a9811970c1c2249e51b865d4528c28fbb2bce6695f3e73446c3ddebac40,"In the three writ petitions filed in public interest, the problem of child trafficking was raised from different perspectives. However, the primary objective and aim of all the writ petitions was the same, viz., how to eradicate, or at least reduce to significant level, this peril.

1st petition (W.P. (Crl.) No. 82 of 2009) was filed by ‘Bachpan Bachao’, an NGO; 2nd petition (W.P. (Crl.) No. 879 of 2007) was filed by ‘Shramjeevi Mahila Samiti’, an NGO; and the 3rd petition (W.P. (Crl.) No. 619 of 2002) was filed by the mother of a missing girl whose daughter was sent to work as domestic help by a placement agency. When all her attempts to contact her daughter proved futile, she was informed that her daughter had gone missing. The petitioner subsequently filed the instant petition in the nature of habeas corpus seeking direction against several respondents to produce her daughter forthwith.

Both the NGOs, Bachpan Bachao and Shramjeevi Mahila Samiti raised issues of trafficking, kidnapping, forced labour and bondage of women and children; specifically exploitation of children working as domestic helps and missing children. The petitions highlighted that several thousand minors are kidnapped and trafficked from various states and Nepal and brought to Delhi and sold for the purposes of prostitution, begging, drug peddling, slavery, forced labour including bondage, and for various other crimes and who are still stranded in various parts of Delhi against their wishes and are waiting to be rescued.

The multiplying number of placement agencies and the dubious role played by them in trafficking children, ultimately leading to their exploitation and abuse were discussed in the judgment. It was brought out that no statutory control existed over the functioning of these agencies.

The High Court traced the genesis of problem and the circumstances under which it arises and discussed the legal regime dealing with trafficking in India, namely, Constitutional provisions, the Indian Penal Code, the Immoral Traffic (Prevention) Act, 1956; Juvenile Justice Act, 2000; Child Labour (Prohibition and Regulation) Act, 1986; special laws of various states, rulings of Supreme Court and High Court, and international Conventions and Protocols.

The main concern in these writ petitions was that there was no comprehensive legislation regulating the placement agencies. In this judgment, the focus of the High Court was on the issue of proper control and administration over the placement agencies so that the exploitation of children is obliterated/ minimized to the possible extent.

The court referred to the comprehensive report on ""Indian Child: India's Eternal Hope and Future"" prepared by the Solicitor General of India in which not only the extent and ramification of the problem, some of the measures which are required to be taken to tackle the problem were also suggested.

Based on all the suggestions provided by the counsels appearing for the petitioners and the above mentioned report of the Solicitor General, the High Court gave detailed directions to the respondents for feasibility of a legislation to regulate employment of problem of children and adult women, who are working as domestic helps; regulation of placement agencies; guidelines for effective implementation of the Juvenile Justice (Care and Protection of Children) Act, 2000; proper investigations in cases of missing children; and other miscellaneous directions.","[S1] In the three writ petitions filed in public interest, the problem of child trafficking was raised from different perspectives.
[S2] However, the primary objective and aim of all the writ petitions was the same, viz., how to eradicate, or at least reduce to significant level, this peril.
[S3] 1st petition (W.P.
[S4] (Crl.)
[S5] No. 82 of 2009) was filed by ‘Bachpan Bachao’, an NGO; 2nd petition (W.P.
[S6] (Crl.)
[S7] No. 879 of 2007) was filed by ‘Shramjeevi Mahila Samiti’, an NGO; and the 3rd petition (W.P.
[S8] (Crl.)
[S9] No. 619 of 2002) was filed by the mother of a missing girl whose daughter was sent to work as domestic help by a placement agency.
[S10] When all her attempts to contact her daughter proved futile, she was informed that her daughter had gone missing.
[S11] The petitioner subsequently filed the instant petition in the nature of habeas corpus seeking direction against several respondents to produce her daughter forthwith.
[S12] Both the NGOs, Bachpan Bachao and Shramjeevi Mahila Samiti raised issues of trafficking, kidnapping, forced labour and bondage of women and children; specifically exploitation of children working as domestic helps and missing children.
[S13] The petitions highlighted that several thousand minors are kidnapped and trafficked from various states and Nepal and brought to Delhi and sold for the purposes of prostitution, begging, drug peddling, slavery, forced labour including bondage, and for various other crimes and who are still stranded in various parts of Delhi against their wishes and are waiting to be rescued.
[S14] The multiplying number of placement agencies and the dubious role played by them in trafficking children, ultimately leading to their exploitation and abuse were discussed in the judgment.
[S15] It was brought out that no statutory control existed over the functioning of these agencies.
[S16] The High Court traced the genesis of problem and the circumstances under which it arises and discussed the legal regime dealing with trafficking in India, namely, Constitutional provisions, the Indian Penal Code, the Immoral Traffic (Prevention) Act, 1956; Juvenile Justice Act, 2000; Child Labour (Prohibition and Regulation) Act, 1986; special laws of various states, rulings of Supreme Court and High Court, and international Conventions and Protocols.
[S17] The main concern in these writ petitions was that there was no comprehensive legislation regulating the placement agencies.
[S18] In this judgment, the focus of the High Court was on the issue of proper control and administration over the placement agencies so that the exploitation of children is obliterated/ minimized to the possible extent.
[S19] The court referred to the comprehensive report on ""Indian Child: India's Eternal Hope and Future"" prepared by the Solicitor General of India in which not only the extent and ramification of the problem, some of the measures which are required to be taken to tackle the problem were also suggested.
[S20] Based on all the suggestions provided by the counsels appearing for the petitioners and the above mentioned report of the Solicitor General, the High Court gave detailed directions to the respondents for feasibility of a legislation to regulate employment of problem of children and adult women, who are working as domestic helps; regulation of placement agencies; guidelines for effective implementation of the Juvenile Justice (Care and Protection of Children) Act, 2000; proper investigations in cases of missing children; and other miscellaneous directions.",data/raw_html/000618_84f565ff92bb.html,0515ef9227f17a06952cda5295b1917cc7b58f32c2c75a8c5c5319cbcc1e4d04
HRV1-044,44,127,AFFAIRE L.E. c. GRÈCE,x043,https://www.unodc.org/cld/case-law-doc/traffickingpersonscrimetype/grc/2016/affaire_l.e._c._grece.html,Greece,E,Rare or challenge cases,Prior feasibility-audit anchor: victim_multiplicity TYPE_2 (multiple_records_role_ambiguity): A second victim record refers to a person recognized as trafficked in another judgment and also alleged to have facilitated trafficking.; form_of_trafficking TYPE_1 (Transnational); sector_of_exploitation TYPE_1 (Commercial sexual exploitation),1,565,16,sherloc_sentence_splitter_v1,0c4e9645115b479692c0cd300d68f60cd6d43b80153bdc153499c7aa5af73e59,"The Applicant entered Greek territory on 9 June 2004 with a person she had met in her home country of Nigeria, K.A. K.A. promised the Applicant that she would be taken to Greece to work in bars and nightclubs, and before leaving Nigeria, made the Applicant swear before a so-called ‘voodoo priest’ that she would owe K.A. 40,000 Euro and that she would not notify the Greek authorities of her activities for fear of engaging a voodoo curse.

Upon her arrival in Greece, the Applicant states that K.A. confiscated her passport and forced her to engage in prostitution. The Applicant states that she engaged in prostitution for fear of activating the abovementioned voodoo curse, believing that the only means for freeing herself from this curse was by paying K.A. 40,000 Euro. Additionally, the Applicant states that she did not have her passport and feared that she would be deported to Nigeria and that her relatives in Nigeria would be threatened if she sought help from the Greek authorities.

During the period of her prostitution, the Applicant remained in contact with the NGO ‘Nea Zoi’ (New Life - Νέα Ζωή) which provided her with material and psychological support and represented the Applicant before the European Court of Human Rights.

On 12 July 2004 and 8 June 2005 the Applicant submitted an application for asylum in person at the Athens Aliens Bureau. On the latter date, she was informed that a place at the Red Cross Reception Center for Asylum Seekers in the Fthiotida Department had become available for her, though she did not avail herself of this place.

Subsequently, the Applicant was the subject of several indictments for prostitution and illegal entry and stay of a foreigner. The Applicant brought a case to the European Court of Human Rights, claiming that she was a victim of trafficking in persons, having been subjected to commercial sexual exploitation by K.A. and another named party, D.J. The applicant claimed that D.J. was acquitted for the charge of trafficking in persons, and K.A. absconded while on bail, and has not since been the subject of a prosecution for trafficking in persons.

The Applicant alleges that the Greek State failed to comply with its positive obligations under Article 4 of the European Convention on Human Rights (ECHR), with particular regard to the fact that the failure of her protection as a victim of trafficking, the absconding of K.A. and the failure of the State’s procedural obligations resulted in a violation of Article 4 ECHR. The applicant further claimed a violation of the right to effective remedy under Article 6 ECHR.

The Court considers that in the present case the duration to the litigious proceedings was excessive and does not meet the requirement of reasonable time, thus constituting a violation of Article 6(1) ECHR with regard to the duration of the proceedings. The Court further found that there had been a violation of Article 13 ECHR on account of the absence, at the material time, of a remedy in domestic law which would have enabled the applicant to obtain the sanction of having her case heard within a reasonable time. Finally, the Court found that a lack of a prompt operational response in favour of the applicant resulted in a violation of the Applicant’s rights under Article 4 ECHR.","[S1] The Applicant entered Greek territory on 9 June 2004 with a person she had met in her home country of Nigeria, K.A.
[S2] K.A. promised the Applicant that she would be taken to Greece to work in bars and nightclubs, and before leaving Nigeria, made the Applicant swear before a so-called ‘voodoo priest’ that she would owe K.A. 40,000 Euro and that she would not notify the Greek authorities of her activities for fear of engaging a voodoo curse.
[S3] Upon her arrival in Greece, the Applicant states that K.A. confiscated her passport and forced her to engage in prostitution.
[S4] The Applicant states that she engaged in prostitution for fear of activating the abovementioned voodoo curse, believing that the only means for freeing herself from this curse was by paying K.A. 40,000 Euro.
[S5] Additionally, the Applicant states that she did not have her passport and feared that she would be deported to Nigeria and that her relatives in Nigeria would be threatened if she sought help from the Greek authorities.
[S6] During the period of her prostitution, the Applicant remained in contact with the NGO ‘Nea Zoi’ (New Life - Νέα Ζωή) which provided her with material and psychological support and represented the Applicant before the European Court of Human Rights.
[S7] On 12 July 2004 and 8 June 2005 the Applicant submitted an application for asylum in person at the Athens Aliens Bureau.
[S8] On the latter date, she was informed that a place at the Red Cross Reception Center for Asylum Seekers in the Fthiotida Department had become available for her, though she did not avail herself of this place.
[S9] Subsequently, the Applicant was the subject of several indictments for prostitution and illegal entry and stay of a foreigner.
[S10] The Applicant brought a case to the European Court of Human Rights, claiming that she was a victim of trafficking in persons, having been subjected to commercial sexual exploitation by K.A. and another named party, D.J.
[S11] The applicant claimed that D.J. was acquitted for the charge of trafficking in persons, and K.A. absconded while on bail, and has not since been the subject of a prosecution for trafficking in persons.
[S12] The Applicant alleges that the Greek State failed to comply with its positive obligations under Article 4 of the European Convention on Human Rights (ECHR), with particular regard to the fact that the failure of her protection as a victim of trafficking, the absconding of K.A. and the failure of the State’s procedural obligations resulted in a violation of Article 4 ECHR.
[S13] The applicant further claimed a violation of the right to effective remedy under Article 6 ECHR.
[S14] The Court considers that in the present case the duration to the litigious proceedings was excessive and does not meet the requirement of reasonable time, thus constituting a violation of Article 6(1) ECHR with regard to the duration of the proceedings.
[S15] The Court further found that there had been a violation of Article 13 ECHR on account of the absence, at the material time, of a remedy in domestic law which would have enabled the applicant to obtain the sanction of having her case heard within a reasonable time.
[S16] Finally, the Court found that a lack of a prompt operational response in favour of the applicant resulted in a violation of the Applicant’s rights under Article 4 ECHR.",data/raw_html/000127_c87917a181e1.html,e666ec5e9f9fe9eb3f534f0a30deabd5b99a97fe2518d62b43196d81a11ecaf4
HRV1-045,45,285,Case No. 2013/1339,BEL031,https://www.unodc.org/cld/case-law-doc/migrantsmugglingcrimetype/bel/2013/case_no._20131339.html,Belgium,E,Rare or challenge cases,Prior feasibility-audit anchor: victim_multiplicity TYPE_1 (migrants_heading_grouped),1,552,22,sherloc_sentence_splitter_v1,702080f117b1f382e8f25f2254cc2de803c58d6c848f77e1a27077f54439c07a,"On the 17th of November 2010, two Bulgarian women entered a police station in Liège, and claimed that they were being forced into prostitution. The police decided to examine the mobile phone of one of the victims with her agreement, and put in place a telephone wiretapping device.

The police launched an investigation, and observed the defendants, in order to check their contacts with people engaged in prostitution, to establish a potential hierarchy among the defendants, and to locate the place where the victims were being hosted.

The police found that the four appellants were working in an organised manner in order to constantly monitor and control the victims, and also imposed a certain working rhythm over the girls. Moreover, one of the defendants was seen by the police while collecting money from the victims and another defendant was arrested in possession of an important sum of money.This evidence was supported by the testimonies of the victims: one of the victims stated that she had been forced to give all the money she earned to the defendant, who threatened to break her legs if she left, and forced her to work even when she was sick.

Another victim reported that she had been brought to Belgium by one of the defendants, who promised that she would work as a waitress or as a housemaid. Another victim said that a defendant had hit her and threatened her in order to force her into prostitution, and had also taken her ID card.

The police found during their enquiry, that three of the defendants often visited a restaurant, where one of the defendants was seen with some of the victims. The victims would come and sit at the same table as the defendant and would give him something under the table.

The defendants constantly controlled and monitored the victims and their work. During their observation of the defendants and their operation, the police witnessed how one of the defendants went to talk to one of the victims while she was on the street after midnight. The defendant talked to the victim, left and returned later in the night and argued with another victim. That same defendant came back a third time to observe a third victim.

On the same day, another defendant was dropped off at the same place and entered the restaurant. Another defendant joined him. One hour later one of them left the restaurant with a baton in his hand and came back one minute later. Five minutes later a third defendant arrived and joined them at their table.

Thanks to the telephone tapping, the police listened to a conversation between two of the defendants on November, 7. From that conversation, it appears that three of the defendants were responsible for the surveillance of the victims. As to the role of the fourth defendant, one of the witnesses declared that he was very good friends with one of the defendants, and that he also participated watching the victims in the street. He would also regularly change his mobile phone SIM card.One of the victims stated that this fourth defendant was also exploiting prostitutes himself. Even though the trial witness did not confirm this affirmation, it is supported by a recording of a phone conversation between two other defendants on November 10.","[S1] On the 17th of November 2010, two Bulgarian women entered a police station in Liège, and claimed that they were being forced into prostitution.
[S2] The police decided to examine the mobile phone of one of the victims with her agreement, and put in place a telephone wiretapping device.
[S3] The police launched an investigation, and observed the defendants, in order to check their contacts with people engaged in prostitution, to establish a potential hierarchy among the defendants, and to locate the place where the victims were being hosted.
[S4] The police found that the four appellants were working in an organised manner in order to constantly monitor and control the victims, and also imposed a certain working rhythm over the girls.
[S5] Moreover, one of the defendants was seen by the police while collecting money from the victims and another defendant was arrested in possession of an important sum of money.This evidence was supported by the testimonies of the victims: one of the victims stated that she had been forced to give all the money she earned to the defendant, who threatened to break her legs if she left, and forced her to work even when she was sick.
[S6] Another victim reported that she had been brought to Belgium by one of the defendants, who promised that she would work as a waitress or as a housemaid.
[S7] Another victim said that a defendant had hit her and threatened her in order to force her into prostitution, and had also taken her ID card.
[S8] The police found during their enquiry, that three of the defendants often visited a restaurant, where one of the defendants was seen with some of the victims.
[S9] The victims would come and sit at the same table as the defendant and would give him something under the table.
[S10] The defendants constantly controlled and monitored the victims and their work.
[S11] During their observation of the defendants and their operation, the police witnessed how one of the defendants went to talk to one of the victims while she was on the street after midnight.
[S12] The defendant talked to the victim, left and returned later in the night and argued with another victim.
[S13] That same defendant came back a third time to observe a third victim.
[S14] On the same day, another defendant was dropped off at the same place and entered the restaurant.
[S15] Another defendant joined him.
[S16] One hour later one of them left the restaurant with a baton in his hand and came back one minute later.
[S17] Five minutes later a third defendant arrived and joined them at their table.
[S18] Thanks to the telephone tapping, the police listened to a conversation between two of the defendants on November, 7.
[S19] From that conversation, it appears that three of the defendants were responsible for the surveillance of the victims.
[S20] As to the role of the fourth defendant, one of the witnesses declared that he was very good friends with one of the defendants, and that he also participated watching the victims in the street.
[S21] He would also regularly change his mobile phone SIM card.One of the victims stated that this fourth defendant was also exploiting prostitutes himself.
[S22] Even though the trial witness did not confirm this affirmation, it is supported by a recording of a phone conversation between two other defendants on November 10.",data/raw_html/000285_07c550cec8e6.html,c25f967d5b329967be067f91302e321ab6d79b20595953d139a97f725888f107
HRV1-046,46,1159,6B_277 - 2007,CHE003,https://www.unodc.org/cld/case-law-doc/traffickingpersonscrimetype/che/2008/6b_277_-_2007.html,Switzerland,A,Representative clean cases,Prior feasibility-audit anchor: child_minor_involvement TYPE_1 (clear_true_multiple_group_records),1,98,4,sherloc_sentence_splitter_v1,910b98f9441489fa52e806a8dc4ba5ab5287cb5aa0a3f2dcf8a7942389fed4e1,"The defendant was the business manager of two hotels and three bars in which many women coming from other countries worked for him as prostitutes. The victims included women from Latvia and the Czech Republic, including one minor (aged 15 or less). The defendant held the women in these premises and restricted their freedom by using various measures. Such measures included confiscating their passports until they had repaid their ‘debts’, controlling the time they spent in the bar, determining the revenue they received and controlling the price of room rental and types of sexual services to be provided.","[S1] The defendant was the business manager of two hotels and three bars in which many women coming from other countries worked for him as prostitutes.
[S2] The victims included women from Latvia and the Czech Republic, including one minor (aged 15 or less).
[S3] The defendant held the women in these premises and restricted their freedom by using various measures.
[S4] Such measures included confiscating their passports until they had repaid their ‘debts’, controlling the time they spent in the bar, determining the revenue they received and controlling the price of room rental and types of sexual services to be provided.",data/raw_html/001159_6ca0a795f531.html,79ac5d5117a29a74e62346b66ed5302ceda2fca89eff052cc1b133aa06da9198
HRV1-047,47,842,17 T 15/2007,CZE003,https://www.unodc.org/cld/case-law-doc/drugcrimetype/cze/2009/17_t_152007.html,Czechia,C,Structured metadata missing but narrative informative,Prior feasibility-audit anchor: form_of_trafficking TYPE_3 (missing): No structured value even though the summary confines conduct within one country.,1,58,2,sherloc_sentence_splitter_v1,35d978dc0dc96bf77614ac6c73ade1ecd45d88f73ab4a5769a7ea0f3a1da3dca,"The defendants forced unspecified number of women to practice prostitution in brothel called Modrá rúže in Vimperk, in a brothel called New Life in Strakonice and on various other places within the Czech Republic in course of so called “escort services”. The defendant used threat of violence, violence and misused the financial and drug issues of the victims.","[S1] The defendants forced unspecified number of women to practice prostitution in brothel called Modrá rúže in Vimperk, in a brothel called New Life in Strakonice and on various other places within the Czech Republic in course of so called “escort services”.
[S2] The defendant used threat of violence, violence and misused the financial and drug issues of the victims.",data/raw_html/000842_e86693730700.html,29a4ab4503a80d1bf0cac2890d2fd11c7548d165f4f308490159af3c5e75ae96
HRV1-048,48,1517,Case No. 2635/2009,JOR008,https://www.unodc.org/cld/case-law-doc/traffickingpersonscrimetype/jor/case_no._26352009.html,Jordan,E,Rare or challenge cases,Rare or challenge cases; multiplicity=PROVISIONAL_SINGLE,1,121,5,sherloc_sentence_splitter_v1,4eaf680bb151f35e12aa53828a641e224899f984937b75416702b8e6c1188c0e,"The defendant coerced another person to sell his kidney for 3500 dollars in Egypt through a third party. The victim travelled to Cairo in 2007, had his kidney removed at a hospital and received 500 dollars. The victim returned to Jordan where he was arrested for selling an organ for profit.

The Court sentenced the defendant to four months in prison for his involvement in promoting the selling of organs for profit which is prohibited under Article (80/1) of the Jordanian Penal Code and Articles 5 and 10 of the Law on the Utilization of Human Organs. Due to the defendant’s young age, the sentence was commuted to one month in prison based upon Article 72 of the Penal Code.","[S1] The defendant coerced another person to sell his kidney for 3500 dollars in Egypt through a third party.
[S2] The victim travelled to Cairo in 2007, had his kidney removed at a hospital and received 500 dollars.
[S3] The victim returned to Jordan where he was arrested for selling an organ for profit.
[S4] The Court sentenced the defendant to four months in prison for his involvement in promoting the selling of organs for profit which is prohibited under Article (80/1) of the Jordanian Penal Code and Articles 5 and 10 of the Law on the Utilization of Human Organs.
[S5] Due to the defendant’s young age, the sentence was commuted to one month in prison based upon Article 72 of the Penal Code.",data/raw_html/001517_85816a049589.html,f959f98ecb16198845d04e394a76c7efd6911ca8d896689d1d35b469b63fddc4
HRV1-049,49,480,Causa 2422,ARG037,https://www.unodc.org/cld/case-law-doc/traffickingpersonscrimetype/arg/2011/causa_2422.html,Argentina,C,Structured metadata missing but narrative informative,Prior feasibility-audit anchor: child_minor_involvement TYPE_3 (narrative_false_structured_missing),1,311,8,sherloc_sentence_splitter_v1,a0632cd3745223716c7f859bafbb563792aa0b94e933ecb129c37e43ff4ea514,"As a result of L. S. C.'s statements in the case No. 5375 before the Federal Criminal Court No. 3 of Mar del Plata, it was ordered to start the necessary investigation to determine the conditions in which women live and work as prostitutes at the place ""C. A.""

The authorities found that ""C.A."" was a brothel where most of the women were foreign and sexually exploited. Similarly, it was discovered that ""C.A."" had permanent security staff that controlled entering customers and the exit of the women working at the site.

It was proved that the respondents received and welcomed at home: 1) prior to February 17, 2009 to M. R. L., A. S. D., C. R. F. R., N. E. M. O. L. A. P., M. E. F. G., N. N., M. L. G. G., all women are adults and from Paraguay, and A. S. S., also adult and from Dominican Republic; and 2) prior to February 26, 2009 to R. R. P. and M. C. A. S., both women were adults and from Paraguay; mediating in all the cases abuse of the victims' vulnerability and sexual exploitation by gaining economic advantage.

Once the authorities identified the telephone lines of the buildings investigated, a link was found between the ""C. A.""and the hotel F. that was a temporary shelter in where lived some of the women who were sexually exploited in the brothel.

During the process, the victims explained how the brothel worked and the manner in which the respondents retained their compensation to cancel the victim’s rental expenses, maintenance and safety.

Also, the investigation showed the different roles assumed by the respondents to carry out the illegal exploitation. They knew of the vulnerable situation in which the victims lived and of the need for the money to pay the expenses of their children living abroad.","[S1] As a result of L. S. C.'s statements in the case No. 5375 before the Federal Criminal Court No. 3 of Mar del Plata, it was ordered to start the necessary investigation to determine the conditions in which women live and work as prostitutes at the place ""C. A.""
[S2] The authorities found that ""C.A."" was a brothel where most of the women were foreign and sexually exploited.
[S3] Similarly, it was discovered that ""C.A."" had permanent security staff that controlled entering customers and the exit of the women working at the site.
[S4] It was proved that the respondents received and welcomed at home: 1) prior to February 17, 2009 to M. R. L., A. S. D., C. R. F. R., N. E. M. O. L. A. P., M. E. F. G., N. N., M. L. G. G., all women are adults and from Paraguay, and A. S. S., also adult and from Dominican Republic; and 2) prior to February 26, 2009 to R. R. P. and M. C. A. S., both women were adults and from Paraguay; mediating in all the cases abuse of the victims' vulnerability and sexual exploitation by gaining economic advantage.
[S5] Once the authorities identified the telephone lines of the buildings investigated, a link was found between the ""C. A.""and the hotel F. that was a temporary shelter in where lived some of the women who were sexually exploited in the brothel.
[S6] During the process, the victims explained how the brothel worked and the manner in which the respondents retained their compensation to cancel the victim’s rental expenses, maintenance and safety.
[S7] Also, the investigation showed the different roles assumed by the respondents to carry out the illegal exploitation.
[S8] They knew of the vulnerable situation in which the victims lived and of the need for the money to pay the expenses of their children living abroad.",data/raw_html/000480_1772064d1751.html,5365a3304e30c30effbc89c46defecfb27b9f36be3bf6dcdf1e18e53802fed86
HRV1-050,50,769,Correctional Tribunal of Brussels 20-04-2010,BEL016,https://www.unodc.org/cld/case-law-doc/traffickingpersonscrimetype/bel/2010/correctional_tribunal_of_brussels_20-04-2010.html,Belgium,D,Narrative genuinely insufficient or abstention candidate,Narrative genuinely insufficient or abstention candidate; outside complete-Legacy-AMP cohort,0,36,1,sherloc_sentence_splitter_v1,c9681e1ed357dd774e37d09e05e93de9c03f6943c09c187fc7227834deeea5bd,"This sentence considered the case of an anonymous worker who had to work 12 hours per day, 6 days per week, had to pay for own work material, and was not paid for all services rendered.","[S1] This sentence considered the case of an anonymous worker who had to work 12 hours per day, 6 days per week, had to pay for own work material, and was not paid for all services rendered.",data/raw_html/000769_802a433ceb73.html,221fbc82abf1106c7ef132d6147acc106174f094053c93f3160f899b5b7eae0d
HRV1-051,51,317,12-175933MED-OTIR/03,NOR010,https://www.unodc.org/cld/case-law-doc/traffickingpersonscrimetype/nor/2012/12-175933med-otir03.html,Norway,A,Representative clean cases,Prior feasibility-audit anchor: victim_multiplicity TYPE_1 (one_record_apparent_single),1,346,15,sherloc_sentence_splitter_v1,0fa2a6cf761fb650128245a6309a3b27065a854f3f620af9412303adee792b6c,"The case started when a Nigerian girl was arrested by the police owing to lack of identification papers in November 2010 in an area of Oslo where street prostitution takes place. She was placed in a child welfare institution, as it was considered that she might be less than 18 years old. The child welfare authorities later informed the police that they suspected her to be a victim of trafficking, and an investigation followed.

The court found that the victim had been living in Nigeria as one of 10 children in a family with a husband and two wives. She was transported by an unknown person from Nigeria to Denmark (through Turkey and Greece) in the summer of 2010, following an agreement between her traffickers and her family. The family and the victim understood that she would work in prostitution in Europe, and that the expenses for the provision of her passport, transportation and accommodation, amounting to € 50.000, would have to be repaid before any money could be sent to the family. Her passport was taken from her in Denmark.

The female defendant, D., then appeared and took the girl to Norway, where she was immediately put to work in street prostitution in Oslo. When the girl complained about the conditions, D. threatened her, stating that her family would be killed if she went to the police. She earned a total of about € 8.000, which she gave to the woman, before being arrested by the police.

After being placed in the child welfare institution, D. called the victim on the phone and demanded that she leave the place and return to work in prostitution. Her family was also contacted to persuade her to return to prostitution. The family then called the girl, instructing her not to mention the woman to the police.

The investigation eventually gave reason to suspect D. of her involvement in the exploitation of the victim. She was living in Spain at the time, and was arrested there and later extradited to Norway, having given birth to a child in prison.","[S1] The case started when a Nigerian girl was arrested by the police owing to lack of identification papers in November 2010 in an area of Oslo where street prostitution takes place.
[S2] She was placed in a child welfare institution, as it was considered that she might be less than 18 years old.
[S3] The child welfare authorities later informed the police that they suspected her to be a victim of trafficking, and an investigation followed.
[S4] The court found that the victim had been living in Nigeria as one of 10 children in a family with a husband and two wives.
[S5] She was transported by an unknown person from Nigeria to Denmark (through Turkey and Greece) in the summer of 2010, following an agreement between her traffickers and her family.
[S6] The family and the victim understood that she would work in prostitution in Europe, and that the expenses for the provision of her passport, transportation and accommodation, amounting to € 50.000, would have to be repaid before any money could be sent to the family.
[S7] Her passport was taken from her in Denmark.
[S8] The female defendant, D., then appeared and took the girl to Norway, where she was immediately put to work in street prostitution in Oslo.
[S9] When the girl complained about the conditions, D. threatened her, stating that her family would be killed if she went to the police.
[S10] She earned a total of about € 8.000, which she gave to the woman, before being arrested by the police.
[S11] After being placed in the child welfare institution, D. called the victim on the phone and demanded that she leave the place and return to work in prostitution.
[S12] Her family was also contacted to persuade her to return to prostitution.
[S13] The family then called the girl, instructing her not to mention the woman to the police.
[S14] The investigation eventually gave reason to suspect D. of her involvement in the exploitation of the victim.
[S15] She was living in Spain at the time, and was arrested there and later extradited to Norway, having given birth to a child in prison.",data/raw_html/000317_ff1a09decc7d.html,4363b306d04331009eb483633cbe5a573af5fe08c8814834dc3ece2bf659006e
HRV1-052,52,146,Case n280515,MKD007,https://www.unodc.org/cld/case-law-doc/traffickingpersonscrimetype/mkd/2015/case_n280515.html,North Macedonia,A,Representative clean cases,Prior feasibility-audit anchor: child_minor_involvement TYPE_1 (clear_true_grouped); victim_multiplicity TYPE_1 (one_record_grouped_multiple),1,85,5,sherloc_sentence_splitter_v1,ac3f3dcec5e77609b7dc08da32799aa116aab2f1610ffb1f76c2956e3634f2c2,"When the three minors – victims of trafficking in human beings were kidnapped, they were forcedly tattooed with the names of the perpetrators and accommodated in their house, where they were under constant control and restricted freedom of movement. They were forced to provide sexual services to clients for specific sum of money which were paid to the perpetrators. The sexual services were provided in a house near the place where the victims were accommodated. They were transported by the perpetrators. One victim was reported missing.","[S1] When the three minors – victims of trafficking in human beings were kidnapped, they were forcedly tattooed with the names of the perpetrators and accommodated in their house, where they were under constant control and restricted freedom of movement.
[S2] They were forced to provide sexual services to clients for specific sum of money which were paid to the perpetrators.
[S3] The sexual services were provided in a house near the place where the victims were accommodated.
[S4] They were transported by the perpetrators.
[S5] One victim was reported missing.",data/raw_html/000146_986730bec99d.html,a99acc97d67119634cdbc319108bd553770e039855201773c758526e211cde29
HRV1-053,53,1173,EXP. N.° 07853-2006-PH/TC,PER007,https://www.unodc.org/cld/case-law-doc/traffickingpersonscrimetype/per/2007/exp._n._07853-2006-phtc_.html,Peru,D,Narrative genuinely insufficient or abstention candidate,Narrative genuinely insufficient or abstention candidate; outside complete-Legacy-AMP cohort,0,18,1,sherloc_sentence_splitter_v1,3e16e586f22c3e1543b3fa7baabbddb43e6faa75b0906a6bc2948816e56075d5,The facts of the actual trafficking underlying the case are not present in the record of this case.,[S1] The facts of the actual trafficking underlying the case are not present in the record of this case.,data/raw_html/001173_673a45593f9c.html,796e8b0777dd602c02253694fa8137f7d6cdbfb05e6b79c4e2d31ddc38eb445e
HRV1-054,54,628,Auto Supremo 263/2010 - Declaratory Judgment for the First Juvenile Court of La Paz,BOL006,https://www.unodc.org/cld/case-law-doc/traffickingpersonscrimetype/bol/2010/auto_supremo_2632010_-_declaratory_judgment_for_the_first_juvenile_court_of_la_paz.html,Bolivia (Plurinational State of),D,Narrative genuinely insufficient or abstention candidate,Narrative genuinely insufficient or abstention candidate; outside complete-Legacy-AMP cohort,0,40,2,sherloc_sentence_splitter_v1,f66ec1f48b202f93d75030eb4b7c55185fa7515f94e7e278549d8e2dcc0da54d,"As this is a request for declaratory judgment, there were no questions of fact, only questions of law. The court does not go into a factual or statistical analysis of international adoptions in Bolivia, or their relation to human trafficking.","[S1] As this is a request for declaratory judgment, there were no questions of fact, only questions of law.
[S2] The court does not go into a factual or statistical analysis of international adoptions in Bolivia, or their relation to human trafficking.",data/raw_html/000628_93eb21d6470c.html,8cba139e3cf102f6e4fb2a6c575480b36be629b0fd13122f4ccdb827ab4f2561
HRV1-055,55,574,Lovo,NIC001,https://www.unodc.org/cld/case-law-doc/traffickingpersonscrimetype/nic/2011/lovo.html,Nicaragua,A,Representative clean cases,Prior feasibility-audit anchor: victim_multiplicity TYPE_1 (one_record_apparent_single),1,156,8,sherloc_sentence_splitter_v1,647ef23e9e6ea039d478d0179ca170fd0095f4f70cd8694f80c23b18dc29327d,"The defendant found the victim weeping in a church in El Salvador. The victim informed the defendant that she was crying because she was unemployed and had recently been chased by local gangs. The defendant recognized that the girl was in a vulnerable position, so she took the victim to Nicaragua where she promised her a job as a maid at her house. At the border, the defendant bribed a police officer to permit the victim to cross the border without necessary documents.

Once in Nicaragua, the defendant enslaved the victim, obliging her to work as an unpaid maid. She also forced her to have sexual intercourse with several men, who paid money to do so. When the defendant could no longer force the victim to work, she locked her in a room, giving her alcohol and drugs in order to sexually exploit her.

One day, the victim finally managed to escape from the defendant’s house.","[S1] The defendant found the victim weeping in a church in El Salvador.
[S2] The victim informed the defendant that she was crying because she was unemployed and had recently been chased by local gangs.
[S3] The defendant recognized that the girl was in a vulnerable position, so she took the victim to Nicaragua where she promised her a job as a maid at her house.
[S4] At the border, the defendant bribed a police officer to permit the victim to cross the border without necessary documents.
[S5] Once in Nicaragua, the defendant enslaved the victim, obliging her to work as an unpaid maid.
[S6] She also forced her to have sexual intercourse with several men, who paid money to do so.
[S7] When the defendant could no longer force the victim to work, she locked her in a room, giving her alcohol and drugs in order to sexually exploit her.
[S8] One day, the victim finally managed to escape from the defendant’s house.",data/raw_html/000574_671f0c6269ac.html,b380b23859e1ad161d8822258aa1b71d4b742436f54184296863e46bdcb59a2e
HRV1-056,56,167,Caso Antonio Perez y Cabral Flete,DOM002,https://www.unodc.org/cld/case-law-doc/traffickingpersonscrimetype/dom/2014/caso_antonio_perez_y_cabral_flete.html,Dominican Republic,A,Representative clean cases,Prior feasibility-audit anchor: victim_multiplicity TYPE_1 (one_record_grouped_multiple),1,244,8,sherloc_sentence_splitter_v1,ab018f479b3e7b2aaa5105901024e4561fb10cea76e9f20a3b3a41149ddf2c26,"Freddy Antonio Perez, owner of the brewery “La Maquina”, Winston Cabral Flete (El Calvo), and the cashier of the business Marys Bido Abreu were all convicted of the crimes of trafficking in persons, and Child sexual and commercial exploitation.

The investigations started in March 2013, through the Department of prosecution of trafficking in persons within the Prosecutor’s Office of Santiago, with a raid on “La Maquina” in La Romana city, where more than five minors reported as transferred by the accused Cabral Flete, were found. The owner of the business, Antonio Perez was also in the place, and he got arrested immediately.

The evidence presented by the Office of the Public Prosecutor showed that the accused Cabral Flete was responsible of the recruitment of young minors in different districts of the province of Santiago, and then he was transferring them to the brewery, where they had to serve alcoholic drinks to the clients. The victims slept in the second floor of the business, given the remoteness and the impossibility to go to their homes.

It was proved also that the minors had to leave the brewery with the clients (who paid to the cashier Marys Bido Abreu to give them the permission to leave). The cashier was recording the payment for the outgoing services, and for the minor who was checking out with the client. The minors had to return subsequently to the brewery, to continue the exploitative work to which they were subject.","[S1] Freddy Antonio Perez, owner of the brewery “La Maquina”, Winston Cabral Flete (El Calvo), and the cashier of the business Marys Bido Abreu were all convicted of the crimes of trafficking in persons, and Child sexual and commercial exploitation.
[S2] The investigations started in March 2013, through the Department of prosecution of trafficking in persons within the Prosecutor’s Office of Santiago, with a raid on “La Maquina” in La Romana city, where more than five minors reported as transferred by the accused Cabral Flete, were found.
[S3] The owner of the business, Antonio Perez was also in the place, and he got arrested immediately.
[S4] The evidence presented by the Office of the Public Prosecutor showed that the accused Cabral Flete was responsible of the recruitment of young minors in different districts of the province of Santiago, and then he was transferring them to the brewery, where they had to serve alcoholic drinks to the clients.
[S5] The victims slept in the second floor of the business, given the remoteness and the impossibility to go to their homes.
[S6] It was proved also that the minors had to leave the brewery with the clients (who paid to the cashier Marys Bido Abreu to give them the permission to leave).
[S7] The cashier was recording the payment for the outgoing services, and for the minor who was checking out with the client.
[S8] The minors had to return subsequently to the brewery, to continue the exploitative work to which they were subject.",data/raw_html/000167_dcffb920e829.html,6f99e65c2ccd16a184df5e4618f6ef2cb49dd67c1336d72f186d6a818a616d72
HRV1-057,57,1142,Valencia et al,COL012,https://www.unodc.org/cld/case-law-doc/traffickingpersonscrimetype/col/2008/valencia_et_al.html,Colombia,B,Structured metadata present but narrative support incomplete,"Prior feasibility-audit anchor: form_of_trafficking TYPE_2 (Internal + Organized Criminal Group): Domestic movement is explicit, but no organized criminal group is described.",1,140,6,sherloc_sentence_splitter_v1,df7d6f5f2d7e43a2ff4035758ba05d8acc73c9b35edcbcb34678b10624a02c19,"In February 2007, Rubén Darío Ardila Álvarez contacted two minors who lived in the municipality of Montenegro, Colombia, and offered them a job to work as maids and cooks in a hotel located in Cali, Colombia. The minors accepted the offer, but the day after they were taken to the municipality of Orito, Colombia, where they were confined to a bar called “Candilejas”. The two minors were told by Luis Armando Pérez Valencia that they had to work as prostitutes in order to pay back COP150,000 (USD85), the amount supposedly spent on transportation to Orito.

The traffickers threatened the victims and locked them in a room whenever they were not working. Six weeks later the minors managed to escape from Candilejas Bar and informed the authorities about what had happened. The police captured the defendants a few days later.","[S1] In February 2007, Rubén Darío Ardila Álvarez contacted two minors who lived in the municipality of Montenegro, Colombia, and offered them a job to work as maids and cooks in a hotel located in Cali, Colombia.
[S2] The minors accepted the offer, but the day after they were taken to the municipality of Orito, Colombia, where they were confined to a bar called “Candilejas”.
[S3] The two minors were told by Luis Armando Pérez Valencia that they had to work as prostitutes in order to pay back COP150,000 (USD85), the amount supposedly spent on transportation to Orito.
[S4] The traffickers threatened the victims and locked them in a room whenever they were not working.
[S5] Six weeks later the minors managed to escape from Candilejas Bar and informed the authorities about what had happened.
[S6] The police captured the defendants a few days later.",data/raw_html/001142_ef4d4deffd26.html,8aae9fbbe856e7a9d817f2ae667434f549d94db6eed04d4e1641165fdf9c9f3b
HRV1-058,58,1406,Frudenthal vs. State of Israel,ISR011,https://www.unodc.org/cld/case-law-doc/traffickingpersonscrimetype/isr/2003/frudenthal_vs._state_of_israel_.html,Israel,E,Rare or challenge cases,Rare or challenge cases,1,318,15,sherloc_sentence_splitter_v1,6daac547f2e97cad535f3d72487f2a4d5ba2e4c9ae60bb7b138499854f09f704,"We must mention that in the first instance, this case referred to three defendants who were charged with trafficking two victims for the purpose of sexual exploitation. This report is based on the appeal brought by the third defendant, Michael Frudenthal before the Supreme Court. For that reason, the focus of this case, and of the information compiled in this report, is on the third defendant.

The first defendant “acquired” the two complainants in November of 2001 and transported them to a facility in Tel Aviv run by the second defendant, for the purpose of exploiting their prostitution. The first defendant imprisoned the complainants in the facility, took their passports, and abused them physically. The second defendant, who acted as the manager of the facility, supervised the complainants to ensure that they worked as prostitutes and collected the money paid by customers.

The appellant entered the picture at this stage. In February 2002, the two complainants (both female, their age and nationality are not mentioned in the court document) were “transferred” to the custody and supervision of the appellant by the first defendant. This transfer was done with the complainants’ knowledge and consent, so they would work for him, as prostitutes. The appellant harboured the complainants and employed them in prostitution. He received “orders” from clients, and transported the complainants to and from the clients’ homes. He collected the fees charged for each act, giving the complainants a very small share (40 NIS), while distributing the remaining sum between himself and the other two defendants. Each complainant paid the appellant 20 NIS per day from their profits to cover food and rent costs. The appellant forbid the complainants from leaving his flat without his permission and threatened to return them to the first defendant on various occasions. He also threatened the victims claiming that “they and their parents would lose their lives” if they went to the police.","[S1] We must mention that in the first instance, this case referred to three defendants who were charged with trafficking two victims for the purpose of sexual exploitation.
[S2] This report is based on the appeal brought by the third defendant, Michael Frudenthal before the Supreme Court.
[S3] For that reason, the focus of this case, and of the information compiled in this report, is on the third defendant.
[S4] The first defendant “acquired” the two complainants in November of 2001 and transported them to a facility in Tel Aviv run by the second defendant, for the purpose of exploiting their prostitution.
[S5] The first defendant imprisoned the complainants in the facility, took their passports, and abused them physically.
[S6] The second defendant, who acted as the manager of the facility, supervised the complainants to ensure that they worked as prostitutes and collected the money paid by customers.
[S7] The appellant entered the picture at this stage.
[S8] In February 2002, the two complainants (both female, their age and nationality are not mentioned in the court document) were “transferred” to the custody and supervision of the appellant by the first defendant.
[S9] This transfer was done with the complainants’ knowledge and consent, so they would work for him, as prostitutes.
[S10] The appellant harboured the complainants and employed them in prostitution.
[S11] He received “orders” from clients, and transported the complainants to and from the clients’ homes.
[S12] He collected the fees charged for each act, giving the complainants a very small share (40 NIS), while distributing the remaining sum between himself and the other two defendants.
[S13] Each complainant paid the appellant 20 NIS per day from their profits to cover food and rent costs.
[S14] The appellant forbid the complainants from leaving his flat without his permission and threatened to return them to the first defendant on various occasions.
[S15] He also threatened the victims claiming that “they and their parents would lose their lives” if they went to the police.",data/raw_html/001406_19b7024cb4fb.html,605164b96e9ab0e1a0bec857e936d2e3156bd9eef33882a19e55ba7c880d921a
HRV1-059,59,107,Ibrahim and Basma Giulani v. The State of Israel,ISR016,https://www.unodc.org/cld/case-law-doc/traffickingpersonscrimetype/isr/2016/ibrahim_and_basma_giulani_v._the_state_of_israel.html,Israel,A,Representative clean cases,Prior feasibility-audit anchor: victim_multiplicity TYPE_1 (one_record_apparent_single),1,850,36,sherloc_sentence_splitter_v1,1194a8bbc1782e2da0fdb999f8bd38fdac11dc7fe3a282e6cbc7094610f8b13b,"Recruitment: The victim in this case, a young Philippino girl, was assisted by a manpower agency called; ""Manpower"" to arrive in Jordan in order to work there in domestic work. When she arrived there, a person unknown to the prosecution examined her body and personal belongings. In addition, upon arrival in Amman, her cellular phone, which she had brought with her, was taken from her. She was signed upon a contract in Arabic, detailing the terms of her employment. It was explained to her that her salary would be 150$ a month and not 200$ as had been promised her in the Phillippines.

Work in Amman: about a month after her arrival in Amman, she was transferred to the home of N., the daughter of the defendants, in order to engage in domestic work. She worked in this home for about 4 months, from 7 o'clock in the morning until 10 o'clock at night and was given a short break every 8 work hours. She did not receive any salary for this work.

Transfer to Israel: In the beginning of November 2007 defendant 2 arrived in Jordan in order to take the victim to work in Israel as a maid, this without asking the victim for her agreement. The victim was promised that the salary for the work she had done for N. would be paid by the defendant 2. Upon her transfer to defendant 2, this defendant received the victim's passport and continued to hold her passport during the entire period of her employment.

Work in Insrael: The victim worked for the defendants in their home in domestic work for a period a one year and ten months. The defendants did not sign a contract of employment with the victim.

Living conditions: The victims was housed in a bathroom and shower in the living area of the defendants and their family, though there were bigger and more spacious rooms which were generally empty. She was given a folding bed and a shelf for her personal belongings and could lock the door.

Work conditions: The vicitim worked in domestic work from 7 o'clock in the morning until 10 o'clock at night and sometimes, when guests arrived beyond these hours. She was permitted to take breaks during her work during which she could watch television or send smss, however she had no regular breaks. She worked 7 days a week with no vacation days or rest days. In effect the defendants had access to her work on a continous basis.

The victim received 150$ a month for this work.

Treatment by defendants: On occasion the defendants would give her small presents. The defendants treated her respectfully and did not humiliate her or exert violence towards her, whether physical or verbal. The nature of the work she was asked to perform was not unduly hard and the defendants respected her request not to work additionally in their son's house, after she had worked there a few times. They also gave her a measure of privacy by giving her a key to her small rrom and not entering it. They also allowed her to use the telephone and even purchased a telephone card for her on one occasion. In addition, they gave her access to medical treatment and transferred money to the Philippines at her request.

Limitations on freedom of movement: The defendants did not allow the victim to leave the house unescorted or unsupervised and on occasion refused her requests to be permitted to attend church. While they did not overtly threaten her and while the prohibition was never overt and absolute, they limited her movements by a series of veiled threats (that she would be arrested should she go out alone), excuses, cajolements (such as that it is not advisable to go out alone) and by ignoring her requests. In effect, this meant that the victim could leave the house only in a limited way for short distances and short times, and for example the grocery store or for purposes connected to her work. Any more distant or lengthy leaving of the house, was supervised by the defendants or their family members. They kept the house locked and she did not have the key.

Isolation: While the victim was permitted to make phone calls and send smss, her contact with people was limited, and especially with the one friend she had in Israel. Contact with this friend was allowed only on occasion and supervised by defendants or their family.

Oppotunities to escape: While there were occasions when the victim could have attempted to escape, this was not practical in view of her situation. She did not know Hebrew, was not acquainted with Israel, was illegal in the country, had no family who could give her some shelter, had only one friend in Israel, her passport was detained, defendant 2 warned her that she would be arrested by the police should she leave the house unescorted, and she hoped that her situation would improve.

Lengthy Period: the victim worked under these conditions for an extended period of one year and 10 months.","[S1] Recruitment: The victim in this case, a young Philippino girl, was assisted by a manpower agency called; ""Manpower"" to arrive in Jordan in order to work there in domestic work.
[S2] When she arrived there, a person unknown to the prosecution examined her body and personal belongings.
[S3] In addition, upon arrival in Amman, her cellular phone, which she had brought with her, was taken from her.
[S4] She was signed upon a contract in Arabic, detailing the terms of her employment.
[S5] It was explained to her that her salary would be 150$ a month and not 200$ as had been promised her in the Phillippines.
[S6] Work in Amman: about a month after her arrival in Amman, she was transferred to the home of N., the daughter of the defendants, in order to engage in domestic work.
[S7] She worked in this home for about 4 months, from 7 o'clock in the morning until 10 o'clock at night and was given a short break every 8 work hours.
[S8] She did not receive any salary for this work.
[S9] Transfer to Israel: In the beginning of November 2007 defendant 2 arrived in Jordan in order to take the victim to work in Israel as a maid, this without asking the victim for her agreement.
[S10] The victim was promised that the salary for the work she had done for N. would be paid by the defendant 2.
[S11] Upon her transfer to defendant 2, this defendant received the victim's passport and continued to hold her passport during the entire period of her employment.
[S12] Work in Insrael: The victim worked for the defendants in their home in domestic work for a period a one year and ten months.
[S13] The defendants did not sign a contract of employment with the victim.
[S14] Living conditions: The victims was housed in a bathroom and shower in the living area of the defendants and their family, though there were bigger and more spacious rooms which were generally empty.
[S15] She was given a folding bed and a shelf for her personal belongings and could lock the door.
[S16] Work conditions: The vicitim worked in domestic work from 7 o'clock in the morning until 10 o'clock at night and sometimes, when guests arrived beyond these hours.
[S17] She was permitted to take breaks during her work during which she could watch television or send smss, however she had no regular breaks.
[S18] She worked 7 days a week with no vacation days or rest days.
[S19] In effect the defendants had access to her work on a continous basis.
[S20] The victim received 150$ a month for this work.
[S21] Treatment by defendants: On occasion the defendants would give her small presents.
[S22] The defendants treated her respectfully and did not humiliate her or exert violence towards her, whether physical or verbal.
[S23] The nature of the work she was asked to perform was not unduly hard and the defendants respected her request not to work additionally in their son's house, after she had worked there a few times.
[S24] They also gave her a measure of privacy by giving her a key to her small rrom and not entering it.
[S25] They also allowed her to use the telephone and even purchased a telephone card for her on one occasion.
[S26] In addition, they gave her access to medical treatment and transferred money to the Philippines at her request.
[S27] Limitations on freedom of movement: The defendants did not allow the victim to leave the house unescorted or unsupervised and on occasion refused her requests to be permitted to attend church.
[S28] While they did not overtly threaten her and while the prohibition was never overt and absolute, they limited her movements by a series of veiled threats (that she would be arrested should she go out alone), excuses, cajolements (such as that it is not advisable to go out alone) and by ignoring her requests.
[S29] In effect, this meant that the victim could leave the house only in a limited way for short distances and short times, and for example the grocery store or for purposes connected to her work.
[S30] Any more distant or lengthy leaving of the house, was supervised by the defendants or their family members.
[S31] They kept the house locked and she did not have the key.
[S32] Isolation: While the victim was permitted to make phone calls and send smss, her contact with people was limited, and especially with the one friend she had in Israel.
[S33] Contact with this friend was allowed only on occasion and supervised by defendants or their family.
[S34] Oppotunities to escape: While there were occasions when the victim could have attempted to escape, this was not practical in view of her situation.
[S35] She did not know Hebrew, was not acquainted with Israel, was illegal in the country, had no family who could give her some shelter, had only one friend in Israel, her passport was detained, defendant 2 warned her that she would be arrested by the police should she leave the house unescorted, and she hoped that her situation would improve.
[S36] Lengthy Period: the victim worked under these conditions for an extended period of one year and 10 months.",data/raw_html/000107_b680131e2291.html,3de481d1fb4a9973f89e506182168d99807aa16562b7bc8c8e74de80ff12db9f
HRV1-060,60,839,Juicio No. 460-2009,ECU001,https://www.unodc.org/cld/case-law-doc/traffickingpersonscrimetype/ecu/2009/juicio_no._460-2009.html,Ecuador,E,Rare or challenge cases,Rare or challenge cases,1,62,2,sherloc_sentence_splitter_v1,3f83bf030e8a6353b3c5f47a930b2868abaf38635e38e8bb0c58ac3623158fa5,"This appellate decision provides no direct discussion of the underlying crime for which the Appellant was sentenced for human trafficking, and eventually resentenced for baby snatching. In passing, the court indicates that the mothers of the newborns and infants that the Appellant was convicted of transporting willingly gave the appellant the children at the clinics where they gave birth to such children.","[S1] This appellate decision provides no direct discussion of the underlying crime for which the Appellant was sentenced for human trafficking, and eventually resentenced for baby snatching.
[S2] In passing, the court indicates that the mothers of the newborns and infants that the Appellant was convicted of transporting willingly gave the appellant the children at the clinics where they gave birth to such children.",data/raw_html/000839_fda6cf0e4afe.html,283bc76541b2b4c1d0437827e9f9dc74ee0cea15b7db545a3f6b1495f5100aeb
HRV1-061,61,640,Auto Supremo No. 571 Sucre - Michael Gerard Marroquin 1,BOL005,https://www.unodc.org/cld/case-law-doc/traffickingpersonscrimetype/bol/2010/auto_supremo_no._571_sucre_-_michael_gerard_marroquin_1.html,Bolivia (Plurinational State of),D,Narrative genuinely insufficient or abstention candidate,Narrative genuinely insufficient or abstention candidate; outside complete-Legacy-AMP cohort,0,22,1,sherloc_sentence_splitter_v1,c35f491f0fb7abace7b21e6d87acc5eb62af9b723c1e69191d1e758b2cec1716,"The facts of the underlying crimes are not discussed in the present opinion, which concentrates on the procedural history of the case.","[S1] The facts of the underlying crimes are not discussed in the present opinion, which concentrates on the procedural history of the case.",data/raw_html/000640_9e5f3667acb6.html,8b1aefd1f3ac65bf33d8c2208fdc5a73975412565c4b9152488636f213680b7a
HRV1-062,62,418,R v. N. and R v. Le,GBR014,https://www.unodc.org/cld/case-law-doc/drugcrimetype/gbr/2012/r_v._n._and_r_v._le.html,United Kingdom of Great Britain and Northern Ireland,C,Structured metadata missing but narrative informative,Prior feasibility-audit anchor: child_minor_involvement TYPE_3 (narrative_true_structured_missing); form_of_trafficking TYPE_1 (Transnational),1,530,28,sherloc_sentence_splitter_v1,8ef7f9f3d64d5bf1caad59bf8b51be2a67f577e8dc3898edde1f2b39a6dc91f9,"R v. N.

N. had left Vietnam and travelled via the Czech Republic to the United Kingdom. He said that he had been recruited by a Vietnamese man Ha soon after his arrival in the United Kingdom. Ha offered N. a job and transported him to the factory.

N. said that he had become frightened when he found out that he had been dealing with illegal plants and wished to leave. He ate, slept and worked in the factory, and he was unpaid. He therefore called Ha that he did not wish to work in the factory anymore. He was threatened that if he or any of the other factory workers stopped working they might be killed. As he took the threat seriously, N. returned to the factory and continued to work as a gardener. The appellant and his co-accused were all arrested and sentenced to a detention and training order for 18 months. During a hearing in 2009, N. said that his date of birth was April 1992. This meant that he was a child at the time of arrest. It also appeared that N. had been smuggled into the United Kingdom on the basis that his parents had funded his journey to what was hoped would be a life with better prospects. On 21 April 2009 police officers attended factory premises in London following reports of a suspected burglary. They discovered a cannabis factory, together with all the necessary paraphernalia for the successful and profitable cultivation of cannabis. The police were informed that a large body of men had been seen in the gardens to the rear of residential premises, forcing their way into the cannabis factory premises, presumably to take over the factory, or to discourage those within the factory from continuing the cultivation of cannabis.

R v Vinh Cong Le

In January 2010, following his guilty plea to one count of producing cannabis, the appellant was sentenced to 20 months detention.

The appellant was one of a substantial group of defendants charged with offences arising from the production of cannabis in Milton Road, Cambridge. The address in Milton Road was a 4 bed roomed house which had been converted into a cannabis factory. By contrast with the accommodation in N., the house had not been converted or secured in any way that would have prevented the appellant from leaving it. When interviewed, the appellant said he was 15 years old. He gave a prepared statement to the effect that he had been smuggled into the United Kingdom by his adoptive father. He wandered the streets before encountering two Vietnamese nationals who said they would help him find his adoptive father. They took him to their address. He realized that cannabis plants were being grown, but did not realize that the growing of cannabis was illegal.

The appeals arose not from the crime of trafficking in human beings, but rather the conviction and sentencing of two defendants who themselves may have been (and it was contended, were) the victims of trafficking and consequent exploitation, who pleaded guilty to offences involving the production of cannabis. The appellants were sentenced on separate occasions in September 2009 and January 2010.","[S1] R v. N.
[S2] N. had left Vietnam and travelled via the Czech Republic to the United Kingdom.
[S3] He said that he had been recruited by a Vietnamese man Ha soon after his arrival in the United Kingdom.
[S4] Ha offered N. a job and transported him to the factory.
[S5] N. said that he had become frightened when he found out that he had been dealing with illegal plants and wished to leave.
[S6] He ate, slept and worked in the factory, and he was unpaid.
[S7] He therefore called Ha that he did not wish to work in the factory anymore.
[S8] He was threatened that if he or any of the other factory workers stopped working they might be killed.
[S9] As he took the threat seriously, N. returned to the factory and continued to work as a gardener.
[S10] The appellant and his co-accused were all arrested and sentenced to a detention and training order for 18 months.
[S11] During a hearing in 2009, N. said that his date of birth was April 1992.
[S12] This meant that he was a child at the time of arrest.
[S13] It also appeared that N. had been smuggled into the United Kingdom on the basis that his parents had funded his journey to what was hoped would be a life with better prospects.
[S14] On 21 April 2009 police officers attended factory premises in London following reports of a suspected burglary.
[S15] They discovered a cannabis factory, together with all the necessary paraphernalia for the successful and profitable cultivation of cannabis.
[S16] The police were informed that a large body of men had been seen in the gardens to the rear of residential premises, forcing their way into the cannabis factory premises, presumably to take over the factory, or to discourage those within the factory from continuing the cultivation of cannabis.
[S17] R v Vinh Cong Le
[S18] In January 2010, following his guilty plea to one count of producing cannabis, the appellant was sentenced to 20 months detention.
[S19] The appellant was one of a substantial group of defendants charged with offences arising from the production of cannabis in Milton Road, Cambridge.
[S20] The address in Milton Road was a 4 bed roomed house which had been converted into a cannabis factory.
[S21] By contrast with the accommodation in N., the house had not been converted or secured in any way that would have prevented the appellant from leaving it.
[S22] When interviewed, the appellant said he was 15 years old.
[S23] He gave a prepared statement to the effect that he had been smuggled into the United Kingdom by his adoptive father.
[S24] He wandered the streets before encountering two Vietnamese nationals who said they would help him find his adoptive father.
[S25] They took him to their address.
[S26] He realized that cannabis plants were being grown, but did not realize that the growing of cannabis was illegal.
[S27] The appeals arose not from the crime of trafficking in human beings, but rather the conviction and sentencing of two defendants who themselves may have been (and it was contended, were) the victims of trafficking and consequent exploitation, who pleaded guilty to offences involving the production of cannabis.
[S28] The appellants were sentenced on separate occasions in September 2009 and January 2010.",data/raw_html/000418_18e5ecb860a9.html,d3a2598d6fb06e951595fbbb42802a71809e6bc46ca5a8602c0d6663a24b1a8c
HRV1-063,63,781,United States v. Mahender Murlidhar Sabhnani and Varsha Mahender Sabhnani,USA033,https://www.unodc.org/cld/case-law-doc/traffickingpersonscrimetype/usa/2010/united_states_v._mahender_murlidhar_sabhnani_and_varsha_mahender_sabhnani_.html,United States of America,A,Representative clean cases,Prior feasibility-audit anchor: child_minor_involvement TYPE_1 (clear_false_multiple_adults),1,695,26,sherloc_sentence_splitter_v1,fccbca264c23278f60753a6c90002b89ceadd2ac4c5134f00d2d6c0dbbb135ae,"The 1st victim, a 53 year old woman from Indonesia, was arranged to travel to the US by the 2nd defendant’s mother, “Mrs. Joti”, in order to work in the US as a domestic servant for $ 200 per month. She was a rice vender who could not speak English, and had very limited knowledge about visas. She was brought to the US, accompanied by Mrs. Joti in February 2002.

Upon her arrival, the defendants met her at the airport and then took her to their home. The 2nd defendant took the 1st victims passport and other travel related documents, and kept them until approximately April 2007, about one year after her passport had expired. While the 1st victim was in charge of cooking, cleaning, laundry, and other chores at the defendants’ house, she also did not receive the promised amount of money, $200 per month; instead the defendants gave her daughter in Indonesia $100 per month, so the victim did not receive any money from the defendants.

The circumstances of the victim’s employment was more than severe; she was required to sleep on carpet outside the bedroom, and later on a floor mat in the kitchen. She worked for extremely long hours per day and was often deprived of sleep. The 2nd defendant refused to provide the victim with even the semblance of adequate clothing. The victim was also subjected to extremely harsh physical, and psychological treatment in the defendants’ home; the 2nd defendant beat the victim with various household objects; she was punished for sleeping late, for not receiving permission to throw out the garbage, for stealing food from the trash, and for failing to clean the garbage. The 2nd defendant also threatened the victim with a photograph showing her with milk, which could be used to show as if she was stealing the milk; by telling her that she would be killed by the 1st defendant; and by the letter which she was forced to write by the 2nd defendant. The victim was told that if she wanted to go back to Indonesia, she would have pay for all expenses for her travel back, and that she would be arrested by the police because of her illegal status. Most of the victim’s day-to-day supervision came from the 2nd defendant, though the 1st defendant also ordered her to serve various jobs and knew of the victim’s harsh employment conditions.

The 1st defendant even reported the victim’s mistakes to the 2nd defendant, even though he understood the 2nd defendant would beat the victim for them. The 2nd victim, who was a 47 year old woman from Indonesia, was also recruited by Mrs. Joti in Indonesia. She had completed only first grade, and was unable to speak English. Immediately after her arrival upon the US, in January 2005, the defendants required her to work at their house. The 2nd defendant took her passport and other relevant documents, and kept them in the same locked place as one in which the 1st victim’s passport and other relevant documents were kept, until May 2007, nearly 2 years after the 2nd victim was required to depart from the US.

Like the 1st victim, employment circumstances were severe; she was made to work lengthy hours; was generally denied food, sleep, and even medical care when she was sick or injured. She was also a witness to the 1st victim’s maltreatment at the 2nd defendant’s hands. Though she was not excluded from it; the 2nd defendant forced her to walk up and down stairs repeatedly as punishment for supposed misconduct. The victim was threatened by the 2nd defendant as well as the victim; he told her that if she ran away, the police would shoot her. She was also told that if she left, her husband in Indonesia, who had received advanced payment for her services, would be arrested. On the evening of May 12, 2007, the 1st victim ran away from the defendants’ house during their absence, carrying the expired Indonesian passport. She was taken to the medical center, and then reported to the police.

Finally, the defendants were arrested on May 14, 2007 on charges of committing forced labor.","[S1] The 1st victim, a 53 year old woman from Indonesia, was arranged to travel to the US by the 2nd defendant’s mother, “Mrs. Joti”, in order to work in the US as a domestic servant for $ 200 per month.
[S2] She was a rice vender who could not speak English, and had very limited knowledge about visas.
[S3] She was brought to the US, accompanied by Mrs. Joti in February 2002.
[S4] Upon her arrival, the defendants met her at the airport and then took her to their home.
[S5] The 2nd defendant took the 1st victims passport and other travel related documents, and kept them until approximately April 2007, about one year after her passport had expired.
[S6] While the 1st victim was in charge of cooking, cleaning, laundry, and other chores at the defendants’ house, she also did not receive the promised amount of money, $200 per month; instead the defendants gave her daughter in Indonesia $100 per month, so the victim did not receive any money from the defendants.
[S7] The circumstances of the victim’s employment was more than severe; she was required to sleep on carpet outside the bedroom, and later on a floor mat in the kitchen.
[S8] She worked for extremely long hours per day and was often deprived of sleep.
[S9] The 2nd defendant refused to provide the victim with even the semblance of adequate clothing.
[S10] The victim was also subjected to extremely harsh physical, and psychological treatment in the defendants’ home; the 2nd defendant beat the victim with various household objects; she was punished for sleeping late, for not receiving permission to throw out the garbage, for stealing food from the trash, and for failing to clean the garbage.
[S11] The 2nd defendant also threatened the victim with a photograph showing her with milk, which could be used to show as if she was stealing the milk; by telling her that she would be killed by the 1st defendant; and by the letter which she was forced to write by the 2nd defendant.
[S12] The victim was told that if she wanted to go back to Indonesia, she would have pay for all expenses for her travel back, and that she would be arrested by the police because of her illegal status.
[S13] Most of the victim’s day-to-day supervision came from the 2nd defendant, though the 1st defendant also ordered her to serve various jobs and knew of the victim’s harsh employment conditions.
[S14] The 1st defendant even reported the victim’s mistakes to the 2nd defendant, even though he understood the 2nd defendant would beat the victim for them.
[S15] The 2nd victim, who was a 47 year old woman from Indonesia, was also recruited by Mrs. Joti in Indonesia.
[S16] She had completed only first grade, and was unable to speak English.
[S17] Immediately after her arrival upon the US, in January 2005, the defendants required her to work at their house.
[S18] The 2nd defendant took her passport and other relevant documents, and kept them in the same locked place as one in which the 1st victim’s passport and other relevant documents were kept, until May 2007, nearly 2 years after the 2nd victim was required to depart from the US.
[S19] Like the 1st victim, employment circumstances were severe; she was made to work lengthy hours; was generally denied food, sleep, and even medical care when she was sick or injured.
[S20] She was also a witness to the 1st victim’s maltreatment at the 2nd defendant’s hands.
[S21] Though she was not excluded from it; the 2nd defendant forced her to walk up and down stairs repeatedly as punishment for supposed misconduct.
[S22] The victim was threatened by the 2nd defendant as well as the victim; he told her that if she ran away, the police would shoot her.
[S23] She was also told that if she left, her husband in Indonesia, who had received advanced payment for her services, would be arrested.
[S24] On the evening of May 12, 2007, the 1st victim ran away from the defendants’ house during their absence, carrying the expired Indonesian passport.
[S25] She was taken to the medical center, and then reported to the police.
[S26] Finally, the defendants were arrested on May 14, 2007 on charges of committing forced labor.",data/raw_html/000781_780f12ed015e.html,de404d3a044b710ff3e81e7916a62c95a6047d1611307bb13fa08aa0a45eb03d
HRV1-064,64,984,18/A/2009,ROU032,https://www.unodc.org/cld/case-law-doc/traffickingpersonscrimetype/rou/2009/18a2009.html,Romania,D,Narrative genuinely insufficient or abstention candidate,Narrative genuinely insufficient or abstention candidate,1,36,2,sherloc_sentence_splitter_v1,ea439263a969630b48c66c20236d0263b77fa7967282b078e04bf71e03191cab,"The decision does not state many facts apart from the fact that there were at least three victims. One of the victims withdrew her claim for damages, as a civil party, filed during the criminal investigation.","[S1] The decision does not state many facts apart from the fact that there were at least three victims.
[S2] One of the victims withdrew her claim for damages, as a civil party, filed during the criminal investigation.",data/raw_html/000984_bcf985bd2ff3.html,7e516e42f6031f7c28feaeb5284b76205d507053e0d02d3cf7c720df9a427b43
HRV1-065,65,759,Docket Number - Unknown [2010],USA174,https://www.unodc.org/cld/case-law-doc/drugcrimetype/usa/2010/docket_number_-_unknown_2010.html,United States of America,A,Representative clean cases,Prior feasibility-audit anchor: form_of_trafficking TYPE_1 (Internal + Organized Criminal Group),1,365,17,sherloc_sentence_splitter_v1,5210fe5679a7f66f5a7dcb8a432e088e35989914f4e134e55e0ef1cebdc70f41,"From January to April in 2009, co-defendants, Richard Johnson (“Johnson”), Jacob Tyler (“Tyler”), Craig Allen Corey II (“Corey”) and Robert Harris (“Harris”), conspired to and actually conducted a prostitution business from Corey’s apartment in Millersville, Maryland.

As a United States Army Officer, co-defendant, Corey, travelled from his Army assignment at Fort Meade, Maryland, to his hometown of Chillicothe, Ohio. From Chillicothe and the surrounding areas, Corey recruited co-conspirators to assist with his Maryland prostitution operation.

Co-defendants, Corey, Harris, Johnson, Tyler, along with others, transported and enticed at least 12 female victims, both adult and minor, to travel to Maryland. Corey particularly recruited victims from Watertown, New York and, via internet, from the State of Virginia. The co-defendants photographed the female victims both clothed and unclothed, and gave them aliases. The photos and aliases were used to advertise the women on Craigslist.org. Corey’s laptop was used for advertising purposes. The co-defendants also used MySpace.com, YouTube.com and other web-based social networking services, to recruit female victims to serve as prostitutes and to promote their prostitution business.

Co-defendant, Corey, received a percentage of all earnings from the prostitution business. These earnings could range in the thousands of dollars per week. He used some of these earnings to buy, among other things, MDMA (Ecstasy or Molly) and Benzylpiperazine (BZP - a drug which has a stimulant effect on the central nervous system similar to that of ecstasy) from a drug dealer in Detroit, Michigan. From January 2009 to September 2009, all of the co-defendants distributed these drugs, along with marijuana, Xanax and Percoset, to the female victims in order to motivate them to prostitute, to sex and drug customers, and to associates in both the States of Ohio and Maryland.

Co-defendants, Tyler and Harri, brought illegal firearms into the apartment where the victim’s were held, to further their sex and drug trafficking operations. In addition, all of the co-defendants beat the victims to force them into prostitution. Co-defendants, Tyler and Harris, would beat the victims if they refused to provide their earnings to them.

After the co-defendants were incarcerated, most of them attempted to contact potential witnesses and a victim to get them to change their statements.","[S1] From January to April in 2009, co-defendants, Richard Johnson (“Johnson”), Jacob Tyler (“Tyler”), Craig Allen Corey II (“Corey”) and Robert Harris (“Harris”), conspired to and actually conducted a prostitution business from Corey’s apartment in Millersville, Maryland.
[S2] As a United States Army Officer, co-defendant, Corey, travelled from his Army assignment at Fort Meade, Maryland, to his hometown of Chillicothe, Ohio.
[S3] From Chillicothe and the surrounding areas, Corey recruited co-conspirators to assist with his Maryland prostitution operation.
[S4] Co-defendants, Corey, Harris, Johnson, Tyler, along with others, transported and enticed at least 12 female victims, both adult and minor, to travel to Maryland.
[S5] Corey particularly recruited victims from Watertown, New York and, via internet, from the State of Virginia.
[S6] The co-defendants photographed the female victims both clothed and unclothed, and gave them aliases.
[S7] The photos and aliases were used to advertise the women on Craigslist.org.
[S8] Corey’s laptop was used for advertising purposes.
[S9] The co-defendants also used MySpace.com, YouTube.com and other web-based social networking services, to recruit female victims to serve as prostitutes and to promote their prostitution business.
[S10] Co-defendant, Corey, received a percentage of all earnings from the prostitution business.
[S11] These earnings could range in the thousands of dollars per week.
[S12] He used some of these earnings to buy, among other things, MDMA (Ecstasy or Molly) and Benzylpiperazine (BZP - a drug which has a stimulant effect on the central nervous system similar to that of ecstasy) from a drug dealer in Detroit, Michigan.
[S13] From January 2009 to September 2009, all of the co-defendants distributed these drugs, along with marijuana, Xanax and Percoset, to the female victims in order to motivate them to prostitute, to sex and drug customers, and to associates in both the States of Ohio and Maryland.
[S14] Co-defendants, Tyler and Harri, brought illegal firearms into the apartment where the victim’s were held, to further their sex and drug trafficking operations.
[S15] In addition, all of the co-defendants beat the victims to force them into prostitution.
[S16] Co-defendants, Tyler and Harris, would beat the victims if they refused to provide their earnings to them.
[S17] After the co-defendants were incarcerated, most of them attempted to contact potential witnesses and a victim to get them to change their statements.",data/raw_html/000759_e1849455a10b.html,02c5b91013a4c9d2a6b06dbf015fa07aa6d9a68197ddda5b122ab964c2cf5214
HRV1-066,66,195,Cardaci Y Mossolini,ARG067,https://www.unodc.org/cld/case-law-doc/traffickingpersonscrimetype/arg/2014/cardaci_y_mossolini.html,Argentina,A,Representative clean cases,Prior feasibility-audit anchor: form_of_trafficking TYPE_1 (Transnational),1,457,21,sherloc_sentence_splitter_v1,f03a45d4d05bac65d3621ceeab790c1a6379ab1d66267cf718421bd10bce8dcb,"Cardaci and Mossolini (who is a police officer) were charged of harbouring 4 Paraguayan women in Arana (in La Plata) to exploit them sexually, promoting and facilitating the prostitution, with the alleged collaboration of Melo as a secondary participant.

The place where the prostitution was taking place was a “restaurant” which only functioned behind closed doors with bars in between, without any sign identifying it. To have an access it was necessary to ring a bell and wait to be served.

According to what has been reported by victims, the main accused was holding fifty per cent of what they earned. The “working hours” started at 6 pm (Except on Saturdays and Sundays that it started at 3 pm) until 3 or 4 am. And they worked from Tuesday till Sunday. They didn’t work on Monday, and they had them controlled when they were going out. The victims were receiving a weekly salary, and had to pay for their food.

One of the victims stated that though they were not obliged to have sex with whom they choose not to, it could lead to negative consequences. Also they shouted at them if they were slow in serving the customers.

They could go out with a friend or client on their day off, but they had to leave a “deposit” of five hundred pesos.

The police officer went to the place where prostitution was practiced, and got free meals.

The statements of Cardaci himself showed that he knew well about the personal circumstances of the victims, and that he was aware of their precarious economic situation. He said that he had travelled repeatedly to Paraguay to take the girls, he knew where they lived, and maintained a direct relationship with their families.

The complaint that initiated the case took place in the UFASE on the 25th of October 2012, who made a preliminary report, and ordered intelligence investigations, which corroborated the complaint.

One of the victims testified by videoconference and for the three other victims, their statements were incorporated in the investigations in the presence of the technical assistant of Cardaci.

Mossolini’s collaboration was essential, because it ensured that women “work” freely and be harboured and housed, since he would warn them in case of a raid.

In addition, the police station was one block away from the brothel, and everyone knew each other (Arana). So if the girls had wanted to escape, they would have found them, and returned them to the brothel.

Regarding Melo, who was acquitted, the Prosecutor considered him as an employee of the place, who took salary from Cardaci.

The report of the Office of Rescue (Oficina de Rescate) stated that the victims were in a vulnerable situation and that they were abused.","[S1] Cardaci and Mossolini (who is a police officer) were charged of harbouring 4 Paraguayan women in Arana (in La Plata) to exploit them sexually, promoting and facilitating the prostitution, with the alleged collaboration of Melo as a secondary participant.
[S2] The place where the prostitution was taking place was a “restaurant” which only functioned behind closed doors with bars in between, without any sign identifying it.
[S3] To have an access it was necessary to ring a bell and wait to be served.
[S4] According to what has been reported by victims, the main accused was holding fifty per cent of what they earned.
[S5] The “working hours” started at 6 pm (Except on Saturdays and Sundays that it started at 3 pm) until 3 or 4 am.
[S6] And they worked from Tuesday till Sunday.
[S7] They didn’t work on Monday, and they had them controlled when they were going out.
[S8] The victims were receiving a weekly salary, and had to pay for their food.
[S9] One of the victims stated that though they were not obliged to have sex with whom they choose not to, it could lead to negative consequences.
[S10] Also they shouted at them if they were slow in serving the customers.
[S11] They could go out with a friend or client on their day off, but they had to leave a “deposit” of five hundred pesos.
[S12] The police officer went to the place where prostitution was practiced, and got free meals.
[S13] The statements of Cardaci himself showed that he knew well about the personal circumstances of the victims, and that he was aware of their precarious economic situation.
[S14] He said that he had travelled repeatedly to Paraguay to take the girls, he knew where they lived, and maintained a direct relationship with their families.
[S15] The complaint that initiated the case took place in the UFASE on the 25th of October 2012, who made a preliminary report, and ordered intelligence investigations, which corroborated the complaint.
[S16] One of the victims testified by videoconference and for the three other victims, their statements were incorporated in the investigations in the presence of the technical assistant of Cardaci.
[S17] Mossolini’s collaboration was essential, because it ensured that women “work” freely and be harboured and housed, since he would warn them in case of a raid.
[S18] In addition, the police station was one block away from the brothel, and everyone knew each other (Arana).
[S19] So if the girls had wanted to escape, they would have found them, and returned them to the brothel.
[S20] Regarding Melo, who was acquitted, the Prosecutor considered him as an employee of the place, who took salary from Cardaci.
[S21] The report of the Office of Rescue (Oficina de Rescate) stated that the victims were in a vulnerable situation and that they were abused.",data/raw_html/000195_3156c750f470.html,585be9a74033c2358c509f5956ecaed5002931eb205c52c6619e70244e16134e
HRV1-067,67,633,"Quiroa, Diaz & Muñoz",GTM002,https://www.unodc.org/cld/case-law-doc/traffickingpersonscrimetype/gtm/2010/quiroa_diaz_munoz.html,Guatemala,C,Structured metadata missing but narrative informative,Prior feasibility-audit anchor: child_minor_involvement TYPE_3 (narrative_true_age_missing),1,88,6,sherloc_sentence_splitter_v1,e4957fff12d48e468ae6ef0c1c2d82b5a85e969543a22869953f460266bee73d,"On 23 November 2006, in the city of Jalapa, the defendants abducted six underage girls coming from three different families. The defendants had previous ties to the children’s families. They drove them to the city of Guatemala, where they remained for several days, with the intent of facilitating an illegal adoption. One minor disappeared from the site where all the victims were found. It is unclear whether the defendants were involved in the disappearance. The other five children were taken back to their families with help of authorities.","[S1] On 23 November 2006, in the city of Jalapa, the defendants abducted six underage girls coming from three different families.
[S2] The defendants had previous ties to the children’s families.
[S3] They drove them to the city of Guatemala, where they remained for several days, with the intent of facilitating an illegal adoption.
[S4] One minor disappeared from the site where all the victims were found.
[S5] It is unclear whether the defendants were involved in the disappearance.
[S6] The other five children were taken back to their families with help of authorities.",data/raw_html/000633_a5347c12466f.html,47a7dd98c423868bea083ad765faccc6fb1c44bcf0ba392edebf970c24836908
HRV1-068,68,1229,United States v. Telichenko,USA174,https://www.unodc.org/cld/case-law-doc/traffickingpersonscrimetype/usa/2007/united_states_v._telichenko.html,United States of America,B,Structured metadata present but narrative support incomplete,"Prior feasibility-audit anchor: form_of_trafficking TYPE_2 (Internal + Transnational): Domestic Philadelphia-to-Florida movement is explicit; the victim was already visiting the US, so trafficking across an international border is not established.",1,264,12,sherloc_sentence_splitter_v1,daf0ee53337de889f57d721fbffdabef2d7c0c506e90b00126c31b11e07bd1f4,"The defendant, a Ukrainian national, lived and worked as a court translator in Orlando, Florida. The victim, a Russian citizen, was visiting the United States on a B-2 tourist visa. The defendant and victim met in Philadelphia, PA and, it was at this time when the defendant convinced the victim to visit Florida.Upon the victim’s arrival to Florida, the defendant kept her as a slave in the defendant’s apartment. The defendant forced the victim into prostitution and regularly beat her. To cover up the victim’s bruises and cuts on her face, the defendant forced the victim to stay out of sight so no one would see her.

The defendant regularly threatened both physical and economic harm to the victim’s family in Russia.

The victim was under constant surveillance, never left alone and was watched when she called her mother in Russia. Some residents that lived in the same apartment building that the defendant and victim resided, heard the victim’s cries, but did not do anything about it. Also, the apartment complex employees saw the victim’s injuries, but did not call the police. After some time, the victim’s mother felt that something was wrong, called the Russian embassy in Washington D.C., which prompted an investigation by the United States Immigration and Customs Enforcement Agency (“ICE”).

After the ICE agents found and took the victim into custody, the victim informed the agents that her bruises and lacerations were caused by a car accident and not from the defendant. Two weeks later, however, the victim gave law enforcement an accurate full report of her circumstance.","[S1] The defendant, a Ukrainian national, lived and worked as a court translator in Orlando, Florida.
[S2] The victim, a Russian citizen, was visiting the United States on a B-2 tourist visa.
[S3] The defendant and victim met in Philadelphia, PA and, it was at this time when the defendant convinced the victim to visit Florida.Upon the victim’s arrival to Florida, the defendant kept her as a slave in the defendant’s apartment.
[S4] The defendant forced the victim into prostitution and regularly beat her.
[S5] To cover up the victim’s bruises and cuts on her face, the defendant forced the victim to stay out of sight so no one would see her.
[S6] The defendant regularly threatened both physical and economic harm to the victim’s family in Russia.
[S7] The victim was under constant surveillance, never left alone and was watched when she called her mother in Russia.
[S8] Some residents that lived in the same apartment building that the defendant and victim resided, heard the victim’s cries, but did not do anything about it.
[S9] Also, the apartment complex employees saw the victim’s injuries, but did not call the police.
[S10] After some time, the victim’s mother felt that something was wrong, called the Russian embassy in Washington D.C., which prompted an investigation by the United States Immigration and Customs Enforcement Agency (“ICE”).
[S11] After the ICE agents found and took the victim into custody, the victim informed the agents that her bruises and lacerations were caused by a car accident and not from the defendant.
[S12] Two weeks later, however, the victim gave law enforcement an accurate full report of her circumstance.",data/raw_html/001229_03fe30fe690a.html,a3cea518320ca60cf47936627bc869411deb62a761a7be4b49ec420cf5bf160a
HRV1-069,69,751,KŽ 408/10,SRB027,https://www.unodc.org/cld/case-law-doc/criminalgroupcrimetype/srb/2010/k_40810_.html,Serbia,A,Representative clean cases,Prior feasibility-audit anchor: form_of_trafficking TYPE_1 (Internal),1,203,5,sherloc_sentence_splitter_v1,436171f660e8d79968c4cf299e2f9c25991fecff75d4fd10bd6436329965be3a,"The accused as an organized group used force, threat, dependency relationship and retaining personal documents, recruited and kept three minor injured parties with a view to begging in Belgrade in the period 2000 to 2007. This was done in a way that the spouses – the first and the second abused – together with their daughter and son, the third and the fourth accused who entered into common law marriages with these minors, forced them to beg with their own another persons’ children in arms at Belgrade crossroads and the crossroads in the surroundings of Belgrade. The injured parties had to produce a certain amount of money begging every day and hand it over to the fourth accused, and she would in turn hand over this sum to the first accused every week and keep it to himself. If the injured parties were not able to produce the requested sum, they suffered psychological abuse, were threatened with murder, beaten, whipped and flagged. The minors could not run away because they were deprived of their personal documents and under constant supervision and control of the fourth accused and other persons, blackmailed and threatened that they would be murdered or that their children would be taken away.","[S1] The accused as an organized group used force, threat, dependency relationship and retaining personal documents, recruited and kept three minor injured parties with a view to begging in Belgrade in the period 2000 to 2007.
[S2] This was done in a way that the spouses – the first and the second abused – together with their daughter and son, the third and the fourth accused who entered into common law marriages with these minors, forced them to beg with their own another persons’ children in arms at Belgrade crossroads and the crossroads in the surroundings of Belgrade.
[S3] The injured parties had to produce a certain amount of money begging every day and hand it over to the fourth accused, and she would in turn hand over this sum to the first accused every week and keep it to himself.
[S4] If the injured parties were not able to produce the requested sum, they suffered psychological abuse, were threatened with murder, beaten, whipped and flagged.
[S5] The minors could not run away because they were deprived of their personal documents and under constant supervision and control of the fourth accused and other persons, blackmailed and threatened that they would be murdered or that their children would be taken away.",data/raw_html/000751_dd31a3a6ad98.html,aec834237c4e492987bea0e9764e520eeab7d4f31d05891b05b055714c343ee1
HRV1-070,70,238,R v Kuavong [2013] QCA310,AUS017,https://www.unodc.org/cld/case-law-doc/traffickingpersonscrimetype/aus/2013/r_v_kuavong_2013_qca310.html,Australia,A,Representative clean cases,Prior feasibility-audit anchor: victim_multiplicity TYPE_1 (one_record_apparent_single),1,253,13,sherloc_sentence_splitter_v1,a9c74d737581e32e46c245ccf4f43abac5bf0490507bc81b2d91cb89115727e2,"The applicant started a Thai massage business after she and her former husband moved to Brisbane from Thailand in 2002. After initially providing therapeutic Thai massage services, she later came to provide additional sexual services to customers. The applicant’s daughter -and the victim in this case- initially stayed in Thailand with her grandparents when the applicant moved to Australia. In 2004, the applicant brought her mother and her daughter to Brisbane for a six week holiday. The complainant – the victim, who was also the applicant’s daughter-, who was nine years old at that time, was initially required to massage naked customers, but eventually, at the applicant’s request, masturbated some customers. Her mother also masturbated a number of customers in her presence.

In 2006, the applicant arranged for her parents to come to Brisbane with the complainant with a view to the complainant residing permanently with her in Brisbane. The applicant provided prostitution by procuring her daughter to engage in sexual acts in exchange for money. The complainant was made to provide sexual services repeatedly to customers, which consisted of masturbation and/or fellatio. The complainant was often fully or partially undressed and the customers were normally naked. The complainant was frequently touched indecently by the customers, and forced to perform degrading sexual acts. The complainant and the applicant were often together in the room and present when the other of them interacted sexually with a customer. None of the offending conduct involved vaginal or anal penetration; such acts were forbidden by the applicant.","[S1] The applicant started a Thai massage business after she and her former husband moved to Brisbane from Thailand in 2002.
[S2] After initially providing therapeutic Thai massage services, she later came to provide additional sexual services to customers.
[S3] The applicant’s daughter -and the victim in this case- initially stayed in Thailand with her grandparents when the applicant moved to Australia.
[S4] In 2004, the applicant brought her mother and her daughter to Brisbane for a six week holiday.
[S5] The complainant – the victim, who was also the applicant’s daughter-, who was nine years old at that time, was initially required to massage naked customers, but eventually, at the applicant’s request, masturbated some customers.
[S6] Her mother also masturbated a number of customers in her presence.
[S7] In 2006, the applicant arranged for her parents to come to Brisbane with the complainant with a view to the complainant residing permanently with her in Brisbane.
[S8] The applicant provided prostitution by procuring her daughter to engage in sexual acts in exchange for money.
[S9] The complainant was made to provide sexual services repeatedly to customers, which consisted of masturbation and/or fellatio.
[S10] The complainant was often fully or partially undressed and the customers were normally naked.
[S11] The complainant was frequently touched indecently by the customers, and forced to perform degrading sexual acts.
[S12] The complainant and the applicant were often together in the room and present when the other of them interacted sexually with a customer.
[S13] None of the offending conduct involved vaginal or anal penetration; such acts were forbidden by the applicant.",data/raw_html/000238_da01c7551e06.html,f064736922a02bf007a8c715221365a84c41196d58a07e7f98804016386ebc6a
HRV1-071,71,582,K.br. 4/10,SRB010,https://www.unodc.org/cld/case-law-doc/traffickingpersonscrimetype/srb/2011/k.br._410_.html,Serbia,A,Representative clean cases,Prior feasibility-audit anchor: child_minor_involvement TYPE_1 (clear_true_numeric_age),1,214,11,sherloc_sentence_splitter_v1,ea3a30555e0b2205a4a3a48ae0da47cb99312594580aa6dddbf20d89d62bc7bd,"In 2004, the injured party answered an advertisement for escort in the papers that the first accused had published. At first interview she told him she did not want to work as an escort but that she needed a job. He told her he was planning to open a café and promised her a job in it. As agreed, the injured party arrived in Vranje by bus and was met by the first and the second accused at the local bus stop. She told them she was a minor and showed them her health card. The first accused took her into an apartment where she heard the first accused talking on the phone with someone, looking for a way to get her a Bulgarian passport for 200€. After that he entered the room and raped her and then took her to a café where the second accused was sitting. The latter took her to his apartment and phoned the first accused to tell him he would sell her the next day. After that he bought her a bus ticket, and raped her when they returned into the apartment. He sent her to Belgrade the next day. After some time, the injured party reported the case to the police and then attempted suicide several times.","[S1] In 2004, the injured party answered an advertisement for escort in the papers that the first accused had published.
[S2] At first interview she told him she did not want to work as an escort but that she needed a job.
[S3] He told her he was planning to open a café and promised her a job in it.
[S4] As agreed, the injured party arrived in Vranje by bus and was met by the first and the second accused at the local bus stop.
[S5] She told them she was a minor and showed them her health card.
[S6] The first accused took her into an apartment where she heard the first accused talking on the phone with someone, looking for a way to get her a Bulgarian passport for 200€.
[S7] After that he entered the room and raped her and then took her to a café where the second accused was sitting.
[S8] The latter took her to his apartment and phoned the first accused to tell him he would sell her the next day.
[S9] After that he bought her a bus ticket, and raped her when they returned into the apartment.
[S10] He sent her to Belgrade the next day.
[S11] After some time, the injured party reported the case to the police and then attempted suicide several times.",data/raw_html/000582_80dfab2fb775.html,a2f3200f9449754dcc5e240093544e935117a3f54884e63b93d4fef35c0f4e56
HRV1-072,72,513,Processo n 2004.81.00.018889-0,BRA056,https://www.unodc.org/cld/case-law-doc/criminalgroupcrimetype/bra/2011/processo_n_2004.81.00.018889-0.html,Brazil,B,Structured metadata present but narrative support incomplete,"Prior feasibility-audit anchor: form_of_trafficking TYPE_2 (Internal + Transnational + Organized Criminal Group): Transnational and organized-group evidence is explicit, but a distinct Internal form is not.",1,205,8,sherloc_sentence_splitter_v1,5ef47be5fce168e02ce45f187a1ca37bc07f3a7b54de98dc789b23ba51d356cd,"As reported, S.S headed the criminal organization jointly with B.R and was responsible for the enterprise B.C and its website, which offered package holidays and prostitutes. The website consisted in an assortment of erotic posing and nude pictures, where the clients had the possibility to choose a prostitute to make a trip with him or bring her to Germany.

The defendant O.F.G and his wife F.C.L.L were responsible for collecting the pictures for the website, recruitment of victims to transfer to Germany and giving support to the foreign enterprise’s clients in Brazil, specifically in Fortaleza. O.F.G, whose wife F.C.L.L, managed the pictures and the recruitment.

The other defendant F.A.B was the representative in Recife. The defendants F.S.M, M.S.S and R.M.S.R.

Furthermore, the defendants F.C.L.O and F.S.M were also condemned, each of them, for child pornography for taking pictures in the nude and pornographic posing of their own daughters (both younger than 4 years old).

The evidence demontrates that S.S was the main chief of the criminal organization by heading all the other members, stipulating charges and recruitment.","[S1] As reported, S.S headed the criminal organization jointly with B.R and was responsible for the enterprise B.C and its website, which offered package holidays and prostitutes.
[S2] The website consisted in an assortment of erotic posing and nude pictures, where the clients had the possibility to choose a prostitute to make a trip with him or bring her to Germany.
[S3] The defendant O.F.G and his wife F.C.L.L were responsible for collecting the pictures for the website, recruitment of victims to transfer to Germany and giving support to the foreign enterprise’s clients in Brazil, specifically in Fortaleza.
[S4] O.F.G, whose wife F.C.L.L, managed the pictures and the recruitment.
[S5] The other defendant F.A.B was the representative in Recife.
[S6] The defendants F.S.M, M.S.S and R.M.S.R.
[S7] Furthermore, the defendants F.C.L.O and F.S.M were also condemned, each of them, for child pornography for taking pictures in the nude and pornographic posing of their own daughters (both younger than 4 years old).
[S8] The evidence demontrates that S.S was the main chief of the criminal organization by heading all the other members, stipulating charges and recruitment.",data/raw_html/000513_e4702ab899ba.html,84f772e155bf420eb9e234212737409aad8faddce1b92964471f038132d5ee2e
HRV1-073,73,274,Case n° 3692/13,ARG064,https://www.unodc.org/cld/case-law-doc/traffickingpersonscrimetype/arg/2013/case_n_369213.html,Argentina,B,Structured metadata present but narrative support incomplete,Prior feasibility-audit anchor: child_minor_involvement TYPE_2 (grouped_migrants_heading): Fact Summary gives no age/minor evidence.; victim_multiplicity TYPE_1 (migrants_heading_multiple),1,541,21,sherloc_sentence_splitter_v1,754981f605a79b44fed162696a5eafc7abd4517aac19d3d022d2ca089c478338,"The current case initiated on the 30th of April 2013. During an ordinary inspection carried out by the Federal Public Revenue Administration at a property located on Santander street, the FPRA technicians noted a number of irregularities that led them to suspect that there were victims of human trafficking at that place. The FPRA personnel communicated such circumstances to the National Criminal and Correctional Court, and to the Federal Police. Following this information, the search of the aforementioned property was ordered, as well as that of another dwelling located in Beauchef street. Through such searches, the police found that there was a textile workshop operating in the first building. Over 30 foreign citizens worked at that workshop, and they all lived at the dwelling in Beauchef street. With regard to the workshop, a concealed door that mimicked the wall when closed was discovered. Behind the door, the investigators found two more floors filled with machines, clothing and people who worked at that place. On that occasion, J.C.Q. was identified as the owner of the workshop, and was arrested together with three others who worked as managers under his orders.

Subsequently, following the evidence gathered during the search conducted at the Santander street workshop, it was determined that J.C.Q. was the president of the Taverguis Cooperative, through which the clothing manufactured in the workshop was being sold. The evidence gathered in this dwelling allowed the police forces to discover the existence of two other workshops associated with the same cooperative, which were also duly investigated and searched, leading to the identification of twenty workers and the arrest of four other defendants.

Eight people in total were accused of being part of Taverguis, cooperative dedicated to the production of garments, and through which the defendants allegedly exploited and subjected fifty-seven persons to forced labour.

The aforementioned cooperative operated from three different dwellings, in which the defendants had set up three textile workshops that manufactured garments for different brands. The people who were working in these places were subjected to long working hours -with some shifts reaching the 14 hours- in precarious health, safety and hygiene conditions. Moreover, the workers were not registered, and therefore they received considerably lower salaries than those prescribed by the regulations governing the textile sector. The workers were provided with housing, either at the workshop they were working at or, alternatively, in a private residence rented for that purpose. All of the places used as accommodation for the workers were unsafe, as they involved living in precarious and overcrowding conditions.

Some of the workers were recruited directly in Bolivia, and J.C.Q. offered to pay for the cost of transportation from their country of origin (Bolivia) to Buenos Aires. The money spent in to cover the travel costs of workers would later be discounted from their salaries. Similarly, the defendants took advantage of the position of vulnerability of the workers, due to their situation as irregular migrants, with promises to regularize their status once they obtained their Argentine identity cards. In that sense, they used the condition of foreign migrants of the victims, who did not have work permits, in order to obtain labor at a lower cost than that prescribed by national regulations.","[S1] The current case initiated on the 30th of April 2013.
[S2] During an ordinary inspection carried out by the Federal Public Revenue Administration at a property located on Santander street, the FPRA technicians noted a number of irregularities that led them to suspect that there were victims of human trafficking at that place.
[S3] The FPRA personnel communicated such circumstances to the National Criminal and Correctional Court, and to the Federal Police.
[S4] Following this information, the search of the aforementioned property was ordered, as well as that of another dwelling located in Beauchef street.
[S5] Through such searches, the police found that there was a textile workshop operating in the first building.
[S6] Over 30 foreign citizens worked at that workshop, and they all lived at the dwelling in Beauchef street.
[S7] With regard to the workshop, a concealed door that mimicked the wall when closed was discovered.
[S8] Behind the door, the investigators found two more floors filled with machines, clothing and people who worked at that place.
[S9] On that occasion, J.C.Q. was identified as the owner of the workshop, and was arrested together with three others who worked as managers under his orders.
[S10] Subsequently, following the evidence gathered during the search conducted at the Santander street workshop, it was determined that J.C.Q. was the president of the Taverguis Cooperative, through which the clothing manufactured in the workshop was being sold.
[S11] The evidence gathered in this dwelling allowed the police forces to discover the existence of two other workshops associated with the same cooperative, which were also duly investigated and searched, leading to the identification of twenty workers and the arrest of four other defendants.
[S12] Eight people in total were accused of being part of Taverguis, cooperative dedicated to the production of garments, and through which the defendants allegedly exploited and subjected fifty-seven persons to forced labour.
[S13] The aforementioned cooperative operated from three different dwellings, in which the defendants had set up three textile workshops that manufactured garments for different brands.
[S14] The people who were working in these places were subjected to long working hours -with some shifts reaching the 14 hours- in precarious health, safety and hygiene conditions.
[S15] Moreover, the workers were not registered, and therefore they received considerably lower salaries than those prescribed by the regulations governing the textile sector.
[S16] The workers were provided with housing, either at the workshop they were working at or, alternatively, in a private residence rented for that purpose.
[S17] All of the places used as accommodation for the workers were unsafe, as they involved living in precarious and overcrowding conditions.
[S18] Some of the workers were recruited directly in Bolivia, and J.C.Q. offered to pay for the cost of transportation from their country of origin (Bolivia) to Buenos Aires.
[S19] The money spent in to cover the travel costs of workers would later be discounted from their salaries.
[S20] Similarly, the defendants took advantage of the position of vulnerability of the workers, due to their situation as irregular migrants, with promises to regularize their status once they obtained their Argentine identity cards.
[S21] In that sense, they used the condition of foreign migrants of the victims, who did not have work permits, in order to obtain labor at a lower cost than that prescribed by national regulations.",data/raw_html/000274_ed298f76bca6.html,ef8d73d004c3c29b3535b560342b5e2f7a34068e764a481b270faa7dd761f746
HRV1-074,74,320,"Ledesma, Pedro Alberto y otras",ARGx003,https://www.unodc.org/cld/case-law-doc/traffickingpersonscrimetype/arg/2012/ledesma_pedro_alberto_y_otras.html,Argentina,B,Structured metadata present but narrative support incomplete,Prior feasibility-audit anchor: child_minor_involvement TYPE_2 (unknown_victims_have_children): Victims having children does not establish their own ages; adult-only Sidebar tag is not accepted as exhaustive.,1,153,7,sherloc_sentence_splitter_v1,fdc2adffad7bc30d596757536ce94ce1a67c09fff440be9ec404072e1609f589,"The case involves 7 victims of trafficking for the purpose of sexual exploitation in the brothel ‘Oasis’, owed by Pedro Alberto Ledesma. The exploitation occurred in the bedrooms inside the brothel, as well as in nearby hotels. The system of exploitation consisted of “copas” and “pases”, recorded in notebooks, were women approached men firstly (copas) before providing sexual services (pases). 50% of the money earned by the women was retained by Ledesma. Moreover, officials from the Municipality visited often the brothel, in order to control the sanitary booklets of the women exploited.

All victims were in an economic and social situation of vulnerability, supporting financially their families, being single mothers, with migrant status and not possessing formal education.

One of the defendants, M.C., was partner of the other defendant, Pedro Alberto Ledesma. M.C. was charged with trafficking her own two daughters from the Dominican Republic for sexual exploitation at the brothel","[S1] The case involves 7 victims of trafficking for the purpose of sexual exploitation in the brothel ‘Oasis’, owed by Pedro Alberto Ledesma.
[S2] The exploitation occurred in the bedrooms inside the brothel, as well as in nearby hotels.
[S3] The system of exploitation consisted of “copas” and “pases”, recorded in notebooks, were women approached men firstly (copas) before providing sexual services (pases). 50% of the money earned by the women was retained by Ledesma.
[S4] Moreover, officials from the Municipality visited often the brothel, in order to control the sanitary booklets of the women exploited.
[S5] All victims were in an economic and social situation of vulnerability, supporting financially their families, being single mothers, with migrant status and not possessing formal education.
[S6] One of the defendants, M.C., was partner of the other defendant, Pedro Alberto Ledesma.
[S7] M.C. was charged with trafficking her own two daughters from the Dominican Republic for sexual exploitation at the brothel",data/raw_html/000320_529f8aa80b3b.html,12f529aabed519d6513b6ac76f7d42deaa7993a91cdf19cc4ec2e7632ce78257
HRV1-075,75,489,United States v. Medrano,USA023,https://www.unodc.org/cld/case-law-doc/traffickingpersonscrimetype/usa/2011/united_states_v._medrano.html,United States of America,A,Representative clean cases,Prior feasibility-audit anchor: child_minor_involvement TYPE_1 (clear_true_grouped),1,331,11,sherloc_sentence_splitter_v1,bb0a8f1599cf48e9c2cf6a6985ae94e76ecf981c1da226dd7f41dd08d846bf86,"Medrano, a naturalized U.S. citizen who emigrated from El Salvador in 1974, admitted that from October 2004 to January 2005 she harbored illegal Hondurans and employed them at her bars in Union City and Guttenberg. Ringleaders had forced them to work there to pay off smuggling debts that ranged up to $20,000, authorities said.

Luisa Medrano is the 10th defendant to plead guilty in connection with a smuggling ring that brought more than 20 young women and teenagers from small villages in Honduras with promises of employment as waitresses and then forced them to work at bars in Union City, New Jersey. Medrano owned the Hudson County bars where the young women were put to work: El Paisano Bar and Nightclub, at 509 22nd St., Union City; El Puerto de la Union I, at 6710 Bergenline Ave., Guttenberg; and El Puerto de la Union II, at 3806 Bergenline Ave., Union City.

Medrano also owned the three apartment buildings where the women were housed: 509 22nd St. and 2604 New York Ave., both in Union City, and 75 68th St. in Guttenberg. The women worked at the bars six days a week, from 6 p.m. to 2 a.m., for $240 a week plus tips, and lived the apartments where they were virtually imprisoned. The women, including at least four juveniles who obtained false identification, would get the male patrons to buy beers for themselves and the women, and would dance with the patrons for $3 a dance.

After rescue, the women stated that they were beaten, their families had been threatened in Honduras, and they were subjected to forced abortions. Investigative efforts resulted in the rescue of nineteen Honduran females, six of whom were juveniles as young as 14 years of age.

The victims were relocated and received counselling, education and other services. Under the Trafficking Victims Protection Act of 2000, all qualify for special visas that allow them to stay in the country and become naturalized citizens.","[S1] Medrano, a naturalized U.S. citizen who emigrated from El Salvador in 1974, admitted that from October 2004 to January 2005 she harbored illegal Hondurans and employed them at her bars in Union City and Guttenberg.
[S2] Ringleaders had forced them to work there to pay off smuggling debts that ranged up to $20,000, authorities said.
[S3] Luisa Medrano is the 10th defendant to plead guilty in connection with a smuggling ring that brought more than 20 young women and teenagers from small villages in Honduras with promises of employment as waitresses and then forced them to work at bars in Union City, New Jersey.
[S4] Medrano owned the Hudson County bars where the young women were put to work: El Paisano Bar and Nightclub, at 509 22nd St., Union City; El Puerto de la Union I, at 6710 Bergenline Ave., Guttenberg; and El Puerto de la Union II, at 3806 Bergenline Ave., Union City.
[S5] Medrano also owned the three apartment buildings where the women were housed: 509 22nd St. and 2604 New York Ave., both in Union City, and 75 68th St. in Guttenberg.
[S6] The women worked at the bars six days a week, from 6 p.m. to 2 a.m., for $240 a week plus tips, and lived the apartments where they were virtually imprisoned.
[S7] The women, including at least four juveniles who obtained false identification, would get the male patrons to buy beers for themselves and the women, and would dance with the patrons for $3 a dance.
[S8] After rescue, the women stated that they were beaten, their families had been threatened in Honduras, and they were subjected to forced abortions.
[S9] Investigative efforts resulted in the rescue of nineteen Honduran females, six of whom were juveniles as young as 14 years of age.
[S10] The victims were relocated and received counselling, education and other services.
[S11] Under the Trafficking Victims Protection Act of 2000, all qualify for special visas that allow them to stay in the country and become naturalized citizens.",data/raw_html/000489_2a77feeec45f.html,e47d0a75a63b31841b67772d98dab090f89f9601746b85b7ce93a1513ccbdb9f
HRV1-076,76,452,"United States v. Webster, Case No 08-30311",USA148,https://www.unodc.org/cld/case-law-doc/drugcrimetype/usa/2011/united_states_v._webster_case_no_08-30311.html,United States of America,A,Representative clean cases,Prior feasibility-audit anchor: child_minor_involvement TYPE_1 (clear_true_mixed_group),1,511,21,sherloc_sentence_splitter_v1,4ee903a9931165c105692cc8939e61e72ad977670ff30a4dd502f195f7c01ac1,"The defendant, Arthur Webster Jr. a.k.a. “Jerry Starr”, operated several –at least seven- sham escort businesses that were in reality fronts for an illegal prostitution business in the Anchorage area of Alaska. Webster targeted and recruited vulnerable adult and minor females who were homeless, in low-paying jobs or runaways, and invited them to work for his purported ""escort services"", where an individual would supposedly pay for another person’s ""time and company."" The defendant, however, forced the victims to engage in prostitution.

The defendant’s prostitution business operated on an “out call” basis, meaning that the clients would call the escort services’ phone lines, and in exchange for money, the defendant would provide adult women and underage girls who would meet the caller at his residence or at a hotel paid for by the caller to engage in sex acts. The callers would agree in advance to pay a fixed hourly rate plus a transportation fee in order to meet with a woman, and then would pay additional money in exchange for sex acts or drugs which Webster provided.

The defendant provided housing for the girls and women he recruited at six homes in Anchorage. The defendant controlled the victims completely, with the purpose of ensuring their continued cooperation: he threatened them, took away their personal identification and other properties, forbid any interaction with persons outside of the organization, he threatened his victims and violently assaulted them if they tried to leave or disobeyed him. The victims were also required to give the defendant all of the money they earned. When they returned from a “date”, the defendant would take their earnings and give them an “issue”, which was approximately one gram of crack cocaine. In their testimonies, the victims recounted going on up to ten “dates” per day, every day, with no days off. Furthermore, all of the victims testified that they were addicted to crack cocaine at the time they were involved in Webster’s prostitution business.

Moreover, Webster physically assaulted and abused the women in various ways. The victims testified that Webster would often assault one woman in front of the others to make an example of her. The victims also described being repeatedly choked, punched, slapped, bound and strip-searched by the defendant, or by someone acting at his direction. According to the victims’ testimonies, he also threatened to pour boiling water on one victim while another was in the room. In another incident, when one victim left the house, Webster found her and dragged her back by her hair. Two victims also described being locked in ""the box,"" a small crawl space or closet, as punishment for disrespecting him. Finally, several victims described a ""family"" meeting where Webster dragged one young woman into a room, out of the other victims’ sight. The witnesses said they could hear the sounds of the beating, and described how that woman emerged bruised and bloody, with chunks of her hair missing. One victim also affirmed that Webster had raped her, and several others testified that he insisted on having sex with them.","[S1] The defendant, Arthur Webster Jr. a.k.a.
[S2] “Jerry Starr”, operated several –at least seven- sham escort businesses that were in reality fronts for an illegal prostitution business in the Anchorage area of Alaska.
[S3] Webster targeted and recruited vulnerable adult and minor females who were homeless, in low-paying jobs or runaways, and invited them to work for his purported ""escort services"", where an individual would supposedly pay for another person’s ""time and company.""
[S4] The defendant, however, forced the victims to engage in prostitution.
[S5] The defendant’s prostitution business operated on an “out call” basis, meaning that the clients would call the escort services’ phone lines, and in exchange for money, the defendant would provide adult women and underage girls who would meet the caller at his residence or at a hotel paid for by the caller to engage in sex acts.
[S6] The callers would agree in advance to pay a fixed hourly rate plus a transportation fee in order to meet with a woman, and then would pay additional money in exchange for sex acts or drugs which Webster provided.
[S7] The defendant provided housing for the girls and women he recruited at six homes in Anchorage.
[S8] The defendant controlled the victims completely, with the purpose of ensuring their continued cooperation: he threatened them, took away their personal identification and other properties, forbid any interaction with persons outside of the organization, he threatened his victims and violently assaulted them if they tried to leave or disobeyed him.
[S9] The victims were also required to give the defendant all of the money they earned.
[S10] When they returned from a “date”, the defendant would take their earnings and give them an “issue”, which was approximately one gram of crack cocaine.
[S11] In their testimonies, the victims recounted going on up to ten “dates” per day, every day, with no days off.
[S12] Furthermore, all of the victims testified that they were addicted to crack cocaine at the time they were involved in Webster’s prostitution business.
[S13] Moreover, Webster physically assaulted and abused the women in various ways.
[S14] The victims testified that Webster would often assault one woman in front of the others to make an example of her.
[S15] The victims also described being repeatedly choked, punched, slapped, bound and strip-searched by the defendant, or by someone acting at his direction.
[S16] According to the victims’ testimonies, he also threatened to pour boiling water on one victim while another was in the room.
[S17] In another incident, when one victim left the house, Webster found her and dragged her back by her hair.
[S18] Two victims also described being locked in ""the box,"" a small crawl space or closet, as punishment for disrespecting him.
[S19] Finally, several victims described a ""family"" meeting where Webster dragged one young woman into a room, out of the other victims’ sight.
[S20] The witnesses said they could hear the sounds of the beating, and described how that woman emerged bruised and bloody, with chunks of her hair missing.
[S21] One victim also affirmed that Webster had raped her, and several others testified that he insisted on having sex with them.",data/raw_html/000452_609533828de0.html,f8eedcd6a2eb63ae2193e5f525a53c185d1e959725b5be1936a54da4055b11f0
HRV1-077,77,1105,United States v. Mondragon,USA016,https://www.unodc.org/cld/case-law-doc/traffickingpersonscrimetype/usa/2008/united_states_v._mondragon.html,United States of America,A,Representative clean cases,Prior feasibility-audit anchor: form_of_trafficking TYPE_1 (Organized Criminal Group),1,85,4,sherloc_sentence_splitter_v1,abceecebec9c8a314718e2cfbfe89886263dd412c8360bf858e1b3998e378bd7,"Oscar Mondragon and Victor Lopez, along with six others, engaged in a scheme to compel Central American women into service in restaurants, bars, and cantinas in the Houston area. Mondragon and Lopez lured Central American women to the United States with promises of jobs. Once the women arrived, they were forced to work in bars and cantinas of the defendants selling alcoholic drinks to male customers. The victims were subjected to numerous threats of harm to themselves and family members in order to compel servitude.","[S1] Oscar Mondragon and Victor Lopez, along with six others, engaged in a scheme to compel Central American women into service in restaurants, bars, and cantinas in the Houston area.
[S2] Mondragon and Lopez lured Central American women to the United States with promises of jobs.
[S3] Once the women arrived, they were forced to work in bars and cantinas of the defendants selling alcoholic drinks to male customers.
[S4] The victims were subjected to numerous threats of harm to themselves and family members in order to compel servitude.",data/raw_html/001105_607892f1ac56.html,3c1a66711f0965200d0553a9ff32344ac81a0433bc4f16f9d099cf1062414f7f
HRV1-078,78,53,C.M.S. y Guillemet Gastón,ARGx006,https://www.unodc.org/cld/case-law-doc/traffickingpersonscrimetype/arg/2018/c.m.s._y_guillemet_gaston_.html,Argentina,A,Representative clean cases,Prior feasibility-audit anchor: child_minor_involvement TYPE_1 (clear_true_mixed_ages),1,145,5,sherloc_sentence_splitter_v1,ba267b5ee6a31a6d869e3dbcef8bcd4068b46ff92bd3e8b37f6d119f1d1645d8,"Between the 25th December 2010 and the 4th January 2011, the two defendants captured and transported the 3 victims (2 minor girls and 1 young women) from the city of Chaco to the city of Buenos Aires, with the purpose of sexually exploiting them. The transport was done with the car of one of the defendants, and the harbouring occurred in the private property Guillemet was letting.

To achieve this, they abused the situation of vulnerability of the victims. They also deceived them, as two of the victims (Victims 2 and 3) were promised a different job (to work as a nanny and to work in a shop selling clothes); they also promised the mother of Victim 1 monthly payments. The victims were also in a position of vulnerability, as their families were in precarious economical situations, and they received a subsidy from the State.","[S1] Between the 25th December 2010 and the 4th January 2011, the two defendants captured and transported the 3 victims (2 minor girls and 1 young women) from the city of Chaco to the city of Buenos Aires, with the purpose of sexually exploiting them.
[S2] The transport was done with the car of one of the defendants, and the harbouring occurred in the private property Guillemet was letting.
[S3] To achieve this, they abused the situation of vulnerability of the victims.
[S4] They also deceived them, as two of the victims (Victims 2 and 3) were promised a different job (to work as a nanny and to work in a shop selling clothes); they also promised the mother of Victim 1 monthly payments.
[S5] The victims were also in a position of vulnerability, as their families were in precarious economical situations, and they received a subsidy from the State.",data/raw_html/000053_f705fe703c51.html,990c5955eeaafb70374b5340f16bf9d8cf92dfb9928117d04132273aa523de37
HRV1-079,79,476,Case No. 11-1602-2011,UKR010,https://www.unodc.org/cld/case-law-doc/traffickingpersonscrimetype/ukr/2011/case_no._11-1602-2011.html,Ukraine,B,Structured metadata present but narrative support incomplete,Prior feasibility-audit anchor: child_minor_involvement TYPE_2 (structured_true_vague_narrative): Young is not a defensible child indicator.,1,93,3,sherloc_sentence_splitter_v1,0e2e512c8611d72d931b8b2ce20bdb3af2da2892d22db9a6a6f786c72cee4f02,"The defendant was involved in an organised criminal group which recruited young women in Ukraine, transported them and transferred them to Istanbul, Turkey, for commercial sexual exploitation. The young women were in difficult family or personal circumstances and were deceived by the criminal group about the purpose and conditions of their work and the conditions of their stay in Turkey.
The defendant was responsible for meeting with the victims in Istanbul, transferring them to local pimps and arranging for the necessary trips back to Ukraine to secure the extension of visas for Turkey.","[S1] The defendant was involved in an organised criminal group which recruited young women in Ukraine, transported them and transferred them to Istanbul, Turkey, for commercial sexual exploitation.
[S2] The young women were in difficult family or personal circumstances and were deceived by the criminal group about the purpose and conditions of their work and the conditions of their stay in Turkey.
[S3] The defendant was responsible for meeting with the victims in Istanbul, transferring them to local pimps and arranging for the necessary trips back to Ukraine to secure the extension of visas for Turkey.",data/raw_html/000476_dbb6e59a7bc0.html,de3aa9ba3141ab8586688ad3cbbb14f25c9422a0dca42af2ee2db92700500e9f
HRV1-080,80,1356,R v DS (2005),AUS009,https://www.unodc.org/cld/case-law-doc/traffickingpersonscrimetype/aus/2005/r_v_ds_2005.html,Australia,A,Representative clean cases,Prior feasibility-audit anchor: form_of_trafficking TYPE_1 (Transnational + Organized Criminal Group),1,772,29,sherloc_sentence_splitter_v1,370dd7165d31b1d7b627d8f12741cb70fef837b58c1da29c3751e43143a851c6,"Ms DS was an employee of brothel owner Ms Wei Tang who has been convicted for offences relating to sexual slavery: R v Wei Tang (2008) 238 CLR 1. The initials DS are used to identify the accused due to a suppression order placed on her name, after she gave evidence against her employer.

Ms Tang was accused, and later convicted, of having purchased five women from Thailand to work in debt-bondage conditions in a legal brothel called ‘Club 417’ in Fitzroy. The women had previously worked in the sex industry in Thailand and were aware that they would be working in brothels in Australia. They arrived in Australia separately between August 2002 and May 2003 on validly obtained tourist visas, although it was not disclosed in the visa application that the true purpose was to work. It is unclear how much of the visa application process was understood by the victims: R v Wei Tang (2007) 16 VR 454, [5]. On the flight from Bangkok to Sydney the victim would usually be ‘escorted’ by an elderly couple, so as to avoid suspicion. On arrival in Australia a representative of an Australian ‘owner’ would meet the victim and ‘escorts’. The representative would pay off the ‘escorts’ and transport the victim to a hotel where she was kept until a decision was made as to which brothel she was to work at.

Ms Tang owned the licensed brothel ‘Club 417’ and held a 70 per cent interest in a syndicate which bought four of the five women with the remaining 30 per cent held by Ms DS who negotiated with recruiters in Thailand, and her associates. Other ‘owners’ brought the fifth woman to Australia. This fifth person worked in another brothel and was subsequently moved to ‘Club 417’.Ms DS was herself a previous victim of Ms Wei Tang and had chosen to stay with her trafficker after she had repaid her contract debt. She had previously worked under similar circumstances in the sex industry in Hong Kong. Ms DS, a Thai national, was responsible for supervision of the contract workers at ‘Club 417’, the brothel owned by Ms Wei Tang. She also moved money between Wei Tang and an organiser in Sydney, known as Sam: R v DS (2005) 153 A Crim R 194, [7].

When the women testified against Ms Tang, they explained that they had voluntarily entered into agreements with a broker in Thailand, and owed between AU$ 40,000 and 45,000 to the owner of these ‘contracts’. Ms Tang had purchased these contracts from the Thai recruiter for AU$ 20,000. Repayments of this AUD 20,000 formed the basis for the charges of slavery that were brought against Ms Tang and her employee, Ms DS.

The debt owed to Ms Tang had to be repaid by the victims by working in a brothel six days a week over a period of four to six months. This required serving up to 900 clients. Customers at ‘Club 417’ were charged AU$ 110.00. Ms Tang retained AU$ 43.00 in her capacity as brothel owner plus 70 per cent of the remaining AU$ 67.00 for four of the women and Ms DS and her associates received 30 per cent. In relation to the fifth woman, after Ms Tang took her AU$ 43.00 fee, the other AU$ 67.00 was divided between her owners. The victims were offered to work on their free day and keep the AU$ 50.00 otherwise used to pay the debt.

Whilst the women were not usually under ‘lock and key’ there were a number of factors that served to prevent them from escaping; they had little money and limited English, their passports were retained, their visas had been obtained illegally, they feared detection by immigration authorities, and they worked long hours: R v Tang (2008) 238 CLR 1, [15]–[18]. There was no other evidence of physical maltreatment by the accused. It was conceded that two of the five women had indeed repaid their debts, had their passports returned and had voluntarily stayed on to work as paid sex workers.

Ms DS pleaded guilty to two counts of slave trading (s 270.3(1)(b) Criminal Code (Cth)) and three counts of possessing a slave (s 270.3(1)(a)). The conviction for possession of a slave was in respect of Ms DS’s work in escorting and supervising three contract workers, whereas the conviction for slave trading was based on her taking possession of the women once they arrived in Australia: R v DS (2005) 153 A Crim R 194, [8]–[10].","[S1] Ms DS was an employee of brothel owner Ms Wei Tang who has been convicted for offences relating to sexual slavery: R v Wei Tang (2008) 238 CLR 1.
[S2] The initials DS are used to identify the accused due to a suppression order placed on her name, after she gave evidence against her employer.
[S3] Ms Tang was accused, and later convicted, of having purchased five women from Thailand to work in debt-bondage conditions in a legal brothel called ‘Club 417’ in Fitzroy.
[S4] The women had previously worked in the sex industry in Thailand and were aware that they would be working in brothels in Australia.
[S5] They arrived in Australia separately between August 2002 and May 2003 on validly obtained tourist visas, although it was not disclosed in the visa application that the true purpose was to work.
[S6] It is unclear how much of the visa application process was understood by the victims: R v Wei Tang (2007) 16 VR 454, [5].
[S7] On the flight from Bangkok to Sydney the victim would usually be ‘escorted’ by an elderly couple, so as to avoid suspicion.
[S8] On arrival in Australia a representative of an Australian ‘owner’ would meet the victim and ‘escorts’.
[S9] The representative would pay off the ‘escorts’ and transport the victim to a hotel where she was kept until a decision was made as to which brothel she was to work at.
[S10] Ms Tang owned the licensed brothel ‘Club 417’ and held a 70 per cent interest in a syndicate which bought four of the five women with the remaining 30 per cent held by Ms DS who negotiated with recruiters in Thailand, and her associates.
[S11] Other ‘owners’ brought the fifth woman to Australia.
[S12] This fifth person worked in another brothel and was subsequently moved to ‘Club 417’.Ms DS was herself a previous victim of Ms Wei Tang and had chosen to stay with her trafficker after she had repaid her contract debt.
[S13] She had previously worked under similar circumstances in the sex industry in Hong Kong.
[S14] Ms DS, a Thai national, was responsible for supervision of the contract workers at ‘Club 417’, the brothel owned by Ms Wei Tang.
[S15] She also moved money between Wei Tang and an organiser in Sydney, known as Sam: R v DS (2005) 153 A Crim R 194, [7].
[S16] When the women testified against Ms Tang, they explained that they had voluntarily entered into agreements with a broker in Thailand, and owed between AU$ 40,000 and 45,000 to the owner of these ‘contracts’.
[S17] Ms Tang had purchased these contracts from the Thai recruiter for AU$ 20,000.
[S18] Repayments of this AUD 20,000 formed the basis for the charges of slavery that were brought against Ms Tang and her employee, Ms DS.
[S19] The debt owed to Ms Tang had to be repaid by the victims by working in a brothel six days a week over a period of four to six months.
[S20] This required serving up to 900 clients.
[S21] Customers at ‘Club 417’ were charged AU$ 110.00.
[S22] Ms Tang retained AU$ 43.00 in her capacity as brothel owner plus 70 per cent of the remaining AU$ 67.00 for four of the women and Ms DS and her associates received 30 per cent.
[S23] In relation to the fifth woman, after Ms Tang took her AU$ 43.00 fee, the other AU$ 67.00 was divided between her owners.
[S24] The victims were offered to work on their free day and keep the AU$ 50.00 otherwise used to pay the debt.
[S25] Whilst the women were not usually under ‘lock and key’ there were a number of factors that served to prevent them from escaping; they had little money and limited English, their passports were retained, their visas had been obtained illegally, they feared detection by immigration authorities, and they worked long hours: R v Tang (2008) 238 CLR 1, [15]–[18].
[S26] There was no other evidence of physical maltreatment by the accused.
[S27] It was conceded that two of the five women had indeed repaid their debts, had their passports returned and had voluntarily stayed on to work as paid sex workers.
[S28] Ms DS pleaded guilty to two counts of slave trading (s 270.3(1)(b) Criminal Code (Cth)) and three counts of possessing a slave (s 270.3(1)(a)).
[S29] The conviction for possession of a slave was in respect of Ms DS’s work in escorting and supervising three contract workers, whereas the conviction for slave trading was based on her taking possession of the women once they arrived in Australia: R v DS (2005) 153 A Crim R 194, [8]–[10].",data/raw_html/001356_95a69f461e8f.html,4e4df73a9e37658cc96e8af744a6f6d6b51fd2ed1449c2113fd9e8d75ec63075
HRV1-081,81,824,Case n 2271,ARG043,https://www.unodc.org/cld/case-law-doc/traffickingpersonscrimetype/arg/2010/case_n_2271.html,Argentina,C,Structured metadata missing but narrative informative,Prior feasibility-audit anchor: child_minor_involvement TYPE_3 (narrative_true_participants_absent),1,212,11,sherloc_sentence_splitter_v1,363c52c0cece7d8546428b11df315f0f42ffd2628da3fa1f3ea96807804019ab,"As a result of a complaint filed with the National Migration Office of Mar del Plata, the authorities realized a list of addresses in which foreign citizens could be found sexually exploited.

The authorities found that a house, located at the address of Alvarado N 301, was actually a brothel. Most of the individuals who were exploited there were female foreigners over 18 years old, except for one minor who was from Paraguay. The victims were sexually exploited and men paid for their services.

In addition, the respondents were Gloria and Raul. Gloria ran the brothel while Raul was the owner. It was proven that Gloria had recruited women from Paraguay to Argentina on several occasions in 2008. An element of abuse of the victims' vulnerability and sexual exploitation by gaining economic advantage was proven in all of these encounters.

The investigation discovered how the brothel operated and the manner in which the respondents retained part of their payment as a compensation to cancel the victim’s rental and personal expenses.

Also, the investigation showed the different roles assumed by the respondents to carry out the illegal exploitation. They knew the vulnerable situation in which the victims lived and their need for the money to pay the expenses of their relatives living abroad.","[S1] As a result of a complaint filed with the National Migration Office of Mar del Plata, the authorities realized a list of addresses in which foreign citizens could be found sexually exploited.
[S2] The authorities found that a house, located at the address of Alvarado N 301, was actually a brothel.
[S3] Most of the individuals who were exploited there were female foreigners over 18 years old, except for one minor who was from Paraguay.
[S4] The victims were sexually exploited and men paid for their services.
[S5] In addition, the respondents were Gloria and Raul.
[S6] Gloria ran the brothel while Raul was the owner.
[S7] It was proven that Gloria had recruited women from Paraguay to Argentina on several occasions in 2008.
[S8] An element of abuse of the victims' vulnerability and sexual exploitation by gaining economic advantage was proven in all of these encounters.
[S9] The investigation discovered how the brothel operated and the manner in which the respondents retained part of their payment as a compensation to cancel the victim’s rental and personal expenses.
[S10] Also, the investigation showed the different roles assumed by the respondents to carry out the illegal exploitation.
[S11] They knew the vulnerable situation in which the victims lived and their need for the money to pay the expenses of their relatives living abroad.",data/raw_html/000824_a4050335127c.html,f09e320e57a799739406f07e118d9186f19aba66499d7c8469d06d37fabc4b4d
HRV1-082,82,817,Case No. 694/2010,BGR006,https://www.unodc.org/cld/case-law-doc/traffickingpersonscrimetype/bgr/2010/case_no._6942010.html,Bulgaria,D,Narrative genuinely insufficient or abstention candidate,Narrative genuinely insufficient or abstention candidate; outside complete-Legacy-AMP cohort,0,29,1,sherloc_sentence_splitter_v1,2d7e43cd81f92e5a92a23a9e0fc2c9446dbafab36f0e1053ad9b1ad5f05a461c,"On the 16th of June 2006, the defendant rented a hotel room, where he received and had sex with the victim, B., in exchange for a sum of money.","[S1] On the 16th of June 2006, the defendant rented a hotel room, where he received and had sex with the victim, B., in exchange for a sum of money.",data/raw_html/000817_a8722fa5e5ee.html,66c10c7b69323d8b967dfb1b8196f167f8b13cb2f9e2d3fcaa220ccbd0f74e66
HRV1-083,83,177,Calle Calle et. al.,ARGx010,https://www.unodc.org/cld/case-law-doc/traffickingpersonscrimetype/arg/2014/calle_calle_et._al..html,Argentina,B,Structured metadata present but narrative support incomplete,Prior feasibility-audit anchor: child_minor_involvement TYPE_2 (structured_true_narrative_missing): Fact Summary never identifies any victim as under 18.,1,288,14,sherloc_sentence_splitter_v1,ab2a6ee70a1833a5a130f1d81487c40ce0cf88dda603f7819fafaf4c1f5ac76f,"A criminal organization of 13 defendants recruited and transported at least 32 victims from Bolivia to Argentina, in order to exploit them at various weaving workshops. The recruitment was done in person, as well as through advertisements in the T.V. and the radio. As for the transportation, some of the victims travelled to Argentina with the defendants, in their private vehicles; other victims received a paid ticket from the defendants, which was later deduced from their wages. The victims were harboured at the workshops and in private properties nearby, from where the defendants transported them to the place of work in vans. Most of the victims came to Argentina with their families.

The defendants deceived the victims and abused their position of vulnerability (the victims were migrants, in situation of poverty, and lacked employment opportunities in their country of origin). In addition, they threatened some of them, and retained their documents to ensure they would work for them for at least one year.

The victims were told they will receive all of their monthly wages together, at the end of the year. However, the majority of the victims did not receive any money. Furthermore, they did not have any contract and they worked from Monday to Saturday, from 7 am. to 10 pm. approximately. The victim’s freedom of movement was limited, since there was only one key to enter and to leave the place. Deductions were made to their salaries for their living expenses (food and shelter) and whenever they could not show up in the workshop.

Women performed services such as cooking, cleaning or babysitting.

The Tribunal acquitted S.C.C. by application of the non-punishment clause enshrined in Article 5 of the Law 26.364.","[S1] A criminal organization of 13 defendants recruited and transported at least 32 victims from Bolivia to Argentina, in order to exploit them at various weaving workshops.
[S2] The recruitment was done in person, as well as through advertisements in the T.V. and the radio.
[S3] As for the transportation, some of the victims travelled to Argentina with the defendants, in their private vehicles; other victims received a paid ticket from the defendants, which was later deduced from their wages.
[S4] The victims were harboured at the workshops and in private properties nearby, from where the defendants transported them to the place of work in vans.
[S5] Most of the victims came to Argentina with their families.
[S6] The defendants deceived the victims and abused their position of vulnerability (the victims were migrants, in situation of poverty, and lacked employment opportunities in their country of origin).
[S7] In addition, they threatened some of them, and retained their documents to ensure they would work for them for at least one year.
[S8] The victims were told they will receive all of their monthly wages together, at the end of the year.
[S9] However, the majority of the victims did not receive any money.
[S10] Furthermore, they did not have any contract and they worked from Monday to Saturday, from 7 am. to 10 pm. approximately.
[S11] The victim’s freedom of movement was limited, since there was only one key to enter and to leave the place.
[S12] Deductions were made to their salaries for their living expenses (food and shelter) and whenever they could not show up in the workshop.
[S13] Women performed services such as cooking, cleaning or babysitting.
[S14] The Tribunal acquitted S.C.C. by application of the non-punishment clause enshrined in Article 5 of the Law 26.364.",data/raw_html/000177_795fb683bd15.html,c270f1ed5616a8b6c41e8f8450dcb23ad427175b39d3d7c8bd356eac9b0038da
HRV1-084,84,940,Processo 5/02.7ZRC,PRT004,https://www.unodc.org/cld/case-law-doc/traffickingpersonscrimetype/prt/2009/processo_502.7zrc.html,Portugal,A,Representative clean cases,Prior feasibility-audit anchor: form_of_trafficking TYPE_1 (Transnational),1,63,3,sherloc_sentence_splitter_v1,27cc6eed6aaf48d93931d2bbf7f871d97ad0f6aab2acea7f548839cc5671623d,"Between 2001 and 2005, the defendants were responsible for running a nightclub for the purposes of gaining from prostitution which occurred there, and over which they had control. A significant number of the women working as prostitutes in the nightclub were recruited from Brazil, via Spain. They were taken to the nightclub and introduced to the functioning of the club by the defendants.","[S1] Between 2001 and 2005, the defendants were responsible for running a nightclub for the purposes of gaining from prostitution which occurred there, and over which they had control.
[S2] A significant number of the women working as prostitutes in the nightclub were recruited from Brazil, via Spain.
[S3] They were taken to the nightclub and introduced to the functioning of the club by the defendants.",data/raw_html/000940_016e929134bb.html,c158b150db24272e5ff4dc94a88d1169c2936c0561085b4cd285dd043ea1e1c6
HRV1-085,85,755,C. Hervé et D. Abdelaziz,FRAx007,https://www.unodc.org/cld/case-law-doc/traffickingpersonscrimetype/fra/2010/c._herve_et_d._abdelaziz.html,France,E,Rare or challenge cases,Rare or challenge cases; multiplicity=MIXED_VICTIM_PLAINTIFF_ROLE_LABELS,1,108,4,sherloc_sentence_splitter_v1,fba5ba6d30eb9bf0d2e9f7ff695a0754d0f8162f15dbc0213dd396fcb8a4d059,"After controlling two people in a vehicle, law enforcement authorities discovered a construction site on which several Turkish and Bulgarian smuggled migrants were working, without being neither declared, nor paid, and with no security device. The investigations unveiled a network involved into the lending of an undeclared, illegal foreign workforce. Under the cover of one of the societies involved, one of the offenders was harbouring the migrants in premises inconsistent with human dignity.

It came also into light that the so-called Mehmet K. was the leader of the network, and that the defendants in this particular case were using the workforce of the exploited migrants for their profit.","[S1] After controlling two people in a vehicle, law enforcement authorities discovered a construction site on which several Turkish and Bulgarian smuggled migrants were working, without being neither declared, nor paid, and with no security device.
[S2] The investigations unveiled a network involved into the lending of an undeclared, illegal foreign workforce.
[S3] Under the cover of one of the societies involved, one of the offenders was harbouring the migrants in premises inconsistent with human dignity.
[S4] It came also into light that the so-called Mehmet K. was the leader of the network, and that the defendants in this particular case were using the workforce of the exploited migrants for their profit.",data/raw_html/000755_ded73e45afae.html,f088c7532bbd9ff2a2cc43cb374b54fed8430741b75bbd1b5c6adae8efe9b461
HRV1-086,86,1464,1028 k/PID SUS/2009,IDN001,https://www.unodc.org/cld/case-law-doc/traffickingpersonscrimetype/idn/1998/_1028_kpid_sus2009_.html,Indonesia,B,Structured metadata present but narrative support incomplete,Prior feasibility-audit anchor: form_of_trafficking TYPE_2 (Internal): No place names or route are provided.,1,242,8,sherloc_sentence_splitter_v1,86e55001385ee592c99e59b256e5e377c6a88bc3c621876234e6a10525c70dfc,"On 23 January 2008, the defendant ran a Café and his friend named Ekawati brought the victim with her on the pretext that they were going to pick up Ekawati’s boyfriend and go to the defendant’s house for a birthday party. Ekawati told the victim that in case it got late at the party they would all stay the night at the defendant’s house. When the victim woke up the next morning, Ekavati and her boyfriend had left and the defendant then urged the victim to work at her Café by serving drinks and accompanying male clients who visited. The victim being too scared to do anything conceded and worked at the bar. It is known that thereafter, the victim was also forced into having sex with the clients and whatever payment she received from such clients was handed over to the defendant. The victim had attempted to run away several times however, the security at the Café was very tight and she was unable to do so.

Three days after the birthday party incident, Ekawati approached the defendant for a payment of Rp. 500,000 as transportation costs for transporting the victim till the defendant’s house.

Then on 8 June 2008, this sex racket was uncovered by the police and the defendant was arrested and taken to the police station for questioning under section 2(1) of Law No 21 of 2007 in relation to Eradication of Act of Human Trafficking.","[S1] On 23 January 2008, the defendant ran a Café and his friend named Ekawati brought the victim with her on the pretext that they were going to pick up Ekawati’s boyfriend and go to the defendant’s house for a birthday party.
[S2] Ekawati told the victim that in case it got late at the party they would all stay the night at the defendant’s house.
[S3] When the victim woke up the next morning, Ekavati and her boyfriend had left and the defendant then urged the victim to work at her Café by serving drinks and accompanying male clients who visited.
[S4] The victim being too scared to do anything conceded and worked at the bar.
[S5] It is known that thereafter, the victim was also forced into having sex with the clients and whatever payment she received from such clients was handed over to the defendant.
[S6] The victim had attempted to run away several times however, the security at the Café was very tight and she was unable to do so.
[S7] Three days after the birthday party incident, Ekawati approached the defendant for a payment of Rp. 500,000 as transportation costs for transporting the victim till the defendant’s house.
[S8] Then on 8 June 2008, this sex racket was uncovered by the police and the defendant was arrested and taken to the police station for questioning under section 2(1) of Law No 21 of 2007 in relation to Eradication of Act of Human Trafficking.",data/raw_html/001464_2e34d3da4a4f.html,1b3065fb0911e6534d17021be9c71a1ffeeb3f08f477719941f9630846b75d42
HRV1-087,87,29,R. v. Sinclair,CANx128,https://www.unodc.org/cld/case-law-doc/traffickingpersonscrimetype/can/2020/r._v._sinclair.html,Canada,C,Structured metadata missing but narrative informative,Prior feasibility-audit anchor: victim_multiplicity TYPE_3 (no_person_section_narrative_single): Structured person reference is missing despite a clear individual complainant.,1,345,18,sherloc_sentence_splitter_v1,126d90b2f83f82e2fb723aff8c1e5354f992fc0ed3bb52723f7160f1496fcfdf,"The complainant was homeless and living in a shelter when she met the appellant. She was about 18 or 19 years old. She was working as a sex trade worker. Her two children were in custody of the Children’s Aid Society. The appellant offered her a place to live in his apartment. They lived together for approximately seven years. The complainant said the appellant led her to believe that she could have a better life and that he would adopt her children, if she worked hard. She testified that he psychologically abused and controlled her, including by keeping most of the money she earned. The appellant advertised her sexual services, took calls from her clients and told her what to charge clients. On some occasions, he punched her, pushed her out of her chair and sometimes hid in hotel rooms when she was with a customer. In her testimony, she said that she tolerated the way he treated her because she had nowhere to go, no money, no friends or family to turn to, and he was all she had. She also said that, despite not being in a romantic relationship with the appellant, she felt attached to and invested in him due to the time and money she had given him.

She had hundreds of clients over the years when she was with the appellant. During cross-examination, the complainant said that no one told her there would be consequences if she refused a client, however she felt she had no one to turn to and this was her only option. Sometimes ,she left the appellant and went to other cities, including Edmonton, although she still provided him with her earnings.

T
he appellant did not testify. At trial, his defence was that he was the complainant’s friend who helped her with various aspects of her involvement in the sex trade, at the complainant’s request. The appellant also took the position that the complainant chose to work in the sex trade of her own free will and denied any coercion or violence on his part.","[S1] The complainant was homeless and living in a shelter when she met the appellant.
[S2] She was about 18 or 19 years old.
[S3] She was working as a sex trade worker.
[S4] Her two children were in custody of the Children’s Aid Society.
[S5] The appellant offered her a place to live in his apartment.
[S6] They lived together for approximately seven years.
[S7] The complainant said the appellant led her to believe that she could have a better life and that he would adopt her children, if she worked hard.
[S8] She testified that he psychologically abused and controlled her, including by keeping most of the money she earned.
[S9] The appellant advertised her sexual services, took calls from her clients and told her what to charge clients.
[S10] On some occasions, he punched her, pushed her out of her chair and sometimes hid in hotel rooms when she was with a customer.
[S11] In her testimony, she said that she tolerated the way he treated her because she had nowhere to go, no money, no friends or family to turn to, and he was all she had.
[S12] She also said that, despite not being in a romantic relationship with the appellant, she felt attached to and invested in him due to the time and money she had given him.
[S13] She had hundreds of clients over the years when she was with the appellant.
[S14] During cross-examination, the complainant said that no one told her there would be consequences if she refused a client, however she felt she had no one to turn to and this was her only option.
[S15] Sometimes ,she left the appellant and went to other cities, including Edmonton, although she still provided him with her earnings.
[S16] T he appellant did not testify.
[S17] At trial, his defence was that he was the complainant’s friend who helped her with various aspects of her involvement in the sex trade, at the complainant’s request.
[S18] The appellant also took the position that the complainant chose to work in the sex trade of her own free will and denied any coercion or violence on his part.",data/raw_html/000029_b686a3b77600.html,98bd69b5f817f4373a52b0dd8ae8f6d944358ebbbdc9c5d2603184b22c75ec53
HRV1-088,88,266,"L., H.V.N., T.H.N., and T. v R [2013] EWCA Crim 991",GBR018,https://www.unodc.org/cld/case-law-doc/drugcrimetype/gbr/2013/l._h.v.n._t.h.n._and_t._v_r_2013_ewca_crim_991.html,United Kingdom of Great Britain and Northern Ireland,C,Structured metadata missing but narrative informative,Prior feasibility-audit anchor: victim_multiplicity TYPE_3 (no_person_section_narrative_multiple): Structured person reference is missing despite four separately described people.,1,1124,56,sherloc_sentence_splitter_v1,14fe8c473b6c8b15916624b2c93f266dc78369d673f4664fcac4c84dca69b513,"This case concerns criminal appeals against four separate criminal convictions of four people, who were forced into criminality as a result of being trafficked.

R v. T.H.N.

In September 2011, T.H.N. was found in a house in Bristol in which a very large quantity of cannabis was being cultivated. The interviews revealed that he may have been brought into England in a freezer container in 2010 (although he had previously been removed from the UK in 2009 after making two attempts to enter illegally). T.H.N. alleged that he was the trafficking victim, however, UKBA gave a negative decision at the reasonable grounds stage (see the commentary section for more details). T.H.N. pleaded guilty to producing a controlled drug in the Bristol Crown Court in 2012. He was sentenced to a detention and training order for 12 months. While in custody, the appellant met the Children's Commissioner. A further referral was made to the competent authority which this time made a positive reasonable grounds decision. T.H.N. was released from the sentence and put into the care of the local authority. However, a few days later T.H.N. went missing and it was believed that he had been re-trafficked. By then, T.H.N. had waived privilege and instructions had been taken from him, and the appeal to the Court of Appeal was pursued in his absence on the basis of those instructions.

The prosecution first challenged T.H.N.'s appeal application by noting that a number of features of the case pointed away from the conclusion that he had been the trafficking victim. However, having considered a new report on errors made by the competent authority, the prosecution reconsidered its position and stated that had the evidence which was now available been available at the time of the original judgment, there would have been no prosecution.

The Court of Appeal agreed that there was powerful evidence that T.H.N. was a trafficked child and that his criminal activities were integral to the circumstances in which he was a victim. The Court quashed the conviction, stating that if the appellant had been prosecuted, an abuse of process argument would have been likely to succeed.

R v. T.

In 2009, T. was arrested in a house where a sophisticated cannabis growing operation was discovered. T. denied that he was tending the plants, and asserted that he was just looking after the house while the owner went to a party. The Crown Court considered T.'s age and concluded that he was an adult aged between 18 and 21 years. The later found birth certificate indicated that T. may have been less than 18. However, later at a retrial at the Crown Court, it was concluded that T. was at least 18 years old. T. was convicted and sentenced to two years detention in a Young Offenders' Institution for the offence of cultivating cannabis.

The Court of Appeal noted that until after conviction of T., no proper consideration was given to the question whether T. had been the trafficking victim. In 2012, the competent authority concluded that T. had been a child victim of trafficking. It was said that T.'s presence as a gardener in the cannabis factory formed part of the process in which he was victimised. Further, the Court stated that a series of inconsistencies in the explanations provided by T. at different stages could not be determinative of T.'s age, nor indeed whether he was the trafficking victim.

On the basis of the evidence, the Court of Appeal allowed the appeal.

R v. H.V.N.

In May 2012, police officers attended a house in Mansfield after having been alerted by local residents who had seen H.V.N. being removed from the house with his hands bound by a group of men. The police found H.V.N. nearby, barefoot and frightened. Inside the house a large quantity of cannabis was being grown as a professional operation. H.V.N. was arrested and admitted that he had been in the premises and was looking after the crop. He knew it was cannabis but initially did not know it was illegal.

An age assessment concluded that H.V.N. was just under 17 years old. At first, it was not considered whether H.V.N. may have been the trafficking victim. The competent authority later decided that H.V.N. may have been the trafficking victim, however, this positive reasonable grounds decision was for some reason not presented at the Court. H.V.N. pleaded guilty to producing cannabis and was sentenced to eight months of defention. The Court of Appeal noted that the guilty plea was tendered in ignorance of the important fact that the positive reasonable ground decision was made before H.V.N. pleaded guilty. The Court also noted that if the Crown Court had been fully informed on the facts now available, the case would have been stopped as an abuse of process. The appeal against conviction was allowed.

R v. L.

This case concerned a Ugandan woman around 30 years old. In early 2011, the authorities concluded that L.'s Portuguese passport was forged and L. was arrested while applying for a national insurance number.

In an interview, L. said that she had been in the UK for seven years and came from Uganda. She was born in Portugal and had travelled to the UK on the promise of finding work as a child minder, using a false passport from Uganda. She said that she had been held captive in England and forced into prostitution for several years. When she had been released by her trafficker, she had been given a Portuguese passport which she believed was genuine.

L. was advised by her solicitor to plead guilty to the charge she faced to avoid more serious sentence if the police concluded that her account was false. Following her guilty plead, L. was sentenced to six months imprisonment for possession of a false identity. While in custody, the Poppy Project began a detailed investigation of the case. It argued that there was powerful evidence that L. was the trafficking victim. This opinion was also supported by the competent UKBA authority.

The Court of Appeal decided that given L.'s prolonged exposure to involuntary prostitution and forced control, the offence she had actually committed has arisen as a result of her being the trafficking victim. The Court also concluded that it appeared that L. truly believed that a forged passport was genuine, and the use of it represented a step in a process by which she would escape her situation.

The Court of Appeal allowed the appeal.","[S1] This case concerns criminal appeals against four separate criminal convictions of four people, who were forced into criminality as a result of being trafficked.
[S2] R v. T.H.N.
[S3] In September 2011, T.H.N. was found in a house in Bristol in which a very large quantity of cannabis was being cultivated.
[S4] The interviews revealed that he may have been brought into England in a freezer container in 2010 (although he had previously been removed from the UK in 2009 after making two attempts to enter illegally).
[S5] T.H.N. alleged that he was the trafficking victim, however, UKBA gave a negative decision at the reasonable grounds stage (see the commentary section for more details).
[S6] T.H.N. pleaded guilty to producing a controlled drug in the Bristol Crown Court in 2012.
[S7] He was sentenced to a detention and training order for 12 months.
[S8] While in custody, the appellant met the Children's Commissioner.
[S9] A further referral was made to the competent authority which this time made a positive reasonable grounds decision.
[S10] T.H.N. was released from the sentence and put into the care of the local authority.
[S11] However, a few days later T.H.N. went missing and it was believed that he had been re-trafficked.
[S12] By then, T.H.N. had waived privilege and instructions had been taken from him, and the appeal to the Court of Appeal was pursued in his absence on the basis of those instructions.
[S13] The prosecution first challenged T.H.N.'s appeal application by noting that a number of features of the case pointed away from the conclusion that he had been the trafficking victim.
[S14] However, having considered a new report on errors made by the competent authority, the prosecution reconsidered its position and stated that had the evidence which was now available been available at the time of the original judgment, there would have been no prosecution.
[S15] The Court of Appeal agreed that there was powerful evidence that T.H.N. was a trafficked child and that his criminal activities were integral to the circumstances in which he was a victim.
[S16] The Court quashed the conviction, stating that if the appellant had been prosecuted, an abuse of process argument would have been likely to succeed.
[S17] R v. T.
[S18] In 2009, T. was arrested in a house where a sophisticated cannabis growing operation was discovered.
[S19] T. denied that he was tending the plants, and asserted that he was just looking after the house while the owner went to a party.
[S20] The Crown Court considered T.'s age and concluded that he was an adult aged between 18 and 21 years.
[S21] The later found birth certificate indicated that T. may have been less than 18.
[S22] However, later at a retrial at the Crown Court, it was concluded that T. was at least 18 years old.
[S23] T. was convicted and sentenced to two years detention in a Young Offenders' Institution for the offence of cultivating cannabis.
[S24] The Court of Appeal noted that until after conviction of T., no proper consideration was given to the question whether T. had been the trafficking victim.
[S25] In 2012, the competent authority concluded that T. had been a child victim of trafficking.
[S26] It was said that T.'s presence as a gardener in the cannabis factory formed part of the process in which he was victimised.
[S27] Further, the Court stated that a series of inconsistencies in the explanations provided by T. at different stages could not be determinative of T.'s age, nor indeed whether he was the trafficking victim.
[S28] On the basis of the evidence, the Court of Appeal allowed the appeal.
[S29] R v. H.V.N.
[S30] In May 2012, police officers attended a house in Mansfield after having been alerted by local residents who had seen H.V.N. being removed from the house with his hands bound by a group of men.
[S31] The police found H.V.N. nearby, barefoot and frightened.
[S32] Inside the house a large quantity of cannabis was being grown as a professional operation.
[S33] H.V.N. was arrested and admitted that he had been in the premises and was looking after the crop.
[S34] He knew it was cannabis but initially did not know it was illegal.
[S35] An age assessment concluded that H.V.N. was just under 17 years old.
[S36] At first, it was not considered whether H.V.N. may have been the trafficking victim.
[S37] The competent authority later decided that H.V.N. may have been the trafficking victim, however, this positive reasonable grounds decision was for some reason not presented at the Court.
[S38] H.V.N. pleaded guilty to producing cannabis and was sentenced to eight months of defention.
[S39] The Court of Appeal noted that the guilty plea was tendered in ignorance of the important fact that the positive reasonable ground decision was made before H.V.N. pleaded guilty.
[S40] The Court also noted that if the Crown Court had been fully informed on the facts now available, the case would have been stopped as an abuse of process.
[S41] The appeal against conviction was allowed.
[S42] R v. L.
[S43] This case concerned a Ugandan woman around 30 years old.
[S44] In early 2011, the authorities concluded that L.'s Portuguese passport was forged and L. was arrested while applying for a national insurance number.
[S45] In an interview, L. said that she had been in the UK for seven years and came from Uganda.
[S46] She was born in Portugal and had travelled to the UK on the promise of finding work as a child minder, using a false passport from Uganda.
[S47] She said that she had been held captive in England and forced into prostitution for several years.
[S48] When she had been released by her trafficker, she had been given a Portuguese passport which she believed was genuine.
[S49] L. was advised by her solicitor to plead guilty to the charge she faced to avoid more serious sentence if the police concluded that her account was false.
[S50] Following her guilty plead, L. was sentenced to six months imprisonment for possession of a false identity.
[S51] While in custody, the Poppy Project began a detailed investigation of the case.
[S52] It argued that there was powerful evidence that L. was the trafficking victim.
[S53] This opinion was also supported by the competent UKBA authority.
[S54] The Court of Appeal decided that given L.'s prolonged exposure to involuntary prostitution and forced control, the offence she had actually committed has arisen as a result of her being the trafficking victim.
[S55] The Court also concluded that it appeared that L. truly believed that a forged passport was genuine, and the use of it represented a step in a process by which she would escape her situation.
[S56] The Court of Appeal allowed the appeal.",data/raw_html/000266_f4d1af8a1ede.html,c8ddfbae95fe71e4342e3600f00e6ccd3677cd6813242d4a96ba7e429ac186ed
HRV1-089,89,17,"Case No. 20-0434, Supreme Court of Texas",USAx219,https://www.unodc.org/cld/case-law-doc/traffickingpersonscrimetype/usa/2021/case_no._20-0434_supreme_court_of_texas.html,United States of America,A,Representative clean cases,Prior feasibility-audit anchor: victim_multiplicity TYPE_1 (multiple_records_distinct); sector_of_exploitation TYPE_1 (Commercial sexual exploitation),1,265,12,sherloc_sentence_splitter_v1,5cb7734c6e923e7511e608d7393039160579a2159f6374a2413d35306b3aaa5b,"Facebook filed a petition for mandamus relief before the Supreme Court of Texas directing the dismissal of three separate lawsuits against it based on human trafficking allegations. The three plaintiffs allegedly became sex trafficking victims after meeting their alleged traffickers through social media platforms owned by Facebook (Facebook and Instagram).

Specifically, according to the first lawsuit, in 2015, the Plaintiff, who was fifteen years old at that time, was approached by her alleged trafficker on Facebook. The latter contacted the Plaintiff using Facebook’s messaging system and convinced her to take her pictures by promising to help her pursue a modelling career. Her pictures were then posted to the website ‘Backpage’ advertising sexual services. As a consequence, Plaintiff was “raped, beaten and forced into further sex trafficking.”

In 2012, the second Plaintiff, who was fourteen years old, was approached by her alleged trafficker via Instagram. The alleged trafficker, by promising her love and a better life, lured her into sex trafficking through social media. In particular, the alleged trafficker used Instagram to arrange “dates’” in exchange for money, during which, the alleged victim was raped. The victim’s mother had reported the said sex trafficking activities to Facebook, which never responded.

According to the third and last lawsuit, the third plaintiff was also approached by her alleged trafficker on Instagram. After two years, during which the alleged trafficker and the plaintiff were in constant communication, the alleged trafficker convinced her to meet in person, took her to a motel, took her pictures and posted them on ‘Backpage’ as an advertisement for prostitution that resulted in multiple rapes.","[S1] Facebook filed a petition for mandamus relief before the Supreme Court of Texas directing the dismissal of three separate lawsuits against it based on human trafficking allegations.
[S2] The three plaintiffs allegedly became sex trafficking victims after meeting their alleged traffickers through social media platforms owned by Facebook (Facebook and Instagram).
[S3] Specifically, according to the first lawsuit, in 2015, the Plaintiff, who was fifteen years old at that time, was approached by her alleged trafficker on Facebook.
[S4] The latter contacted the Plaintiff using Facebook’s messaging system and convinced her to take her pictures by promising to help her pursue a modelling career.
[S5] Her pictures were then posted to the website ‘Backpage’ advertising sexual services.
[S6] As a consequence, Plaintiff was “raped, beaten and forced into further sex trafficking.”
[S7] In 2012, the second Plaintiff, who was fourteen years old, was approached by her alleged trafficker via Instagram.
[S8] The alleged trafficker, by promising her love and a better life, lured her into sex trafficking through social media.
[S9] In particular, the alleged trafficker used Instagram to arrange “dates’” in exchange for money, during which, the alleged victim was raped.
[S10] The victim’s mother had reported the said sex trafficking activities to Facebook, which never responded.
[S11] According to the third and last lawsuit, the third plaintiff was also approached by her alleged trafficker on Instagram.
[S12] After two years, during which the alleged trafficker and the plaintiff were in constant communication, the alleged trafficker convinced her to meet in person, took her to a motel, took her pictures and posted them on ‘Backpage’ as an advertisement for prostitution that resulted in multiple rapes.",data/raw_html/000017_3d31fbd74580.html,66cf7a86eab306fadb62eba8f20236c7e03acd6020b180101327424d193dfc50
HRV1-090,90,46,"Appeal of the Court of First Instance of Liège, 2019/858",BEL045,https://www.unodc.org/cld/case-law-doc/traffickingpersonscrimetype/bel/2019/appeal_of_the_court_of_first_instance_of_liege_2019858.html,Belgium,A,Representative clean cases,Prior feasibility-audit anchor: victim_multiplicity TYPE_1 (multiple_records_distinct),1,736,22,sherloc_sentence_splitter_v1,8c3b4eeecedadca86e861415f89c07dfe923cfd2710d33f6001861c4bceb6e03,"Before the court appeared three defendants. Those are two Belgian natural persons, a man, named in the judgment as M.V. and a woman, named C.R., as well as a legal person. The previous defendant’s owned and operated horse stable company SAP, which also functioned as a horse riding school. On appeal from a judgment of a Liège criminal court in 2016, the appeals court of Liège determined the facts of the case as follows: among the three identified employees counted two Moroccan nationals, incidentally also brothers, identified as B.S.S and B.S.Y. They were recruited to enter Belgium illegally and housed in order to work for the defendants and their legal entity. The male defendant has accepted responsibility for the hiring of the migrant worker S.B.S. and having accepted the arrival of the younger migrant worker from Morocco. Whilst it was mentioned that the migration of the two workers was a result of the efforts of their families, it is not determined within the facts of the case, whether either of the defendants were involved or otherwise participated in the facilitation of the illegal entry into Belgium. Merely in the deliberation of the charge of migrant smuggling, the level of responsibility for having employed the Moroccan brothers was attributed to the actus reus of the crime and was established as having had an alleviative effect on the economic burden of the families. Under the defendant’s employment, the migrants’ tasks generally included the upkeeping of the riding arena under supervision in addition to caring for the horses, although it was established that the younger brother, B.S.Y., and B.S.S. have shouldered different shares of tasks. The workers testified that they have received instructions on their work to be performed from the male defendant who communicated work instructions through the older brother only since the younger brother was not able to speak French sufficiently. Meanwhile, the female defendant had an overall directive function and had almost daily contact with the workers, who are found to have been in a subordinate relationship with their employers. The statements by the brothers reveal that they have been labouring at least full-time, but the legal obligations applicable under Belgian labour law, i.e., social obligations such as occupational accident insurance and social security benefits, were not complied with as there was a failure to pay social security contributions to the National Social Security Office. The female defendant, being the legal manager of the horse riding and stable company, had failed to protect the workers in guaranteeing these benefits and, thus, the lack of action is construed as a positive act of participation warranting criminal responsibility. Although attempts were made to regularize their irregular status in Belgium, no further steps were initiated to complete that process. Instead, the migrant brothers continued to work long hours for the defendants and their company in exchange for an unusually low wage. Furthermore, they were housed in poor conditions, e.g. without heating or hot water.

The defendants are charged for the crime of trafficking in human beings and the crime of aggravated migrant smuggling, as the employers had recruited, accommodated and exercised authority over the migrants with allegedly the view of exploiting their precarious situation, owing to their illegal stay in Belgium and their lack of viable alternatives to leave the employment. Other charges include the failure to comply with obligations regarding the employment of foreign workers, failure to pay the correct amount of social security contributions and, lastly, the failure to pay occupational accident insurance. When the irregular status of the older brother was discovered, the younger brother went into hiding and did not immediately trust the social services (ASBL S.) responsible for protecting victims of human trafficking.

Since the situation was brought to light due to unpaid social security obligations, the social inspectorate has determined that the wages paid to the workers were not compliant with Belgian labour law. In addition, the inspectorate has passed on to the prosecution that the legal obligations connected with employing the Moroccan migrants were not appropriately observed, e.g. no occupational accident insurance was afforded to the workers. Upon approach by the social services, the younger Moroccan brother was timid and evasive owing to the fear of discovering his precarious and irregular status and had to be reassured in order for him not to be a flight risk.","[S1] Before the court appeared three defendants.
[S2] Those are two Belgian natural persons, a man, named in the judgment as M.V. and a woman, named C.R., as well as a legal person.
[S3] The previous defendant’s owned and operated horse stable company SAP, which also functioned as a horse riding school.
[S4] On appeal from a judgment of a Liège criminal court in 2016, the appeals court of Liège determined the facts of the case as follows: among the three identified employees counted two Moroccan nationals, incidentally also brothers, identified as B.S.S and B.S.Y.
[S5] They were recruited to enter Belgium illegally and housed in order to work for the defendants and their legal entity.
[S6] The male defendant has accepted responsibility for the hiring of the migrant worker S.B.S. and having accepted the arrival of the younger migrant worker from Morocco.
[S7] Whilst it was mentioned that the migration of the two workers was a result of the efforts of their families, it is not determined within the facts of the case, whether either of the defendants were involved or otherwise participated in the facilitation of the illegal entry into Belgium.
[S8] Merely in the deliberation of the charge of migrant smuggling, the level of responsibility for having employed the Moroccan brothers was attributed to the actus reus of the crime and was established as having had an alleviative effect on the economic burden of the families.
[S9] Under the defendant’s employment, the migrants’ tasks generally included the upkeeping of the riding arena under supervision in addition to caring for the horses, although it was established that the younger brother, B.S.Y., and B.S.S. have shouldered different shares of tasks.
[S10] The workers testified that they have received instructions on their work to be performed from the male defendant who communicated work instructions through the older brother only since the younger brother was not able to speak French sufficiently.
[S11] Meanwhile, the female defendant had an overall directive function and had almost daily contact with the workers, who are found to have been in a subordinate relationship with their employers.
[S12] The statements by the brothers reveal that they have been labouring at least full-time, but the legal obligations applicable under Belgian labour law, i.e., social obligations such as occupational accident insurance and social security benefits, were not complied with as there was a failure to pay social security contributions to the National Social Security Office.
[S13] The female defendant, being the legal manager of the horse riding and stable company, had failed to protect the workers in guaranteeing these benefits and, thus, the lack of action is construed as a positive act of participation warranting criminal responsibility.
[S14] Although attempts were made to regularize their irregular status in Belgium, no further steps were initiated to complete that process.
[S15] Instead, the migrant brothers continued to work long hours for the defendants and their company in exchange for an unusually low wage.
[S16] Furthermore, they were housed in poor conditions, e.g. without heating or hot water.
[S17] The defendants are charged for the crime of trafficking in human beings and the crime of aggravated migrant smuggling, as the employers had recruited, accommodated and exercised authority over the migrants with allegedly the view of exploiting their precarious situation, owing to their illegal stay in Belgium and their lack of viable alternatives to leave the employment.
[S18] Other charges include the failure to comply with obligations regarding the employment of foreign workers, failure to pay the correct amount of social security contributions and, lastly, the failure to pay occupational accident insurance.
[S19] When the irregular status of the older brother was discovered, the younger brother went into hiding and did not immediately trust the social services (ASBL S.) responsible for protecting victims of human trafficking.
[S20] Since the situation was brought to light due to unpaid social security obligations, the social inspectorate has determined that the wages paid to the workers were not compliant with Belgian labour law.
[S21] In addition, the inspectorate has passed on to the prosecution that the legal obligations connected with employing the Moroccan migrants were not appropriately observed, e.g. no occupational accident insurance was afforded to the workers.
[S22] Upon approach by the social services, the younger Moroccan brother was timid and evasive owing to the fear of discovering his precarious and irregular status and had to be reassured in order for him not to be a flight risk.",data/raw_html/000046_9e07fe645eab.html,3557f4c310b7e63c5ecb29bcc9c96b1a0397202884819c5b53e7b0985aca2eb9
HRV1-091,91,764,Decision No.403,ALB005,https://www.unodc.org/cld/case-law-doc/traffickingpersonscrimetype/alb/2010/decision_no.403.html,Albania,E,Rare or challenge cases,Rare or challenge cases; multiplicity=PROVISIONAL_SINGLE,1,52,3,sherloc_sentence_splitter_v1,a4e835fa9482241f263231bae620cba67b9f7b5b19c0c5e46cd829bd3a5339e3,"The defendant lured the victim to the Albanian city of Korca with the promise of marriage. From there, the defendant brought the victim to Greece using forged passports with Greek visas. The victim was forced into prostitution and was captured by Greek police and deported back to Albania on 29 May 2004.","[S1] The defendant lured the victim to the Albanian city of Korca with the promise of marriage.
[S2] From there, the defendant brought the victim to Greece using forged passports with Greek visas.
[S3] The victim was forced into prostitution and was captured by Greek police and deported back to Albania on 29 May 2004.",data/raw_html/000764_652da58b54c8.html,8ff002dd124c2f191755d7e4f2dc8d644ae4659291d1fdc536b243da4d418c6e
HRV1-092,92,79,Case A26/2014,ZAF010,https://www.unodc.org/cld/case-law-doc/traffickingpersonscrimetype/zaf/2017/case_a262014.html,South Africa,D,Narrative genuinely insufficient or abstention candidate,"Prior feasibility-audit anchor: child_minor_involvement TYPE_4 (unknown_no_reference): Neither structured person records nor Fact Summary state age, and Sidebar Offences is absent.; victim_multiplicity TYPE_1 (one_record_grouped_multiple)",1,553,30,sherloc_sentence_splitter_v1,f0f7d9ec226c220d76413557b9766e9b9782765e228fdb7f1280681bad1b4758,"The appellant's version was that she met the three complainants on the beach near Maputo in Mozambique where the complainants worked as prostitutes. They told her that they wanted to work as prostitutes in South Africa. She then agreed to accommodate the complainants as prostitutes in Pretoria where she resided. The appellant had a hair salon in the central business district of Pretoria where she also sold clothing. From the evidence, it is clear that the appellant knew the complainants from Mozambique. The appellant commuted between Pretoria and Mozambique regularly to visit and sell clothing. When she returned from Mozambique after one of her trips and while the appellant was in Pretoria, one of the complainants phoned the appellant and said that they were near Komatipoort. The appellant testified that she then asked a friend of hers to transport the complainants to Pretoria. When they arrived in Pretoria, the three complainants stayed with the appellant in her flat in Silver Lakes, east of Pretoria. The flat was too small and the appellant decided to rent a 3-bedroom house in Moreleta Park, a short distance from her flat. A brothel was kept at that house. The appellant was arrested and some of the complainants were taken into custody there. The Regional Magistrate rejected the appellant's evidence on grounds of credibility. Her rejected evidence only differed from that of the complainants in respect of the complainants' alleged prostitution in Mozambique and the collection of the complainants near Komatipoort. The balance of the evidence that led to the appellant's conviction (which she never challenged on appeal) was based to a large extent on circumstantial evidence. The evidence of the complainants was accepted. Their evidence was that they did meet the appellant in Mozambique where she promised them work in her hair salon and an opportunity to study while working there. They were looking for a better life. She then arranged for them to come to South Africa and the appellant in person collected all three of them at or near Komatipoort. The complainants testified that they worked for the appellant at her hair salon in Pretoria for a few days. They were forced to smoke cannabis and to have sexual intercourse with several men daily. They said they were not paid for doing so.
One of the complainants returned to Mozambique before the appellant's arrest. She returned because she refused to perform all the sexual acts demanded by the appellant's elderly male clients. She was whisked away from the appellant's establishment and transported by taxi to Mozambique. She was given a passport containing the photograph of another individual to pass through immigration counters at the border posts. The passport was, when she was dropped off in Maputo, taken back by the taxi driver. After she reported her ordeal to her boyfriend and family in Maputo (her boyfriend gave evidence in the Court a quo) they went to the Mozambican Police to report the incident. After having reported the incident, the policeman to whom it was reported demanded payment of money from the victim and her relatives and boyfriend before he would conduct an investigation. The investigation only later followed after the victim and her boyfriend contacted a senior police official in Mozambique who then, in collaboration with the South African Police Service, secured the appellant's prosecution.","[S1] The appellant's version was that she met the three complainants on the beach near Maputo in Mozambique where the complainants worked as prostitutes.
[S2] They told her that they wanted to work as prostitutes in South Africa.
[S3] She then agreed to accommodate the complainants as prostitutes in Pretoria where she resided.
[S4] The appellant had a hair salon in the central business district of Pretoria where she also sold clothing.
[S5] From the evidence, it is clear that the appellant knew the complainants from Mozambique.
[S6] The appellant commuted between Pretoria and Mozambique regularly to visit and sell clothing.
[S7] When she returned from Mozambique after one of her trips and while the appellant was in Pretoria, one of the complainants phoned the appellant and said that they were near Komatipoort.
[S8] The appellant testified that she then asked a friend of hers to transport the complainants to Pretoria.
[S9] When they arrived in Pretoria, the three complainants stayed with the appellant in her flat in Silver Lakes, east of Pretoria.
[S10] The flat was too small and the appellant decided to rent a 3-bedroom house in Moreleta Park, a short distance from her flat.
[S11] A brothel was kept at that house.
[S12] The appellant was arrested and some of the complainants were taken into custody there.
[S13] The Regional Magistrate rejected the appellant's evidence on grounds of credibility.
[S14] Her rejected evidence only differed from that of the complainants in respect of the complainants' alleged prostitution in Mozambique and the collection of the complainants near Komatipoort.
[S15] The balance of the evidence that led to the appellant's conviction (which she never challenged on appeal) was based to a large extent on circumstantial evidence.
[S16] The evidence of the complainants was accepted.
[S17] Their evidence was that they did meet the appellant in Mozambique where she promised them work in her hair salon and an opportunity to study while working there.
[S18] They were looking for a better life.
[S19] She then arranged for them to come to South Africa and the appellant in person collected all three of them at or near Komatipoort.
[S20] The complainants testified that they worked for the appellant at her hair salon in Pretoria for a few days.
[S21] They were forced to smoke cannabis and to have sexual intercourse with several men daily.
[S22] They said they were not paid for doing so.
[S23] One of the complainants returned to Mozambique before the appellant's arrest.
[S24] She returned because she refused to perform all the sexual acts demanded by the appellant's elderly male clients.
[S25] She was whisked away from the appellant's establishment and transported by taxi to Mozambique.
[S26] She was given a passport containing the photograph of another individual to pass through immigration counters at the border posts.
[S27] The passport was, when she was dropped off in Maputo, taken back by the taxi driver.
[S28] After she reported her ordeal to her boyfriend and family in Maputo (her boyfriend gave evidence in the Court a quo) they went to the Mozambican Police to report the incident.
[S29] After having reported the incident, the policeman to whom it was reported demanded payment of money from the victim and her relatives and boyfriend before he would conduct an investigation.
[S30] The investigation only later followed after the victim and her boyfriend contacted a senior police official in Mozambique who then, in collaboration with the South African Police Service, secured the appellant's prosecution.",data/raw_html/000079_2232cace8edb.html,5ab7469ea7415a11baff73638bd691ec25fa84a1f97fb315c7837cbe3d1e80c0
HRV1-093,93,1153,Processo 2004.61.06.004897-4 18682,BRA053,https://www.unodc.org/cld/case-law-doc/criminalgroupcrimetype/bra/2008/processo_2004.61.06.004897-4_18682.html,Brazil,A,Representative clean cases,Prior feasibility-audit anchor: form_of_trafficking TYPE_1 (Transnational + Organized Criminal Group),1,379,10,sherloc_sentence_splitter_v1,7639564927238dac14536ee969c218c3a7f69393f2ecd66001940edd238f4410,"The victim M.F.A. stated that the defendant C.C.M. contacted her and offered her a job as a prostitute in Spain, where she was told she would be better paid. C.C.M. told her that J.A.M., a Spanish owner of a house of prostitution in the Canary Islands, would be responsible for all travel expenses. M.F.A. recalled that at some other point she heard something about a woman named M. who was also one of the owners of this house of prostitution.

According to M.F.A. , J.A.M. explained he would escort the girls to the International Airport of Guarulhos and give them about a thousand Euros so they could pass through the Spanish immigration service and that a taxi would be waiting for them in Spain to take them to M.V.’s house.

She revealed that C.C.M. and M.I.S. drove some of the girls and J.A.M. to the place where they would board the bus towards the International Airport of Guarulhos, adding she already knew the two women from previous conversations about the travel. However, only the defendant J.A.M. boarded the bus with the girls, and at the moment they were going to the airport, a Federal Police operation was able to stop them before the girls got on the plane. Regarding the defendants C.C.M. and M.I.S., they were arrested at the place where they were boarding the girls at the bus to the airport.

Further investigations led to the discovery of countless phone calls between the defendants, revealing a strong connection between them as well as several phone calls between them and the victims. The content of these phone calls was not analysed, but because there were also several testimonies and documents found with J.A.M., this analysis was seen as unnecessary, since the purpose of international trafficking for the purpose of sexual exploitation was well demonstrated with the other elements of investigation.

Even though M.V. was not denounced, her participation in the crime was mentioned at the initial accusatory and sentence stage, which was enough for the Court to charge the defendants with the forming of criminal group (“cuadrilha” or gang).","[S1] The victim M.F.A. stated that the defendant C.C.M. contacted her and offered her a job as a prostitute in Spain, where she was told she would be better paid.
[S2] C.C.M. told her that J.A.M., a Spanish owner of a house of prostitution in the Canary Islands, would be responsible for all travel expenses.
[S3] M.F.A. recalled that at some other point she heard something about a woman named M. who was also one of the owners of this house of prostitution.
[S4] According to M.F.A. , J.A.M. explained he would escort the girls to the International Airport of Guarulhos and give them about a thousand Euros so they could pass through the Spanish immigration service and that a taxi would be waiting for them in Spain to take them to M.V.’s house.
[S5] She revealed that C.C.M. and M.I.S. drove some of the girls and J.A.M. to the place where they would board the bus towards the International Airport of Guarulhos, adding she already knew the two women from previous conversations about the travel.
[S6] However, only the defendant J.A.M. boarded the bus with the girls, and at the moment they were going to the airport, a Federal Police operation was able to stop them before the girls got on the plane.
[S7] Regarding the defendants C.C.M. and M.I.S., they were arrested at the place where they were boarding the girls at the bus to the airport.
[S8] Further investigations led to the discovery of countless phone calls between the defendants, revealing a strong connection between them as well as several phone calls between them and the victims.
[S9] The content of these phone calls was not analysed, but because there were also several testimonies and documents found with J.A.M., this analysis was seen as unnecessary, since the purpose of international trafficking for the purpose of sexual exploitation was well demonstrated with the other elements of investigation.
[S10] Even though M.V. was not denounced, her participation in the crime was mentioned at the initial accusatory and sentence stage, which was enough for the Court to charge the defendants with the forming of criminal group (“cuadrilha” or gang).",data/raw_html/001153_725f19da755a.html,eb5c62437da5e5313c5123b3d99744912c78a73392badf9e43dfc3ea9ae44e8b
HRV1-094,94,643,CRIM. CASE NO. 09-0366,PHL046,https://www.unodc.org/cld/case-law-doc/traffickingpersonscrimetype/phl/2010/crim._case_no._09-0366_.html,Philippines,E,Rare or challenge cases,"Prior feasibility-audit anchor: child_minor_involvement TYPE_2 (structured_narrative_scope_mismatch): Narrative report mentions minor recruits, but the six adjudicated trafficked persons are recorded as ages 20–25.",1,432,14,sherloc_sentence_splitter_v1,c8811bc9d181a569e155dfdb1298ee39cd19651ca23eea908a2147caf80c3b3b,"A police operation was launched to confirm the veracity of a report that two Korean nationals, G. and D., were maintaining a Korean Japanese restaurant along Alabang-Zapore Road, Talon 2, Las Pinas City as a front for prostitution and pornographic performances, utilising innocent and minor females recruited from Samar, Leyte, Surigao del Sur, Davao City and other parts of the country, on the pretext of giving them decent jobs.

A surveillance operation was undertaken at approximately 11:00pm on February 3, 2009 by J.N., SPO2 A.P., and SPO1 R.DM.M. The three operatives went to Kwi-Chuk Korean and Japanese KTV along Alabang-Zapote Road and validated information received from a confidential informant that some floor managers at the above establishment were permitting and encouraging their female Guest Relation Officers (GROs) to engage in sexual intercourse with customers inside the VIP rooms in consideration of Php 5,000. The team coordinated with the PNP Southern Police District in its surveillance and operation on this case from February 5, 2009, 20:30pm to February 6, 2009, 20:30pm.

On February 5, 2009, the team launched an entrapment operation at Kwi-chuk KTV. They introduced themselves as travel agents and were attended to by the accused, Mylene Pacquing y Agramon, a floor manager at the Kwi-Chuk KTV. She accompanied them to a VIP room where they told her they had a lot of Korean clients. Upon hearing this she offered them accommodation in the establishment and ladies therein who were willing to give sexual services in exchange for a given price. Thereafter she brought several girls into the VIP room and told them that they would have to pay Php 5,000 first as a “bar fine” before they could take a girl/GRO to a nearby hotel for sexual services. One of them chose a girl and the accused demanded payment in advance. SPO1 M. handed her the money which included the three Php 500 bills, treated with ultra-violet powder. While Mylene Pacquing y Agramon was counting the money she received, the team introduced themselves as police officers and placed her under arrest. Six GROs were also arrested because they failed to present the necessary working permit required of them as a GRO, thus manifestly violating PD 856 (Working Without Necessary Permit).

The Court later held that the six GROs were trafficked persons and according to Section 17(a) of Republic Act 9208, trafficked persons shall be recognised as victims of the act or acts of trafficking and as such shall not be penalised for crimes directly related to the acts of trafficking.","[S1] A police operation was launched to confirm the veracity of a report that two Korean nationals, G. and D., were maintaining a Korean Japanese restaurant along Alabang-Zapore Road, Talon 2, Las Pinas City as a front for prostitution and pornographic performances, utilising innocent and minor females recruited from Samar, Leyte, Surigao del Sur, Davao City and other parts of the country, on the pretext of giving them decent jobs.
[S2] A surveillance operation was undertaken at approximately 11:00pm on February 3, 2009 by J.N., SPO2 A.P., and SPO1 R.DM.M.
[S3] The three operatives went to Kwi-Chuk Korean and Japanese KTV along Alabang-Zapote Road and validated information received from a confidential informant that some floor managers at the above establishment were permitting and encouraging their female Guest Relation Officers (GROs) to engage in sexual intercourse with customers inside the VIP rooms in consideration of Php 5,000.
[S4] The team coordinated with the PNP Southern Police District in its surveillance and operation on this case from February 5, 2009, 20:30pm to February 6, 2009, 20:30pm.
[S5] On February 5, 2009, the team launched an entrapment operation at Kwi-chuk KTV.
[S6] They introduced themselves as travel agents and were attended to by the accused, Mylene Pacquing y Agramon, a floor manager at the Kwi-Chuk KTV.
[S7] She accompanied them to a VIP room where they told her they had a lot of Korean clients.
[S8] Upon hearing this she offered them accommodation in the establishment and ladies therein who were willing to give sexual services in exchange for a given price.
[S9] Thereafter she brought several girls into the VIP room and told them that they would have to pay Php 5,000 first as a “bar fine” before they could take a girl/GRO to a nearby hotel for sexual services.
[S10] One of them chose a girl and the accused demanded payment in advance.
[S11] SPO1 M. handed her the money which included the three Php 500 bills, treated with ultra-violet powder.
[S12] While Mylene Pacquing y Agramon was counting the money she received, the team introduced themselves as police officers and placed her under arrest.
[S13] Six GROs were also arrested because they failed to present the necessary working permit required of them as a GRO, thus manifestly violating PD 856 (Working Without Necessary Permit).
[S14] The Court later held that the six GROs were trafficked persons and according to Section 17(a) of Republic Act 9208, trafficked persons shall be recognised as victims of the act or acts of trafficking and as such shall not be penalised for crimes directly related to the acts of trafficking.",data/raw_html/000643_9baad17f7ea8.html,e432fae45f636116b482a4370e97ba472edbecb88e6f286851d690b9fea79b6f
HRV1-095,95,933,Case No. 848-2009,GTM008,https://www.unodc.org/cld/case-law-doc/traffickingpersonscrimetype/gtm/2009/case_no._848-2009_.html,Guatemala,D,Narrative genuinely insufficient or abstention candidate,Narrative genuinely insufficient or abstention candidate; outside complete-Legacy-AMP cohort,0,47,1,sherloc_sentence_splitter_v1,793f65176f0bb6e38e4f404e346d7c31df9260d327e35f7f5db9b995529a80d5,"The facts of the case are unclear as only the constitutional court decision is available, and it does not summarize the facts other than the fact that the defendant lured and threatened a child from his home in order to try to submit him for illegal adoption.","[S1] The facts of the case are unclear as only the constitutional court decision is available, and it does not summarize the facts other than the fact that the defendant lured and threatened a child from his home in order to try to submit him for illegal adoption.",data/raw_html/000933_36f0e1487a40.html,97094e3a6052d19f6c1db574c06bbcd4c3c0dd97222adde3d546ef0f45a82a73
HRV1-096,96,254,"United States v. Vargas-Cordon, 733 F.3d 366 (2013)",USAx165,https://www.unodc.org/cld/case-law-doc/migrantsmugglingcrimetype/usa/2013/united_states_v._vargas-cordon_733_f.3d_366_2013.html,United States of America,B,Structured metadata present but narrative support incomplete,"Prior feasibility-audit anchor: victim_multiplicity TYPE_2 (migrants_heading_single_role_ambiguity): One minor migrant is clear, but the focal trafficking-victim interpretation is legally/structurally ambiguous.",1,365,21,sherloc_sentence_splitter_v1,4faff974faed3657b0e2a5da767cb779412d4cc659679071e6b172189c9c6320,"The defendant, Vargas-Cordon, was a 37-year-old citizen of Guatemala who resided in the United States. In 2008, while visiting family in Guatemala, the defendant began a sexual relationship with his then 15-year-old niece, hereafter referred to as X. Before the defendant returned to the U.S., X asked if she could accompany him. The defendant initially refused her and returned to the U.S. alone. However, he eventually made arrangements with a smuggler to bring X into the United States and paid $6,000 for her transport. Provided with a fake passport, X left Guatemala and headed to the defendant’s residence in New Jersey.

X was apprehended by the authorities at the California-Mexico border on August 28, 2009. Because she stated that she had no family to whom she could return, she was transferred to an Office of Refugee Resettlement facility in California. In December 2009, she was relocated to a foster home in Virginia. Throughout this time, X remained in frequent telephone contact with the defendant.

X asked the defendant to come to Virginia and take her to New Jersey. The defendant initially refused, but soon changed his mind. On December 19, 2009, the defendant drove from New Jersey to Virginia accompanied by a co-worker. X snuck out of her foster home and met with the defendant. The three then drove back to New Jersey.

After returning to New Jersey, the defendant had X stay with him in a home he shared with several other people. The defendant and X shared a room and continued their sexual relationship.

X began to accompany the defendant and the aforementioned co-worker to a home in New York where the two men were contracted to renovate a basement. They obtained the owner’s permit to stay in the home during the renovation. X stayed with the defendant in New York, and returned to New Jersey over the weekends.

While in New York, the co-worker was alarmed by the sexual relationship between the defendant and X. He contacted the organization that ran X’s foster care program, which in turn contacted the authorities. On January 21, 2010, the defendant was arrested and later admitted to having a sexual relationship with X.","[S1] The defendant, Vargas-Cordon, was a 37-year-old citizen of Guatemala who resided in the United States.
[S2] In 2008, while visiting family in Guatemala, the defendant began a sexual relationship with his then 15-year-old niece, hereafter referred to as X. Before the defendant returned to the U.S., X asked if she could accompany him.
[S3] The defendant initially refused her and returned to the U.S. alone.
[S4] However, he eventually made arrangements with a smuggler to bring X into the United States and paid $6,000 for her transport.
[S5] Provided with a fake passport, X left Guatemala and headed to the defendant’s residence in New Jersey.
[S6] X was apprehended by the authorities at the California-Mexico border on August 28, 2009.
[S7] Because she stated that she had no family to whom she could return, she was transferred to an Office of Refugee Resettlement facility in California.
[S8] In December 2009, she was relocated to a foster home in Virginia.
[S9] Throughout this time, X remained in frequent telephone contact with the defendant.
[S10] X asked the defendant to come to Virginia and take her to New Jersey.
[S11] The defendant initially refused, but soon changed his mind.
[S12] On December 19, 2009, the defendant drove from New Jersey to Virginia accompanied by a co-worker.
[S13] X snuck out of her foster home and met with the defendant.
[S14] The three then drove back to New Jersey.
[S15] After returning to New Jersey, the defendant had X stay with him in a home he shared with several other people.
[S16] The defendant and X shared a room and continued their sexual relationship.
[S17] X began to accompany the defendant and the aforementioned co-worker to a home in New York where the two men were contracted to renovate a basement.
[S18] They obtained the owner’s permit to stay in the home during the renovation.
[S19] X stayed with the defendant in New York, and returned to New Jersey over the weekends.
[S20] While in New York, the co-worker was alarmed by the sexual relationship between the defendant and X. He contacted the organization that ran X’s foster care program, which in turn contacted the authorities.
[S21] On January 21, 2010, the defendant was arrested and later admitted to having a sexual relationship with X.",data/raw_html/000254_dd02aac61a09.html,f968f212d0e4622272651da9ab54130e608c53cf27c59770364d6ed4ad92ad24
HRV1-097,97,145,Chisinau 0615,MDA061,https://www.unodc.org/cld/case-law-doc/traffickingpersonscrimetype/mda/2015/chisinau_0615.html,Republic of Moldova,A,Representative clean cases,Prior feasibility-audit anchor: victim_multiplicity TYPE_1 (one_record_apparent_single),1,272,9,sherloc_sentence_splitter_v1,e50b81c425a108c40244756d2cb33624c5fb7ef77e2c14fab8d01431f2b11a45,"The court found that at the beginning of December 2007 Ţ.V. intentionally, with financial interest; for the purpose of commercial sexual exploitation of a person, by fraud; manifested by the promise of well-paid employment as babysitter in Antalya, Turkey, and by abuse of position of vulnerability; manifested by the precarious social situation, Ţ.V recruited O.S. with her consent.

On 7 December 2007, to achieve her crime (transportation of O.S. to the destination, in Turkey). Ţ.V. bought plane tickets for the victim and herself, and accompanied O.S. throughout the journey. When they arrived in Turkey, for reasons beyond her control, O.S. was returned to Moldova by the competent bodies from Turkey.

Subsequently, Ţ.V. organized another identity card with the name of the victim O.S., supporting all the costs and organized the transportation of victim O.S. in Turkey by purchasing the air-travel ticket on the route Chisinau-Istanbul on 14.12.2007, but arriving in Turkey, for causes beyond her will, O.S. was returned back to Moldova by the competent authorities of Turkey.

Continuing her criminal actions, Ţ.V. being in Turkey, organized transportation of O.S. in Turkey through purchasing the air-travel ticket on the route Chisinau-Istanbul-Antalya for 15 December 2007. Thus, on this date, Ţ.V. met O.S., then concealed her in an apartment and seized her passport. T.V. had control over the victim, who was in a situation of vulnerability determined by being in a foreign country. Her identity documents seized, and without money, she was forced to provide commercial sexual services for several men, until 26 April 2008.","[S1] The court found that at the beginning of December 2007 Ţ.V. intentionally, with financial interest; for the purpose of commercial sexual exploitation of a person, by fraud; manifested by the promise of well-paid employment as babysitter in Antalya, Turkey, and by abuse of position of vulnerability; manifested by the precarious social situation, Ţ.V recruited O.S. with her consent.
[S2] On 7 December 2007, to achieve her crime (transportation of O.S. to the destination, in Turkey).
[S3] Ţ.V. bought plane tickets for the victim and herself, and accompanied O.S. throughout the journey.
[S4] When they arrived in Turkey, for reasons beyond her control, O.S. was returned to Moldova by the competent bodies from Turkey.
[S5] Subsequently, Ţ.V. organized another identity card with the name of the victim O.S., supporting all the costs and organized the transportation of victim O.S. in Turkey by purchasing the air-travel ticket on the route Chisinau-Istanbul on 14.12.2007, but arriving in Turkey, for causes beyond her will, O.S. was returned back to Moldova by the competent authorities of Turkey.
[S6] Continuing her criminal actions, Ţ.V. being in Turkey, organized transportation of O.S. in Turkey through purchasing the air-travel ticket on the route Chisinau-Istanbul-Antalya for 15 December 2007.
[S7] Thus, on this date, Ţ.V. met O.S., then concealed her in an apartment and seized her passport.
[S8] T.V. had control over the victim, who was in a situation of vulnerability determined by being in a foreign country.
[S9] Her identity documents seized, and without money, she was forced to provide commercial sexual services for several men, until 26 April 2008.",data/raw_html/000145_8d53e494220e.html,d5b5cb0b41656bd40a72964616b2a6bd77c851860f1ca6c1fe6dc5da88bd4a64
HRV1-098,98,25,N° de pourvoi: 19-80372,FRAx013,https://www.unodc.org/cld/case-law-doc/traffickingpersonscrimetype/fra/2020/n_de_pourvoi_19-80372_.html,France,D,Narrative genuinely insufficient or abstention candidate,Narrative genuinely insufficient or abstention candidate; outside complete-Legacy-AMP cohort,0,34,1,sherloc_sentence_splitter_v1,8ec26600dbd482754c733f340e8b411ef12fd21a99593b3afe09cdbb810f2d52,"MA was charged and found guilty for involvement in a network that trafficked and sexually exploited at least seventeen young women from Easter Europe in Paris, France between June 2014 and November 30, 2015.","[S1] MA was charged and found guilty for involvement in a network that trafficked and sexually exploited at least seventeen young women from Easter Europe in Paris, France between June 2014 and November 30, 2015.",data/raw_html/000025_57ff26fc4444.html,e21c8ad0dd64d39362ac44d0636aad18c04e6bfd48f8751e18f81022d2933825
HRV1-099,99,985,AT and Others v Dulghieru,GBR023,https://www.unodc.org/cld/case-law-doc/traffickingpersonscrimetype/gbr/2009/at_and_others_v_dulghieru.html,United Kingdom of Great Britain and Northern Ireland,A,Representative clean cases,Prior feasibility-audit anchor: victim_multiplicity TYPE_1 (multiple_records_plaintiffs),1,139,6,sherloc_sentence_splitter_v1,c95cccf33b01f0f76481909bfba73ef45472dba63f5ca2505de4fc9f65a7e7f7,"Four young Moldovan women were tricked into leaving their Country and moving to the United Kingdom to work as dancers. During the journey, the Defendant’s agents tool increasingly firm control of the young women, taking away their documents. Once they arrived to the UK, the Claimants were kept in a locked basement and they were threatened their safety (and their family’s safety) would be put in danger if they would rebel against the Defendants. They were told they would be arrested and deported if found by the police and were taught to give false details in case they were questioned by the Police. They were forced to work as prostitutes and to hand over their earnings, since they were considered to be in debt to the criminal organization. They finally managed to flee and the Defendants were successfully prosecuted.","[S1] Four young Moldovan women were tricked into leaving their Country and moving to the United Kingdom to work as dancers.
[S2] During the journey, the Defendant’s agents tool increasingly firm control of the young women, taking away their documents.
[S3] Once they arrived to the UK, the Claimants were kept in a locked basement and they were threatened their safety (and their family’s safety) would be put in danger if they would rebel against the Defendants.
[S4] They were told they would be arrested and deported if found by the police and were taught to give false details in case they were questioned by the Police.
[S5] They were forced to work as prostitutes and to hand over their earnings, since they were considered to be in debt to the criminal organization.
[S6] They finally managed to flee and the Defendants were successfully prosecuted.",data/raw_html/000985_899606ffaf9a.html,2ee45b88bd0ba2a6305aa388fcbf84254f250639d7801f6d1f55790e7b255388
HRV1-100,100,850,United States v. Christopher M. Cockrell,USA175,https://www.unodc.org/cld/case-law-doc/traffickingpersonscrimetype/usa/2009/united_states_v._christopher_m._cockrell.html,United States of America,E,Rare or challenge cases,Prior feasibility-audit anchor: child_minor_involvement TYPE_1 (attempt_no_actual_child): Child/Age fields and child-offence tag are misleading unless the source remark is retained.,1,124,5,sherloc_sentence_splitter_v1,203283f284690f6cd24b938a974697a4ec46e5330dcb8f5e48db24a91a4286bb,"The defendant, Christopher M. Cockrell, pled guilty to attempted child sex trafficking after an undercover police investigation revealed that the defendant had solicited to have sex with a minor using the internet.

In March 2009, in Amory, Missouri (MO), the defendant responded to an ad on Craigslist.org soliciting the sexual service of a 15 year old girl. The defendant exchanged emails with an undercover police officer, whom he thought was a pimp. Cockrell offered to pay $60.00 to have sex with the minor, and offered an additional $20.00 to have sex without a condom.

This case arose from the investigative efforts of Operation Guardian Angel, a law enforcement investigation targeting the demand for child prostitution in Kansas city, MO metropolitan area.","[S1] The defendant, Christopher M. Cockrell, pled guilty to attempted child sex trafficking after an undercover police investigation revealed that the defendant had solicited to have sex with a minor using the internet.
[S2] In March 2009, in Amory, Missouri (MO), the defendant responded to an ad on Craigslist.org soliciting the sexual service of a 15 year old girl.
[S3] The defendant exchanged emails with an undercover police officer, whom he thought was a pimp.
[S4] Cockrell offered to pay $60.00 to have sex with the minor, and offered an additional $20.00 to have sex without a condom.
[S5] This case arose from the investigative efforts of Operation Guardian Angel, a law enforcement investigation targeting the demand for child prostitution in Kansas city, MO metropolitan area.",data/raw_html/000850_22d1ddc9d32d.html,3b39270c169044c15978f3d8b2cfe42553ccde59573dde793595ddd76e23d22e
