search_rank,case_title,unodc_case_number,canonical_url,url_path_crime_type,fact_summary_status,has_english_fact_summary,has_any_fact_summary,fact_summary_variant_count,fact_summary_language_count,fact_summary_languages,has_sidebar_acts,sidebar_acts_count,has_sidebar_means,sidebar_means_count,has_sidebar_purpose,sidebar_purpose_count,has_legacy_keyword_acts,legacy_keyword_acts_count,has_legacy_keyword_means,legacy_keyword_means_count,has_legacy_keyword_purpose,legacy_keyword_purpose_count,has_victim_or_person_role_section,person_role_section_count,person_role_record_count,has_defendant_or_respondent_section,defendant_respondent_section_count,defendant_respondent_record_count,has_charges_claims_decisions,charge_subject_record_count,charge_record_count,has_court,tabbed_section_count,tabbed_pane_count,multi_pane_section_count,multilingual_section_count,multilingual_section_labels,crime_type_badge_count,parse_warning_count,parse_warning_severity_count,parse_warning_codes,overall_parse_status
1,Criminal Case No. 1000711-61.2022.4.01.4200,BRA016,https://www.unodc.org/cld/case-law-doc/traffickingpersonscrimetype/bra/2024/criminal_case_no._1000711-61.2022.4.01.4200_.html,traffickingpersonscrimetype,FOUND,1,1,1,1,en,1,4,1,5,1,2,0,0,0,0,0,0,1,1,2,1,1,1,1,1,2,1,0,0,0,0,,1,2,2,NESTED_CASE_LAW_DETAIL|NESTED_CASE_LAW_DETAIL,PARTIAL
2,"Krachunova v. Bulgaria, no. 18269/18, 28 November 2023",IRBx041,https://www.unodc.org/cld/case-law-doc/traffickingpersonscrimetype/_irb/2023/krachunova_v._bulgaria_no._1826918_28_november_2023.html,traffickingpersonscrimetype,FOUND,1,1,1,1,en,1,3,1,3,1,1,0,0,0,0,0,0,1,1,1,1,1,2,1,2,2,1,0,0,0,0,,1,0,0,,FOUND
3,Sent. n. sez. 1337,ITAx041,https://www.unodc.org/cld/case-law-doc/drugcrimetype/ita/2023/sent._n._sez._1337.html,drugcrimetype,FOUND,1,1,1,1,en,1,3,1,4,1,2,0,0,0,0,0,0,0,0,0,1,1,2,1,2,3,1,0,0,0,0,,2,0,0,,FOUND
4,"G.G. and Deanna Rose v. Salesforce.com, INC.",USAx282,https://www.unodc.org/cld/case-law-doc/criminalgroupcrimetype/usa/2023/g.g._and_deanna_rose_v._salesforce.com_inc..html,criminalgroupcrimetype,FOUND,1,1,1,1,en,1,1,0,0,1,1,0,0,0,0,0,0,1,1,2,1,1,1,1,1,1,1,0,0,0,0,,2,0,0,,FOUND
5,"Rex and Obinna Obeta, Ike and Beatrice Ekweremadu",GBRx119,https://www.unodc.org/cld/case-law-doc/traffickingpersonscrimetype/gbr/2023/rex_and_obinna_obeta_ike_and_beatrice_ekweremadu_.html,traffickingpersonscrimetype,FOUND,1,1,1,1,en,1,1,1,1,1,1,0,0,0,0,1,1,0,0,0,0,0,0,0,0,0,1,0,0,0,0,,1,0,0,,FOUND
6,"Lenida T. Maestrado, petitioner, vs. People of the Philippines, respondent",x016,https://www.unodc.org/cld/case-law-doc/traffickingpersonscrimetype/phl/2022/lenida_t._maestrado_petitioner_vs._people_of_the_philippines_respondent.html,traffickingpersonscrimetype,FOUND,1,1,1,1,en,1,3,1,2,0,0,0,0,0,0,0,0,0,0,0,1,1,2,1,2,2,0,0,0,0,0,,1,0,0,,FOUND
7,Basfar v Wong 2022 UKSC 20,GBRx113,https://www.unodc.org/cld/case-law-doc/traffickingpersonscrimetype/gbr/2022/basfar_v_wong_2022_uksc_20.html,traffickingpersonscrimetype,FOUND,1,1,1,1,en,1,1,0,0,1,1,0,0,0,0,0,0,0,0,0,1,1,1,0,0,0,0,0,0,0,0,,1,0,0,,FOUND
8,"Public Prosecutor V Sekdah Somon, Buxoo bibi, Anowar Hossain & Palas Hosan",VUTx002,https://www.unodc.org/cld/case-law-doc/traffickingpersonscrimetype/vut/2022/public_prosecutor_v_sekdah_somon_buxoo_bibi_anowar_hossain_palas_hosan.html,traffickingpersonscrimetype,FOUND,1,1,1,1,en,1,3,1,4,1,3,0,0,0,0,1,3,1,1,1,1,1,4,1,4,3,1,0,0,0,0,,2,0,0,,FOUND
9,(2022) EWCA Crim 106,GBRx112,https://www.unodc.org/cld/case-law-doc/traffickingpersonscrimetype/gbr/2022/2022_ewca_crim_106.html,traffickingpersonscrimetype,FOUND,1,1,1,1,en,1,3,1,3,1,2,0,0,0,0,0,0,0,0,0,1,1,3,1,3,3,0,0,0,0,0,,2,0,0,,FOUND
10,"United States of America v. Maxwell, No. 1:22-cr-00330-AJN (S.D.N.Y. Dec. 29, 2021)",USAx226,https://www.unodc.org/cld/case-law-doc/criminalgroupcrimetype/usa/2021/united_states_of_america_v._maxwell_no._122-cr-00330-ajn_s.d.n.y._dec._29_2021.html,criminalgroupcrimetype,FOUND,1,1,1,1,en,1,2,0,0,1,1,0,0,0,0,0,0,1,1,4,1,1,1,1,1,5,1,0,0,0,0,,3,0,0,,FOUND
11,Criminal Case No. 0005108-81.2014.4.03.6181,BRAx013,https://www.unodc.org/cld/case-law-doc/traffickingpersonscrimetype/bra/2021/criminal_case_no._0005108-81.2014.4.03.6181.html,traffickingpersonscrimetype,FOUND,1,1,1,1,en,1,3,1,4,1,2,0,0,0,0,0,0,1,1,7,1,1,2,1,2,2,1,0,0,0,0,,1,0,0,,FOUND
12,"OLG Frankfurt am Main, Urteil vom 30.11.2021, 5-3 StE 1/20",DEUx038,https://www.unodc.org/cld/case-law-doc/traffickingpersonscrimetype/deu/2021/olg_frankfurt_am_main_urteil_vom_30.11.2021_5-3_ste_120.html,traffickingpersonscrimetype,FOUND,1,1,1,1,en,1,1,0,0,1,2,0,0,0,0,0,0,1,1,2,1,1,1,1,1,7,0,0,0,0,0,,2,0,0,,FOUND
13,Case of Zoletic and Others v. Azerbaijan,IRBx037,https://www.unodc.org/cld/case-law-doc/traffickingpersonscrimetype/aze/2021/case_of_zoletic_and_others_v._azerbaijan.html,traffickingpersonscrimetype,FOUND,1,1,1,1,en,1,4,1,4,1,2,1,4,1,4,1,2,1,1,1,1,1,1,1,1,1,1,0,0,0,0,,3,0,0,,FOUND
14,Criminal Case No. 0001447-21.2019.4.03.6181,BRAx015,https://www.unodc.org/cld/case-law-doc/traffickingpersonscrimetype/bra/2021/criminal_case_no._0001447-21.2019.4.03.6181.html,traffickingpersonscrimetype,FOUND,1,1,1,1,en,1,3,1,3,1,2,0,0,0,0,0,0,1,1,7,1,1,1,1,1,2,1,0,0,0,0,,2,0,0,,FOUND
15,Case No. 21-cv-00485-JCS – John Doe et al. v. Twitter. INC.,USAx222,https://www.unodc.org/cld/case-law-doc/traffickingpersonscrimetype/usa/2021/case_no._21-cv-00485-jcs_john_doe_et_al._v._twitter._inc..html,traffickingpersonscrimetype,FOUND,1,1,1,1,en,1,1,1,1,1,1,0,0,1,1,1,1,1,1,2,1,1,1,1,1,2,0,0,0,0,0,,1,0,0,,FOUND
16,Amparo en revisión 51/2021,MEXx008,https://www.unodc.org/cld/case-law-doc/traffickingpersonscrimetype/mex/2021/amparo_en_revision_512021.html,traffickingpersonscrimetype,FOUND,1,1,1,1,en,1,5,1,2,1,1,0,0,0,0,0,0,1,1,2,1,1,2,1,2,4,0,0,0,0,0,,2,0,0,,FOUND
17,"Case No. 20-0434, Supreme Court of Texas",USAx219,https://www.unodc.org/cld/case-law-doc/traffickingpersonscrimetype/usa/2021/case_no._20-0434_supreme_court_of_texas.html,traffickingpersonscrimetype,FOUND,1,1,1,1,en,1,1,1,3,1,1,1,1,1,2,1,1,1,1,3,1,1,1,1,1,1,0,0,0,0,0,,2,0,0,,FOUND
18,[2021] EWHC 1370 (Admin),GBRx109,https://www.unodc.org/cld/case-law-doc/traffickingpersonscrimetype/gbr/2021/2021_ewhc_1370_admin.html,traffickingpersonscrimetype,FOUND,1,1,1,1,en,1,2,0,0,1,1,1,2,0,0,1,1,1,1,2,1,1,1,1,1,1,0,0,0,0,0,,1,0,0,,FOUND
19,Case of V.C.L. and A.N. V. The United Kingdom,IRBX034,https://www.unodc.org/cld/case-law-doc/traffickingpersonscrimetype/_irb/2021/case_ofv.c.l.and_a.n._v._the_united_kingdom_.html,traffickingpersonscrimetype,FOUND,1,1,1,1,en,1,4,1,3,1,1,0,0,0,0,0,0,1,1,2,1,1,1,1,1,3,1,0,0,0,0,,2,0,0,,FOUND
20,S v Pretorius (CC 2/2018) [2020] NAHCMD 507,NAMx013,https://www.unodc.org/cld/case-law-doc/traffickingpersonscrimetype/nam/2020/s_v_pretorius_cc_22018_2020_nahcmd_507.html,traffickingpersonscrimetype,FOUND,1,1,1,1,en,1,1,1,1,1,1,1,1,1,1,1,1,1,1,3,1,1,1,1,1,2,0,0,0,0,0,,1,0,0,,FOUND
21,The Queen v Joseph Auga Matamata,x012,https://www.unodc.org/cld/case-law-doc/traffickingpersonscrimetype/nzl/2020/the_queen_v_joseph_auga_matamata.html,traffickingpersonscrimetype,FOUND,1,1,1,1,en,1,3,1,3,1,2,1,3,1,3,1,2,1,1,1,1,1,1,1,1,2,0,0,0,0,0,,1,0,0,,FOUND
22,The State v James Tungamirai Maroodza (R674/18),ZWEx008,https://www.unodc.org/cld/case-law-doc/traffickingpersonscrimetype/zwe/2020/the_state_v_james_tungamirai_maroodza_r67418.html,traffickingpersonscrimetype,FOUND,1,1,1,1,en,1,2,1,2,1,1,0,0,0,0,0,0,0,0,0,1,1,1,1,1,1,0,0,0,0,0,,1,0,0,,FOUND
23,The Queen On The Application Of L v. The Director Of Public Prosecutions,GBRx093,https://www.unodc.org/cld/case-law-doc/traffickingpersonscrimetype/gbr/2020/the_queen_on_the_application_of_l_v._the_director_of_public_prosecutions.html,traffickingpersonscrimetype,FOUND,1,1,1,1,en,1,3,1,2,1,1,1,3,1,2,1,1,1,1,1,1,1,2,1,2,1,0,0,0,0,0,,1,0,0,,FOUND
24,S.M. v. Croatia,IRBx030,https://www.unodc.org/cld/case-law-doc/traffickingpersonscrimetype/_irb/2020/s.m._v._croatia.html,traffickingpersonscrimetype,FOUND,1,1,1,1,en,1,2,1,2,1,1,1,2,1,3,1,1,1,1,1,1,1,2,1,2,2,1,0,0,0,0,,1,0,0,,FOUND
25,N° de pourvoi: 19-80372,FRAx013,https://www.unodc.org/cld/case-law-doc/traffickingpersonscrimetype/fra/2020/n_de_pourvoi_19-80372_.html,traffickingpersonscrimetype,FOUND,1,1,1,1,en,1,3,0,0,1,1,0,0,0,0,1,1,1,1,1,1,1,1,1,1,1,1,0,0,0,0,,1,0,0,,FOUND
26,"MS (Pakistan) v. Secretary of State for the Home Department, [2020] UKSC 9",GBRx092,https://www.unodc.org/cld/case-law-doc/traffickingpersonscrimetype/gbr/2020/ms_pakistan_v._secretary_of_state_for_the_home_department_2020_uksc_9.html,traffickingpersonscrimetype,FOUND,1,1,1,1,en,1,4,1,2,1,1,0,0,0,0,0,0,1,1,1,1,1,1,1,1,1,0,0,0,0,0,,1,0,0,,FOUND
27,S v. Fatmata Kamara & Kadiatu Kargbo,SLE0001,https://www.unodc.org/cld/case-law-doc/traffickingpersonscrimetype/sle/2020/s_v._fatmata_kamara_kadiatu_kargbo.html,traffickingpersonscrimetype,FOUND,1,1,1,1,en,1,3,1,1,1,3,1,3,1,1,1,3,1,1,1,1,1,2,1,2,4,1,0,0,0,0,,1,0,0,,FOUND
28,R. v. Antoine,CANx129,https://www.unodc.org/cld/case-law-doc/traffickingpersonscrimetype/can/2020/r._v._antoine.html,traffickingpersonscrimetype,FOUND,1,1,1,1,en,0,0,0,0,0,0,1,3,1,1,1,1,1,1,1,1,1,1,1,1,1,0,0,0,0,0,,1,0,0,,FOUND
29,R. v. Sinclair,CANx128,https://www.unodc.org/cld/case-law-doc/traffickingpersonscrimetype/can/2020/r._v._sinclair.html,traffickingpersonscrimetype,FOUND,1,1,1,1,en,1,1,1,1,1,2,1,1,1,1,1,2,0,0,0,1,1,1,1,1,1,1,0,0,0,0,,1,0,0,,FOUND
30,Case No: CO/4466/2019; The Queen on the application of DS v. Secretary of State for the Home Department,GBRx090,https://www.unodc.org/cld/case-law-doc/traffickingpersonscrimetype/gbr/2019/case_no_co44662019_the_queen_on_the_application_of_ds_v._secretary_of_state_for_the_home_department.html,traffickingpersonscrimetype,FOUND,1,1,1,1,en,0,0,1,2,1,1,0,0,0,0,0,0,1,1,1,1,1,1,0,0,0,0,0,0,0,0,,1,0,0,,FOUND
31,The Police v. Harish Daswani,MLTx001,https://www.unodc.org/cld/case-law-doc/traffickingpersonscrimetype/mlt/2019/the_police_v._harish_daswani.html,traffickingpersonscrimetype,FOUND,1,1,1,1,en,1,4,1,3,1,3,1,4,1,3,1,3,1,1,1,1,1,1,1,1,3,1,0,0,0,0,,1,0,0,,FOUND
32,Affaire T.I. et Autres c. Grèce,IRBx031,https://www.unodc.org/cld/case-law-doc/traffickingpersonscrimetype/_irb/2019/affaire_t.i._et_autres_c._grece_.html,traffickingpersonscrimetype,FOUND,1,1,1,1,en,1,5,1,2,1,1,0,0,0,0,0,0,1,1,3,1,1,1,1,1,1,1,0,0,0,0,,2,0,0,,FOUND
33,Sentence 1081/2019,ITAx036,https://www.unodc.org/cld/case-law-doc/drugcrimetype/ita/2019/sentence_10812019.html,drugcrimetype,FOUND,1,1,1,1,en,1,4,1,2,1,1,1,4,1,2,0,0,1,1,2,1,1,2,1,2,6,1,0,0,0,0,,3,0,0,,FOUND
34,Proc. No. 12809/2019,ITAx035,https://www.unodc.org/cld/case-law-doc/criminalgroupcrimetype/ita/2019/proc._no._128092019.html,criminalgroupcrimetype,FOUND,1,1,1,1,en,1,2,1,3,1,2,1,1,1,5,1,1,0,0,0,1,1,3,1,3,9,1,0,0,0,0,,3,0,0,,FOUND
35,Querela nº 29/17,MOZ003,https://www.unodc.org/cld/case-law-doc/traffickingpersonscrimetype/moz/2019/querela_n_2917.html,traffickingpersonscrimetype,FOUND,1,1,1,1,en,1,3,1,1,0,0,0,0,0,0,0,0,1,1,1,1,1,4,1,4,7,1,0,0,0,0,,2,0,0,,FOUND
36,R v Gallone,CANx124,https://www.unodc.org/cld/case-law-doc/traffickingpersonscrimetype/can/2019/r_v_gallone.html,traffickingpersonscrimetype,FOUND,1,1,1,1,en,1,1,1,2,1,1,0,0,1,2,0,0,1,1,1,1,1,1,1,1,2,1,0,0,0,0,,1,0,0,,FOUND
37,United States of America v. Anthony Donte Collier; 932 F.3d 1067; No. 18-1025,USAx164,https://www.unodc.org/cld/case-law-doc/traffickingpersonscrimetype/usa/2019/united_states_of_america_v._anthony_donte_collier_932_f.3d_1067_no._18-1025.html,traffickingpersonscrimetype,FOUND,1,1,1,1,en,1,3,1,3,1,1,1,1,1,3,1,1,1,1,5,1,1,2,1,2,4,0,0,0,0,0,,2,0,0,,FOUND
38,S v. Jonas (CC14/2017),NAMx003,https://www.unodc.org/cld/case-law-doc/traffickingpersonscrimetype/nam/2019/s_v._jonas_cc142017.html,traffickingpersonscrimetype,FOUND,1,1,1,1,en,1,3,1,4,1,1,1,3,1,4,1,1,1,1,1,1,1,1,1,1,5,1,0,0,0,0,,2,0,0,,FOUND
39,Sentence N. 883/2019,ITAx037,https://www.unodc.org/cld/case-law-doc/criminalgroupcrimetype/ita/2019/sentence_n._8832019.html,criminalgroupcrimetype,FOUND,1,1,1,1,en,1,6,1,2,1,1,1,1,1,2,1,1,1,1,5,1,1,2,1,2,6,1,0,0,0,0,,3,0,0,,FOUND
40,"Nyasa Nicole Mulumbilwa, Hussie Salimo, Justine Muftafela, and Abswe Samuel Ikengelo vs. The People of Zambia; CAZ Appeal/No. 154/155/156/157/2018",ZMB004,https://www.unodc.org/cld/case-law-doc/migrantsmugglingcrimetype/zmb/2019/nyasa_nicole_mulumbilwa_hussie_salimo_justine_muftafela_and_abswe_samuel_ikengelo_vs._the_people_of_zambia_caz_appealno._1541551561572018.html,migrantsmugglingcrimetype,FOUND,1,1,1,1,en,1,5,0,0,0,0,1,4,0,0,0,0,1,1,1,1,1,4,1,4,1,0,0,0,0,0,,2,0,0,,FOUND
41,(513 Kls) 255 Js 637/18 (38/18),DEUx022,https://www.unodc.org/cld/case-law-doc/criminalgroupcrimetype/deu/2019/513_kls_255_js_63718_3818.html,criminalgroupcrimetype,FOUND,1,1,1,1,en,1,2,1,3,1,2,1,2,1,3,1,3,1,1,5,1,1,4,1,4,10,1,0,0,0,0,,2,0,0,,FOUND
42,Querela n°11/19,MOZ002,https://www.unodc.org/cld/case-law-doc/traffickingpersonscrimetype/moz/2019/querela_n1119.html,traffickingpersonscrimetype,FOUND,1,1,1,1,en,1,1,1,1,0,0,0,0,0,0,0,0,1,1,10,1,1,1,1,1,1,0,0,0,0,0,,1,0,0,,FOUND
43,Supreme Court Decision no. 2/2019 (Nea Manolada),GRCx042,https://www.unodc.org/cld/case-law-doc/traffickingpersonscrimetype/grc/2019/supreme_court_decision_no._22019_nea_manolada.html,traffickingpersonscrimetype,FOUND,1,1,1,1,en,1,2,1,3,1,1,0,0,0,0,0,0,1,1,1,1,1,1,0,0,0,1,0,0,0,0,,1,0,0,,FOUND
44,(513 Kls) 255 Js 637/18 (38/18) Trb 1,DEUx023,https://www.unodc.org/cld/case-law-doc/traffickingpersonscrimetype/deu/2019/513_kls_255_js_63718_3818_trb_1.html,traffickingpersonscrimetype,FOUND,1,1,1,1,en,1,2,1,1,1,2,1,1,1,1,1,2,1,1,5,1,1,1,1,1,2,1,0,0,0,0,,1,0,0,,FOUND
45,People v. Sayo [G.R. No. 227704],PHLx013,https://www.unodc.org/cld/case-law-doc/traffickingpersonscrimetype/phl/2019/people_v._sayo_g.r._no._227704_.html,traffickingpersonscrimetype,FOUND,1,1,1,1,en,1,1,1,1,1,1,0,0,0,0,0,0,1,1,1,1,1,2,1,2,4,1,0,0,0,0,,1,0,0,,FOUND
46,"Appeal of the Court of First Instance of Liège, 2019/858",BEL045,https://www.unodc.org/cld/case-law-doc/traffickingpersonscrimetype/bel/2019/appeal_of_the_court_of_first_instance_of_liege_2019858.html,traffickingpersonscrimetype,FOUND,1,1,1,1,en,1,4,1,1,1,1,1,4,1,1,1,1,1,1,2,1,1,3,1,3,5,1,0,0,0,0,,2,0,0,,FOUND
47,Public Prosecutor v BSR [2019] SGHC 64,SGPx015,https://www.unodc.org/cld/case-law-doc/traffickingpersonscrimetype/sgp/2019/public_prosecutor_v_bsr_2019_sghc_64.html,traffickingpersonscrimetype,FOUND,1,1,1,1,en,1,1,1,2,1,2,0,0,0,0,1,1,1,1,3,1,1,1,1,1,4,1,0,0,0,0,,1,0,0,,FOUND
48,33 KLs 17/18,DEUx019,https://www.unodc.org/cld/case-law-doc/traffickingpersonscrimetype/deu/2019/33_kls_1718.html,traffickingpersonscrimetype,FOUND,1,1,1,1,en,1,6,1,2,1,1,0,0,0,0,0,0,1,1,6,1,1,3,1,3,7,0,0,0,0,0,,1,0,0,,FOUND
49,John Miller Vs.Her Majesty's Advocate,GBRx089,https://www.unodc.org/cld/case-law-doc/traffickingpersonscrimetype/gbr/2019/john_miller_vs.her_majestys_advocate.html,traffickingpersonscrimetype,FOUND,1,1,1,1,en,1,1,0,0,1,1,1,1,0,0,1,1,1,1,1,1,1,1,1,1,1,1,0,0,0,0,,1,0,0,,FOUND
50,Arrêt N° 34/19 X,LUXx001,https://www.unodc.org/cld/case-law-doc/migrantsmugglingcrimetype/lux/2019/arret_n_3419_x.html,migrantsmugglingcrimetype,FOUND,1,1,1,1,en,1,3,1,1,1,2,1,3,1,1,1,2,1,1,2,1,1,2,1,2,2,1,0,0,0,0,,2,0,0,,FOUND
51,EG,BEL042,https://www.unodc.org/cld/case-law-doc/migrantsmugglingcrimetype/bel/2018/eg.html,migrantsmugglingcrimetype,FOUND,1,1,2,2,en|fr,1,2,1,1,1,1,0,0,1,1,1,1,0,0,0,1,1,1,0,0,0,1,1,2,1,1,Fact Summary,2,0,0,,FOUND
52,17/03852,NLDx005,https://www.unodc.org/cld/case-law-doc/moneylaunderingcrimetype/nld/2018/1703852.html,moneylaunderingcrimetype,FOUND,1,1,1,1,en,1,2,1,1,1,2,1,1,1,1,1,2,0,0,0,1,1,2,1,2,2,1,0,0,0,0,,2,0,0,,FOUND
53,C.M.S. y Guillemet Gastón,ARGx006,https://www.unodc.org/cld/case-law-doc/traffickingpersonscrimetype/arg/2018/c.m.s._y_guillemet_gaston_.html,traffickingpersonscrimetype,FOUND,1,1,2,2,en|es,1,3,1,2,1,1,1,2,1,2,1,1,1,1,3,1,1,2,1,2,4,1,2,4,2,2,Fact Summary|Commentary and Significant Features,1,0,0,,FOUND
54,S v. Alam (CO 67/2016) [2018] SCSC 946,SYCx010,https://www.unodc.org/cld/case-law-doc/traffickingpersonscrimetype/syc/2018/s_v._alam_co_672016_2018_scsc_946_.html,traffickingpersonscrimetype,FOUND,1,1,1,1,en,1,4,1,2,1,1,1,3,1,1,1,1,1,1,4,1,1,1,1,1,1,1,0,0,0,0,,1,0,0,,FOUND
55,"Blanco, José Constantino y otros s/ infracción art. 145 bis",ARGx008,https://www.unodc.org/cld/case-law-doc/traffickingpersonscrimetype/arg/2018/blanco_jose_constantino_y_otros_s_infraccion_art._145_bis.html,traffickingpersonscrimetype,FOUND,1,1,2,2,en|es,1,4,1,1,1,1,1,4,1,1,1,1,1,1,11,1,1,3,1,3,4,1,2,4,2,2,Fact Summary|Commentary and Significant Features,1,0,0,,FOUND
56,S v Koch,NAMx002,https://www.unodc.org/cld/case-law-doc/traffickingpersonscrimetype/nam/2018/s_v_koch_.html,traffickingpersonscrimetype,FOUND,1,1,1,1,en,1,2,0,0,1,1,0,0,0,0,0,0,1,1,4,1,1,1,1,1,3,1,0,0,0,0,,1,0,0,,FOUND
57,IM,BEL043,https://www.unodc.org/cld/case-law-doc/migrantsmugglingcrimetype/bel/2018/im.html,migrantsmugglingcrimetype,FOUND,1,1,2,2,en|fr,1,4,1,2,1,1,0,0,0,0,1,1,0,0,0,1,1,1,0,0,0,1,1,2,1,1,Fact Summary,2,0,0,,FOUND
58,13-000227-1219-PE,CRI006,https://www.unodc.org/cld/case-law-doc/traffickingpersonscrimetype/cri/2018/13-000227-1219-pe.html,traffickingpersonscrimetype,FOUND,1,1,1,1,en,1,6,1,2,1,1,1,3,1,2,1,1,1,1,22,1,1,5,1,5,5,0,0,0,0,0,,1,0,0,,FOUND
59,K.W. A v Regina,GBRx088,https://www.unodc.org/cld/case-law-doc/traffickingpersonscrimetype/gbr/2018/k.w._a_v_regina.html,traffickingpersonscrimetype,FOUND,1,1,1,1,en,1,4,0,0,0,0,0,0,0,0,0,0,1,1,1,1,1,2,1,2,2,1,0,0,0,0,,1,0,0,,FOUND
60,WP 4517 (W) of 2018,INDx029,https://www.unodc.org/cld/case-law-doc/traffickingpersonscrimetype/ind/2018/wp_4517_w_of_2018.html,traffickingpersonscrimetype,FOUND,1,1,1,1,en,1,8,0,0,1,1,0,0,0,0,0,0,1,1,1,1,1,1,1,1,2,1,2,4,2,0,,1,6,6,DUPLICATE_TAB_PANE_ID|DUPLICATE_TAB_HREF|TAB_GROUP_MULTIPLE_ACTIVE_PANES|DUPLICATE_TAB_PANE_ID|DUPLICATE_TAB_HREF|TAB_GROUP_MULTIPLE_ACTIVE_PANES,PARTIAL
61,FSM v. Shiro (Crim. Case No. 2016-1503),FSMx003,https://www.unodc.org/cld/case-law-doc/traffickingpersonscrimetype/fsm/2018/fsm_v._shiro_crim._case_no._2016-1503.html,traffickingpersonscrimetype,FOUND,1,1,1,1,en,1,2,0,0,1,2,0,0,0,0,0,0,1,1,1,1,1,4,1,4,1,1,0,0,0,0,,1,0,0,,FOUND
62,B637.L6.961-X7-DF,BEL041,https://www.unodc.org/cld/case-law-doc/migrantsmugglingcrimetype/bel/2018/b637.l6.961-x7-df_.html,migrantsmugglingcrimetype,FOUND,1,1,2,2,en|fr,1,1,1,2,1,1,0,0,0,0,1,1,1,1,1,1,1,2,1,2,4,1,1,2,1,1,Fact Summary,3,1,0,TAB_GROUP_NO_ACTIVE_PANE,FOUND
63,Sent. 3/2018 R. Sent,ITA015,https://www.unodc.org/cld/case-law-doc/criminalgroupcrimetype/ita/2018/sent._32018_r._sent.html,criminalgroupcrimetype,FOUND,1,1,1,1,en,1,5,1,3,1,1,0,0,0,0,0,0,1,1,4,1,1,4,1,4,10,1,0,0,0,0,,2,3,3,NESTED_CASE_LAW_DETAIL|NESTED_CASE_LAW_DETAIL|NESTED_CHARGE_SUBJECT_RECORDS,PARTIAL
64,[2018] EWCA Crim 667,GBRx094,https://www.unodc.org/cld/case-law-doc/drugcrimetype/gbr/2018/2018_ewca_crim_667_.html,drugcrimetype,FOUND,1,1,1,1,en,0,0,1,1,1,1,0,0,1,1,1,1,0,0,0,1,1,2,1,2,3,1,0,0,0,0,,4,0,0,,FOUND
65,Case 14/2018,OMN012,https://www.unodc.org/cld/case-law-doc/traffickingpersonscrimetype/omn/2018/case_142018.html,traffickingpersonscrimetype,FOUND,1,1,1,1,en,1,3,1,1,0,0,1,3,1,1,1,1,1,1,1,1,1,4,1,4,4,1,0,0,0,0,,1,0,0,,FOUND
66,R. v. Alexis-McLymont and Elgin and Hird,CANx127,https://www.unodc.org/cld/case-law-doc/criminalgroupcrimetype/can/2018/r._v._alexis-mclymont_and_elgin_and_hird.html,criminalgroupcrimetype,FOUND,1,1,1,1,en,1,4,1,4,1,1,1,4,1,4,1,1,1,1,1,1,1,3,1,3,3,1,0,0,0,0,,3,0,0,,FOUND
67,"Landriel, Daniel y otros",ARGx007,https://www.unodc.org/cld/case-law-doc/traffickingpersonscrimetype/arg/2018/landriel_daniel_y_otros_.html,traffickingpersonscrimetype,FOUND,1,1,2,2,en|es,1,4,1,4,1,1,1,4,1,4,1,1,1,1,2,1,1,5,1,5,9,1,2,4,2,2,Fact Summary|Commentary and Significant Features,2,0,0,,FOUND
68,Jugt n° 534/2018,LUXx002,https://www.unodc.org/cld/case-law-doc/moneylaunderingcrimetype/lux/2018/jugt_n_5342018_.html,moneylaunderingcrimetype,FOUND,1,1,1,1,en,1,3,1,2,1,1,1,3,1,2,1,1,1,1,1,1,1,3,1,3,6,1,0,0,0,0,,2,0,0,,FOUND
69,"R. v. A.E., 2018 ONSC 471",CANx156,https://www.unodc.org/cld/case-law-doc/illicitfirearmscrimetype/can/2018/r._v._a.e._2018_onsc_471.html,illicitfirearmscrimetype,FOUND,1,1,1,1,en,1,1,1,1,1,1,0,0,0,0,0,0,0,0,0,1,1,1,1,1,12,1,0,0,0,0,,3,0,0,,FOUND
70,State v. Retina Chiyenda,MWIx4,https://www.unodc.org/cld/case-law-doc/traffickingpersonscrimetype/mwi/2018/state_v._retina_chiyenda.html,traffickingpersonscrimetype,FOUND,1,1,1,1,en,1,1,1,3,1,2,1,1,0,0,0,0,1,1,1,1,1,1,1,1,1,1,0,0,0,0,,2,0,0,,FOUND
71,Dossier N° 527-16/C5,CMRx002,https://www.unodc.org/cld/case-law-doc/migrantsmugglingcrimetype/cmr/2018/dossier_n_527-16c5.html,migrantsmugglingcrimetype,FOUND,1,1,1,1,en,1,1,0,0,1,1,0,0,0,0,0,0,1,1,1,1,1,2,1,2,2,1,0,0,0,0,,2,0,0,,FOUND
72,Criminal Case No. 352 of 2017; State v. John Mponda,MWIx006,https://www.unodc.org/cld/case-law-doc/traffickingpersonscrimetype/mwi/2018/criminal_case_no._352_of_2017_state_v._john_mponda_.html,traffickingpersonscrimetype,FOUND,1,1,1,1,en,1,2,1,3,1,2,0,0,0,0,0,0,1,1,3,1,1,1,1,1,4,0,0,0,0,0,,2,0,0,,FOUND
73,The State vs Eze,ZAF015,https://www.unodc.org/cld/case-law-doc/traffickingpersonscrimetype/zaf/2017/the_state_vs_eze.html,traffickingpersonscrimetype,FOUND,1,1,1,1,en,1,3,1,2,1,1,1,2,1,2,1,1,1,1,2,1,1,1,1,1,6,1,0,0,0,0,,1,0,0,,FOUND
74,N.17770/2017/DDA,ITAx034,https://www.unodc.org/cld/case-law-doc/criminalgroupcrimetype/ita/2017/n.177702017dda_.html,criminalgroupcrimetype,FOUND,1,1,1,1,en,1,1,1,2,0,0,0,0,1,3,0,0,0,0,0,1,1,1,1,1,4,1,0,0,0,0,,3,0,0,,FOUND
75,R. v. Robitaille,CANx133,https://www.unodc.org/cld/case-law-doc/traffickingpersonscrimetype/can/2017/r._v._robitaille.html,traffickingpersonscrimetype,FOUND,1,1,1,1,en,1,1,1,1,1,1,1,1,1,1,1,1,1,1,2,1,1,1,1,1,1,1,0,0,0,0,,1,0,0,,FOUND
76,030K016017 (2017) M. E. Case,BIHx017,https://www.unodc.org/cld/case-law-doc/traffickingpersonscrimetype/bih/2017/030k016017_2017_m._e._case.html,traffickingpersonscrimetype,FOUND,1,1,1,1,en,1,4,1,2,1,1,0,0,0,0,0,0,1,1,1,1,1,2,1,2,2,1,0,0,0,0,,1,0,0,,FOUND
77,Reyes v. Al-Malki and another,GBRx091,https://www.unodc.org/cld/case-law-doc/traffickingpersonscrimetype/gbr/2017/reyes_v._al-malki_and_another.html,traffickingpersonscrimetype,FOUND,1,1,1,1,en,1,3,1,2,1,2,1,3,1,2,1,2,1,1,1,1,1,2,1,2,2,0,0,0,0,0,,1,0,0,,FOUND
78,N° de pourvoi: 17-84629,FRAx009,https://www.unodc.org/cld/case-law-doc/migrantsmugglingcrimetype/fra/2017/n_de_pourvoi_17-84629.html,migrantsmugglingcrimetype,FOUND,1,1,1,1,en,1,2,1,1,1,2,1,1,0,0,1,2,1,1,1,1,1,2,1,2,4,1,0,0,0,0,,2,0,0,,FOUND
79,Case A26/2014,ZAF010,https://www.unodc.org/cld/case-law-doc/traffickingpersonscrimetype/zaf/2017/case_a262014.html,traffickingpersonscrimetype,FOUND,1,1,1,1,en,1,5,1,3,1,1,1,5,1,3,1,1,1,1,1,1,1,1,1,1,2,1,0,0,0,0,,1,0,0,,FOUND
80,CASE No. 0052 OF 2017,UGA001,https://www.unodc.org/cld/case-law-doc/traffickingpersonscrimetype/uga/2017/case_no._0052_of_2017.html,traffickingpersonscrimetype,FOUND,1,1,1,1,en,1,1,0,0,0,0,0,0,0,0,0,0,1,1,2,1,1,1,1,1,1,1,0,0,0,0,,1,0,0,,FOUND
81,Muhammad Asif v Republic [2017] eKLR,KENx019,https://www.unodc.org/cld/case-law-doc/traffickingpersonscrimetype/ken/2017/muhammad_asif_v_republic_2017_eklr.html,traffickingpersonscrimetype,FOUND,1,1,1,1,en,1,1,1,1,0,0,0,0,0,0,0,0,1,1,1,1,1,1,1,1,1,1,0,0,0,0,,1,0,0,,FOUND
82,"Republic v. Bandawe, Banda and Yosiya",MWIx003,https://www.unodc.org/cld/case-law-doc/criminalgroupcrimetype/mwi/2017/republic_v._bandawe_banda_and_yosiya.html,criminalgroupcrimetype,FOUND,1,1,1,1,en,1,3,1,2,1,1,0,0,0,0,0,0,1,1,1,1,1,3,1,3,3,1,0,0,0,0,,3,0,0,,FOUND
83,Case No 118/2017,LBN001,https://www.unodc.org/cld/case-law-doc/traffickingpersonscrimetype/lbn/2017/case_no_1182017.html,traffickingpersonscrimetype,FOUND,1,1,1,1,en,1,3,1,1,0,0,1,2,1,1,0,0,1,1,1,1,1,1,1,1,1,1,0,0,0,0,,1,0,0,,FOUND
84,16-82.985,FRAx015,https://www.unodc.org/cld/case-law-doc/criminalgroupcrimetype/fra/2017/16-82.985_.html,criminalgroupcrimetype,SECTION_ABSENT,0,0,0,0,,1,3,0,0,1,1,0,0,0,0,1,1,0,0,0,1,1,3,1,3,4,1,0,0,0,0,,2,0,0,,FOUND
85,The State and Howard Munyanyi and 2 others,ZWE001,https://www.unodc.org/cld/case-law-doc/traffickingpersonscrimetype/zwe/2017/the_state_and_howard_munyanyi_and_2_others.html,traffickingpersonscrimetype,FOUND,1,1,1,1,en,1,1,0,0,0,0,0,0,0,0,0,0,1,1,4,1,1,1,1,1,1,1,0,0,0,0,,1,0,0,,FOUND
86,JUGEMENT N° 362/016,NER001,https://www.unodc.org/cld/case-law-doc/migrantsmugglingcrimetype/ner/2017/jugement_n_362016.html,migrantsmugglingcrimetype,FOUND,1,1,2,2,en|fr,1,3,1,1,1,1,1,3,1,1,1,1,1,2,2,1,1,2,1,2,2,1,3,6,3,3,Fact Summary|Defendants / Respondents in the first instance|Defendants / Respondents in the first instance,2,0,0,,FOUND
87,"R. v. A.E., 2018 ONSC 471",CANx145,https://www.unodc.org/cld/case-law-doc/drugcrimetype/can/2017/r._v._a.e._2018_onsc_471_.html,drugcrimetype,FOUND,1,1,1,1,en,1,1,1,3,1,1,0,0,0,0,0,0,1,1,2,1,1,1,1,1,11,1,0,0,0,0,,4,0,0,,FOUND
88,Figueroa Susana Antonia y otros s/ Infracción Ley 26.364.,ARGx009,https://www.unodc.org/cld/case-law-doc/traffickingpersonscrimetype/arg/2017/figueroa_susana_antonia_y_otros_s_infraccion_ley_26.364._.html,traffickingpersonscrimetype,FOUND,1,1,2,2,en|es,1,4,1,2,1,1,1,4,1,2,1,1,1,1,2,1,1,7,1,7,7,1,2,4,2,2,Fact Summary|Commentary and Significant Features,1,0,0,,FOUND
89,Proc. nr. 10023/2017/DDA R.G.N.R. Order of precautionary detention,ITAh039,https://www.unodc.org/cld/case-law-doc/criminalgroupcrimetype/ita/2017/proc._nr._100232017dda_r.g.n.r._order_of_precautionary_detention_.html,criminalgroupcrimetype,FOUND,1,1,1,1,en,0,0,0,0,0,0,0,0,0,0,0,0,1,1,1,1,1,1,1,1,4,0,1,2,1,1,Procedural Information,3,0,0,,FOUND
90,Case 20493/86,EGY013,https://www.unodc.org/cld/case-law-doc/traffickingpersonscrimetype/egy/2017/case_2049386.html,traffickingpersonscrimetype,FOUND,1,1,1,1,en,0,0,1,1,1,1,0,0,0,0,0,0,1,1,2,1,1,1,1,1,1,1,0,0,0,0,,1,0,0,,FOUND
91,Case N 42/2017,OMN011,https://www.unodc.org/cld/case-law-doc/traffickingpersonscrimetype/omn/2017/case_n_422017.html,traffickingpersonscrimetype,FOUND,1,1,1,1,en,1,3,1,3,1,1,0,0,0,0,0,0,1,1,1,1,1,3,1,3,5,1,1,2,1,1,Cross-Cutting Issues,1,0,0,,FOUND
92,Decision No. 755/2017,GRCx008,https://www.unodc.org/cld/case-law-doc/traffickingpersonscrimetype/grc/2017/decision_no._7552017.html,traffickingpersonscrimetype,FOUND,1,1,1,1,en,1,5,1,3,1,1,0,0,0,0,0,0,1,1,2,1,1,1,1,1,1,1,0,0,0,0,,1,0,0,,FOUND
93,"United States v. Rendon-Reyes, et al., No 1:15-cr-00348 (E.D.N.Y. Jul. 16, 2015)",USAx204,https://www.unodc.org/cld/case-law-doc/moneylaunderingcrimetype/usa/2017/united_states_v._rendon-reyes_et_al._no_115-cr-00348_e.d.n.y._jul._16_2015.html,moneylaunderingcrimetype,FOUND,1,1,1,1,en,1,3,1,2,1,1,0,0,0,0,0,0,1,1,9,1,1,8,1,8,82,1,0,0,0,0,,6,0,0,,FOUND
94,Chowdury and Others v. Greece,IRBx028,https://www.unodc.org/cld/case-law-doc/traffickingpersonscrimetype/_irb/2017/chowdury_and_others_v._greece.html,traffickingpersonscrimetype,FOUND,1,1,1,1,en,1,1,1,2,1,1,1,1,1,2,1,1,1,1,1,1,1,1,1,1,1,1,0,0,0,0,,2,0,0,,FOUND
95,The State and Makhosini Mathews Fakudze,ZAF009,https://www.unodc.org/cld/case-law-doc/traffickingpersonscrimetype/zaf/2017/the_state_and_makhosini_mathews_fakudze.html,traffickingpersonscrimetype,FOUND,1,1,1,1,en,1,1,1,2,1,1,1,1,1,2,1,1,1,1,1,1,1,1,1,1,3,1,0,0,0,0,,1,0,0,,FOUND
96,W.A.G.L. Case 32006127/2013/TO2/11,ARGh075,https://www.unodc.org/cld/case-law-doc/migrantsmugglingcrimetype/arg/2017/w.a.g.l._case_320061272013to211.html,migrantsmugglingcrimetype,FOUND,1,1,1,1,en,0,0,0,0,1,1,0,0,0,0,0,0,1,1,2,1,1,1,1,1,2,0,1,2,1,1,Procedural Information,2,0,0,,FOUND
97,S1 2 K 024459 17 K (2017) - Lipovac Saša Case,BIHx015,https://www.unodc.org/cld/case-law-doc/criminalgroupcrimetype/bih/2017/s1_2_k_024459_17_k_2017_-_lipovac_saa_case.html,criminalgroupcrimetype,FOUND,1,1,1,1,en,1,4,1,4,1,1,1,4,1,4,1,1,0,0,0,1,1,1,1,1,1,1,1,2,1,0,,3,0,0,,FOUND
98,2017 INT 82,MUSx004,https://www.unodc.org/cld/case-law-doc/traffickingpersonscrimetype/mus/2017/2017_int_82.html,traffickingpersonscrimetype,FOUND,1,1,1,1,en,1,1,1,1,0,0,0,0,0,0,0,0,1,1,1,1,1,1,1,1,3,0,0,0,0,0,,2,0,0,,FOUND
99,"Justino, Horacio Abel; Fernandez Castillo, Celia Aurora; Ledesma, Rubén Lino s/ Delito c/ la libertad",ARGx011,https://www.unodc.org/cld/case-law-doc/traffickingpersonscrimetype/arg/2017/justino_horacio_abel_fernandez_castillo_celia_aurora_ledesma_ruben_lino_s_delito_c_la_libertad.html,traffickingpersonscrimetype,FOUND,1,1,2,2,en|es,1,3,1,1,1,1,1,3,1,1,1,1,1,1,3,1,1,2,1,2,8,1,2,4,2,2,Fact Summary|Commentary and Significant Features,1,0,0,,FOUND
100,J and Others v. Austria,IRBx029,https://www.unodc.org/cld/case-law-doc/traffickingpersonscrimetype/_irb/2017/j_and_others_v._austria.html,traffickingpersonscrimetype,FOUND,1,1,1,1,en,1,2,1,2,1,1,0,0,0,0,0,0,1,1,3,1,1,1,1,1,2,1,0,0,0,0,,1,0,0,,FOUND
101,Kapinga v. the State,MWIx5,https://www.unodc.org/cld/case-law-doc/traffickingpersonscrimetype/mwi/2017/kapinga_v._the_state.html,traffickingpersonscrimetype,FOUND,1,1,1,1,en,1,6,1,2,1,3,0,0,0,0,0,0,1,1,1,1,1,2,1,2,2,1,0,0,0,0,,1,0,0,,FOUND
102,Resolución 777/2016,ESPh43,https://www.unodc.org/cld/case-law-doc/migrantsmugglingcrimetype/esp/2016/resolucion_7772016.html,migrantsmugglingcrimetype,FOUND,1,1,1,1,en,0,0,0,0,1,1,0,0,0,0,0,0,0,0,0,1,1,1,1,1,4,0,0,0,0,0,,3,0,0,,FOUND
103,The Queen v Faroz Ali and Jafar Kurisi,NZL003,https://www.unodc.org/cld/case-law-doc/traffickingpersonscrimetype/nzl/2016/the_queen_v_faroz_ali_and_jafar_kurisi.html,traffickingpersonscrimetype,FOUND,1,1,1,1,en,1,3,1,1,1,1,1,3,1,1,1,1,1,1,1,1,1,2,1,2,3,1,0,0,0,0,,1,0,0,,FOUND
104,"Montoya, Pedro Eduardo y otros",ARGx002,https://www.unodc.org/cld/case-law-doc/traffickingpersonscrimetype/arg/2016/montoya_pedro_eduardo_y_otros_.html,traffickingpersonscrimetype,FOUND,1,1,2,2,en|es,1,4,1,1,1,1,1,4,1,1,1,1,1,1,7,1,1,3,1,3,3,1,2,4,2,2,Fact Summary|Commentary and Significant Features,1,2,0,TAB_GROUP_NO_ACTIVE_PANE|TAB_GROUP_NO_ACTIVE_PANE,FOUND
105,Resolución 807/2016,ESPh030,https://www.unodc.org/cld/case-law-doc/migrantsmugglingcrimetype/esp/2016/resolucion_8072016.html,migrantsmugglingcrimetype,FOUND,1,1,1,1,en,0,0,0,0,1,1,0,0,0,0,0,0,1,2,3,1,1,3,1,3,5,0,1,2,1,1,Procedural Information,3,0,0,,FOUND
106,Trabalhadores da Fazenda Brasil Verde vs Brasil,IRBx040,https://www.unodc.org/cld/case-law-doc/traffickingpersonscrimetype/_irb/2016/trabalhadores_da_fazenda_brasil_verde_vs_brasil.html,traffickingpersonscrimetype,FOUND,1,1,1,1,en,1,2,1,4,1,2,0,0,0,0,0,0,0,0,0,0,0,0,0,0,0,1,0,0,0,0,,2,0,0,,FOUND
107,Ibrahim and Basma Giulani v. The State of Israel,ISR016,https://www.unodc.org/cld/case-law-doc/traffickingpersonscrimetype/isr/2016/ibrahim_and_basma_giulani_v._the_state_of_israel.html,traffickingpersonscrimetype,FOUND,1,1,1,1,en,0,0,0,0,0,0,1,4,1,1,1,2,1,1,1,1,1,2,1,2,4,1,0,0,0,0,,3,0,0,,FOUND
108,N°76111-31-07-003-2015-00076,COL038,https://www.unodc.org/cld/case-law-doc/traffickingpersonscrimetype/col/2016/n76111-31-07-003-2015-00076.html,traffickingpersonscrimetype,FOUND,1,1,2,2,en|es,1,5,1,3,1,1,1,5,1,3,1,1,1,1,1,1,1,1,1,1,1,1,7,14,7,7,Fact Summary|Defendants / Respondents in the first instance|Charges / Claims / Decisions|Charges / Claims / Decisions|Commentary and Significant Features|Procedural Information|Sources / Citations,1,0,0,,FOUND
109,Directorate of Public Prosecutions and Massawe,BWA001,https://www.unodc.org/cld/case-law-doc/traffickingpersonscrimetype/bwa/2016/directorate_of_public_prosecutions_and_massawe.html,traffickingpersonscrimetype,FOUND,1,1,1,1,en,0,0,0,0,0,0,0,0,0,0,0,0,0,0,0,1,1,1,0,0,0,1,0,0,0,0,,1,0,0,,FOUND
110,BVGE 2016/27,CHEx015,https://www.unodc.org/cld/case-law-doc/traffickingpersonscrimetype/che/2016/bvge_201627.html,traffickingpersonscrimetype,FOUND,1,1,1,1,en,1,3,1,3,1,1,1,2,1,2,1,1,0,0,0,1,1,1,0,0,0,1,0,0,0,0,,2,0,0,,FOUND
111,"The Police Vs Alexandru Onofrei, Comp. No. 841/2014",MLTx002,https://www.unodc.org/cld/case-law-doc/traffickingpersonscrimetype/mlt/2016/the_police_vs_alexandru_onofrei_comp._no._8412014.html,traffickingpersonscrimetype,FOUND,1,1,1,1,en,0,0,1,3,1,1,0,0,1,2,1,1,1,1,3,1,1,1,1,1,7,0,0,0,0,0,,2,0,0,,FOUND
112,66001-62-00-000-2016-0001,COL040,https://www.unodc.org/cld/case-law-doc/traffickingpersonscrimetype/col/2016/66001-62-00-000-2016-0001.html,traffickingpersonscrimetype,FOUND,1,1,2,2,en|es,1,5,1,3,1,1,1,5,1,3,1,1,1,1,1,1,1,1,1,1,1,1,5,10,5,5,Fact Summary|Defendants / Respondents in the first instance|Commentary and Significant Features|Procedural Information|Sources / Citations,2,0,0,,FOUND
113,Decision no. 955/2016,GRCx007,https://www.unodc.org/cld/case-law-doc/traffickingpersonscrimetype/grc/2016/decision_no._9552016.html,traffickingpersonscrimetype,FOUND,1,1,1,1,en,1,3,1,3,1,1,0,0,0,0,0,0,1,1,2,1,1,1,1,1,1,1,0,0,0,0,,1,0,0,,FOUND
114,Proc. Nr. 3714/2016 R.G.N.R.,ITAh016,https://www.unodc.org/cld/case-law-doc/criminalgroupcrimetype/ita/2016/proc._nr._37142016_r.g.n.r..html,criminalgroupcrimetype,FOUND,1,1,1,1,en,1,1,1,3,1,1,0,0,0,0,0,0,1,1,1,1,1,2,1,2,4,1,0,0,0,0,,3,0,0,,FOUND
115,N°11001-60-00-000-2015-02128,COL036,https://www.unodc.org/cld/case-law-doc/traffickingpersonscrimetype/col/2016/n11001-60-00-000-2015-02128.html,traffickingpersonscrimetype,FOUND,1,1,2,2,en|es,1,5,1,2,1,1,1,5,1,2,1,1,1,1,1,1,1,1,1,1,1,1,5,10,5,5,Fact Summary|Defendants / Respondents in the first instance|Charges / Claims / Decisions|Commentary and Significant Features|Procedural Information,1,0,0,,FOUND
116,Appeal Nº 15-80270,FRAh005,https://www.unodc.org/cld/case-law-doc/migrantsmugglingcrimetype/fra/2016/appeal_n_15-80270.html,migrantsmugglingcrimetype,FOUND,1,1,1,1,en,1,2,1,2,1,1,0,0,0,0,0,0,1,1,1,1,1,2,1,2,1,1,0,0,0,0,,2,0,0,,FOUND
117,PP v Adam Bin Kamis,SGP004,https://www.unodc.org/cld/case-law-doc/traffickingpersonscrimetype/sgp/2016/pp_v_adam_bin_kamis_.html,traffickingpersonscrimetype,FOUND,1,1,1,1,en,1,1,0,0,1,1,1,1,0,0,1,1,1,1,2,1,1,1,1,1,3,0,0,0,0,0,,1,0,0,,FOUND
118,Proc. N. 18496/2015/DDA R.G.N.R.,ITAh015,https://www.unodc.org/cld/case-law-doc/criminalgroupcrimetype/ita/2016/proc._n._184962015dda_r.g.n.r..html,criminalgroupcrimetype,FOUND,1,1,1,1,en,1,7,1,3,1,1,0,0,0,0,0,0,1,1,1,1,1,3,1,3,6,1,0,0,0,0,,3,0,0,,FOUND
119,Process N°2014-00003,COL041,https://www.unodc.org/cld/case-law-doc/traffickingpersonscrimetype/col/2016/process_n2014-00003.html,traffickingpersonscrimetype,FOUND,1,1,2,2,en|es,1,5,1,4,1,1,1,5,1,4,1,1,1,1,1,1,1,2,1,2,2,1,6,12,6,6,Fact Summary|Defendants / Respondents in the first instance|Defendants / Respondents in the first instance|Commentary and Significant Features|Procedural Information|Sources / Citations,2,0,0,,FOUND
120,Inducement of prostitution 2016/ 2601/ 782,MAR001,https://www.unodc.org/cld/case-law-doc/traffickingpersonscrimetype/mar/2016/inducement_of_prostitution_2016_2601_782.html,traffickingpersonscrimetype,FOUND,1,1,1,1,en,0,0,0,0,1,1,0,0,0,0,0,0,1,1,1,1,1,2,1,2,2,1,0,0,0,0,,1,0,0,,FOUND
121,76520-60-00-182-2013-00697,COL039,https://www.unodc.org/cld/case-law-doc/traffickingpersonscrimetype/col/2016/76520-60-00-182-2013-00697.html,traffickingpersonscrimetype,FOUND,1,1,2,2,en|es,1,4,1,3,1,1,1,5,1,3,1,1,1,1,2,1,1,1,1,1,1,1,5,10,5,5,Fact Summary|Defendants / Respondents in the first instance|Commentary and Significant Features|Procedural Information|Sources / Citations,2,0,0,,FOUND
122,Case intermediate court 2016,BRN002,https://www.unodc.org/cld/case-law-doc/traffickingpersonscrimetype/brn/2016/case_intermediate_court_2016.html,traffickingpersonscrimetype,FOUND,1,1,1,1,en,0,0,0,0,0,0,0,0,0,0,0,0,1,1,1,1,1,3,1,3,5,1,0,0,0,0,,1,0,0,,FOUND
123,N°660001-62-66-001-2011-00021-00 (AC-233-15),COL037,https://www.unodc.org/cld/case-law-doc/traffickingpersonscrimetype/col/2016/n660001-62-66-001-2011-00021-00_ac-233-15.html,traffickingpersonscrimetype,FOUND,1,1,2,2,en|es,1,3,1,2,1,1,1,3,1,2,1,1,1,1,1,1,1,1,1,1,1,1,6,12,6,6,Fact Summary|Defendants / Respondents in the first instance|Charges / Claims / Decisions|Commentary and Significant Features|Procedural Information|Sources / Citations,1,0,0,,FOUND
124,Kok. no. 113/15,MKD011,https://www.unodc.org/cld/case-law-doc/criminalgroupcrimetype/mkd/2016/kok._no._11315.html,criminalgroupcrimetype,FOUND,1,1,1,1,en,0,0,0,0,0,0,0,0,0,0,0,0,1,1,1,1,1,1,1,1,2,1,0,0,0,0,,3,0,0,,FOUND
125,PP v Muhammad Khairulanwar Bin Rohmat,SGP003,https://www.unodc.org/cld/case-law-doc/traffickingpersonscrimetype/sgp/2016/pp_v_muhammad_khairulanwar_bin_rohmat.html,traffickingpersonscrimetype,FOUND,1,1,1,1,en,1,1,0,0,1,1,1,1,0,0,1,1,1,1,2,1,1,1,1,1,3,0,0,0,0,0,,1,0,0,,FOUND
126,KOKŽ-109/15,MKD017,https://www.unodc.org/cld/case-law-doc/criminalgroupcrimetype/mkd/2016/kok-10915.html,criminalgroupcrimetype,FOUND,1,1,1,1,en,0,0,0,0,0,0,0,0,0,0,0,0,1,1,1,1,1,3,1,3,6,1,0,0,0,0,,3,0,0,,FOUND
127,AFFAIRE L.E. c. GRÈCE,x043,https://www.unodc.org/cld/case-law-doc/traffickingpersonscrimetype/grc/2016/affaire_l.e._c._grece.html,traffickingpersonscrimetype,FOUND,1,1,1,1,en,1,4,1,2,1,1,1,4,1,2,1,1,1,1,2,1,1,3,1,3,3,1,0,0,0,0,,1,0,0,,FOUND
128,Case No. 11076/2014,EGY007,https://www.unodc.org/cld/case-law-doc/traffickingpersonscrimetype/egy/2015/case_no._110762014.html,traffickingpersonscrimetype,FOUND,1,1,1,1,en,1,2,1,1,1,1,0,0,0,0,0,0,1,1,2,1,1,2,0,0,0,1,0,0,0,0,,1,0,0,,FOUND
129,N° de pourvoi: 14-85.900,FRAx014,https://www.unodc.org/cld/case-law-doc/criminalgroupcrimetype/fra/2015/n_de_pourvoi_14-85.900_.html,criminalgroupcrimetype,FOUND,1,1,1,1,en,1,2,1,1,0,0,0,0,0,0,0,0,1,1,1,1,1,1,1,1,3,1,0,0,0,0,,2,0,0,,FOUND
130,Resolución 658/2015,ESPh052,https://www.unodc.org/cld/case-law-doc/migrantsmugglingcrimetype/esp/2015/resolucion_6582015.html,migrantsmugglingcrimetype,FOUND,1,1,1,1,en,0,0,0,0,0,0,0,0,0,0,0,0,1,1,1,1,1,6,1,6,6,0,1,2,1,1,Procedural Information,2,0,0,,FOUND
131,Case 0915,NOR012,https://www.unodc.org/cld/case-law-doc/traffickingpersonscrimetype/nor/2015/case_0915.html,traffickingpersonscrimetype,FOUND,1,1,1,1,en,1,2,1,1,1,1,1,2,1,1,1,1,1,1,2,1,1,3,1,3,3,1,0,0,0,0,,1,0,0,,FOUND
132,13 0 K 003360 15 K (2015),BIHx016,https://www.unodc.org/cld/case-law-doc/traffickingpersonscrimetype/bih/2015/13_0_k_003360_15_k_2015_.html,traffickingpersonscrimetype,FOUND,1,1,1,1,en,1,1,1,2,1,2,0,0,0,0,0,0,1,1,1,1,1,3,1,3,2,1,0,0,0,0,,1,0,0,,FOUND
133,S v Lukas,NAM001,https://www.unodc.org/cld/case-law-doc/traffickingpersonscrimetype/nam/2015/s_v_lukas.html,traffickingpersonscrimetype,FOUND,1,1,1,1,en,1,1,1,2,1,1,1,1,1,2,1,1,1,1,2,1,1,1,1,1,4,1,0,0,0,0,,1,0,0,,FOUND
134,Torrico Claros Y Vargas Ricaldez,ARG066,https://www.unodc.org/cld/case-law-doc/traffickingpersonscrimetype/arg/2015/torrico_claros_y_vargas_ricaldez.html,traffickingpersonscrimetype,FOUND,1,1,1,1,en,1,4,1,2,1,2,1,4,1,2,1,2,1,1,1,1,1,2,1,2,2,1,0,0,0,0,,1,0,0,,FOUND
135,King vs. Phatsakahle Mike Mndzebele,SWZx002,https://www.unodc.org/cld/case-law-doc/traffickingpersonscrimetype/swz/2015/king_vs._phatsakahle_mike_mndzebele.html,traffickingpersonscrimetype,FOUND,1,1,1,1,en,1,5,1,1,1,1,1,4,1,1,1,1,1,1,1,1,1,1,1,1,2,1,0,0,0,0,,1,0,0,,FOUND
136,R. v. A.A,CAN018,https://www.unodc.org/cld/case-law-doc/traffickingpersonscrimetype/can/2015/r._v._a.a.html,traffickingpersonscrimetype,FOUND,1,1,1,1,en,1,3,1,3,1,1,1,3,1,3,1,1,1,1,1,1,1,1,1,1,2,1,0,0,0,0,,1,0,0,,FOUND
137,Caso Yokaira Hernández,DOM004,https://www.unodc.org/cld/case-law-doc/traffickingpersonscrimetype/dom/2015/caso_yokaira_hernandez.html,traffickingpersonscrimetype,FOUND,1,1,2,2,en|es,1,1,1,2,1,1,1,1,1,2,1,1,1,1,1,1,1,1,1,1,2,1,1,2,1,1,Fact Summary,1,0,0,,FOUND
138,Case no. 91017032,ARGx003,https://www.unodc.org/cld/case-law-doc/corruptioncrimetype/arg/2015/case_no._91017032.html,corruptioncrimetype,FOUND,1,1,2,2,en|es,1,6,1,4,1,2,1,4,1,4,1,2,1,1,7,1,1,8,1,8,15,1,11,22,11,11,Fact Summary|Defendants / Respondents in the first instance|Defendants / Respondents in the first instance|Defendants / Respondents in the first instance|Defendants / Respondents in the first instance|Defendants / Respondents in the first instance|Defendants / Respondents in the first instance|Defendants / Respondents in the first instance|Defendants / Respondents in the first instance|Commentary and Significant Features|Procedural Information,5,0,0,,FOUND
139,Case 0715,NOR013,https://www.unodc.org/cld/case-law-doc/traffickingpersonscrimetype/nor/2015/case_0715.html,traffickingpersonscrimetype,FOUND,1,1,1,1,en,1,1,1,1,1,1,1,1,1,1,1,1,1,1,3,1,1,3,1,3,6,1,0,0,0,0,,1,0,0,,FOUND
140,Case 0715,USA181,https://www.unodc.org/cld/case-law-doc/traffickingpersonscrimetype/usa/2015/case_0715.html,traffickingpersonscrimetype,FOUND,1,1,1,1,en,1,1,1,1,1,1,1,1,1,1,1,1,1,1,1,1,1,2,1,2,2,1,0,0,0,0,,1,0,0,,FOUND
141,Case 0615,MDA064,https://www.unodc.org/cld/case-law-doc/traffickingpersonscrimetype/mda/2015/case_0615.html,traffickingpersonscrimetype,FOUND,1,1,1,1,en,1,4,1,4,1,1,0,0,0,0,0,0,1,1,1,1,1,1,1,1,1,0,0,0,0,0,,2,0,0,,FOUND
142,S v Veeran Palan and another,ZAF007,https://www.unodc.org/cld/case-law-doc/traffickingpersonscrimetype/zaf/2015/s_v_veeran_palan_and_another.html,traffickingpersonscrimetype,FOUND,1,1,1,1,en,1,3,1,1,1,1,0,0,0,0,0,0,1,1,2,1,1,2,1,2,12,0,1,2,0,0,,2,0,0,,FOUND
143,Criminal Case No. CBU-81592,PHL062,https://www.unodc.org/cld/case-law-doc/traffickingpersonscrimetype/phl/2015/criminal_case_no._cbu-81592.html,traffickingpersonscrimetype,FOUND,1,1,1,1,en,0,0,0,0,0,0,1,3,1,2,1,1,1,1,3,1,1,2,1,2,2,1,0,0,0,0,,1,0,0,,FOUND
144,Mirfazil and Rahman,AZE015,https://www.unodc.org/cld/case-law-doc/traffickingpersonscrimetype/aze/2015/mirfazil_and_rahman.html,traffickingpersonscrimetype,FOUND,1,1,1,1,en,0,0,1,1,1,1,0,0,1,1,1,1,1,1,1,1,1,3,1,3,4,1,0,0,0,0,,1,0,0,,FOUND
145,Chisinau 0615,MDA061,https://www.unodc.org/cld/case-law-doc/traffickingpersonscrimetype/mda/2015/chisinau_0615.html,traffickingpersonscrimetype,FOUND,1,1,1,1,en,1,3,1,2,1,1,1,3,1,2,1,1,1,1,1,1,1,1,1,1,1,1,0,0,0,0,,2,0,0,,FOUND
146,Case n280515,MKD007,https://www.unodc.org/cld/case-law-doc/traffickingpersonscrimetype/mkd/2015/case_n280515.html,traffickingpersonscrimetype,FOUND,1,1,1,1,en,1,3,1,3,1,1,1,3,1,3,1,1,1,1,1,1,1,2,1,2,2,1,0,0,0,0,,1,0,0,,FOUND
147,Sentencia 298/2015,ESPh013,https://www.unodc.org/cld/case-law-doc/migrantsmugglingcrimetype/esp/2015/sentencia_2982015.html,migrantsmugglingcrimetype,FOUND,1,1,1,1,en,0,0,0,0,0,0,0,0,0,0,0,0,1,1,1,1,1,1,1,1,3,0,0,0,0,0,,2,0,0,,FOUND
148,Case No. 3553/2014,EGY008,https://www.unodc.org/cld/case-law-doc/traffickingpersonscrimetype/egy/2015/case_no._35532014.html,traffickingpersonscrimetype,FOUND,1,1,1,1,en,1,2,1,2,1,1,0,0,0,0,0,0,1,1,1,1,1,4,0,0,0,1,0,0,0,0,,2,0,0,,FOUND
149,Chisinau 0515,MDA065,https://www.unodc.org/cld/case-law-doc/traffickingpersonscrimetype/mda/2015/chisinau_0515.html,traffickingpersonscrimetype,FOUND,1,1,1,1,en,1,3,1,3,1,1,0,0,0,0,0,0,0,0,0,1,1,1,1,1,1,1,0,0,0,0,,2,0,0,,FOUND
150,Court decision No 441,MNG003,https://www.unodc.org/cld/case-law-doc/traffickingpersonscrimetype/mng/2015/court_decision_no_441.html,traffickingpersonscrimetype,FOUND,1,1,1,1,en,1,2,1,2,1,1,1,2,1,2,1,1,1,1,1,1,1,1,1,1,1,1,0,0,0,0,,1,0,0,,FOUND
151,P v Chief Superintendent Garda National Immigration Bureau & ors,IRL001,https://www.unodc.org/cld/case-law-doc/traffickingpersonscrimetype/irl/2015/p_v_chief_superintendent_garda_national_immigration_bureau_ors.html,traffickingpersonscrimetype,FOUND,1,1,1,1,en,0,0,0,0,0,0,0,0,0,0,0,0,1,1,1,1,1,1,1,1,1,1,0,0,0,0,,1,0,0,,FOUND
152,"25642/2014 Imputado Colque, D.S. Y Otros",ARG079,https://www.unodc.org/cld/case-law-doc/migrantsmugglingcrimetype/arg/2015/256422014_imputado_colque_d.s._y_otros.html,migrantsmugglingcrimetype,FOUND,1,1,1,1,en,1,4,1,2,1,1,0,0,0,0,0,0,1,1,1,1,1,2,1,2,2,1,0,0,0,0,,3,0,0,,FOUND
153,Ram v D&D Indian Fine Food Pty Ltd & Anor,AUS021,https://www.unodc.org/cld/case-law-doc/traffickingpersonscrimetype/aus/2015/ram_v_dd_indian_fine_food_pty_ltd_anor.html,traffickingpersonscrimetype,FOUND,1,1,1,1,en,1,4,1,3,1,1,1,4,1,3,1,1,1,1,1,1,1,2,1,2,3,1,0,0,0,0,,1,0,0,,FOUND
154,Jezile v. S and Others (A 127/2014) 2015 ZAWCHC,ZAF011,https://www.unodc.org/cld/case-law-doc/traffickingpersonscrimetype/zaf/2015/jezile_v._s_and_others_a_1272014_2015_zawchc.html,traffickingpersonscrimetype,FOUND,1,1,1,1,en,1,3,1,3,1,1,1,3,1,3,1,1,1,1,1,1,1,1,1,1,4,1,0,0,0,0,,1,0,0,,FOUND
155,Case 0315,VNM001,https://www.unodc.org/cld/case-law-doc/traffickingpersonscrimetype/vnm/2015/case_0315.html,traffickingpersonscrimetype,FOUND,1,1,1,1,en,1,3,1,2,0,0,1,3,1,2,1,1,1,1,1,1,1,1,1,1,1,1,0,0,0,0,,1,0,0,,FOUND
156,Caso Álvarez Núñez y Caba Ramos,DOM003,https://www.unodc.org/cld/case-law-doc/traffickingpersonscrimetype/dom/2015/caso_alvarez_nunez_y_caba_ramos.html,traffickingpersonscrimetype,FOUND,1,1,2,2,en|es,1,2,1,2,1,1,1,2,1,2,1,1,1,1,2,1,1,2,1,2,4,1,1,2,1,1,Fact Summary,1,0,0,,FOUND
157,The State of Israel v. Teddy Ness,ISR017,https://www.unodc.org/cld/case-law-doc/traffickingpersonscrimetype/isr/2015/the_state_of_israel_v._teddy_ness.html,traffickingpersonscrimetype,FOUND,1,1,1,1,en,1,2,1,2,1,1,1,1,1,2,1,1,1,1,1,1,1,1,1,1,2,1,0,0,0,0,,1,0,0,,FOUND
158,Sentenza art.544 e segg. c.p.p.,ITA014,https://www.unodc.org/cld/case-law-doc/migrantsmugglingcrimetype/ita/2015/sentenza_art.544_e_segg._c.p.p..html,migrantsmugglingcrimetype,FOUND,1,1,1,1,en,1,2,1,2,1,1,0,0,0,0,0,0,0,0,0,1,1,1,1,1,5,1,0,0,0,0,,2,0,0,,FOUND
159,CIVIL SUIT NO. 95 OF 2012,UGA003,https://www.unodc.org/cld/case-law-doc/traffickingpersonscrimetype/uga/2015/civil_suit_no._95_of_2012.html,traffickingpersonscrimetype,FOUND,1,1,1,1,en,1,1,1,1,1,1,0,0,0,0,0,0,1,1,1,1,1,1,0,0,0,1,0,0,0,0,,1,0,0,,FOUND
160,Case 0115,NOR011,https://www.unodc.org/cld/case-law-doc/traffickingpersonscrimetype/nor/2015/case_0115.html,traffickingpersonscrimetype,FOUND,1,1,1,1,en,1,2,1,2,1,1,1,2,1,2,1,2,1,1,5,1,1,2,1,2,2,1,0,0,0,0,,1,0,0,,FOUND
161,Case 130125,BEL036,https://www.unodc.org/cld/case-law-doc/traffickingpersonscrimetype/bel/2015/case_130125.html,traffickingpersonscrimetype,FOUND,1,1,1,1,en,1,2,1,2,1,1,1,2,1,2,1,1,1,1,1,1,1,2,1,2,2,1,0,0,0,0,,2,0,0,,FOUND
162,Rami Saban v. The State of Israel,ISR018,https://www.unodc.org/cld/case-law-doc/traffickingpersonscrimetype/isr/2014/rami_saban_v._the_state_of_israel.html,traffickingpersonscrimetype,FOUND,1,1,1,1,en,1,2,1,1,1,1,1,2,1,1,1,1,1,1,1,1,1,5,1,5,6,1,0,0,0,0,,1,0,0,,FOUND
163,Police Col. Dr. S.L,THA014,https://www.unodc.org/cld/case-law-doc/traffickingpersonscrimetype/tha/2014/police_col._dr._s.l.html,traffickingpersonscrimetype,FOUND,1,1,1,1,en,1,2,1,2,1,3,1,2,1,2,1,3,1,1,3,1,1,1,1,1,3,1,0,0,0,0,,1,0,0,,FOUND
164,Fatma Hilal and Khatira Hilal,AZE014,https://www.unodc.org/cld/case-law-doc/traffickingpersonscrimetype/aze/2014/fatma_hilal_and_khatira_hilal.html,traffickingpersonscrimetype,FOUND,1,1,1,1,en,1,1,0,0,1,1,1,1,0,0,1,1,1,1,1,1,1,2,1,2,2,1,0,0,0,0,,1,0,0,,FOUND
165,"Ellul v. Congregation of Christian Bros, 774 F.3d 791 (2d Cir. 2014)",USAx160,https://www.unodc.org/cld/case-law-doc/traffickingpersonscrimetype/usa/2014/ellul_v._congregation_of_christian_bros_774_f.3d_791_2d_cir._2014.html,traffickingpersonscrimetype,FOUND,1,1,1,1,en,1,4,1,1,1,2,0,0,0,0,1,4,1,1,3,1,1,2,1,2,2,1,0,0,0,0,,1,0,0,,FOUND
166,The State v Mabuza and Chauke,ZAF012,https://www.unodc.org/cld/case-law-doc/traffickingpersonscrimetype/zaf/2014/the_state_v_mabuza_and_chauke.html,traffickingpersonscrimetype,FOUND,1,1,1,1,en,1,4,1,3,1,1,1,4,1,3,1,1,1,1,5,1,1,2,1,2,4,1,0,0,0,0,,2,0,0,,FOUND
167,Caso Antonio Perez y Cabral Flete,DOM002,https://www.unodc.org/cld/case-law-doc/traffickingpersonscrimetype/dom/2014/caso_antonio_perez_y_cabral_flete.html,traffickingpersonscrimetype,FOUND,1,1,2,2,en|es,1,3,1,1,1,1,1,3,1,1,1,1,1,1,1,1,1,3,1,3,3,1,1,2,1,1,Fact Summary,1,0,0,,FOUND
168,Chisinau 1014,MDA062,https://www.unodc.org/cld/case-law-doc/traffickingpersonscrimetype/mda/2014/chisinau_1014.html,traffickingpersonscrimetype,FOUND,1,1,1,1,en,1,4,1,3,1,1,0,0,0,0,0,0,1,1,1,1,1,3,1,3,3,1,0,0,0,0,,1,0,0,,FOUND
169,Case 1014,TJK002,https://www.unodc.org/cld/case-law-doc/traffickingpersonscrimetype/tjk/2014/case_1014.html,traffickingpersonscrimetype,FOUND,1,1,1,1,en,1,1,1,2,1,1,1,1,1,2,1,1,1,1,2,1,1,1,1,1,1,1,0,0,0,0,,1,0,0,,FOUND
170,Case No.1863/2013,EGY009,https://www.unodc.org/cld/case-law-doc/traffickingpersonscrimetype/egy/2014/case_no.18632013.html,traffickingpersonscrimetype,FOUND,1,1,1,1,en,1,2,1,3,1,2,0,0,0,0,0,0,1,1,6,1,1,3,0,0,0,1,0,0,0,0,,1,0,0,,FOUND
171,Uganda v. Umutoni Annet,UGA002,https://www.unodc.org/cld/case-law-doc/traffickingpersonscrimetype/uga/2014/uganda_v._umutoni_annet.html,traffickingpersonscrimetype,FOUND,1,1,1,1,en,1,4,1,2,1,1,0,0,0,0,0,0,1,1,2,1,1,1,1,1,2,1,0,0,0,0,,1,0,0,,FOUND
172,Case No. 6025/2013,EGY006,https://www.unodc.org/cld/case-law-doc/traffickingpersonscrimetype/egy/2014/case_no._60252013.html,traffickingpersonscrimetype,FOUND,1,1,1,1,en,1,1,1,2,1,1,0,0,0,0,0,0,0,0,0,1,1,2,0,0,0,1,0,0,0,0,,1,0,0,,FOUND
173,Case No1138,MNG005,https://www.unodc.org/cld/case-law-doc/traffickingpersonscrimetype/mng/2014/case_no1138.html,traffickingpersonscrimetype,FOUND,1,1,1,1,en,1,1,1,2,1,1,1,1,1,2,1,1,1,1,2,1,1,1,1,1,1,1,0,0,0,0,,1,0,0,,FOUND
174,Case 0914,VNM004,https://www.unodc.org/cld/case-law-doc/traffickingpersonscrimetype/vnm/2014/case_0914.html,traffickingpersonscrimetype,FOUND,1,1,1,1,en,1,2,1,2,1,1,1,1,1,2,1,1,1,1,1,1,1,2,1,2,2,1,0,0,0,0,,1,0,0,,FOUND
175,"R v. Moazami, 2014 BCSC 1727 (CanLII)",CAN012,https://www.unodc.org/cld/case-law-doc/traffickingpersonscrimetype/can/2014/r_v._moazami_2014_bcsc_1727_canlii.html,traffickingpersonscrimetype,FOUND,1,1,1,1,en,1,3,1,3,1,1,1,3,1,4,1,1,1,1,11,1,1,1,1,1,7,1,0,0,0,0,,1,0,0,,FOUND
176,"United States v. Shamsud-Din, 580 Fed.Appx. 468 (7th Cir. 2014)",USA170,https://www.unodc.org/cld/case-law-doc/traffickingpersonscrimetype/usa/2014/united_states_v._shamsud-din_580_fed.appx._468_7th_cir._2014.html,traffickingpersonscrimetype,FOUND,1,1,1,1,en,1,2,1,2,1,1,1,2,1,2,1,1,1,1,3,1,1,1,1,1,3,1,0,0,0,0,,1,0,0,,FOUND
177,Calle Calle et. al.,ARGx010,https://www.unodc.org/cld/case-law-doc/traffickingpersonscrimetype/arg/2014/calle_calle_et._al..html,traffickingpersonscrimetype,FOUND,1,1,2,2,en|es,1,3,1,2,1,1,1,3,1,2,1,2,1,1,3,1,1,3,1,3,3,1,2,4,2,2,Fact Summary|Commentary and Significant Features,1,0,0,,FOUND
178,Case 030914,POL026,https://www.unodc.org/cld/case-law-doc/traffickingpersonscrimetype/pol/2014/case_030914.html,traffickingpersonscrimetype,FOUND,1,1,1,1,en,1,2,1,3,1,1,1,2,1,3,1,1,1,1,1,1,1,1,1,1,1,1,0,0,0,0,,1,0,0,,FOUND
179,Case n 210814,BEL034,https://www.unodc.org/cld/case-law-doc/traffickingpersonscrimetype/bel/2014/case_n_210814.html,traffickingpersonscrimetype,FOUND,1,1,1,1,en,1,1,1,2,1,1,1,1,1,2,1,1,1,1,2,1,1,1,1,1,1,1,0,0,0,0,,1,0,0,,FOUND
180,Nargiz Alesar,AZE013,https://www.unodc.org/cld/case-law-doc/traffickingpersonscrimetype/aze/2014/nargiz_alesar.html,traffickingpersonscrimetype,FOUND,1,1,1,1,en,1,1,1,1,0,0,1,1,1,1,0,0,1,1,1,1,1,1,1,1,1,1,0,0,0,0,,1,0,0,,FOUND
181,Case 0814,TJK005,https://www.unodc.org/cld/case-law-doc/traffickingpersonscrimetype/tjk/2014/case_0814.html,traffickingpersonscrimetype,FOUND,1,1,1,1,en,1,1,1,2,1,1,1,1,1,2,1,1,1,1,1,1,1,2,1,2,2,1,0,0,0,0,,1,0,0,,FOUND
182,Case no. 101-683-2014,AZE010,https://www.unodc.org/cld/case-law-doc/traffickingpersonscrimetype/aze/2014/case_no._101-683-2014.html,traffickingpersonscrimetype,FOUND,1,1,1,1,en,1,8,1,3,1,1,1,5,1,3,1,1,1,1,3,1,1,1,1,1,1,1,0,0,0,0,,1,0,0,,FOUND
183,YeKD/0091/01/14,ARM005,https://www.unodc.org/cld/case-law-doc/traffickingpersonscrimetype/arm/2014/yekd00910114.html,traffickingpersonscrimetype,FOUND,1,1,1,1,en,1,3,1,2,1,1,1,3,1,2,1,1,1,1,3,1,1,2,0,0,0,1,0,0,0,0,,1,0,0,,FOUND
184,Caso Xiomei Y Jose,DOM001,https://www.unodc.org/cld/case-law-doc/traffickingpersonscrimetype/dom/2014/caso_xiomei_y_jose.html,traffickingpersonscrimetype,FOUND,1,1,2,2,en|es,1,4,1,4,1,1,1,4,1,4,1,1,1,1,1,1,1,2,1,2,1,1,1,2,1,1,Fact Summary,2,0,0,,FOUND
185,Attorney General of the Federation and Kingsley Edegbe,NGAx004,https://www.unodc.org/cld/case-law-doc/criminalgroupcrimetype/nga/2014/attorney_general_of_the_federation_and_kingsley_edegbe.html,criminalgroupcrimetype,FOUND,1,1,1,1,en,1,2,0,0,0,0,0,0,0,0,0,0,0,0,0,1,1,1,1,1,6,1,0,0,0,0,,4,0,0,,FOUND
186,"Tribunale di Palmi, N. reg. Sent. N. 2/2014",ITA013,https://www.unodc.org/cld/case-law-doc/traffickingpersonscrimetype/ita/2014/tribunale_di_palmi_n._reg._sent._n._22014.html,traffickingpersonscrimetype,FOUND,1,1,1,1,en,1,4,1,2,1,1,1,4,1,2,1,1,1,1,1,1,1,1,1,1,2,1,0,0,0,0,,1,0,0,,FOUND
187,Case 0614,TJK003,https://www.unodc.org/cld/case-law-doc/traffickingpersonscrimetype/tjk/2014/case_0614.html,traffickingpersonscrimetype,FOUND,1,1,1,1,en,1,1,1,2,1,1,1,1,1,2,1,1,1,1,3,1,1,1,1,1,1,1,0,0,0,0,,1,0,0,,FOUND
188,Case 190614,TJK004,https://www.unodc.org/cld/case-law-doc/traffickingpersonscrimetype/tjk/2014/case_190614.html,traffickingpersonscrimetype,FOUND,1,1,1,1,en,1,1,1,2,1,1,1,1,1,2,1,1,1,1,1,1,1,2,1,2,2,1,0,0,0,0,,1,0,0,,FOUND
189,State v Raikadroka - Judgment [2014] FJHC 402,FJI003,https://www.unodc.org/cld/case-law-doc/traffickingpersonscrimetype/fji/2014/state_v_raikadroka_-_judgment_2014_fjhc_402.html,traffickingpersonscrimetype,FOUND,1,1,1,1,en,0,0,0,0,0,0,1,4,1,1,1,2,1,1,2,1,1,2,1,2,3,1,0,0,0,0,,1,0,0,,FOUND
190,Case 14764/83,EGY011,https://www.unodc.org/cld/case-law-doc/traffickingpersonscrimetype/egy/2014/case_1476483.html,traffickingpersonscrimetype,FOUND,1,1,1,1,en,1,1,0,0,1,1,0,0,0,0,0,0,1,1,1,0,0,0,0,0,0,1,0,0,0,0,,1,0,0,,FOUND
191,Markosyan,ARM006,https://www.unodc.org/cld/case-law-doc/traffickingpersonscrimetype/arm/2014/markosyan.html,traffickingpersonscrimetype,FOUND,1,1,1,1,en,1,2,1,3,1,2,1,2,1,3,1,2,1,1,2,1,1,1,1,1,2,1,0,0,0,0,,2,0,0,,FOUND
192,YeKD/0170/01/13,ARM004,https://www.unodc.org/cld/case-law-doc/traffickingpersonscrimetype/arm/2014/yekd01700113.html,traffickingpersonscrimetype,FOUND,1,1,1,1,en,1,5,1,2,1,1,1,5,1,2,1,1,1,1,5,1,1,3,0,0,0,1,0,0,0,0,,1,0,0,,FOUND
193,COL031-Proceso No. 2009-00001,COL031,https://www.unodc.org/cld/case-law-doc/traffickingpersonscrimetype/col/2014/col031-proceso_no._2009-00001.html,traffickingpersonscrimetype,FOUND,1,1,2,2,en|es,0,0,0,0,0,0,1,5,1,3,1,1,1,1,3,1,1,2,1,2,2,1,6,12,6,6,Fact Summary|Defendants / Respondents in the first instance|Defendants / Respondents in the first instance|Charges / Claims / Decisions|Commentary and Significant Features|Sources / Citations,1,0,0,,FOUND
194,R v Burton,CAN014,https://www.unodc.org/cld/case-law-doc/traffickingpersonscrimetype/can/2014/r_v_burton.html,traffickingpersonscrimetype,FOUND,1,1,1,1,en,1,2,1,1,1,1,1,1,1,1,1,1,1,1,2,1,1,1,0,0,0,1,0,0,0,0,,1,0,0,,FOUND
195,Cardaci Y Mossolini,ARG067,https://www.unodc.org/cld/case-law-doc/traffickingpersonscrimetype/arg/2014/cardaci_y_mossolini.html,traffickingpersonscrimetype,FOUND,1,1,1,1,en,1,1,1,1,1,1,1,1,1,1,1,1,1,1,4,1,1,3,1,3,5,1,0,0,0,0,,1,0,0,,FOUND
196,Sanfilippo Jose et al.,ARGx005,https://www.unodc.org/cld/case-law-doc/traffickingpersonscrimetype/arg/2014/sanfilippo_jose_et_al._.html,traffickingpersonscrimetype,FOUND,1,1,2,2,en|es,1,3,1,4,1,1,1,3,1,4,1,1,1,1,2,1,1,5,1,5,5,1,2,4,2,2,Fact Summary|Commentary and Significant Features,2,0,0,,FOUND
197,Rex versus Ifeoma Adigwe-Dike and Amechi Kenechukwu Dike,SWZ001,https://www.unodc.org/cld/case-law-doc/traffickingpersonscrimetype/swz/2014/rex_versus_ifeoma_adigwe-dike_and_amechi_kenechukwu_dike_.html,traffickingpersonscrimetype,FOUND,1,1,1,1,en,1,1,1,1,1,1,1,1,1,1,1,1,1,1,1,1,1,2,1,2,4,1,0,0,0,0,,1,0,0,,FOUND
198,Case No. 352/2014,EGY005,https://www.unodc.org/cld/case-law-doc/traffickingpersonscrimetype/egy/2014/case_no._3522014.html,traffickingpersonscrimetype,FOUND,1,1,1,1,en,1,1,1,2,1,1,0,0,0,0,0,0,1,1,4,1,1,2,0,0,0,1,0,0,0,0,,1,0,0,,FOUND
199,K 128/13,SRB041,https://www.unodc.org/cld/case-law-doc/traffickingpersonscrimetype/srb/2014/k_12813.html,traffickingpersonscrimetype,FOUND,1,1,1,1,en,1,1,1,2,0,0,1,1,1,2,1,1,1,1,2,1,1,1,1,1,1,1,0,0,0,0,,1,0,0,,FOUND
200,Case n 160414,DNK015,https://www.unodc.org/cld/case-law-doc/traffickingpersonscrimetype/dnk/2014/case_n_160414.html,traffickingpersonscrimetype,FOUND,1,1,1,1,en,1,3,1,2,1,1,1,3,1,2,1,1,1,1,1,1,1,2,1,2,2,1,0,0,0,0,,1,0,0,,FOUND
201,41 Hv 11/14g,AUT006,https://www.unodc.org/cld/case-law-doc/traffickingpersonscrimetype/aut/2014/41_hv_1114g.html,traffickingpersonscrimetype,FOUND,1,1,1,1,en,1,5,1,4,1,1,0,0,0,0,0,0,1,1,8,1,1,1,1,1,6,1,0,0,0,0,,1,0,0,,FOUND
202,Nikolae L 2014,POL022,https://www.unodc.org/cld/case-law-doc/traffickingpersonscrimetype/pol/2014/nikolae_l_2014.html,traffickingpersonscrimetype,FOUND,1,1,1,1,en,1,3,1,5,1,1,1,3,1,5,1,1,1,1,1,1,1,3,1,3,4,1,0,0,0,0,,2,0,0,,FOUND
203,Case 0314,USA177,https://www.unodc.org/cld/case-law-doc/traffickingpersonscrimetype/usa/2014/case_0314.html,traffickingpersonscrimetype,FOUND,1,1,1,1,en,1,1,1,3,1,1,1,1,1,3,1,1,1,1,1,1,1,1,1,1,1,1,0,0,0,0,,1,0,0,,FOUND
204,Case No. K.9/12,SRB037,https://www.unodc.org/cld/case-law-doc/traffickingpersonscrimetype/srb/2014/case_no._k.912.html,traffickingpersonscrimetype,FOUND,1,1,1,1,en,1,1,1,3,1,2,0,0,0,0,0,0,1,1,3,1,1,1,0,0,0,1,0,0,0,0,,1,0,0,,FOUND
205,R 12/2045 and R 12/1107,FIN011,https://www.unodc.org/cld/case-law-doc/traffickingpersonscrimetype/fin/2014/r_122045_and_r_121107.html,traffickingpersonscrimetype,FOUND,1,1,1,1,en,1,4,1,3,1,1,1,4,1,3,1,1,1,1,1,1,1,2,1,2,2,1,0,0,0,0,,2,1,1,MULTIPLE_TRAFFICKING_BADGES,PARTIAL
206,Case 3797/83,EGY012,https://www.unodc.org/cld/case-law-doc/traffickingpersonscrimetype/egy/2014/case_379783.html,traffickingpersonscrimetype,FOUND,1,1,1,1,en,1,1,0,0,0,0,1,1,0,0,0,0,1,1,1,1,1,1,1,1,1,1,0,0,0,0,,1,0,0,,FOUND
207,Case 0314,IDN011,https://www.unodc.org/cld/case-law-doc/traffickingpersonscrimetype/idn/2014/case_0314.html,traffickingpersonscrimetype,FOUND,1,1,1,1,en,1,2,1,1,1,1,1,2,1,1,1,1,1,1,1,1,1,1,1,1,1,1,0,0,0,0,,1,0,0,,FOUND
208,Case 0314,VNM003,https://www.unodc.org/cld/case-law-doc/traffickingpersonscrimetype/vnm/2014/case_0314.html,traffickingpersonscrimetype,FOUND,1,1,1,1,en,1,2,1,2,0,0,1,2,1,2,1,1,1,1,1,1,1,1,1,1,1,1,0,0,0,0,,1,0,0,,FOUND
209,Philippines v. Jerome Montejo et al,PHL059,https://www.unodc.org/cld/case-law-doc/traffickingpersonscrimetype/phl/2014/philippines_v._jerome_montejo_et_al.html,traffickingpersonscrimetype,FOUND,1,1,1,1,en,0,0,0,0,0,0,1,5,1,4,1,2,1,1,2,1,1,1,1,1,1,1,0,0,0,0,,1,0,0,,FOUND
210,75/2014/HSPT,VNM002,https://www.unodc.org/cld/case-law-doc/traffickingpersonscrimetype/vnm/2014/752014hspt.html,traffickingpersonscrimetype,FOUND,1,1,1,1,en,1,3,1,1,0,0,1,2,1,1,1,1,1,1,1,1,1,3,1,3,2,1,0,0,0,0,,1,0,0,,FOUND
211,Case 250214,POL025,https://www.unodc.org/cld/case-law-doc/traffickingpersonscrimetype/pol/2014/case_250214.html,traffickingpersonscrimetype,FOUND,1,1,1,1,en,1,4,1,2,1,1,1,3,1,2,1,1,1,1,1,1,1,2,1,2,2,1,0,0,0,0,,1,0,0,,FOUND
212,Proceso No. 2013-00179,COL035,https://www.unodc.org/cld/case-law-doc/traffickingpersonscrimetype/col/2014/proceso_no._2013-00179.html,traffickingpersonscrimetype,FOUND,1,1,2,2,en|es,0,0,0,0,0,0,1,5,1,2,1,1,1,1,2,1,1,3,1,3,3,1,6,12,6,6,Fact Summary|Defendants / Respondents in the first instance|Defendants / Respondents in the first instance|Defendants / Respondents in the first instance|Commentary and Significant Features|Sources / Citations,1,0,0,,FOUND
213,K 334/13,SRB040,https://www.unodc.org/cld/case-law-doc/traffickingpersonscrimetype/srb/2014/k_33413.html,traffickingpersonscrimetype,FOUND,1,1,1,1,en,1,1,1,3,1,1,1,1,1,3,1,1,1,1,1,1,1,1,1,1,1,1,0,0,0,0,,1,0,0,,FOUND
214,Philippines v. Jocelyn Ulanday et al,PHL058,https://www.unodc.org/cld/case-law-doc/traffickingpersonscrimetype/phl/2014/philippines_v._jocelyn_ulanday_et_al.html,traffickingpersonscrimetype,FOUND,1,1,1,1,en,0,0,0,0,0,0,1,4,1,4,1,2,1,1,2,1,1,1,1,1,1,1,0,0,0,0,,1,0,0,,FOUND
215,Philippines v. Annaliza D. Quebec a.k.a. “Budang”,PHL060,https://www.unodc.org/cld/case-law-doc/traffickingpersonscrimetype/phl/2014/philippines_v._annaliza_d._quebec_a.k.a._budang.html,traffickingpersonscrimetype,FOUND,1,1,1,1,en,0,0,0,0,0,0,1,2,1,2,1,1,1,1,3,1,1,1,1,1,1,1,0,0,0,0,,1,0,0,,FOUND
216,RE’s Application [2014] NIQB 15,GBR022,https://www.unodc.org/cld/case-law-doc/traffickingpersonscrimetype/gbr/2014/res_application_2014_niqb_15.html,traffickingpersonscrimetype,FOUND,1,1,1,1,en,0,0,0,0,0,0,1,2,1,2,1,1,1,1,1,1,1,1,1,1,1,1,0,0,0,0,,1,0,0,,FOUND
217,Uzbekistan v Kuzenko,UZB002,https://www.unodc.org/cld/case-law-doc/traffickingpersonscrimetype/uzb/2014/uzbekistan_v_kuzenko.html,traffickingpersonscrimetype,FOUND,1,1,1,1,en,1,4,1,2,1,1,1,3,1,2,1,1,1,1,2,1,1,1,1,1,1,1,0,0,0,0,,1,0,0,,FOUND
218,Criminal Case No. FC58(13),PHL065,https://www.unodc.org/cld/case-law-doc/corruptioncrimetype/phl/2014/criminal_case_no._fc5813.html,corruptioncrimetype,FOUND,1,1,1,1,en,0,0,0,0,0,0,1,1,1,2,1,1,1,1,1,1,1,1,1,1,1,1,0,0,0,0,,2,0,0,,FOUND
219,Criminal Case No. 019150-L,PHL066,https://www.unodc.org/cld/case-law-doc/traffickingpersonscrimetype/phl/2014/criminal_case_no._019150-l.html,traffickingpersonscrimetype,FOUND,1,1,1,1,en,0,0,0,0,0,0,1,2,1,1,1,1,1,1,1,1,1,1,1,1,1,1,0,0,0,0,,1,0,0,,FOUND
220,Case 5386/82,EGY010,https://www.unodc.org/cld/case-law-doc/traffickingpersonscrimetype/egy/2014/case_538682.html,traffickingpersonscrimetype,FOUND,1,1,1,1,en,1,1,0,0,1,1,0,0,0,0,0,0,1,1,1,1,1,2,1,2,2,1,0,0,0,0,,1,0,0,,FOUND
221,YeKD/0164/01/13,ARM003,https://www.unodc.org/cld/case-law-doc/traffickingpersonscrimetype/arm/2014/yekd01640113.html,traffickingpersonscrimetype,FOUND,1,1,1,1,en,1,1,1,1,1,1,1,1,1,1,1,1,1,1,4,1,1,1,0,0,0,1,0,0,0,0,,1,0,0,,FOUND
222,Case 301213,POL023,https://www.unodc.org/cld/case-law-doc/traffickingpersonscrimetype/pol/2013/case_301213.html,traffickingpersonscrimetype,FOUND,1,1,1,1,en,1,1,1,2,1,1,1,1,1,2,1,1,1,1,1,1,1,1,1,1,2,1,0,0,0,0,,1,0,0,,FOUND
223,Nuraddin Saleh,AZE012,https://www.unodc.org/cld/case-law-doc/traffickingpersonscrimetype/aze/2013/nuraddin_saleh.html,traffickingpersonscrimetype,FOUND,1,1,1,1,en,1,1,1,1,1,1,1,1,1,1,1,1,1,1,1,1,1,1,1,1,1,1,0,0,0,0,,1,0,0,,FOUND
224,Proceso No. 2013-00004,COL027,https://www.unodc.org/cld/case-law-doc/traffickingpersonscrimetype/col/2013/proceso_no._2013-00004_.html,traffickingpersonscrimetype,FOUND,1,1,2,2,en|es,0,0,0,0,0,0,1,2,1,2,1,1,1,1,2,1,1,1,1,1,1,1,4,8,4,4,Fact Summary|Defendants / Respondents in the first instance|Procedural Information|Sources / Citations,1,0,0,,FOUND
225,Chisinau 1213,MDA063,https://www.unodc.org/cld/case-law-doc/traffickingpersonscrimetype/mda/2013/chisinau_1213.html,traffickingpersonscrimetype,FOUND,1,1,1,1,en,1,1,1,2,1,1,0,0,0,0,0,0,1,1,1,1,1,1,1,1,1,1,0,0,0,0,,1,0,0,,FOUND
226,Sentence 1098-2013,ARG063,https://www.unodc.org/cld/case-law-doc/traffickingpersonscrimetype/arg/2013/sentence_1098-2013.html,traffickingpersonscrimetype,FOUND,1,1,2,2,en|es,0,0,0,0,0,0,1,4,1,3,1,2,1,1,1,1,1,13,1,13,26,1,9,18,9,9,Fact Summary|Victims / Plaintiffs in the first instance|Defendants / Respondents in the first instance|Charges / Claims / Decisions|Charges / Claims / Decisions|Charges / Claims / Decisions|Charges / Claims / Decisions|Commentary and Significant Features|Procedural Information,1,0,0,,FOUND
227,Case No.11-281876,PHL079,https://www.unodc.org/cld/case-law-doc/traffickingpersonscrimetype/phl/2013/case_no.11-281876.html,traffickingpersonscrimetype,FOUND,1,1,1,1,en,0,0,0,0,0,0,0,0,0,0,0,0,1,1,1,1,1,1,1,1,1,1,0,0,0,0,,1,0,0,,FOUND
228,Morales Maria Victoria,CHNx021,https://www.unodc.org/cld/case-law-doc/traffickingpersonscrimetype/chn/2013/morales_maria_victoria.html,traffickingpersonscrimetype,FOUND,1,1,1,1,en,1,5,1,1,1,1,1,4,0,0,0,0,1,1,2,1,1,1,1,1,2,0,0,0,0,0,,1,0,0,,FOUND
229,R v C R Hutchinson,CAN013,https://www.unodc.org/cld/case-law-doc/traffickingpersonscrimetype/can/2013/r_v_c_r_hutchinson.html,traffickingpersonscrimetype,FOUND,1,1,1,1,en,1,1,1,1,1,1,1,1,1,1,1,1,1,1,3,1,1,1,0,0,0,1,0,0,0,0,,1,0,0,,FOUND
230,Seyidmammad 2013,AZE011,https://www.unodc.org/cld/case-law-doc/traffickingpersonscrimetype/aze/2013/seyidmammad_2013.html,traffickingpersonscrimetype,FOUND,1,1,1,1,en,1,1,1,1,1,1,1,1,1,1,1,1,1,1,1,1,1,2,1,2,2,1,0,0,0,0,,1,0,0,,FOUND
231,Case No.11-283640,PHL075,https://www.unodc.org/cld/case-law-doc/traffickingpersonscrimetype/phl/2013/case_no.11-283640.html,traffickingpersonscrimetype,FOUND,1,1,1,1,en,0,0,0,0,0,0,1,2,1,2,1,1,1,1,4,1,1,2,1,2,2,1,0,0,0,0,,1,0,0,,FOUND
232,5000029-56.2009.827.2706/TO,BRA090,https://www.unodc.org/cld/case-law-doc/traffickingpersonscrimetype/bra/2013/5000029-56.2009.827.2706to.html,traffickingpersonscrimetype,FOUND,1,1,1,1,en,1,1,1,1,1,1,1,1,1,1,1,1,1,1,1,1,1,2,1,2,6,1,0,0,0,0,,1,0,0,,FOUND
233,Appeal No. 6772,EGY003,https://www.unodc.org/cld/case-law-doc/traffickingpersonscrimetype/egy/2013/appeal_no._6772.html,traffickingpersonscrimetype,FOUND,1,1,1,1,en,0,0,0,0,0,0,1,2,1,4,1,1,1,1,3,1,1,6,1,6,13,1,0,0,0,0,,1,0,0,,FOUND
234,Case 131113,POL024,https://www.unodc.org/cld/case-law-doc/traffickingpersonscrimetype/pol/2013/case_131113.html,traffickingpersonscrimetype,FOUND,1,1,1,1,en,1,3,1,2,1,1,1,3,1,2,1,1,1,1,1,1,1,3,1,3,3,1,0,0,0,0,,1,0,0,,FOUND
235,J.F. & another v Republic [2013] eKLR,KEN007,https://www.unodc.org/cld/case-law-doc/traffickingpersonscrimetype/ken/2013/j.f._another_v_republic_2013_eklr.html,traffickingpersonscrimetype,FOUND,1,1,1,1,en,0,0,0,0,0,0,1,2,1,1,1,1,1,1,1,1,1,2,1,2,4,1,0,0,0,0,,1,0,0,,FOUND
236,Case 1113,USA176,https://www.unodc.org/cld/case-law-doc/traffickingpersonscrimetype/usa/2013/case_1113.html,traffickingpersonscrimetype,FOUND,1,1,1,1,en,1,1,1,3,1,1,1,1,1,3,1,1,1,1,1,1,1,1,1,1,1,1,0,0,0,0,,2,0,0,,FOUND
237,Docket Number - 2:11cr193 [2013],USA166,https://www.unodc.org/cld/case-law-doc/traffickingpersonscrimetype/usa/2013/docket_number_-_211cr193_2013.html,traffickingpersonscrimetype,FOUND,1,1,1,1,en,1,1,1,3,1,1,1,1,1,3,1,1,1,1,1,1,1,1,1,1,1,1,0,0,0,0,,1,0,0,,FOUND
238,R v Kuavong [2013] QCA310,AUS017,https://www.unodc.org/cld/case-law-doc/traffickingpersonscrimetype/aus/2013/r_v_kuavong_2013_qca310.html,traffickingpersonscrimetype,FOUND,1,1,1,1,en,0,0,0,0,0,0,1,2,1,2,1,2,1,1,1,1,1,1,1,1,4,1,0,0,0,0,,1,0,0,,FOUND
239,Case No. 39257,COL020,https://www.unodc.org/cld/case-law-doc/traffickingpersonscrimetype/col/2013/case_no._39257.html,traffickingpersonscrimetype,FOUND,1,1,2,2,en|es,0,0,0,0,0,0,1,4,1,2,1,2,1,1,1,1,1,2,1,2,8,1,7,14,7,7,Fact Summary|Defendants / Respondents in the first instance|Defendants / Respondents in the first instance|Charges / Claims / Decisions|Charges / Claims / Decisions|Commentary and Significant Features|Procedural Information,1,0,0,,FOUND
240,United States v. Jermaine Lamon Roy,USA149,https://www.unodc.org/cld/case-law-doc/traffickingpersonscrimetype/usa/2013/united_states_v._jermaine_lamon_roy.html,traffickingpersonscrimetype,FOUND,1,1,1,1,en,0,0,0,0,0,0,1,1,1,2,1,2,1,1,1,1,1,1,1,1,1,1,0,0,0,0,,1,0,0,,FOUND
241,Rt-2013-1247,NOR006,https://www.unodc.org/cld/case-law-doc/traffickingpersonscrimetype/nor/2013/rt-2013-1247_.html,traffickingpersonscrimetype,FOUND,1,1,1,1,en,0,0,0,0,0,0,1,3,1,3,1,1,1,1,2,1,1,3,1,3,5,1,0,0,0,0,,1,0,0,,FOUND
242,R v Ms K,AUS022,https://www.unodc.org/cld/case-law-doc/traffickingpersonscrimetype/aus/2013/r_v_ms_k.html,traffickingpersonscrimetype,FOUND,1,1,1,1,en,0,0,0,0,1,1,0,0,0,0,1,1,1,1,1,1,1,1,0,0,0,1,0,0,0,0,,1,0,0,,FOUND
243,Beatrice Akomo Ongito v Republic [2013] Eklr (Criminal Appeal No.274 Of 2012),KEN009,https://www.unodc.org/cld/case-law-doc/traffickingpersonscrimetype/ken/2013/beatrice_akomo_ongito_v_republic_2013_eklr_criminal_appeal_no.274_of_2012.html,traffickingpersonscrimetype,FOUND,1,1,1,1,en,0,0,0,0,0,0,1,3,1,3,1,2,1,1,1,1,1,2,1,2,4,1,0,0,0,0,,1,0,0,,FOUND
244,Lucky Karaoke Bar,THA013,https://www.unodc.org/cld/case-law-doc/traffickingpersonscrimetype/tha/2013/lucky_karaoke_bar_.html,traffickingpersonscrimetype,FOUND,1,1,1,1,en,0,0,0,0,0,0,1,3,0,0,1,1,1,1,3,1,1,2,1,2,14,1,0,0,0,0,,1,0,0,,FOUND
245,Case No.13-9820 and 13-9821,PHL071,https://www.unodc.org/cld/case-law-doc/traffickingpersonscrimetype/phl/2013/case_no.13-9820_and_13-9821.html,traffickingpersonscrimetype,FOUND,1,1,1,1,en,0,0,0,0,0,0,1,4,1,2,1,1,1,1,2,1,1,1,1,1,1,1,0,0,0,0,,1,0,0,,FOUND
246,R 12/1529,FIN010,https://www.unodc.org/cld/case-law-doc/traffickingpersonscrimetype/fin/2013/r_121529.html,traffickingpersonscrimetype,FOUND,1,1,1,1,en,1,3,1,2,1,1,1,3,1,2,1,1,1,1,10,1,1,2,1,2,6,1,0,0,0,0,,1,0,0,,FOUND
247,13-149986MED-LARV,NOR004,https://www.unodc.org/cld/case-law-doc/traffickingpersonscrimetype/nor/2013/13-149986med-larv.html,traffickingpersonscrimetype,FOUND,1,1,1,1,en,0,0,0,0,0,0,1,2,1,2,1,1,1,1,2,1,1,1,1,1,2,1,0,0,0,0,,1,0,0,,FOUND
248,Case No. 2012-00012,COL024,https://www.unodc.org/cld/case-law-doc/traffickingpersonscrimetype/col/2013/case_no._2012-00012.html,traffickingpersonscrimetype,FOUND,1,1,2,2,en|es,0,0,0,0,0,0,1,5,1,4,1,2,1,1,1,1,1,2,1,2,2,1,5,10,5,5,Fact Summary|Defendants / Respondents in the first instance|Commentary and Significant Features|Procedural Information|Sources / Citations,1,0,0,,FOUND
249,ACR 0000957-09.2007.404.7210 TRF4,BRA102,https://www.unodc.org/cld/case-law-doc/traffickingpersonscrimetype/bra/2013/acr_0000957-09.2007.404.7210_trf4.html,traffickingpersonscrimetype,FOUND,1,1,1,1,en,1,5,1,3,1,1,1,5,1,3,1,1,1,1,8,1,1,4,1,4,16,1,0,0,0,0,,2,0,0,,FOUND
250,Ntonga and Others v. State (Case No. CA 159/2012),ZAF005,https://www.unodc.org/cld/case-law-doc/traffickingpersonscrimetype/zaf/2013/ntonga_and_others_v._state_case_no._ca_1592012.html,traffickingpersonscrimetype,FOUND,1,1,1,1,en,0,0,0,0,0,0,1,3,1,2,1,1,1,1,2,1,1,2,1,2,5,1,0,0,0,0,,1,0,0,,FOUND
251,R v Byron,CAN016,https://www.unodc.org/cld/case-law-doc/traffickingpersonscrimetype/can/2013/r_v_byron.html,traffickingpersonscrimetype,FOUND,1,1,1,1,en,1,2,1,1,1,1,1,2,1,1,1,1,1,1,1,1,1,1,0,0,0,1,0,0,0,0,,1,0,0,,FOUND
252,Case No. 2013-00001,COL026,https://www.unodc.org/cld/case-law-doc/traffickingpersonscrimetype/col/2013/case_no._2013-00001.html,traffickingpersonscrimetype,FOUND,1,1,2,2,en|es,0,0,0,0,0,0,1,4,1,3,1,1,1,1,1,1,1,1,1,1,1,1,5,10,5,5,Fact Summary|Defendants / Respondents in the first instance|Commentary and Significant Features|Procedural Information|Sources / Citations,1,0,0,,FOUND
253,ACR 70052205127 RS,BRA079,https://www.unodc.org/cld/case-law-doc/traffickingpersonscrimetype/bra/2013/acr_70052205127_rs.html,traffickingpersonscrimetype,FOUND,1,1,1,1,en,1,2,1,1,1,1,1,2,1,1,1,1,1,1,9,1,1,3,1,3,9,1,2,4,2,0,,1,6,4,DUPLICATE_TAB_PANE_ID|DUPLICATE_TAB_HREF|TAB_GROUP_NO_ACTIVE_PANE|DUPLICATE_TAB_PANE_ID|DUPLICATE_TAB_HREF|TAB_GROUP_NO_ACTIVE_PANE,PARTIAL
254,"United States v. Vargas-Cordon, 733 F.3d 366 (2013)",USAx165,https://www.unodc.org/cld/case-law-doc/migrantsmugglingcrimetype/usa/2013/united_states_v._vargas-cordon_733_f.3d_366_2013.html,migrantsmugglingcrimetype,FOUND,1,1,1,1,en,1,5,1,1,1,1,1,5,1,1,1,1,1,1,1,1,1,1,1,1,3,1,0,0,0,0,,2,0,0,,FOUND
255,Expte. D 3/12,ARG057,https://www.unodc.org/cld/case-law-doc/traffickingpersonscrimetype/arg/2013/expte._d_312.html,traffickingpersonscrimetype,FOUND,1,1,2,2,en|es,0,0,0,0,0,0,1,4,1,2,1,1,1,1,2,1,1,2,1,2,2,1,4,8,4,4,Fact Summary|Defendants / Respondents in the first instance|Defendants / Respondents in the first instance|Commentary and Significant Features,1,0,0,,FOUND
256,Sentence N° 033/13,ARG051,https://www.unodc.org/cld/case-law-doc/drugcrimetype/arg/2013/sentence_n_03313.html,drugcrimetype,FOUND,1,1,2,2,en|es,0,0,0,0,0,0,1,3,1,2,1,1,1,1,2,1,1,2,1,2,7,1,4,8,4,4,Fact Summary|Defendants / Respondents in the first instance|Defendants / Respondents in the first instance|Commentary and Significant Features,2,0,0,,FOUND
257,Case 2853-C,ARG060,https://www.unodc.org/cld/case-law-doc/traffickingpersonscrimetype/arg/2013/case_2853-c.html,traffickingpersonscrimetype,FOUND,1,1,2,2,en|es,0,0,0,0,0,0,1,2,1,3,1,1,1,1,3,1,1,2,1,2,4,1,4,8,4,4,Fact Summary|Defendants / Respondents in the first instance|Defendants / Respondents in the first instance|Commentary and Significant Features,1,0,0,,FOUND
258,Proceso No. 2011-80352,COL032,https://www.unodc.org/cld/case-law-doc/traffickingpersonscrimetype/col/2013/proceso_no._2011-80352.html,traffickingpersonscrimetype,FOUND,1,1,2,2,en|es,0,0,0,0,0,0,1,5,1,2,1,1,1,1,1,1,1,1,1,1,1,1,4,8,4,4,Fact Summary|Defendants / Respondents in the first instance|Commentary and Significant Features|Sources / Citations,1,0,0,,FOUND
259,"United States v. Jones, 532 Fed. Appx. 769 (9th Cir. 2013)",USA167,https://www.unodc.org/cld/case-law-doc/criminalgroupcrimetype/usa/2013/united_states_v._jones_532_fed._appx._769_9th_cir._2013.html,criminalgroupcrimetype,FOUND,1,1,1,1,en,1,3,1,2,1,1,1,3,1,2,1,1,1,1,1,1,1,4,1,4,5,1,0,0,0,0,,2,0,0,,FOUND
260,ECLI:NL:RBMNE:2013:2679,NLD006,https://www.unodc.org/cld/case-law-doc/traffickingpersonscrimetype/nld/2013/eclinlrbmne20132679.html,traffickingpersonscrimetype,FOUND,1,1,1,1,en,0,0,0,0,0,0,1,2,1,1,1,2,1,1,1,1,1,1,1,1,2,1,0,0,0,0,,1,0,0,,FOUND
261,ACR 2004.51.01.514541-7 TRF2,BRA091,https://www.unodc.org/cld/case-law-doc/traffickingpersonscrimetype/bra/2013/acr_2004.51.01.514541-7_trf2_.html,traffickingpersonscrimetype,FOUND,1,1,1,1,en,1,3,1,1,1,1,1,3,1,1,1,1,1,1,2,1,1,1,1,1,1,1,0,0,0,0,,1,0,0,,FOUND
262,Case NO.CBU-91076,PHL067,https://www.unodc.org/cld/case-law-doc/traffickingpersonscrimetype/phl/2013/case_no.cbu-91076.html,traffickingpersonscrimetype,FOUND,1,1,1,1,en,0,0,0,0,0,0,1,2,1,1,1,1,1,1,4,1,1,4,1,4,4,1,0,0,0,0,,1,0,0,,FOUND
263,ACR 201050010047993ES,BRA101,https://www.unodc.org/cld/case-law-doc/traffickingpersonscrimetype/bra/2013/acr_201050010047993es.html,traffickingpersonscrimetype,FOUND,1,1,1,1,en,0,0,0,0,1,1,0,0,0,0,1,1,1,1,5,1,1,1,1,1,2,1,0,0,0,0,,1,0,0,,FOUND
264,LG- 2012-173499,NOR002,https://www.unodc.org/cld/case-law-doc/traffickingpersonscrimetype/nor/2013/lg-_2012-173499.html,traffickingpersonscrimetype,FOUND,1,1,1,1,en,0,0,0,0,0,0,1,1,1,2,1,1,1,1,1,1,1,1,1,1,1,1,0,0,0,0,,1,0,0,,FOUND
265,Case No.GL-Q-12-178137,PHL084,https://www.unodc.org/cld/case-law-doc/traffickingpersonscrimetype/phl/2013/case_no.gl-q-12-178137.html,traffickingpersonscrimetype,FOUND,1,1,1,1,en,0,0,0,0,0,0,1,3,1,1,1,1,1,1,13,1,1,6,1,6,6,1,0,0,0,0,,1,0,0,,FOUND
266,"L., H.V.N., T.H.N., and T. v R [2013] EWCA Crim 991",GBR018,https://www.unodc.org/cld/case-law-doc/drugcrimetype/gbr/2013/l._h.v.n._t.h.n._and_t._v_r_2013_ewca_crim_991.html,drugcrimetype,FOUND,1,1,1,1,en,0,0,0,0,0,0,1,5,1,2,1,2,0,0,0,1,1,4,1,4,4,1,0,0,0,0,,2,0,0,,FOUND
267,Case No. 37951,COL023,https://www.unodc.org/cld/case-law-doc/traffickingpersonscrimetype/col/2013/case_no._37951.html,traffickingpersonscrimetype,FOUND,1,1,2,2,en|es,0,0,0,0,0,0,1,5,1,1,1,1,1,1,1,1,1,1,1,1,2,1,6,12,6,6,Fact Summary|Defendants / Respondents in the first instance|Charges / Claims / Decisions|Commentary and Significant Features|Procedural Information|Sources / Citations,1,0,0,,FOUND
268,E.K. (Article 4 ECHR: Anti-Trafficking Convention) Tanzania v. Secretary of State for the Home Department,GBR021,https://www.unodc.org/cld/case-law-doc/traffickingpersonscrimetype/gbr/2013/e.k._article_4_echr_anti-trafficking_convention_tanzania_v._secretary_of_state_for_the_home_department.html,traffickingpersonscrimetype,FOUND,1,1,1,1,en,0,0,0,0,0,0,1,4,1,2,1,1,1,1,1,1,1,1,1,1,1,1,0,0,0,0,,1,0,0,,FOUND
269,Case No.04-229641,PHL080,https://www.unodc.org/cld/case-law-doc/traffickingpersonscrimetype/phl/2013/case_no.04-229641.html,traffickingpersonscrimetype,FOUND,1,1,1,1,en,0,0,0,0,0,0,1,3,1,2,1,1,1,1,2,1,1,7,1,7,7,1,0,0,0,0,,1,0,0,,FOUND
270,López López and Novello,ARG056,https://www.unodc.org/cld/case-law-doc/traffickingpersonscrimetype/arg/2013/lopez_lopez_and_novello.html,traffickingpersonscrimetype,FOUND,1,1,2,2,en|es,0,0,0,0,0,0,1,3,1,4,1,1,1,1,4,1,1,2,1,2,6,1,3,6,3,3,Fact Summary|Defendants / Respondents in the first instance|Commentary and Significant Features,1,0,0,,FOUND
271,Case No.11-089,PHL077,https://www.unodc.org/cld/case-law-doc/traffickingpersonscrimetype/phl/2013/case_no.11-089.html,traffickingpersonscrimetype,FOUND,1,1,1,1,en,0,0,0,0,0,0,1,2,0,0,1,1,1,1,1,1,1,1,1,1,1,1,0,0,0,0,,1,0,0,,FOUND
272,Case No. Q-10-167652,PHL073,https://www.unodc.org/cld/case-law-doc/criminalgroupcrimetype/phl/2013/case_no._q-10-167652.html,criminalgroupcrimetype,FOUND,1,1,1,1,en,0,0,0,0,0,0,1,4,1,2,1,1,1,1,10,1,1,4,1,4,4,1,0,0,0,0,,2,0,0,,FOUND
273,Decision No. 279/2013,GRCx006,https://www.unodc.org/cld/case-law-doc/traffickingpersonscrimetype/grc/2013/decision_no._2792013_.html,traffickingpersonscrimetype,FOUND,1,1,1,1,en,1,3,1,3,1,1,0,0,0,0,0,0,1,1,2,1,1,2,1,2,2,1,0,0,0,0,,1,0,0,,FOUND
274,Case n° 3692/13,ARG064,https://www.unodc.org/cld/case-law-doc/traffickingpersonscrimetype/arg/2013/case_n_369213.html,traffickingpersonscrimetype,FOUND,1,1,2,2,en|es,0,0,0,0,0,0,1,3,1,3,1,1,1,2,2,1,1,8,1,8,20,1,11,22,11,11,Fact Summary|Defendants / Respondents in the first instance|Defendants / Respondents in the first instance|Defendants / Respondents in the first instance|Defendants / Respondents in the first instance|Defendants / Respondents in the first instance|Defendants / Respondents in the first instance|Defendants / Respondents in the first instance|Defendants / Respondents in the first instance|Commentary and Significant Features|Procedural Information,1,0,0,,FOUND
275,R 13/3613,FIN009,https://www.unodc.org/cld/case-law-doc/traffickingpersonscrimetype/fin/2013/r_133613.html,traffickingpersonscrimetype,FOUND,1,1,1,1,en,1,4,1,2,1,1,1,4,1,2,1,1,1,1,1,1,1,2,1,2,6,1,0,0,0,0,,1,0,0,,FOUND
276,Case n 200513,MKD006,https://www.unodc.org/cld/case-law-doc/traffickingpersonscrimetype/mkd/2013/case_n_200513.html,traffickingpersonscrimetype,FOUND,1,1,1,1,en,1,1,1,2,1,2,1,1,1,2,1,2,1,1,2,1,1,1,1,1,2,1,0,0,0,0,,1,0,0,,FOUND
277,Expte. Nº 862-12,ARG062,https://www.unodc.org/cld/case-law-doc/traffickingpersonscrimetype/arg/2013/expte._n_862-12.html,traffickingpersonscrimetype,FOUND,1,1,2,2,en|es,0,0,0,0,0,0,1,2,1,2,1,1,1,1,3,1,1,2,1,2,4,1,6,12,6,6,Fact Summary|Defendants / Respondents in the first instance|Defendants / Respondents in the first instance|Commentary and Significant Features|Cross-Cutting Issues|Cross-Cutting Issues,1,1,0,TAB_GROUP_NO_ACTIVE_PANE,FOUND
278,Proceso No. 2012-00777,COL029,https://www.unodc.org/cld/case-law-doc/traffickingpersonscrimetype/col/2013/proceso_no._2012-00777.html,traffickingpersonscrimetype,FOUND,1,1,2,2,en|es,0,0,0,0,0,0,1,4,1,2,1,1,1,1,1,1,1,2,1,2,2,1,6,12,6,6,Fact Summary|Defendants / Respondents in the first instance|Defendants / Respondents in the first instance|Commentary and Significant Features|Procedural Information|Sources / Citations,1,0,0,,FOUND
279,Case No. 2008-00332,COL025,https://www.unodc.org/cld/case-law-doc/traffickingpersonscrimetype/col/2013/case_no._2008-00332.html,traffickingpersonscrimetype,FOUND,1,1,2,2,en|es,0,0,0,0,0,0,1,3,0,0,1,1,1,1,4,1,1,1,1,1,1,1,5,10,5,5,Fact Summary|Defendants / Respondents in the first instance|Commentary and Significant Features|Procedural Information|Sources / Citations,1,0,0,,FOUND
280,K 322/12,SRB039,https://www.unodc.org/cld/case-law-doc/traffickingpersonscrimetype/srb/2013/k_32212.html,traffickingpersonscrimetype,FOUND,1,1,1,1,en,1,2,1,3,1,1,1,2,1,3,1,1,1,1,2,1,1,2,1,2,2,1,0,0,0,0,,1,0,0,,FOUND
281,Bachpan Bachao Andolan v. Union of India & Ors,INDx028,https://www.unodc.org/cld/case-law-doc/traffickingpersonscrimetype/ind/2013/bachpan_bachao_andolan_v._union_of_india_ors.html,traffickingpersonscrimetype,FOUND,1,1,1,1,en,1,2,0,0,1,2,0,0,0,0,0,0,1,1,1,0,0,0,0,0,0,1,0,0,0,0,,1,0,0,,FOUND
282,Docket Number: CR-10-00660-DGC [2013],USA173,https://www.unodc.org/cld/case-law-doc/criminalgroupcrimetype/usa/2013/docket_number_cr-10-00660-dgc_2013.html,criminalgroupcrimetype,FOUND,1,1,1,1,en,1,3,1,3,1,1,1,3,1,3,1,1,1,1,2,1,1,4,1,4,13,1,0,0,0,0,,2,0,0,,FOUND
283,Case no. 783/2013,GRCx005,https://www.unodc.org/cld/case-law-doc/traffickingpersonscrimetype/grc/2013/case_no._7832013.html,traffickingpersonscrimetype,FOUND,1,1,1,1,en,1,2,1,1,1,2,1,2,1,1,1,2,1,1,1,1,1,2,1,2,2,1,0,0,0,0,,1,0,0,,FOUND
284,Case No. 2006-01128,COL022,https://www.unodc.org/cld/case-law-doc/traffickingpersonscrimetype/col/2013/case_no._2006-01128.html,traffickingpersonscrimetype,FOUND,1,1,2,2,en|es,0,0,0,0,0,0,1,5,1,4,1,1,1,1,1,1,1,2,1,2,2,1,7,14,7,7,Fact Summary|Defendants / Respondents in the first instance|Defendants / Respondents in the first instance|Charges / Claims / Decisions|Charges / Claims / Decisions|Procedural Information|Sources / Citations,1,0,0,,FOUND
285,Case No. 2013/1339,BEL031,https://www.unodc.org/cld/case-law-doc/migrantsmugglingcrimetype/bel/2013/case_no._20131339.html,migrantsmugglingcrimetype,FOUND,1,1,1,1,en,0,0,0,0,0,0,1,4,1,4,1,2,1,1,1,1,1,5,1,5,23,1,0,0,0,0,,3,0,0,,FOUND
286,Proceso No. 2011-04358,COL028,https://www.unodc.org/cld/case-law-doc/traffickingpersonscrimetype/col/2013/proceso_no._2011-04358_.html,traffickingpersonscrimetype,FOUND,1,1,2,2,en|es,0,0,0,0,0,0,1,5,1,2,1,2,1,1,1,1,1,2,1,2,4,1,6,12,6,6,Fact Summary|Defendants / Respondents in the first instance|Defendants / Respondents in the first instance|Commentary and Significant Features|Procedural Information|Sources / Citations,1,0,0,,FOUND
287,Case Nº 2545,ARG052,https://www.unodc.org/cld/case-law-doc/traffickingpersonscrimetype/arg/2013/case_n_2545.html,traffickingpersonscrimetype,FOUND,1,1,2,2,en|es,0,0,0,0,0,0,1,2,1,1,1,1,1,1,1,1,1,2,1,2,2,0,4,8,4,4,Fact Summary|Defendants / Respondents in the first instance|Defendants / Respondents in the first instance|Commentary and Significant Features,1,0,0,,FOUND
288,Case No164,MNG004,https://www.unodc.org/cld/case-law-doc/traffickingpersonscrimetype/mng/2013/case_no164.html,traffickingpersonscrimetype,FOUND,1,1,1,1,en,1,1,1,1,1,1,0,0,1,1,1,1,1,1,1,1,1,2,1,2,2,1,0,0,0,0,,1,0,0,,FOUND
289,r v chee mei wong,AUS023,https://www.unodc.org/cld/case-law-doc/traffickingpersonscrimetype/aus/2013/r_v_chee_mei_wong.html,traffickingpersonscrimetype,FOUND,1,1,1,1,en,1,2,0,0,1,1,0,0,0,0,1,1,1,1,11,1,1,1,0,0,0,1,0,0,0,0,,1,0,0,,FOUND
290,R v Chee Mei Wong,AUS020,https://www.unodc.org/cld/case-law-doc/drugcrimetype/aus/2013/r_v_chee_mei_wong_.html,drugcrimetype,FOUND,1,1,1,1,en,0,0,0,0,0,0,1,4,1,3,1,1,1,1,4,1,1,1,1,1,4,1,0,0,0,0,,2,0,0,,FOUND
291,Case No. II AKa 49/13,POL020,https://www.unodc.org/cld/case-law-doc/drugcrimetype/pol/2013/case_no._ii_aka_4913.html,drugcrimetype,FOUND,1,1,1,1,en,0,0,0,0,0,0,1,1,1,2,1,1,1,1,1,1,1,3,1,3,3,1,0,0,0,0,,2,0,0,,FOUND
292,R v. Connors,GBR016,https://www.unodc.org/cld/case-law-doc/criminalgroupcrimetype/gbr/2013/r_v._connors.html,criminalgroupcrimetype,FOUND,1,1,1,1,en,0,0,0,0,0,0,1,2,1,4,1,1,1,1,1,1,1,5,1,5,5,1,0,0,0,0,,2,0,0,,FOUND
293,Case No. 24/10,ARG061,https://www.unodc.org/cld/case-law-doc/traffickingpersonscrimetype/arg/2013/case_no._2410.html,traffickingpersonscrimetype,FOUND,1,1,2,2,en|es,0,0,0,0,0,0,1,1,1,1,1,1,1,1,6,1,1,2,1,2,4,1,3,6,3,3,Fact Summary|Defendants / Respondents in the first instance|Commentary and Significant Features,1,0,0,,FOUND
294,2-108795/2011,URYx001,https://www.unodc.org/cld/case-law-doc/traffickingpersonscrimetype/ury/2013/2-1087952011.html,traffickingpersonscrimetype,FOUND,1,1,2,2,en|es,0,0,0,0,0,0,0,0,1,2,1,2,1,1,1,1,1,2,1,2,5,1,2,4,2,2,Fact Summary|Commentary and Significant Features,2,0,0,,FOUND
295,Case No.Q-12-176620,PHL076,https://www.unodc.org/cld/case-law-doc/traffickingpersonscrimetype/phl/2013/case_no.q-12-176620.html,traffickingpersonscrimetype,FOUND,1,1,1,1,en,0,0,0,0,0,0,1,3,1,1,1,1,1,1,8,1,1,3,1,3,3,1,0,0,0,0,,1,0,0,,FOUND
296,Case 0313,VNM005,https://www.unodc.org/cld/case-law-doc/traffickingpersonscrimetype/vnm/2013/case_0313.html,traffickingpersonscrimetype,FOUND,1,1,1,1,en,1,3,1,1,0,0,1,2,1,1,1,1,1,1,2,1,1,1,1,1,1,1,0,0,0,0,,1,0,0,,FOUND
297,Case No.07-254534,PHL072,https://www.unodc.org/cld/case-law-doc/traffickingpersonscrimetype/phl/2013/case_no.07-254534.html,traffickingpersonscrimetype,FOUND,1,1,1,1,en,0,0,0,0,0,0,1,4,1,4,1,2,1,1,2,1,1,1,1,1,1,1,0,0,0,0,,1,0,0,,FOUND
298,Sentence Nº 004/13,ARG053,https://www.unodc.org/cld/case-law-doc/drugcrimetype/arg/2013/sentence_n_00413.html,drugcrimetype,FOUND,1,1,2,2,en|es,0,0,0,0,0,0,1,3,1,1,1,1,1,1,2,1,1,1,1,1,4,1,3,6,3,3,Fact Summary|Defendants / Respondents in the first instance|Commentary and Significant Features,2,0,0,,FOUND
299,ShD/0099/01/12,ARM002,https://www.unodc.org/cld/case-law-doc/traffickingpersonscrimetype/arm/2013/shd00990112.html,traffickingpersonscrimetype,FOUND,1,1,1,1,en,1,3,1,2,1,1,1,3,1,2,1,1,1,1,1,1,1,2,0,0,0,1,0,0,0,0,,1,0,0,,FOUND
300,Case 11-G-2012,ARG055,https://www.unodc.org/cld/case-law-doc/traffickingpersonscrimetype/arg/2013/case_11-g-2012.html,traffickingpersonscrimetype,FOUND,1,1,2,2,en|es,0,0,0,0,0,0,1,4,1,3,1,1,1,1,1,1,1,1,1,1,1,1,3,6,3,3,Fact Summary|Defendants / Respondents in the first instance|Commentary and Significant Features,1,0,0,,FOUND
301,II AKa 387/12,POL017,https://www.unodc.org/cld/case-law-doc/traffickingpersonscrimetype/pol/2013/ii_aka_38712.html,traffickingpersonscrimetype,FOUND,1,1,1,1,en,0,0,0,0,0,0,1,2,1,3,1,1,1,1,14,1,1,5,1,5,31,1,0,0,0,0,,1,0,0,,FOUND
302,"Cass. Pen. Sez. V, n. 12574",ITA006,https://www.unodc.org/cld/case-law-doc/traffickingpersonscrimetype/ita/2013/cass._pen._sez._v_n._12574.html,traffickingpersonscrimetype,FOUND,1,1,1,1,en,1,3,1,2,1,1,1,2,1,2,1,1,1,1,1,1,1,2,1,2,5,1,0,0,0,0,,1,0,0,,FOUND
303,ACR 0000188-86.2006.8.26.0097 SP,BRA100,https://www.unodc.org/cld/case-law-doc/traffickingpersonscrimetype/bra/2013/acr_0000188-86.2006.8.26.0097_sp.html,traffickingpersonscrimetype,FOUND,1,1,1,1,en,1,2,1,1,1,1,1,2,1,1,1,1,1,1,1,1,1,2,1,2,4,0,0,0,0,0,,1,0,0,,FOUND
304,Samaesan,THA011,https://www.unodc.org/cld/case-law-doc/traffickingpersonscrimetype/tha/2013/samaesan.html,traffickingpersonscrimetype,FOUND,1,1,1,1,en,0,0,0,0,0,0,1,2,1,2,1,1,1,1,9,1,1,1,1,1,7,1,0,0,0,0,,2,0,0,,FOUND
305,Correctional Tribunal of Nivelles 25-01-2013,BEL029,https://www.unodc.org/cld/case-law-doc/traffickingpersonscrimetype/bel/2013/correctional_tribunal_of_nivelles_25-01-2013.html,traffickingpersonscrimetype,FOUND,1,1,1,1,en,0,0,0,0,0,0,1,3,1,2,1,2,1,1,4,1,1,1,1,1,2,1,0,0,0,0,,1,0,0,,FOUND
306,State v Laojindamanee,FJI002,https://www.unodc.org/cld/case-law-doc/criminalgroupcrimetype/fji/2013/state_v_laojindamanee.html,criminalgroupcrimetype,FOUND,1,1,1,1,en,0,0,0,0,0,0,1,5,1,3,1,1,1,1,2,1,1,2,1,2,4,0,0,0,0,0,,2,0,0,,FOUND
307,ACR 200850010084958ES,BRA078,https://www.unodc.org/cld/case-law-doc/traffickingpersonscrimetype/bra/2013/acr_200850010084958es.html,traffickingpersonscrimetype,SECTION_ABSENT,0,0,0,0,,1,1,0,0,1,1,1,1,0,0,1,1,1,1,2,1,1,1,1,1,1,0,1,2,1,0,,1,3,2,DUPLICATE_TAB_PANE_ID|DUPLICATE_TAB_HREF|TAB_GROUP_NO_ACTIVE_PANE,PARTIAL
308,C/118/2013 [2013],BEL003,https://www.unodc.org/cld/case-law-doc/traffickingpersonscrimetype/bel/2013/c1182013_2013.html,traffickingpersonscrimetype,FOUND,1,1,1,1,en,0,0,0,0,0,0,1,2,1,1,1,1,1,1,1,1,1,4,1,4,4,1,1,2,0,0,,1,0,0,,FOUND
309,Rex V. Joalane Tsoana (CR:372/12),LSO001,https://www.unodc.org/cld/case-law-doc/traffickingpersonscrimetype/lso/2013/rex_v._joalane_tsoana_cr37212.html,traffickingpersonscrimetype,FOUND,1,1,1,1,en,1,2,1,2,0,0,0,0,0,0,0,0,0,0,0,0,0,0,0,0,0,0,0,0,0,0,,1,0,0,,FOUND
310,HR-2013-00104-A,NOR009,https://www.unodc.org/cld/case-law-doc/traffickingpersonscrimetype/nor/2013/hr-2013-00104-a.html,traffickingpersonscrimetype,FOUND,1,1,1,1,en,0,0,0,0,0,0,1,2,1,1,1,1,1,1,1,1,1,2,1,2,4,1,0,0,0,0,,1,0,0,,FOUND
311,Criminal Case No. 23-1556,PHL063,https://www.unodc.org/cld/case-law-doc/traffickingpersonscrimetype/phl/2013/criminal_case_no._23-1556.html,traffickingpersonscrimetype,FOUND,1,1,1,1,en,0,0,0,0,0,0,1,5,1,1,1,1,1,1,2,1,1,1,1,1,1,1,0,0,0,0,,1,0,0,,FOUND
312,Case No. Q-08-151971,PHL069,https://www.unodc.org/cld/case-law-doc/traffickingpersonscrimetype/phl/2013/case_no._q-08-151971.html,traffickingpersonscrimetype,FOUND,1,1,1,1,en,0,0,0,0,0,0,1,5,1,2,1,1,1,1,1,1,1,1,1,1,1,1,0,0,0,0,,1,0,0,,FOUND
313,Case No. R-LLP-09-05622-CR,PHL074,https://www.unodc.org/cld/case-law-doc/traffickingpersonscrimetype/phl/2013/case_no._r-llp-09-05622-cr.html,traffickingpersonscrimetype,FOUND,1,1,1,1,en,0,0,0,0,0,0,1,1,1,1,1,1,1,1,4,1,1,1,1,1,1,1,0,0,0,0,,1,0,0,,FOUND
314,R v Beckford,CAN019,https://www.unodc.org/cld/case-law-doc/traffickingpersonscrimetype/can/2012/r_v_beckford.html,traffickingpersonscrimetype,FOUND,1,1,1,1,en,1,1,1,1,1,1,1,1,1,1,1,1,1,1,1,1,1,2,1,2,4,1,0,0,0,0,,1,0,0,,FOUND
315,Uzbekistan v Turchinov,UZB001,https://www.unodc.org/cld/case-law-doc/traffickingpersonscrimetype/uzb/2012/uzbekistan_v_turchinov.html,traffickingpersonscrimetype,FOUND,1,1,1,1,en,1,3,1,2,1,1,1,3,1,2,1,1,1,1,9,1,1,1,1,1,1,1,0,0,0,0,,1,0,0,,FOUND
316,"REX V. Yoseph Girmay Tesfagaber, Adanech Beru Woldegioregis",LSO003,https://www.unodc.org/cld/case-law-doc/traffickingpersonscrimetype/lso/2012/rex_v._yoseph_girmay_tesfagaber_adanech_beru_woldegioregis.html,traffickingpersonscrimetype,FOUND,1,1,1,1,en,1,4,1,1,1,1,1,4,1,1,1,1,1,1,1,1,1,2,1,2,2,1,0,0,0,0,,1,0,0,,FOUND
317,12-175933MED-OTIR/03,NOR010,https://www.unodc.org/cld/case-law-doc/traffickingpersonscrimetype/nor/2012/12-175933med-otir03.html,traffickingpersonscrimetype,FOUND,1,1,1,1,en,0,0,0,0,0,0,1,3,1,2,1,1,1,1,1,1,1,1,1,1,1,1,0,0,0,0,,1,0,0,,FOUND
318,1-12-11790,EST006,https://www.unodc.org/cld/case-law-doc/traffickingpersonscrimetype/est/2012/1-12-11790.html,traffickingpersonscrimetype,SECTION_ABSENT,0,0,0,0,,1,1,0,0,1,1,1,1,0,0,1,1,1,1,1,1,1,2,1,2,2,1,0,0,0,0,,1,0,0,,FOUND
319,Case No. 3K-97/12,SRB034,https://www.unodc.org/cld/case-law-doc/traffickingpersonscrimetype/srb/2012/case_no._3k-9712.html,traffickingpersonscrimetype,FOUND,1,1,1,1,en,0,0,0,0,0,0,1,3,1,2,1,1,1,1,1,1,1,3,1,3,3,1,0,0,0,0,,1,0,0,,FOUND
320,"Ledesma, Pedro Alberto y otras",ARGx003,https://www.unodc.org/cld/case-law-doc/traffickingpersonscrimetype/arg/2012/ledesma_pedro_alberto_y_otras.html,traffickingpersonscrimetype,FOUND,1,1,2,2,en|es,1,1,1,1,1,1,1,1,1,1,1,1,1,1,7,1,1,2,1,2,5,1,2,4,2,2,Fact Summary|Commentary and Significant Features,1,1,0,TAB_GROUP_NO_ACTIVE_PANE,FOUND
321,Case of C.N. v. the United Kingdom,GBR012,https://www.unodc.org/cld/case-law-doc/traffickingpersonscrimetype/gbr/2012/case_of_c.n._v._the_united_kingdom.html,traffickingpersonscrimetype,FOUND,1,1,1,1,en,0,0,0,0,0,0,0,0,0,0,1,1,1,1,1,1,1,1,1,1,2,1,0,0,0,0,,1,0,0,,FOUND
322,Case No. 2012/3925,BEL030,https://www.unodc.org/cld/case-law-doc/traffickingpersonscrimetype/bel/2012/case_no._20123925.html,traffickingpersonscrimetype,FOUND,1,1,1,1,en,0,0,0,0,0,0,1,3,1,1,1,1,1,1,1,1,1,6,1,6,30,1,0,0,0,0,,1,0,0,,FOUND
323,Rodriguez 1112,USA179,https://www.unodc.org/cld/case-law-doc/traffickingpersonscrimetype/usa/2012/rodriguez_1112.html,traffickingpersonscrimetype,FOUND,1,1,1,1,en,1,3,1,3,1,1,1,2,1,3,1,1,1,1,5,1,1,3,1,3,4,1,0,0,0,0,,2,0,0,,FOUND
324,Case No. II Aka 295/12,POL019,https://www.unodc.org/cld/case-law-doc/traffickingpersonscrimetype/pol/2012/case_no._ii_aka_29512.html,traffickingpersonscrimetype,FOUND,1,1,1,1,en,0,0,0,0,0,0,1,4,1,4,1,2,1,1,14,1,1,3,1,3,8,1,0,0,0,0,,1,0,0,,FOUND
325,United States v. Arthur Chappell,USA163,https://www.unodc.org/cld/case-law-doc/traffickingpersonscrimetype/usa/2012/united_states_v._arthur_chappell.html,traffickingpersonscrimetype,FOUND,1,1,1,1,en,0,0,0,0,0,0,1,2,1,2,1,1,1,1,2,1,1,1,1,1,1,1,0,0,0,0,,1,0,0,,FOUND
326,C.N. and V. v. France,FRA013,https://www.unodc.org/cld/case-law-doc/traffickingpersonscrimetype/_irb/2012/c.n._and_v._v._france.html,traffickingpersonscrimetype,FOUND,1,1,2,2,en|fr,0,0,0,0,0,0,1,2,1,2,1,2,1,1,2,1,1,1,1,1,2,1,4,8,4,4,Fact Summary|Charges / Claims / Decisions|Charges / Claims / Decisions|Sources / Citations,1,0,0,,FOUND
327,Sarawan and Kongsamrej,THA010,https://www.unodc.org/cld/case-law-doc/traffickingpersonscrimetype/tha/2012/sarawan_and_kongsamrej.html,traffickingpersonscrimetype,FOUND,1,1,1,1,en,0,0,0,0,0,0,1,3,1,2,1,1,1,1,1,1,1,2,1,2,8,1,0,0,0,0,,2,0,0,,FOUND
328,Criminal Case Nos. 09-1119 and 10-0104,PHL082,https://www.unodc.org/cld/case-law-doc/traffickingpersonscrimetype/phl/2012/criminal_case_nos._09-1119_and_10-0104.html,traffickingpersonscrimetype,FOUND,1,1,1,1,en,0,0,0,0,0,0,1,3,0,0,1,1,1,1,7,1,1,2,1,2,2,1,0,0,0,0,,1,0,0,,FOUND
329,"Cass. Pen. Sez. V, Sent. N. 37638",ITA004,https://www.unodc.org/cld/case-law-doc/traffickingpersonscrimetype/ita/2012/cass._pen._sez._v_sent._n._37638.html,traffickingpersonscrimetype,FOUND,1,1,1,1,en,1,3,1,2,0,0,1,2,1,2,1,1,1,1,1,1,1,1,1,1,1,1,0,0,0,0,,1,0,0,,FOUND
330,Causa nº 3352/11,ARG033,https://www.unodc.org/cld/case-law-doc/traffickingpersonscrimetype/arg/2012/causa_n_335211.html,traffickingpersonscrimetype,FOUND,1,1,2,2,en|es,0,0,0,0,0,0,1,2,1,1,1,1,1,1,1,1,1,4,1,4,4,1,3,6,3,3,Fact Summary|Procedural Information|Sources / Citations,1,0,0,,FOUND
331,Case No.06-1759,PHL070,https://www.unodc.org/cld/case-law-doc/traffickingpersonscrimetype/phl/2012/case_no.06-1759.html,traffickingpersonscrimetype,FOUND,1,1,1,1,en,0,0,0,0,0,0,1,2,1,2,1,1,1,1,6,1,1,1,1,1,1,1,0,0,0,0,,1,0,0,,FOUND
332,Case No 2827-12,SWE027,https://www.unodc.org/cld/case-law-doc/criminalgroupcrimetype/swe/2012/case_no_2827-12.html,criminalgroupcrimetype,FOUND,1,1,1,1,en,0,0,0,0,0,0,1,5,1,3,1,1,1,1,1,1,1,6,1,6,12,1,0,0,0,0,,3,0,0,,FOUND
333,"Case of Bondar, Günter and B.",BLR001,https://www.unodc.org/cld/case-law-doc/traffickingpersonscrimetype/blr/2012/case_of_bondar_gunter_and_b..html,traffickingpersonscrimetype,FOUND,1,1,1,1,en,0,0,0,0,0,0,1,3,1,1,1,1,1,1,1,1,1,3,1,3,3,1,0,0,0,0,,1,0,0,,FOUND
334,Case n180912,MKD005,https://www.unodc.org/cld/case-law-doc/traffickingpersonscrimetype/mkd/2012/case_n180912.html,traffickingpersonscrimetype,FOUND,1,1,1,1,en,1,3,1,4,1,1,1,3,1,3,1,1,1,1,1,1,1,3,1,3,3,1,0,0,0,0,,1,0,0,,FOUND
335,Case No B 1689-12,SWE024,https://www.unodc.org/cld/case-law-doc/traffickingpersonscrimetype/swe/2012/case_no_b_1689-12.html,traffickingpersonscrimetype,FOUND,1,1,1,1,en,0,0,0,0,0,0,1,2,1,1,1,1,1,1,1,1,1,3,1,3,9,1,0,0,0,0,,2,0,0,,FOUND
336,L.de E. N 2.195/11,ARG0044,https://www.unodc.org/cld/case-law-doc/criminalgroupcrimetype/arg/2012/l.de_e._n_2.19511.html,criminalgroupcrimetype,FOUND,1,1,2,2,en|es,0,0,0,0,0,0,1,1,0,0,1,1,1,1,4,1,1,3,1,3,3,1,3,6,3,3,Fact Summary|Procedural Information|Sources / Citations,2,0,0,,FOUND
337,Case No. 199-2012,CHL005,https://www.unodc.org/cld/case-law-doc/traffickingpersonscrimetype/chl/2012/case_no._199-2012.html,traffickingpersonscrimetype,FOUND,1,1,2,2,en|es,0,0,0,0,0,0,1,5,1,2,1,1,1,1,3,1,1,5,1,5,8,1,2,4,2,2,Fact Summary|Defendants / Respondents in the first instance,1,0,0,,FOUND
338,RUC 1100440193-1 RIT199-2012,CHL004,https://www.unodc.org/cld/case-law-doc/criminalgroupcrimetype/chl/2012/ruc_1100440193-1_rit199-2012.html,criminalgroupcrimetype,FOUND,1,1,1,1,en,0,0,0,0,0,0,1,5,1,3,1,1,1,1,3,1,1,5,1,5,5,1,0,0,0,0,,2,0,0,,FOUND
339,Case No. RTC 2010-0377,PHL078,https://www.unodc.org/cld/case-law-doc/traffickingpersonscrimetype/phl/2012/case_no._rtc_2010-0377.html,traffickingpersonscrimetype,FOUND,1,1,1,1,en,0,0,0,0,0,0,1,4,1,2,1,1,1,1,1,1,1,1,1,1,1,1,0,0,0,0,,1,0,0,,FOUND
340,Sentença n° 2004.51.01.514541-7 JFRJ,BRA129,https://www.unodc.org/cld/case-law-doc/traffickingpersonscrimetype/bra/2012/sentenca_n_2004.51.01.514541-7_jfrj.html,traffickingpersonscrimetype,FOUND,1,1,1,1,en,1,3,1,1,1,1,1,3,1,1,1,1,1,1,2,1,1,1,1,1,1,1,0,0,0,0,,1,0,0,,FOUND
341,Causa Nº 3365/12,ARG032,https://www.unodc.org/cld/case-law-doc/traffickingpersonscrimetype/arg/2012/causa_n_336512.html,traffickingpersonscrimetype,FOUND,1,1,2,2,en|es,0,0,0,0,0,0,1,2,1,2,1,1,1,1,1,1,1,1,1,1,1,1,4,8,4,4,Fact Summary|Defendants / Respondents in the first instance|Procedural Information|Sources / Citations,1,0,0,,FOUND
342,Processo n 0006689-60.2007.4.05.8400,BRA063,https://www.unodc.org/cld/case-law-doc/criminalgroupcrimetype/bra/2012/processo_n_0006689-60.2007.4.05.8400.html,criminalgroupcrimetype,FOUND,1,1,1,1,en,0,0,0,0,0,0,1,3,1,2,1,1,1,1,1,1,1,2,1,2,4,1,0,0,0,0,,2,0,0,,FOUND
343,Causa 2432,ARG018,https://www.unodc.org/cld/case-law-doc/traffickingpersonscrimetype/arg/2012/causa_2432.html,traffickingpersonscrimetype,FOUND,1,1,2,2,en|es,0,0,0,0,0,0,1,2,1,2,1,1,1,1,3,1,1,1,1,1,1,1,5,10,5,5,Fact Summary|Defendants / Respondents in the first instance|Commentary and Significant Features|Procedural Information|Sources / Citations,1,0,0,,FOUND
344,CRIM. CASE NO. 09-217-I,PHL040,https://www.unodc.org/cld/case-law-doc/traffickingpersonscrimetype/phl/2012/crim._case_no._09-217-i.html,traffickingpersonscrimetype,FOUND,1,1,1,1,en,0,0,0,0,0,0,1,3,1,3,1,1,1,1,2,1,1,3,1,3,3,1,0,0,0,0,,1,0,0,,FOUND
345,Hjoerring City Court judgement August 22 2012,DNK014,https://www.unodc.org/cld/case-law-doc/traffickingpersonscrimetype/dnk/2012/hjoerring_city_court_judgement_august_22_2012.html,traffickingpersonscrimetype,FOUND,1,1,1,1,en,1,2,1,1,1,1,1,2,1,1,1,1,1,1,4,1,1,2,1,2,3,1,0,0,0,0,,1,0,0,,FOUND
346,Processo nº 0001703-58.2007.4.03.6124,BRA020,https://www.unodc.org/cld/case-law-doc/traffickingpersonscrimetype/bra/2012/processo_n_0001703-58.2007.4.03.6124.html,traffickingpersonscrimetype,FOUND,1,1,1,1,en,0,0,0,0,0,0,1,1,1,1,1,1,1,1,1,1,1,1,1,1,2,1,0,0,0,0,,2,0,0,,FOUND
347,CRIM. CASE NO. 14206,PHL054,https://www.unodc.org/cld/case-law-doc/traffickingpersonscrimetype/phl/2012/crim._case_no._14206.html,traffickingpersonscrimetype,FOUND,1,1,1,1,en,0,0,0,0,0,0,1,2,1,1,1,1,1,1,1,1,1,1,1,1,1,1,0,0,0,0,,1,0,0,,FOUND
348,ACR 0006016-11.2007.8.26.0297 SP,BRA114,https://www.unodc.org/cld/case-law-doc/traffickingpersonscrimetype/bra/2012/acr_0006016-11.2007.8.26.0297_sp.html,traffickingpersonscrimetype,FOUND,1,1,1,1,en,1,1,1,1,1,1,1,1,1,1,1,1,1,1,1,1,1,4,1,4,4,1,0,0,0,0,,1,0,0,,FOUND
349,No. 1-12-7180,EST005,https://www.unodc.org/cld/case-law-doc/traffickingpersonscrimetype/est/2012/no._1-12-7180.html,traffickingpersonscrimetype,FOUND,1,1,1,1,en,1,2,1,2,1,1,1,2,1,2,1,1,0,0,0,1,1,2,1,2,2,1,0,0,0,0,,1,0,0,,FOUND
350,Processo n 0008821-69.2011.403.6181,BRA071,https://www.unodc.org/cld/case-law-doc/traffickingpersonscrimetype/bra/2012/processo_n_0008821-69.2011.403.6181_.html,traffickingpersonscrimetype,FOUND,1,1,1,1,en,0,0,0,0,0,0,1,3,1,3,1,1,1,1,4,1,1,3,1,3,3,1,0,0,0,0,,1,0,0,,FOUND
351,Docket Number - 0:11-cr-00083-ADM-JJG [2012],USA168,https://www.unodc.org/cld/case-law-doc/traffickingpersonscrimetype/usa/2012/docket_number_-_011-cr-00083-adm-jjg_2012.html,traffickingpersonscrimetype,FOUND,1,1,1,1,en,1,2,1,1,1,1,1,2,1,1,1,1,1,1,1,1,1,1,1,1,1,1,0,0,0,0,,1,0,0,,FOUND
352,ACR 2008.61.24.000743-8 TRF3,BRA113,https://www.unodc.org/cld/case-law-doc/traffickingpersonscrimetype/bra/2012/acr_2008.61.24.000743-8_trf3.html,traffickingpersonscrimetype,FOUND,1,1,1,1,en,1,5,1,2,1,1,1,5,1,2,1,1,1,1,1,1,1,1,1,1,2,1,0,0,0,0,,1,0,0,,FOUND
353,CASE OF M. AND OTHERS v. ITALY AND BULGARIA,ITA001,https://www.unodc.org/cld/case-law-doc/traffickingpersonscrimetype/ita/2012/case_of_m._and_others_v._italy_and_bulgaria_.html,traffickingpersonscrimetype,FOUND,1,1,1,1,en,0,0,0,0,0,0,1,3,1,5,1,4,1,1,4,1,1,2,1,2,8,1,0,0,0,0,,1,0,0,,FOUND
354,CASE OF M. AND OTHERS v. ITALY AND BULGARIA,BGR001,https://www.unodc.org/cld/case-law-doc/traffickingpersonscrimetype/bgr/2012/case_of_m._and_others_v._italy_and_bulgaria_.html,traffickingpersonscrimetype,FOUND,1,1,1,1,en,0,0,0,0,0,0,1,3,1,5,1,4,1,1,4,1,1,2,1,2,8,1,0,0,0,0,,1,0,0,,FOUND
355,Linda Velez v. Betsy Sanchez,USA131,https://www.unodc.org/cld/case-law-doc/traffickingpersonscrimetype/usa/2012/linda_velez_v._betsy_sanchez.html,traffickingpersonscrimetype,FOUND,1,1,1,1,en,0,0,0,0,0,0,1,1,1,1,1,1,1,1,1,1,1,3,1,3,9,1,0,0,0,0,,1,0,0,,FOUND
356,CR-HC NO. 04882,PHL033,https://www.unodc.org/cld/case-law-doc/traffickingpersonscrimetype/phl/2012/cr-hc_no._04882.html,traffickingpersonscrimetype,FOUND,1,1,1,1,en,0,0,0,0,0,0,1,4,1,2,1,1,1,1,5,1,1,1,1,1,1,1,0,0,0,0,,1,0,0,,FOUND
357,Case nº 3130/11,ARG031,https://www.unodc.org/cld/case-law-doc/traffickingpersonscrimetype/arg/2012/case_n_313011.html,traffickingpersonscrimetype,FOUND,1,1,2,2,en|es,1,3,0,0,0,0,1,3,1,1,1,2,1,1,1,1,1,2,1,2,2,1,5,10,5,5,Fact Summary|Defendants / Respondents in the first instance|Defendants / Respondents in the first instance|Procedural Information|Sources / Citations,1,0,0,,FOUND
358,CRIM. CASE NO. CBU-86397,PHL038,https://www.unodc.org/cld/case-law-doc/traffickingpersonscrimetype/phl/2012/crim._case_no._cbu-86397.html,traffickingpersonscrimetype,FOUND,1,1,1,1,en,0,0,0,0,0,0,1,1,1,1,1,1,1,1,4,1,1,2,1,2,2,1,0,0,0,0,,1,0,0,,FOUND
359,Causa 20.469,ARG029,https://www.unodc.org/cld/case-law-doc/traffickingpersonscrimetype/arg/2012/causa_20.469.html,traffickingpersonscrimetype,FOUND,1,1,2,2,en|es,0,0,0,0,0,0,1,2,1,2,1,1,1,1,2,1,1,1,1,1,1,1,4,8,4,4,Fact Summary|Commentary and Significant Features|Procedural Information|Sources / Citations,1,0,0,,FOUND
360,R.G. ASS. nr 11/10 - Trafficking Case,ITAx024,https://www.unodc.org/cld/case-law-doc/criminalgroupcrimetype/ita/2012/r.g._ass._nr_1110_-_trafficking_case.html,criminalgroupcrimetype,FOUND,1,1,1,1,en,1,6,1,1,1,1,0,0,0,0,0,0,1,1,1,1,1,10,1,10,12,0,0,0,0,0,,2,0,0,,FOUND
361,CRIM. CASE NO. 08-259544,PHL032,https://www.unodc.org/cld/case-law-doc/traffickingpersonscrimetype/phl/2012/crim._case_no._08-259544.html,traffickingpersonscrimetype,FOUND,1,1,1,1,en,0,0,0,0,0,0,1,1,0,0,1,1,1,1,2,1,1,1,1,1,1,1,0,0,0,0,,1,0,0,,FOUND
362,CRIM. CASE NO. TCS-6387,PHL014,https://www.unodc.org/cld/case-law-doc/traffickingpersonscrimetype/phl/2012/crim._case_no._tcs-6387.html,traffickingpersonscrimetype,FOUND,1,1,1,1,en,0,0,0,0,0,0,1,1,0,0,1,1,1,1,4,1,1,1,1,1,1,1,0,0,0,0,,1,0,0,,FOUND
363,ECLI:NL:GHSHE:2012:BX0599,NLD005,https://www.unodc.org/cld/case-law-doc/traffickingpersonscrimetype/nld/2012/eclinlghshe2012bx0599.html,traffickingpersonscrimetype,FOUND,1,1,1,1,en,0,0,0,0,0,0,1,3,1,3,1,1,1,1,6,1,1,1,1,1,1,1,0,0,0,0,,1,0,0,,FOUND
364,"Queen v Rong Chen, Simon Dempsey and Jason Owen Hinton",GBR015,https://www.unodc.org/cld/case-law-doc/traffickingpersonscrimetype/gbr/2012/queen_v_rong_chen_simon_dempsey_and_jason_owen_hinton.html,traffickingpersonscrimetype,FOUND,1,1,1,1,en,0,0,0,0,0,0,1,4,1,3,1,1,1,1,4,1,1,3,1,3,9,1,0,0,0,0,,1,0,0,,FOUND
365,Proceso No.2011-74217,COL030,https://www.unodc.org/cld/case-law-doc/criminalgroupcrimetype/col/2012/proceso_no.2011-74217.html,criminalgroupcrimetype,FOUND,1,1,2,2,en|es,0,0,0,0,0,0,1,5,1,3,1,1,1,1,4,1,1,6,1,6,12,1,10,20,10,8,Fact Summary|Defendants / Respondents in the first instance|Defendants / Respondents in the first instance|Defendants / Respondents in the first instance|Defendants / Respondents in the first instance|Commentary and Significant Features|Procedural Information|Sources / Citations,2,6,5,DUPLICATE_TAB_PANE_ID|DUPLICATE_TAB_HREF|TAB_GROUP_NO_ACTIVE_PANE|DUPLICATE_TAB_PANE_ID|DUPLICATE_TAB_HREF|TAB_GROUP_MULTIPLE_ACTIVE_PANES,PARTIAL
366,United States v. Justin P. Cephus et al,USA130,https://www.unodc.org/cld/case-law-doc/traffickingpersonscrimetype/usa/2012/united_states_v._justin_p._cephus_et_al.html,traffickingpersonscrimetype,FOUND,1,1,1,1,en,0,0,0,0,0,0,1,2,1,2,1,2,1,1,1,1,1,5,1,5,14,1,0,0,0,0,,1,0,0,,FOUND
367,11-194827MED-BBYR/01,NOR008,https://www.unodc.org/cld/case-law-doc/traffickingpersonscrimetype/nor/2012/11-194827med-bbyr01.html,traffickingpersonscrimetype,FOUND,1,1,1,1,en,0,0,0,0,0,0,1,2,1,1,1,2,1,1,1,1,1,1,1,1,2,1,0,0,0,0,,1,0,0,,FOUND
368,Case No B 897-12,SWE009,https://www.unodc.org/cld/case-law-doc/drugcrimetype/swe/2012/_case_no_b_897-12.html,drugcrimetype,FOUND,1,1,1,1,en,0,0,0,0,0,0,1,3,1,3,1,1,1,1,1,1,1,12,1,12,15,1,0,0,0,0,,4,0,0,,FOUND
369,"Causa I., S. O; D., B. N; S., J. L.; C. y M. I.",ARG026,https://www.unodc.org/cld/case-law-doc/traffickingpersonscrimetype/arg/2012/causa_i._s._o_d._b._n_s._j._l._c._y_m._i..html,traffickingpersonscrimetype,FOUND,1,1,2,2,en|es,0,0,0,0,0,0,1,2,1,3,1,1,1,1,2,1,1,4,1,4,4,1,4,8,4,4,Fact Summary|Defendants / Respondents in the first instance|Procedural Information|Sources / Citations,1,0,0,,FOUND
370,Expte. 18/11,ARG058,https://www.unodc.org/cld/case-law-doc/traffickingpersonscrimetype/arg/2012/expte._1811.html,traffickingpersonscrimetype,FOUND,1,1,2,2,en|es,0,0,0,0,0,0,1,2,1,2,1,1,1,1,2,1,1,4,1,4,8,1,4,8,4,4,Fact Summary|Defendants / Respondents in the first instance|Defendants / Respondents in the first instance|Commentary and Significant Features,1,0,0,,FOUND
371,Choen Pai Wan and Others,THA012,https://www.unodc.org/cld/case-law-doc/traffickingpersonscrimetype/tha/2012/choen_pai_wan_and_others.html,traffickingpersonscrimetype,FOUND,1,1,1,1,en,0,0,0,0,0,0,1,4,1,3,1,2,1,1,15,1,1,5,1,5,14,1,0,0,0,0,,1,0,0,,FOUND
372,Criminal case of the Supreme Court 2012,LVA001,https://www.unodc.org/cld/case-law-doc/traffickingpersonscrimetype/lva/2012/criminal_case_of_the_supreme_court_2012.html,traffickingpersonscrimetype,FOUND,1,1,1,1,en,1,3,1,1,1,1,1,3,1,1,1,1,1,1,1,1,1,1,1,1,1,1,0,0,0,0,,1,0,0,,FOUND
373,United States v. Rivera et al,USA150,https://www.unodc.org/cld/case-law-doc/traffickingpersonscrimetype/usa/2012/united_states_v._rivera_et_al.html,traffickingpersonscrimetype,FOUND,1,1,1,1,en,0,0,0,0,0,0,1,3,1,3,1,2,1,1,1,1,1,3,1,3,26,1,0,0,0,0,,1,0,0,,FOUND
374,Case no B 2220-11,SWE012,https://www.unodc.org/cld/case-law-doc/traffickingpersonscrimetype/swe/2012/case_no_b_2220-11.html,traffickingpersonscrimetype,FOUND,1,1,1,1,en,0,0,0,0,0,0,1,4,1,2,1,1,1,1,1,1,1,2,1,2,2,1,0,0,0,0,,1,0,0,,FOUND
375,Case no B 6114-11,SWE015,https://www.unodc.org/cld/case-law-doc/criminalgroupcrimetype/swe/2012/case_no_b_6114-11.html,criminalgroupcrimetype,FOUND,1,1,1,1,en,0,0,0,0,0,0,1,2,1,2,1,1,1,1,1,1,1,6,1,6,7,1,0,0,0,0,,3,0,0,,FOUND
376,Proceso No33882,COL019,https://www.unodc.org/cld/case-law-doc/traffickingpersonscrimetype/col/2012/proceso_no33882.html,traffickingpersonscrimetype,FOUND,1,1,1,1,en,0,0,0,0,0,0,1,1,1,2,1,1,1,1,1,1,1,4,1,4,4,1,1,2,0,0,,1,0,0,,FOUND
377,R v Watcharaporn Nantahkhum (SCC149 of 2010),AUS018,https://www.unodc.org/cld/case-law-doc/traffickingpersonscrimetype/aus/2012/r_v_watcharaporn_nantahkhum_scc149_of_2010.html,traffickingpersonscrimetype,FOUND,1,1,1,1,en,0,0,0,0,0,0,1,4,1,3,1,2,1,1,2,1,1,1,1,1,6,1,0,0,0,0,,1,0,0,,FOUND
378,Case No. 1-766-11,UKR021,https://www.unodc.org/cld/case-law-doc/traffickingpersonscrimetype/ukr/2012/case_no._1-766-11_.html,traffickingpersonscrimetype,FOUND,1,1,1,1,en,0,0,0,0,0,0,1,3,1,3,1,1,1,1,1,1,1,2,1,2,2,1,0,0,0,0,,1,0,0,,FOUND
379,CRIM. CASE NO. IR-7073,PHL031,https://www.unodc.org/cld/case-law-doc/traffickingpersonscrimetype/phl/2012/crim._case_no._ir-7073.html,traffickingpersonscrimetype,FOUND,1,1,1,1,en,0,0,0,0,0,0,1,2,0,0,1,1,1,1,4,1,1,1,1,1,1,1,0,0,0,0,,1,0,0,,FOUND
380,Criminal Case No. CBU-92284 to CBU 92288,PHL064,https://www.unodc.org/cld/case-law-doc/traffickingpersonscrimetype/phl/2012/criminal_case_no._cbu-92284_to_cbu_92288.html,traffickingpersonscrimetype,SECTION_ABSENT,0,0,0,0,,0,0,0,0,0,0,0,0,0,0,0,0,1,1,1,1,1,1,1,1,1,1,0,0,0,0,,1,0,0,,FOUND
381,United States v. Fetter,USA164,https://www.unodc.org/cld/case-law-doc/traffickingpersonscrimetype/usa/2012/united_states_v._fetter.html,traffickingpersonscrimetype,FOUND,1,1,1,1,en,0,0,0,0,0,0,1,2,1,1,1,1,1,1,1,1,1,3,1,3,4,1,0,0,0,0,,1,0,0,,FOUND
382,Case No. II AKa 121/12,POL018,https://www.unodc.org/cld/case-law-doc/criminalgroupcrimetype/pol/2012/case_no._ii_aka_12112.html,criminalgroupcrimetype,FOUND,1,1,1,1,en,0,0,0,0,0,0,1,2,1,3,1,1,1,1,2,1,1,3,1,3,14,1,0,0,0,0,,2,0,0,,FOUND
383,17 T 6/2010,CZE030,https://www.unodc.org/cld/case-law-doc/traffickingpersonscrimetype/cze/2012/17_t_62010.html,traffickingpersonscrimetype,FOUND,1,1,1,1,en,1,1,1,4,1,1,1,1,1,4,1,1,1,1,22,1,1,3,0,0,0,1,0,0,0,0,,2,0,0,,FOUND
384,R.G. 40262009 - Smuggling Case,ITAx023,https://www.unodc.org/cld/case-law-doc/criminalgroupcrimetype/ita/2012/r.g._40262009_-_smuggling_case.html,criminalgroupcrimetype,FOUND,1,1,1,1,en,0,0,1,1,1,2,0,0,0,0,0,0,1,1,1,1,1,3,1,3,3,0,0,0,0,0,,5,0,0,,FOUND
385,CRIM. CASE NO. 11-286939,PHL034,https://www.unodc.org/cld/case-law-doc/traffickingpersonscrimetype/phl/2012/crim._case_no._11-286939.html,traffickingpersonscrimetype,FOUND,1,1,1,1,en,0,0,0,0,0,0,1,1,1,1,1,1,1,1,1,1,1,3,1,3,3,1,0,0,0,0,,1,0,0,,FOUND
386,Case No. 1-1519-1201-11,UKR004,https://www.unodc.org/cld/case-law-doc/traffickingpersonscrimetype/ukr/2012/case_no._1-1519-1201-11.html,traffickingpersonscrimetype,FOUND,1,1,1,1,en,0,0,0,0,0,0,1,2,1,4,1,1,1,1,3,1,1,1,1,1,2,1,0,0,0,0,,1,0,0,,FOUND
387,Case No. 11-536-12,UKR019,https://www.unodc.org/cld/case-law-doc/traffickingpersonscrimetype/ukr/2012/case_no._11-536-12.html,traffickingpersonscrimetype,FOUND,1,1,1,1,en,0,0,0,0,0,0,1,4,1,4,1,1,1,1,1,1,1,4,1,4,4,1,0,0,0,0,,1,0,0,,FOUND
388,Supreme court in Prague,CZE031,https://www.unodc.org/cld/case-law-doc/traffickingpersonscrimetype/cze/2012/supreme_court_in_prague.html,traffickingpersonscrimetype,FOUND,1,1,1,1,en,1,1,1,1,1,1,1,1,1,1,1,1,1,1,2,1,1,5,0,0,0,1,0,0,0,0,,1,0,0,,FOUND
389,R v Divye Kumar Trivedi,AUS019,https://www.unodc.org/cld/case-law-doc/traffickingpersonscrimetype/aus/2012/r_v_divye_kumar_trivedi.html,traffickingpersonscrimetype,FOUND,1,1,1,1,en,0,0,0,0,0,0,1,4,1,2,1,1,1,1,1,1,1,1,1,1,1,1,0,0,0,0,,1,0,0,,FOUND
390,Case No. 1-888-11,UKR018,https://www.unodc.org/cld/case-law-doc/traffickingpersonscrimetype/ukr/2012/case_no._1-888-11.html,traffickingpersonscrimetype,FOUND,1,1,1,1,en,0,0,0,0,0,0,1,1,1,2,1,1,1,1,1,1,1,1,1,1,2,1,0,0,0,0,,1,0,0,,FOUND
391,Case n352012,BEL033,https://www.unodc.org/cld/case-law-doc/traffickingpersonscrimetype/bel/2012/case_n352012.html,traffickingpersonscrimetype,FOUND,1,1,1,1,en,1,3,1,3,1,1,1,3,1,3,1,1,1,1,2,1,1,1,1,1,1,1,0,0,0,0,,1,0,0,,FOUND
392,Criminal Appeal ACR no. 5000868-17.2010.404.7008PR,BRA95,https://www.unodc.org/cld/case-law-doc/traffickingpersonscrimetype/bra/2012/criminal_appeal_acr_no._5000868-17.2010.404.7008pr.html,traffickingpersonscrimetype,FOUND,1,1,1,1,en,1,1,1,1,1,1,0,0,0,0,0,0,1,1,1,1,1,1,1,1,1,0,0,0,0,0,,1,0,0,,FOUND
393,“J.E.F.”,ARG016,https://www.unodc.org/cld/case-law-doc/traffickingpersonscrimetype/arg/2012/j.e.f._.html,traffickingpersonscrimetype,FOUND,1,1,2,2,en|es,0,0,0,0,0,0,1,4,1,2,1,1,1,1,1,1,1,2,1,2,2,1,4,8,4,4,Fact Summary|Defendants / Respondents in the first instance|Procedural Information|Sources / Citations,1,0,0,,FOUND
394,Sentencia No. /12,ARG020,https://www.unodc.org/cld/case-law-doc/traffickingpersonscrimetype/arg/2012/sentencia_no._12.html,traffickingpersonscrimetype,FOUND,1,1,2,2,en|es,0,0,0,0,0,0,1,1,1,2,1,1,1,1,1,1,1,1,1,1,1,1,3,6,3,3,Fact Summary|Defendants / Respondents in the first instance|Sources / Citations,1,0,0,,FOUND
395,Queen v. Matyas Pis,GBR013,https://www.unodc.org/cld/case-law-doc/traffickingpersonscrimetype/gbr/2012/queen_v._matyas_pis.html,traffickingpersonscrimetype,FOUND,1,1,1,1,en,0,0,0,0,0,0,1,3,1,1,1,1,1,1,2,1,1,1,1,1,3,1,0,0,0,0,,1,0,0,,FOUND
396,Case No. 2755,ARG054,https://www.unodc.org/cld/case-law-doc/traffickingpersonscrimetype/arg/2012/case_no._2755.html,traffickingpersonscrimetype,FOUND,1,1,2,2,en|es,0,0,0,0,0,0,1,4,1,2,1,1,1,1,2,1,1,10,1,10,10,1,3,6,3,3,Fact Summary|Defendants / Respondents in the first instance|Commentary and Significant Features,1,0,0,,FOUND
397,Causa N 70/11,ARG046,https://www.unodc.org/cld/case-law-doc/traffickingpersonscrimetype/arg/2012/causa_n_7011.html,traffickingpersonscrimetype,FOUND,1,1,2,2,en|es,0,0,0,0,0,0,1,4,1,2,1,1,1,1,2,1,1,4,1,4,5,1,4,8,4,4,Fact Summary|Commentary and Significant Features|Procedural Information|Sources / Citations,1,0,0,,FOUND
398,Case No150,MNG006,https://www.unodc.org/cld/case-law-doc/traffickingpersonscrimetype/mng/2012/case_no150.html,traffickingpersonscrimetype,FOUND,1,1,1,1,en,1,1,1,1,1,1,1,1,1,1,1,1,0,0,0,1,1,1,1,1,2,1,0,0,0,0,,1,0,0,,FOUND
399,Case No. K4358-11 [2012],SRB035,https://www.unodc.org/cld/case-law-doc/traffickingpersonscrimetype/srb/2012/case_no._k4358-11_2012.html,traffickingpersonscrimetype,FOUND,1,1,1,1,en,0,0,0,0,0,0,1,3,1,3,1,1,1,1,2,1,1,1,1,1,1,1,0,0,0,0,,1,0,0,,FOUND
400,h12-04-03,BEL035,https://www.unodc.org/cld/case-law-doc/traffickingpersonscrimetype/bel/2012/h12-04-03.html,traffickingpersonscrimetype,FOUND,1,1,1,1,en,1,2,1,4,1,2,1,2,1,4,1,2,1,1,3,1,1,1,1,1,1,1,0,0,0,0,,2,0,0,,FOUND
401,Criminal Appeal ACR no. 2003.70.01.015337,BRA96,https://www.unodc.org/cld/case-law-doc/traffickingpersonscrimetype/bra/2012/criminal_appeal_acr_no._2003.70.01.015337.html,traffickingpersonscrimetype,FOUND,1,1,1,1,en,1,1,0,0,0,0,1,1,1,1,1,1,1,1,1,1,1,1,1,1,1,0,0,0,0,0,,1,0,0,,FOUND
402,1188-98.20114.01.300 AC,BRA125,https://www.unodc.org/cld/case-law-doc/traffickingpersonscrimetype/bra/2012/1188-98.20114.01.300_ac.html,traffickingpersonscrimetype,FOUND,1,1,1,1,en,1,4,1,1,1,1,1,4,1,1,1,1,1,1,2,1,1,1,1,1,2,1,0,0,0,0,,1,0,0,,FOUND
403,CRIM. CASES NOS. RTC 2010-0083 and 0084,PHL022,https://www.unodc.org/cld/case-law-doc/traffickingpersonscrimetype/phl/2012/crim._cases_nos._rtc_2010-0083_and_0084.html,traffickingpersonscrimetype,FOUND,1,1,1,1,en,0,0,0,0,0,0,1,3,1,3,1,1,1,1,2,1,1,2,1,2,2,1,0,0,0,0,,1,0,0,,FOUND
404,Case No B 111-12,SWE022,https://www.unodc.org/cld/case-law-doc/traffickingpersonscrimetype/swe/2012/case_no_b_111-12.html,traffickingpersonscrimetype,FOUND,1,1,1,1,en,0,0,0,0,0,0,1,3,1,3,1,1,1,1,2,1,1,3,1,3,3,1,0,0,0,0,,2,0,0,,FOUND
405,"R v A.P., L.S. and H.P.",JAM004,https://www.unodc.org/cld/case-law-doc/traffickingpersonscrimetype/jam/2012/r_v_a.p._l.s._and_h.p._.html,traffickingpersonscrimetype,FOUND,1,1,1,1,en,0,0,0,0,0,0,1,3,1,4,1,1,1,1,1,1,1,3,1,3,3,1,0,0,0,0,,1,0,0,,FOUND
406,CRIM. CASE NO. R-LLP-08-2900-CR,PHL039,https://www.unodc.org/cld/case-law-doc/traffickingpersonscrimetype/phl/2012/crim._case_no._r-llp-08-2900-cr.html,traffickingpersonscrimetype,FOUND,1,1,1,1,en,0,0,0,0,0,0,1,3,1,2,1,1,1,1,11,1,1,3,1,3,3,1,0,0,0,0,,1,0,0,,FOUND
407,CRIM. CASE NO. 0310-2009,PHL055,https://www.unodc.org/cld/case-law-doc/traffickingpersonscrimetype/phl/2012/crim._case_no._0310-2009.html,traffickingpersonscrimetype,FOUND,1,1,1,1,en,0,0,0,0,0,0,1,3,1,2,1,2,1,1,2,1,1,1,1,1,1,1,0,0,0,0,,1,0,0,,FOUND
408,"Cass. Pen. Sez. V, n. 10784",ITA005,https://www.unodc.org/cld/case-law-doc/traffickingpersonscrimetype/ita/2012/cass._pen._sez._v_n._10784.html,traffickingpersonscrimetype,FOUND,1,1,1,1,en,1,3,1,1,1,1,0,0,0,0,0,0,1,1,1,1,1,1,1,1,1,1,0,0,0,0,,1,0,0,,FOUND
409,Case No B 16821-11,SWE028,https://www.unodc.org/cld/case-law-doc/traffickingpersonscrimetype/swe/2012/case_no_b_16821-11.html,traffickingpersonscrimetype,FOUND,1,1,1,1,en,0,0,0,0,0,0,1,3,1,3,1,1,1,1,1,1,1,3,1,3,3,1,0,0,0,0,,1,0,0,,FOUND
410,Processo nº 2001.83.00.007512-0,BRA074,https://www.unodc.org/cld/case-law-doc/traffickingpersonscrimetype/bra/2012/processo_n_2001.83.00.007512-0_.html,traffickingpersonscrimetype,FOUND,1,1,1,1,en,0,0,0,0,0,0,1,2,1,3,1,1,1,1,2,1,1,1,1,1,1,1,0,0,0,0,,1,0,0,,FOUND
411,Causa n° 978,ARG006,https://www.unodc.org/cld/case-law-doc/traffickingpersonscrimetype/arg/2012/causa_n_978_.html,traffickingpersonscrimetype,FOUND,1,1,2,2,en|es,0,0,0,0,0,0,1,5,1,2,1,1,1,1,2,1,1,5,1,5,5,1,4,8,4,4,Fact Summary|Defendants / Respondents in the first instance|Procedural Information|Sources / Citations,1,0,0,,FOUND
412,Processo nº 2004.81.00.006158-0,BRA008,https://www.unodc.org/cld/case-law-doc/traffickingpersonscrimetype/bra/2012/processo_n_2004.81.00.006158-0.html,traffickingpersonscrimetype,FOUND,1,1,1,1,en,0,0,0,0,0,0,1,2,1,3,1,2,1,1,1,1,1,1,1,1,2,1,0,0,0,0,,1,0,0,,FOUND
413,CRIM. CASE NO. CBU-83123,PHL052,https://www.unodc.org/cld/case-law-doc/traffickingpersonscrimetype/phl/2012/crim._case_no._cbu-83123.html,traffickingpersonscrimetype,FOUND,1,1,1,1,en,0,0,0,0,0,0,1,1,1,1,1,1,1,1,1,1,1,2,1,2,2,1,0,0,0,0,,1,0,0,,FOUND
414,Case No. K-2455/11 [2012],SRB033,https://www.unodc.org/cld/case-law-doc/traffickingpersonscrimetype/srb/2012/case_no._k-245511_2012.html,traffickingpersonscrimetype,FOUND,1,1,1,1,en,0,0,0,0,0,0,1,3,1,1,1,1,1,1,1,1,1,2,1,2,2,1,0,0,0,0,,1,0,0,,FOUND
415,Case No B 756-12,SWE030,https://www.unodc.org/cld/case-law-doc/traffickingpersonscrimetype/swe/2012/case_no_b_756-12.html,traffickingpersonscrimetype,FOUND,1,1,1,1,en,0,0,0,0,0,0,1,3,1,1,1,1,1,1,1,1,1,1,1,1,1,1,0,0,0,0,,1,0,0,,FOUND
416,CRIM. CASE NO. 12574,PHL056,https://www.unodc.org/cld/case-law-doc/traffickingpersonscrimetype/phl/2012/crim._case_no._12574.html,traffickingpersonscrimetype,FOUND,1,1,1,1,en,0,0,0,0,0,0,1,2,1,1,1,1,1,1,4,1,1,6,1,6,6,1,0,0,0,0,,1,0,0,,FOUND
417,CRIM. CASES NOS. 134741 and 134741-A,PHL015,https://www.unodc.org/cld/case-law-doc/traffickingpersonscrimetype/phl/2012/crim._cases_nos._134741_and_134741-a.html,traffickingpersonscrimetype,FOUND,1,1,1,1,en,0,0,0,0,0,0,1,4,1,4,1,1,1,1,4,1,1,3,1,3,6,1,0,0,0,0,,1,0,0,,FOUND
418,R v. N. and R v. Le,GBR014,https://www.unodc.org/cld/case-law-doc/drugcrimetype/gbr/2012/r_v._n._and_r_v._le.html,drugcrimetype,FOUND,1,1,1,1,en,0,0,0,0,0,0,1,3,1,3,1,2,0,0,0,1,1,2,1,2,2,1,0,0,0,0,,2,0,0,,FOUND
419,Case No. II Aka 15/12,POL021,https://www.unodc.org/cld/case-law-doc/traffickingpersonscrimetype/pol/2012/case_no._ii_aka_1512.html,traffickingpersonscrimetype,FOUND,1,1,1,1,en,0,0,0,0,0,0,1,3,1,3,1,2,1,1,5,1,1,7,1,7,12,1,0,0,0,0,,1,0,0,,FOUND
420,Case No. 1-305-11,UKR017,https://www.unodc.org/cld/case-law-doc/traffickingpersonscrimetype/ukr/2012/case_no._1-305-11_.html,traffickingpersonscrimetype,FOUND,1,1,1,1,en,0,0,0,0,0,0,1,3,1,4,1,1,1,1,2,1,1,1,1,1,1,1,0,0,0,0,,1,0,0,,FOUND
421,Case No. 281-12,GEO005,https://www.unodc.org/cld/case-law-doc/traffickingpersonscrimetype/geo/2012/case_no._281-12.html,traffickingpersonscrimetype,FOUND,1,1,1,1,en,1,5,1,2,1,2,1,3,1,1,1,1,1,1,1,1,1,1,1,1,1,1,0,0,0,0,,1,0,0,,FOUND
422,Garcia,BLZ002,https://www.unodc.org/cld/case-law-doc/traffickingpersonscrimetype/blz/2012/garcia.html,traffickingpersonscrimetype,FOUND,1,1,1,1,en,0,0,0,0,0,0,1,1,0,0,1,1,1,1,1,1,1,1,1,1,1,1,0,0,0,0,,1,0,0,,FOUND
423,Case No. K-133/11 (2012),SRB032,https://www.unodc.org/cld/case-law-doc/traffickingpersonscrimetype/srb/2012/case_no._k-13311_2012.html,traffickingpersonscrimetype,FOUND,1,1,1,1,en,1,4,1,1,0,0,1,4,1,3,1,1,1,1,2,1,1,4,1,4,8,1,0,0,0,0,,1,0,0,,FOUND
424,R v N.R.,JAM002,https://www.unodc.org/cld/case-law-doc/traffickingpersonscrimetype/jam/2012/r_v_n.r..html,traffickingpersonscrimetype,FOUND,1,1,1,1,en,0,0,0,0,0,0,1,4,1,1,1,1,1,1,1,1,1,1,1,1,1,1,1,2,0,0,,1,0,0,,FOUND
425,Mavericks Revue CC and Others v Director General of the Department of Home Affairs and Another,ZAF003,https://www.unodc.org/cld/case-law-doc/traffickingpersonscrimetype/zaf/2012/_mavericks_revue_cc_and_others_v_director_general_of_the_department_of_home_affairs_and_another.html,traffickingpersonscrimetype,FOUND,1,1,1,1,en,0,0,0,0,0,0,0,0,0,0,0,0,1,1,1,1,1,1,1,1,1,1,0,0,0,0,,1,0,0,,FOUND
426,Case No. 1-1416-28,UKR016,https://www.unodc.org/cld/case-law-doc/traffickingpersonscrimetype/ukr/2012/case_no._1-1416-28.html,traffickingpersonscrimetype,FOUND,1,1,1,1,en,0,0,0,0,0,0,1,3,1,4,1,1,1,1,1,1,1,2,1,2,4,1,0,0,0,0,,1,0,0,,FOUND
427,ACR 8574- PE (2002.83.00.008963-9),BRA058,https://www.unodc.org/cld/case-law-doc/traffickingpersonscrimetype/bra/2012/acr_8574-_pe_2002.83.00.008963-9.html,traffickingpersonscrimetype,FOUND,1,1,1,1,en,0,0,0,0,0,0,1,2,1,2,1,1,1,1,1,1,1,1,1,1,1,1,0,0,0,0,,1,0,0,,FOUND
428,Orellana,BLZ003,https://www.unodc.org/cld/case-law-doc/traffickingpersonscrimetype/blz/2012/orellana_.html,traffickingpersonscrimetype,FOUND,1,1,1,1,en,0,0,0,0,0,0,1,2,1,3,1,1,1,1,1,1,1,1,1,1,1,1,0,0,0,0,,1,0,0,,FOUND
429,CR.1939/2011,LSO002,https://www.unodc.org/cld/case-law-doc/traffickingpersonscrimetype/lso/2012/cr.19392011.html,traffickingpersonscrimetype,FOUND,1,1,1,1,en,1,2,1,1,1,1,1,2,1,1,1,1,1,1,1,1,1,1,1,1,1,1,0,0,0,0,,1,0,0,,FOUND
430,ACR 6930- PE (2004.83.00.007499-2),BRA065,https://www.unodc.org/cld/case-law-doc/criminalgroupcrimetype/bra/2012/acr_6930-_pe_2004.83.00.007499-2.html,criminalgroupcrimetype,FOUND,1,1,1,1,en,0,0,0,0,0,0,1,3,1,2,1,1,1,1,1,1,1,4,1,4,8,1,0,0,0,0,,2,0,0,,FOUND
431,1-12-700,EST007,https://www.unodc.org/cld/case-law-doc/traffickingpersonscrimetype/est/2012/1-12-700.html,traffickingpersonscrimetype,SECTION_ABSENT,0,0,0,0,,0,0,0,0,1,1,0,0,0,0,1,1,0,0,0,1,1,11,1,11,11,1,0,0,0,0,,1,0,0,,FOUND
432,Case No. 1-281-11,UKR015,https://www.unodc.org/cld/case-law-doc/traffickingpersonscrimetype/ukr/2012/case_no._1-281-11.html,traffickingpersonscrimetype,FOUND,1,1,1,1,en,0,0,0,0,0,0,1,3,1,3,1,1,1,1,1,1,1,2,1,2,2,1,0,0,0,0,,1,0,0,,FOUND
433,"United States v. Warren, 2014 WL 3805664 (D. Minn. Aug. 1, 2014)",USA169,https://www.unodc.org/cld/case-law-doc/traffickingpersonscrimetype/usa/2012/united_states_v._warren_2014_wl_3805664_d._minn._aug._1_2014.html,traffickingpersonscrimetype,FOUND,1,1,1,1,en,1,2,1,1,1,1,1,2,1,1,1,1,1,1,2,1,1,1,1,1,2,1,0,0,0,0,,1,0,0,,FOUND
434,Case No. 1-280-11,UKR014,https://www.unodc.org/cld/case-law-doc/traffickingpersonscrimetype/ukr/2012/case_no._1-280-11.html,traffickingpersonscrimetype,FOUND,1,1,1,1,en,0,0,0,0,0,0,1,3,1,3,1,1,1,1,1,1,1,2,1,2,6,1,0,0,0,0,,1,0,0,,FOUND
435,Sageer & Others v. State of U.P. & Others,IND020,https://www.unodc.org/cld/case-law-doc/traffickingpersonscrimetype/ind/2012/sageer_others_v._state_of_u.p._others.html,traffickingpersonscrimetype,FOUND,1,1,1,1,en,0,0,0,0,0,0,1,2,1,3,1,1,1,1,1,1,1,1,1,1,1,1,0,0,0,0,,1,0,0,,FOUND
436,Case No. 3067/2011,BGR010,https://www.unodc.org/cld/case-law-doc/traffickingpersonscrimetype/bgr/2012/case_no._30672011.html,traffickingpersonscrimetype,FOUND,1,1,1,1,en,0,0,0,0,0,0,1,5,1,4,1,1,1,1,1,1,1,3,1,3,3,1,0,0,0,0,,1,0,0,,FOUND
437,#1/6449-11,GEO003,https://www.unodc.org/cld/case-law-doc/traffickingpersonscrimetype/geo/2011/16449-11.html,traffickingpersonscrimetype,FOUND,1,1,1,1,en,0,0,0,0,0,0,1,2,1,1,1,1,1,1,2,1,1,1,1,1,2,1,0,0,0,0,,1,0,0,,FOUND
438,#1/6448-11,GEO001,https://www.unodc.org/cld/case-law-doc/traffickingpersonscrimetype/geo/2011/16448-11.html,traffickingpersonscrimetype,FOUND,1,1,1,1,en,0,0,0,0,0,0,1,2,1,1,1,1,1,1,1,1,1,1,1,1,1,1,0,0,0,0,,1,0,0,,FOUND
439,Chile v. M.A.M.W.,CHL006,https://www.unodc.org/cld/case-law-doc/traffickingpersonscrimetype/chl/2011/chile_v._m.a.m.w..html,traffickingpersonscrimetype,FOUND,1,1,2,2,en|es,0,0,0,0,0,0,1,5,0,0,1,1,1,1,2,1,1,1,1,1,1,1,3,6,3,3,Fact Summary|Defendants / Respondents in the first instance|Commentary and Significant Features,1,0,0,,FOUND
440,ECLI:NL:HR:2011:BR0448,NLD008,https://www.unodc.org/cld/case-law-doc/traffickingpersonscrimetype/nld/2011/eclinlhr2011br0448_.html,traffickingpersonscrimetype,FOUND,1,1,1,1,en,0,0,0,0,0,0,1,1,1,2,1,1,1,1,1,1,1,1,1,1,1,1,0,0,0,0,,1,0,0,,FOUND
441,Causa n° 14.280,ARG003,https://www.unodc.org/cld/case-law-doc/traffickingpersonscrimetype/arg/2011/causa_n_14.280.html,traffickingpersonscrimetype,FOUND,1,1,2,2,en|es,0,0,0,0,0,0,1,3,0,0,1,1,1,1,1,1,1,2,1,2,2,1,7,14,7,7,Fact Summary|Defendants / Respondents in the first instance|Defendants / Respondents in the first instance|Charges / Claims / Decisions|Charges / Claims / Decisions|Procedural Information|Sources / Citations,1,0,0,,FOUND
442,3 Tdo 105/2011,CZE001,https://www.unodc.org/cld/case-law-doc/traffickingpersonscrimetype/cze/2011/3_tdo_1052011.html,traffickingpersonscrimetype,FOUND,1,1,1,1,en,0,0,0,0,0,0,1,1,1,1,1,1,1,1,4,1,1,2,1,2,4,1,0,0,0,0,,1,0,0,,FOUND
443,ADD N. 88/11,TGO001,https://www.unodc.org/cld/case-law-doc/traffickingpersonscrimetype/tgo/2011/add_n._8811.html,traffickingpersonscrimetype,FOUND,1,1,2,2,en|fr,0,0,0,0,0,0,1,1,0,0,0,0,1,1,1,1,1,3,1,3,3,1,4,8,4,4,Fact Summary|Defendants / Respondents in the first instance|Commentary and Significant Features|Sources / Citations,1,0,0,,FOUND
444,Exp. N 135/10,ARG048,https://www.unodc.org/cld/case-law-doc/traffickingpersonscrimetype/arg/2011/exp._n_13510.html,traffickingpersonscrimetype,FOUND,1,1,2,2,en|es,0,0,0,0,0,0,1,4,1,3,1,1,1,1,5,1,1,3,1,3,3,1,4,8,4,4,Fact Summary|Defendants / Respondents in the first instance|Procedural Information|Sources / Citations,1,0,0,,FOUND
445,Processo nº 0001389-24.2002.4.03.6113,BRA019,https://www.unodc.org/cld/case-law-doc/traffickingpersonscrimetype/bra/2011/processo_n_0001389-24.2002.4.03.6113.html,traffickingpersonscrimetype,FOUND,1,1,1,1,en,0,0,0,0,0,0,1,2,1,2,1,1,1,1,2,1,1,1,1,1,1,1,0,0,0,0,,1,0,0,,FOUND
446,"Ministère public c. Martinez et autres N° 11/1185,",FRA011,https://www.unodc.org/cld/case-law-doc/traffickingpersonscrimetype/fra/2011/ministere_public_c._martinez_et_autres_n_111185.html,traffickingpersonscrimetype,FOUND,1,1,2,2,en|fr,0,0,0,0,0,0,1,4,1,1,1,1,1,1,1,1,1,5,1,5,6,1,6,12,6,6,Fact Summary|Defendants / Respondents in the first instance|Charges / Claims / Decisions|Commentary and Significant Features|Procedural Information|Sources / Citations,1,0,0,,FOUND
447,Case No. 1-1522-2027-11,UKR013,https://www.unodc.org/cld/case-law-doc/traffickingpersonscrimetype/ukr/2011/case_no._1-1522-2027-11.html,traffickingpersonscrimetype,FOUND,1,1,1,1,en,0,0,0,0,0,0,1,2,1,2,1,1,1,1,2,1,1,1,1,1,1,1,0,0,0,0,,1,0,0,,FOUND
448,ECLI:NL:HR:2011:BP9394,NLD003,https://www.unodc.org/cld/case-law-doc/traffickingpersonscrimetype/nld/2011/eclinlhr2011bp9394.html,traffickingpersonscrimetype,FOUND,1,1,1,1,en,0,0,0,0,0,0,1,4,1,2,1,3,1,1,1,1,1,1,1,1,3,1,0,0,0,0,,1,0,0,,FOUND
449,CRIM. CASE NO. Q-10-167293,PHL042,https://www.unodc.org/cld/case-law-doc/traffickingpersonscrimetype/phl/2011/crim._case_no._q-10-167293.html,traffickingpersonscrimetype,FOUND,1,1,1,1,en,0,0,0,0,0,0,1,5,1,5,1,1,1,1,3,1,1,3,1,3,3,1,0,0,0,0,,1,0,0,,FOUND
450,Processo n 0017108-17.2010.4.05.0000,BRA041,https://www.unodc.org/cld/case-law-doc/traffickingpersonscrimetype/bra/2011/processo_n_0017108-17.2010.4.05.0000.html,traffickingpersonscrimetype,FOUND,1,1,1,1,en,0,0,0,0,0,0,1,3,1,2,1,1,1,1,1,1,1,1,1,1,1,1,0,0,0,0,,1,0,0,,FOUND
451,Processo no. 004159-81.2005.4.05.8100,BRA018,https://www.unodc.org/cld/case-law-doc/traffickingpersonscrimetype/bra/2011/processo_no._004159-81.2005.4.05.8100.html,traffickingpersonscrimetype,FOUND,1,1,1,1,en,0,0,0,0,0,0,1,3,1,2,0,0,1,1,1,1,1,2,1,2,2,1,0,0,0,0,,1,0,0,,FOUND
452,"United States v. Webster, Case No 08-30311",USA148,https://www.unodc.org/cld/case-law-doc/drugcrimetype/usa/2011/united_states_v._webster_case_no_08-30311.html,drugcrimetype,FOUND,1,1,1,1,en,0,0,0,0,0,0,1,2,1,2,1,2,1,1,1,1,1,1,1,1,3,1,0,0,0,0,,2,0,0,,FOUND
453,Case No. 1-148-11,UKR012,https://www.unodc.org/cld/case-law-doc/traffickingpersonscrimetype/ukr/2011/case_no._1-148-11.html,traffickingpersonscrimetype,FOUND,1,1,1,1,en,0,0,0,0,0,0,1,3,1,3,1,1,1,1,1,1,1,2,1,2,3,1,0,0,0,0,,1,0,0,,FOUND
454,CRIM. CASE NO. CBU-86668,PHL037,https://www.unodc.org/cld/case-law-doc/traffickingpersonscrimetype/phl/2011/crim._case_no._cbu-86668.html,traffickingpersonscrimetype,FOUND,1,1,1,1,en,0,0,0,0,0,0,1,3,1,2,1,1,1,1,7,1,1,4,1,4,4,1,0,0,0,0,,1,0,0,,FOUND
455,Processo n 2005.70.00.032242-8,BRA033,https://www.unodc.org/cld/case-law-doc/criminalgroupcrimetype/bra/2011/processo_n_2005.70.00.032242-8.html,criminalgroupcrimetype,FOUND,1,1,1,1,en,0,0,0,0,0,0,1,2,0,0,1,1,1,1,4,1,1,6,1,6,7,1,0,0,0,0,,2,0,0,,FOUND
456,11-129361MED-OTIR/07,NOR003,https://www.unodc.org/cld/case-law-doc/traffickingpersonscrimetype/nor/2011/11-129361med-otir07.html,traffickingpersonscrimetype,FOUND,1,1,1,1,en,0,0,0,0,0,0,1,3,1,2,1,1,1,1,1,1,1,1,1,1,1,1,0,0,0,0,,1,0,0,,FOUND
457,"CRIM. CASE NO. 65, 507-09",PHL053,https://www.unodc.org/cld/case-law-doc/traffickingpersonscrimetype/phl/2011/crim._case_no._65_507-09.html,traffickingpersonscrimetype,FOUND,1,1,1,1,en,0,0,0,0,0,0,1,3,1,2,1,1,1,1,1,1,1,1,1,1,1,1,0,0,0,0,,1,0,0,,FOUND
458,The People Vs. Saidi Hamidu Mustaph 2SP/179/2009,ZMB001,https://www.unodc.org/cld/case-law-doc/traffickingpersonscrimetype/zmb/2011/the_people_vs._saidi_hamidu_mustaph_2sp1792009.html,traffickingpersonscrimetype,FOUND,1,1,1,1,en,1,2,1,1,0,0,1,2,1,1,0,0,1,1,1,1,1,1,1,1,1,0,0,0,0,0,,1,0,0,,FOUND
459,Case No. 1497-2011,GTM003,https://www.unodc.org/cld/case-law-doc/traffickingpersonscrimetype/gtm/2011/case_no._1497-2011.html,traffickingpersonscrimetype,FOUND,1,1,2,2,en|es,0,0,0,0,0,0,1,1,0,0,0,0,1,1,1,1,1,3,1,3,3,1,10,20,10,10,Fact Summary|Defendants / Respondents in the first instance|Defendants / Respondents in the first instance|Defendants / Respondents in the first instance|Charges / Claims / Decisions|Charges / Claims / Decisions|Charges / Claims / Decisions|Commentary and Significant Features|Procedural Information|Sources / Citations,1,0,0,,FOUND
460,Case No. 1-50-11,UKR011,https://www.unodc.org/cld/case-law-doc/traffickingpersonscrimetype/ukr/2011/case_no._1-50-11.html,traffickingpersonscrimetype,FOUND,1,1,1,1,en,0,0,0,0,0,0,1,4,1,4,1,1,1,1,5,1,1,3,1,3,6,1,0,0,0,0,,1,0,0,,FOUND
461,Ho v The Queen; Leech v The Queen [2011] VSCA 344 as related to DPP (Cth) v Ho & Ho [2009] VSC 437,AUS007,https://www.unodc.org/cld/case-law-doc/criminalgroupcrimetype/aus/2011/ho_v_the_queen_leech_v_the_queen_2011_vsca_344_as_related_to_dpp_cth_v_ho_ho_2009_vsc_437.html,criminalgroupcrimetype,FOUND,1,1,1,1,en,0,0,0,0,0,0,1,5,1,4,1,1,1,1,5,1,1,4,1,4,11,1,0,0,0,0,,2,0,0,,FOUND
462,Ho v The Queen; Leech v The Queen [2011] VSCA 344 as related to DPP (Cth) v Ho & Leech [2009] VSC 495,AUS008,https://www.unodc.org/cld/case-law-doc/criminalgroupcrimetype/aus/2011/ho_v_the_queen_leech_v_the_queen_2011_vsca_344_as_related_to_dpp_cth_v_ho_leech_2009_vsc_495.html,criminalgroupcrimetype,FOUND,1,1,1,1,en,0,0,0,0,0,0,1,5,1,4,1,1,1,1,1,1,1,2,1,2,3,1,0,0,0,0,,2,0,0,,FOUND
463,"United States v. Booker, 447 Fed. Appx. 726 (7th Cir. Wis. 2011)",USA171,https://www.unodc.org/cld/case-law-doc/traffickingpersonscrimetype/usa/2011/united_states_v._booker_447_fed._appx._726_7th_cir._wis._2011.html,traffickingpersonscrimetype,FOUND,1,1,1,1,en,1,2,1,1,1,1,1,1,1,1,1,1,1,1,1,1,1,2,1,2,2,1,0,0,0,0,,1,0,0,,FOUND
464,ACR 200451015370097RJ,BRA118,https://www.unodc.org/cld/case-law-doc/criminalgroupcrimetype/bra/2011/acr_200451015370097rj.html,criminalgroupcrimetype,FOUND,1,1,1,1,en,1,1,0,0,1,1,1,1,0,0,1,1,1,1,1,1,1,1,1,1,2,1,0,0,0,0,,2,0,0,,FOUND
465,Abaunza and Zelaya,NIC003,https://www.unodc.org/cld/case-law-doc/traffickingpersonscrimetype/nic/2011/abaunza_and_zelaya.html,traffickingpersonscrimetype,FOUND,1,1,2,2,en|es,0,0,0,0,0,0,1,1,1,1,1,1,1,1,1,1,1,2,1,2,2,1,4,8,4,4,Fact Summary|Defendants / Respondents in the first instance|Commentary and Significant Features|Sources / Citations,1,0,0,,FOUND
466,Processo 2306,ARG041,https://www.unodc.org/cld/case-law-doc/traffickingpersonscrimetype/arg/2011/processo_2306.html,traffickingpersonscrimetype,FOUND,1,1,2,2,en|es,0,0,0,0,0,0,1,5,1,1,1,1,1,1,1,1,1,7,1,7,7,1,4,8,4,4,Fact Summary|Commentary and Significant Features|Procedural Information|Sources / Citations,1,0,0,,FOUND
467,Dosar nr. 1ra – 663/2011,MDA048,https://www.unodc.org/cld/case-law-doc/traffickingpersonscrimetype/mda/2011/dosar_nr._1ra_6632011.html,traffickingpersonscrimetype,FOUND,1,1,1,1,en,0,0,0,0,0,0,0,0,0,0,0,0,1,1,1,1,1,1,1,1,1,1,0,0,0,0,,1,0,0,,FOUND
468,KO R 11/1073,FIN007,https://www.unodc.org/cld/case-law-doc/traffickingpersonscrimetype/fin/2011/ko_r_111073.html,traffickingpersonscrimetype,FOUND,1,1,1,1,en,1,1,1,2,1,1,1,1,1,2,1,2,1,1,2,1,1,1,1,1,3,1,0,0,0,0,,1,0,0,,FOUND
469,Case No B 1834-11,SWE023,https://www.unodc.org/cld/case-law-doc/traffickingpersonscrimetype/swe/2011/case_no_b_1834-11.html,traffickingpersonscrimetype,FOUND,1,1,1,1,en,0,0,0,0,0,0,1,3,1,4,1,1,1,1,1,1,1,2,1,2,5,1,0,0,0,0,,2,0,0,,FOUND
470,United States of America v. L.I.R.,USAx120,https://www.unodc.org/cld/case-law-doc/traffickingpersonscrimetype/usa/2011/united_states_of_america_v._l.i.r..html,traffickingpersonscrimetype,FOUND,1,1,1,1,en,1,4,1,1,1,1,0,0,0,0,0,0,0,0,0,1,1,1,0,0,0,1,0,0,0,0,,1,0,0,,FOUND
471,IV KK 162/11,POL011,https://www.unodc.org/cld/case-law-doc/traffickingpersonscrimetype/pol/2011/iv_kk_16211.html,traffickingpersonscrimetype,FOUND,1,1,1,1,en,0,0,0,0,0,0,1,1,1,1,1,1,1,1,2,1,1,3,1,3,15,1,0,0,0,0,,2,0,0,,FOUND
472,Case nº 3148/10,ARG034,https://www.unodc.org/cld/case-law-doc/traffickingpersonscrimetype/arg/2011/case_n_314810.html,traffickingpersonscrimetype,FOUND,1,1,2,2,en|es,0,0,0,0,1,1,1,4,1,2,1,1,1,1,1,1,1,3,1,3,3,1,6,12,6,5,Fact Summary|Defendants / Respondents in the first instance|Defendants / Respondents in the first instance|Procedural Information|Sources / Citations,1,3,3,DUPLICATE_TAB_PANE_ID|DUPLICATE_TAB_HREF|TAB_GROUP_MULTIPLE_ACTIVE_PANES,PARTIAL
473,No or Nok Moen,THA009,https://www.unodc.org/cld/case-law-doc/traffickingpersonscrimetype/tha/2011/no_or_nok_moen.html,traffickingpersonscrimetype,FOUND,1,1,1,1,en,0,0,0,0,0,0,1,2,1,1,1,1,1,1,1,1,1,1,1,1,3,1,0,0,0,0,,2,0,0,,FOUND
474,ACR 200850010049016ES,BRA126,https://www.unodc.org/cld/case-law-doc/traffickingpersonscrimetype/bra/2011/acr_200850010049016es.html,traffickingpersonscrimetype,FOUND,1,1,1,1,en,0,0,0,0,1,1,0,0,0,0,1,1,0,0,0,1,1,1,1,1,1,1,0,0,0,0,,1,0,0,,FOUND
475,Case No. 2158/2011,BGR002,https://www.unodc.org/cld/case-law-doc/traffickingpersonscrimetype/bgr/2011/case_no._21582011.html,traffickingpersonscrimetype,FOUND,1,1,1,1,en,0,0,0,0,0,0,1,3,1,2,1,1,1,1,1,1,1,3,1,3,8,1,0,0,0,0,,1,0,0,,FOUND
476,Case No. 11-1602-2011,UKR010,https://www.unodc.org/cld/case-law-doc/traffickingpersonscrimetype/ukr/2011/case_no._11-1602-2011.html,traffickingpersonscrimetype,FOUND,1,1,1,1,en,0,0,0,0,0,0,1,3,1,4,1,1,1,1,2,1,1,1,1,1,1,1,0,0,0,0,,1,0,0,,FOUND
477,CRIM. CASE NO. Q-06-142283,PHL048,https://www.unodc.org/cld/case-law-doc/traffickingpersonscrimetype/phl/2011/crim._case_no._q-06-142283.html,traffickingpersonscrimetype,FOUND,1,1,1,1,en,0,0,0,0,0,0,1,2,1,1,1,1,1,1,3,1,1,1,1,1,1,1,0,0,0,0,,1,0,0,,FOUND
478,1 T 194/2011,SVK004,https://www.unodc.org/cld/case-law-doc/traffickingpersonscrimetype/svk/2011/1_t_1942011_.html,traffickingpersonscrimetype,FOUND,1,1,1,1,en,0,0,0,0,0,0,1,3,1,3,1,1,1,1,1,1,1,1,1,1,1,1,0,0,0,0,,1,0,0,,FOUND
479,G.R. NO. 195419,PHL004,https://www.unodc.org/cld/case-law-doc/traffickingpersonscrimetype/phl/2011/g.r._no._195419.html,traffickingpersonscrimetype,FOUND,1,1,1,1,en,0,0,0,0,0,0,1,2,1,2,1,1,1,1,1,1,1,3,1,3,6,1,0,0,0,0,,1,0,0,,FOUND
480,Causa 2422,ARG037,https://www.unodc.org/cld/case-law-doc/traffickingpersonscrimetype/arg/2011/causa_2422.html,traffickingpersonscrimetype,FOUND,1,1,2,2,en|es,0,0,0,0,0,0,1,5,1,1,1,1,1,1,11,1,1,3,1,3,3,1,4,8,4,4,Fact Summary|Commentary and Significant Features|Procedural Information|Sources / Citations,1,0,0,,FOUND
481,Case No. 11-1686-11,UKR009,https://www.unodc.org/cld/case-law-doc/traffickingpersonscrimetype/ukr/2011/case_no._11-1686-11.html,traffickingpersonscrimetype,FOUND,1,1,1,1,en,0,0,0,0,0,0,1,3,1,4,1,1,1,1,1,1,1,1,1,1,2,1,0,0,0,0,,1,0,0,,FOUND
482,Case of Nikulinas,BLR002,https://www.unodc.org/cld/case-law-doc/traffickingpersonscrimetype/blr/2011/case_of_nikulinas_.html,traffickingpersonscrimetype,FOUND,1,1,1,1,en,0,0,0,0,0,0,1,4,1,1,1,1,1,1,1,1,1,2,1,2,2,1,0,0,0,0,,1,0,0,,FOUND
483,Sentencia No. 55/11,ARG015,https://www.unodc.org/cld/case-law-doc/traffickingpersonscrimetype/arg/2011/sentencia_no._5511.html,traffickingpersonscrimetype,FOUND,1,1,2,2,en|es,0,0,0,0,0,0,1,2,1,2,1,1,1,1,1,1,1,1,1,1,1,1,5,10,5,5,Fact Summary|Defendants / Respondents in the first instance|Commentary and Significant Features|Procedural Information|Sources / Citations,1,0,0,,FOUND
484,Causa n° 12.967,ARG004,https://www.unodc.org/cld/case-law-doc/traffickingpersonscrimetype/arg/2011/causa_n_12.967.html,traffickingpersonscrimetype,FOUND,1,1,2,2,en|es,0,0,0,0,0,0,1,5,1,1,1,1,1,1,1,1,1,1,1,1,1,1,5,10,5,5,Fact Summary|Charges / Claims / Decisions|Commentary and Significant Features|Procedural Information|Sources / Citations,1,0,0,,FOUND
485,Asha Tamang v. State of West Bengal,IND031,https://www.unodc.org/cld/case-law-doc/traffickingpersonscrimetype/ind/2011/asha_tamang_v._state_of_west_bengal_.html,traffickingpersonscrimetype,FOUND,1,1,1,1,en,0,0,0,0,0,0,1,3,1,2,1,1,1,1,1,1,1,1,1,1,2,1,0,0,0,0,,2,0,0,,FOUND
486,Case No. 1-209-11,UKR008,https://www.unodc.org/cld/case-law-doc/traffickingpersonscrimetype/ukr/2011/case_no._1-209-11.html,traffickingpersonscrimetype,FOUND,1,1,1,1,en,0,0,0,0,0,0,1,3,1,3,1,1,1,1,1,1,1,1,1,1,1,1,0,0,0,0,,1,0,0,,FOUND
487,Causa No. 392-C-2011,ARG017,https://www.unodc.org/cld/case-law-doc/traffickingpersonscrimetype/arg/2011/causa_no._392-c-2011.html,traffickingpersonscrimetype,FOUND,1,1,2,2,en|es,0,0,0,0,0,0,1,1,1,2,1,1,1,1,1,1,1,1,1,1,2,1,4,8,4,3,Fact Summary|Defendants / Respondents in the first instance|Procedural Information,1,3,3,DUPLICATE_TAB_PANE_ID|DUPLICATE_TAB_HREF|TAB_GROUP_MULTIPLE_ACTIVE_PANES,PARTIAL
488,Causa n°1264 - 10,ARG025,https://www.unodc.org/cld/case-law-doc/traffickingpersonscrimetype/arg/2011/causa_n1264_-_10.html,traffickingpersonscrimetype,FOUND,1,1,2,2,en|es,0,0,0,0,0,0,1,5,1,3,1,1,1,1,2,1,1,4,1,4,4,1,4,8,4,4,Fact Summary|Defendants / Respondents in the first instance|Procedural Information|Sources / Citations,1,0,0,,FOUND
489,United States v. Medrano,USA023,https://www.unodc.org/cld/case-law-doc/traffickingpersonscrimetype/usa/2011/united_states_v._medrano.html,traffickingpersonscrimetype,FOUND,1,1,1,1,en,0,0,0,0,0,0,1,3,1,4,1,2,1,1,2,1,1,1,1,1,1,1,0,0,0,0,,1,0,0,,FOUND
490,14Os93/11z,AUT005,https://www.unodc.org/cld/case-law-doc/traffickingpersonscrimetype/aut/2011/14os9311z.html,traffickingpersonscrimetype,FOUND,1,1,1,1,en,0,0,0,0,0,0,1,2,1,2,1,1,1,1,2,1,1,1,1,1,3,1,0,0,0,0,,2,0,0,,FOUND
491,Processo n 0004205-40.2011.404.0000,BRA039,https://www.unodc.org/cld/case-law-doc/traffickingpersonscrimetype/bra/2011/processo_n_0004205-40.2011.404.0000.html,traffickingpersonscrimetype,FOUND,1,1,1,1,en,0,0,0,0,0,0,1,4,1,3,1,1,1,1,4,1,1,3,1,3,3,1,0,0,0,0,,1,0,0,,FOUND
492,"S. B. Versus S. I. of Police, Pallickal Police Station and Another",IND022,https://www.unodc.org/cld/case-law-doc/traffickingpersonscrimetype/ind/2011/s._b._versus_s._i._of_police_pallickal_police_station_and_another.html,traffickingpersonscrimetype,FOUND,1,1,1,1,en,0,0,0,0,0,0,1,4,1,4,1,1,1,1,1,1,1,2,1,2,2,1,0,0,0,0,,1,0,0,,FOUND
493,"Republic of the Marshall Islands v. Chen Xiaojiao, aka Mary Chen",MHL001,https://www.unodc.org/cld/case-law-doc/traffickingpersonscrimetype/mhl/2011/republic_of_the_marshall_islands_v._chen_xiaojiao_aka_mary_chen_.html,traffickingpersonscrimetype,FOUND,1,1,1,1,en,0,0,0,0,0,0,1,2,1,3,1,1,1,1,2,1,1,1,1,1,5,1,0,0,0,0,,1,0,0,,FOUND
494,Causa n° 2537,ARG024,https://www.unodc.org/cld/case-law-doc/traffickingpersonscrimetype/arg/2011/causa_n_2537.html,traffickingpersonscrimetype,FOUND,1,1,2,2,en|es,0,0,0,0,0,0,1,4,1,2,1,1,1,1,3,1,1,1,1,1,1,1,4,8,4,4,Fact Summary|Defendants / Respondents in the first instance|Procedural Information|Sources / Citations,1,0,0,,FOUND
495,Causa N 2044/1,ARG049,https://www.unodc.org/cld/case-law-doc/traffickingpersonscrimetype/arg/2011/causa_n_20441_.html,traffickingpersonscrimetype,FOUND,1,1,2,2,en|es,0,0,0,0,0,0,1,1,1,1,1,1,1,1,1,1,1,1,1,1,1,1,5,10,5,5,Fact Summary|Defendants / Respondents in the first instance|Commentary and Significant Features|Procedural Information|Sources / Citations,1,0,0,,FOUND
496,Martinez and Baez,NIC002,https://www.unodc.org/cld/case-law-doc/traffickingpersonscrimetype/nic/2011/martinez_and_baez.html,traffickingpersonscrimetype,FOUND,1,1,2,2,en|es,0,0,0,0,0,0,1,1,1,2,1,1,1,1,4,1,1,2,1,2,2,1,4,8,4,4,Fact Summary|Defendants / Respondents in the first instance|Commentary and Significant Features|Sources / Citations,1,0,0,,FOUND
497,CRIM. CASE NO. 06-28757,PHL041,https://www.unodc.org/cld/case-law-doc/traffickingpersonscrimetype/phl/2011/crim._case_no._06-28757.html,traffickingpersonscrimetype,FOUND,1,1,1,1,en,0,0,0,0,0,0,1,5,1,5,1,1,1,1,6,1,1,1,1,1,1,1,0,0,0,0,,1,0,0,,FOUND
498,United States v. Edk Kenit,USA160,https://www.unodc.org/cld/case-law-doc/traffickingpersonscrimetype/usa/2011/united_states_v._edk_kenit.html,traffickingpersonscrimetype,FOUND,1,1,1,1,en,0,0,0,0,0,0,1,2,1,3,1,2,1,1,1,1,1,2,1,2,2,1,0,0,0,0,,1,0,0,,FOUND
499,Processo 174/09,PRT003,https://www.unodc.org/cld/case-law-doc/traffickingpersonscrimetype/prt/2011/processo_17409_.html,traffickingpersonscrimetype,FOUND,1,1,1,1,en,0,0,0,0,0,0,1,3,1,4,1,1,1,1,1,1,1,1,1,1,3,1,0,0,0,0,,1,0,0,,FOUND
500,United States v. Dann,USA019,https://www.unodc.org/cld/case-law-doc/traffickingpersonscrimetype/usa/2011/united_states_v._dann.html,traffickingpersonscrimetype,FOUND,1,1,1,1,en,0,0,0,0,0,0,1,2,1,3,1,1,1,1,1,1,1,1,1,1,5,1,0,0,0,0,,1,0,0,,FOUND
501,ACR 2011.038907-2 SC,BRA084,https://www.unodc.org/cld/case-law-doc/traffickingpersonscrimetype/bra/2011/acr_2011.038907-2_sc.html,traffickingpersonscrimetype,FOUND,1,1,1,1,en,1,2,1,1,1,1,0,0,0,0,0,0,1,1,2,1,1,2,1,2,6,1,0,0,0,0,,1,0,0,,FOUND
502,ACR 201050010005676ES,BRA124,https://www.unodc.org/cld/case-law-doc/criminalgroupcrimetype/bra/2011/acr_201050010005676es.html,criminalgroupcrimetype,FOUND,1,1,1,1,en,1,1,1,1,1,1,1,1,1,1,1,1,1,1,1,1,1,1,1,1,3,1,0,0,0,0,,3,0,0,,FOUND
503,ACR 200850010007540ES,BRA122,https://www.unodc.org/cld/case-law-doc/criminalgroupcrimetype/bra/2011/acr_200850010007540es.html,criminalgroupcrimetype,FOUND,1,1,1,1,en,1,3,1,1,1,1,1,3,1,1,1,1,1,1,1,1,1,6,1,6,15,1,0,0,0,0,,3,0,0,,FOUND
504,Case No. 1-171-2011,UKR007,https://www.unodc.org/cld/case-law-doc/traffickingpersonscrimetype/ukr/2011/case_no._1-171-2011.html,traffickingpersonscrimetype,FOUND,1,1,1,1,en,0,0,0,0,0,0,1,3,1,3,1,1,1,1,1,1,1,1,1,1,2,1,0,0,0,0,,1,0,0,,FOUND
505,Kassymgaliyev et al,KAZ003,https://www.unodc.org/cld/case-law-doc/traffickingpersonscrimetype/kaz/2011/kassymgaliyev_et_al_.html,traffickingpersonscrimetype,FOUND,1,1,1,1,en,0,0,0,0,0,0,1,4,1,5,1,1,0,0,0,1,1,6,1,6,20,1,0,0,0,0,,1,0,0,,FOUND
506,R. v S.K. [2011] EWCA Crim 1691,GBR020,https://www.unodc.org/cld/case-law-doc/traffickingpersonscrimetype/gbr/2011/r._v_s.k._2011_ewca_crim_1691.html,traffickingpersonscrimetype,FOUND,1,1,1,1,en,0,0,0,0,0,0,1,4,1,1,1,1,1,1,1,1,1,1,1,1,1,1,0,0,0,0,,1,0,0,,FOUND
507,United States v Robinson,USA135,https://www.unodc.org/cld/case-law-doc/traffickingpersonscrimetype/usa/2011/united_states_v_robinson_.html,traffickingpersonscrimetype,FOUND,1,1,1,1,en,0,0,0,0,0,0,1,2,1,3,1,1,0,0,0,1,1,17,1,17,63,1,0,0,0,0,,1,0,0,,FOUND
508,KO R 11/7955,FIN008,https://www.unodc.org/cld/case-law-doc/traffickingpersonscrimetype/fin/2011/ko_r_117955.html,traffickingpersonscrimetype,FOUND,1,1,1,1,en,0,0,0,0,0,0,1,1,1,2,1,2,1,1,1,1,1,1,1,1,6,1,0,0,0,0,,2,0,0,,FOUND
509,Case N 2338,ARG040,https://www.unodc.org/cld/case-law-doc/traffickingpersonscrimetype/arg/2011/case_n_2338.html,traffickingpersonscrimetype,FOUND,1,1,2,2,en|es,0,0,0,0,0,0,1,1,1,1,1,1,1,1,1,1,1,1,1,1,1,1,4,8,4,4,Fact Summary|Commentary and Significant Features|Procedural Information|Sources / Citations,1,0,0,,FOUND
510,United States v. Robert C. Daniels,USA126,https://www.unodc.org/cld/case-law-doc/traffickingpersonscrimetype/usa/2011/united_states_v._robert_c._daniels_.html,traffickingpersonscrimetype,FOUND,1,1,1,1,en,0,0,0,0,0,0,1,3,1,1,1,1,1,1,1,1,1,2,1,2,6,1,0,0,0,0,,1,0,0,,FOUND
511,Case no B 4140-11,SWE013,https://www.unodc.org/cld/case-law-doc/traffickingpersonscrimetype/swe/2011/case_no_b_4140-11.html,traffickingpersonscrimetype,FOUND,1,1,1,1,en,0,0,0,0,0,0,1,1,1,1,1,1,1,1,4,1,1,1,1,1,2,1,0,0,0,0,,2,0,0,,FOUND
512,Causa N 2359,ARG039,https://www.unodc.org/cld/case-law-doc/traffickingpersonscrimetype/arg/2011/causa_n_2359.html,traffickingpersonscrimetype,FOUND,1,1,2,2,en|es,0,0,0,0,0,0,1,1,1,2,1,1,1,1,1,1,1,2,1,2,4,1,5,10,5,5,Fact Summary|Defendants / Respondents in the first instance|Commentary and Significant Features|Procedural Information|Sources / Citations,1,0,0,,FOUND
513,Processo n 2004.81.00.018889-0,BRA056,https://www.unodc.org/cld/case-law-doc/criminalgroupcrimetype/bra/2011/processo_n_2004.81.00.018889-0.html,criminalgroupcrimetype,FOUND,1,1,1,1,en,0,0,0,0,0,0,1,3,1,1,1,1,1,1,1,1,1,4,1,4,17,1,0,0,0,0,,3,0,0,,FOUND
514,CRIM. CASE NO. 22969,PHL051,https://www.unodc.org/cld/case-law-doc/traffickingpersonscrimetype/phl/2011/crim._case_no._22969.html,traffickingpersonscrimetype,FOUND,1,1,1,1,en,0,0,0,0,0,0,1,4,1,2,1,1,1,1,2,1,1,1,1,1,2,1,0,0,0,0,,1,0,0,,FOUND
515,Molina and Fitona,NIC006,https://www.unodc.org/cld/case-law-doc/traffickingpersonscrimetype/nic/2011/molina_and_fitona.html,traffickingpersonscrimetype,FOUND,1,1,2,2,en|es,0,0,0,0,0,0,1,1,1,1,1,1,1,1,2,1,1,2,1,2,2,1,4,8,3,3,Fact Summary|Defendants / Respondents in the first instance|Sources / Citations,1,0,0,,FOUND
516,Causa n° 13.607,ARG005,https://www.unodc.org/cld/case-law-doc/traffickingpersonscrimetype/arg/2011/causa_n_13.607.html,traffickingpersonscrimetype,FOUND,1,1,2,2,en|es,0,0,0,0,0,0,1,5,1,3,1,1,1,1,3,1,1,2,1,2,2,1,7,14,7,7,Fact Summary|Defendants / Respondents in the first instance|Defendants / Respondents in the first instance|Charges / Claims / Decisions|Charges / Claims / Decisions|Procedural Information|Sources / Citations,1,0,0,,FOUND
517,CRIM. CASE NO. 135682,PHL049,https://www.unodc.org/cld/case-law-doc/traffickingpersonscrimetype/phl/2011/crim._case_no._135682.html,traffickingpersonscrimetype,FOUND,1,1,1,1,en,0,0,0,0,0,0,1,3,1,1,1,1,1,1,4,1,1,1,1,1,1,1,0,0,0,0,,1,0,0,,FOUND
518,United States v. Jaron Brice,USA157,https://www.unodc.org/cld/case-law-doc/traffickingpersonscrimetype/usa/2011/united_states_v._jaron_brice.html,traffickingpersonscrimetype,FOUND,1,1,1,1,en,0,0,0,0,0,0,1,2,1,2,1,1,1,1,2,1,1,1,1,1,4,1,0,0,0,0,,1,0,0,,FOUND
519,Dosar nr. 1ra – 503/2011,MDA060,https://www.unodc.org/cld/case-law-doc/traffickingpersonscrimetype/mda/2011/dosar_nr._1ra_5032011.html,traffickingpersonscrimetype,FOUND,1,1,1,1,en,0,0,0,0,0,0,1,2,1,1,1,1,1,1,1,1,1,1,1,1,1,1,0,0,0,0,,1,0,0,,FOUND
520,M.J.M.M. and Somarriba,NIC004,https://www.unodc.org/cld/case-law-doc/traffickingpersonscrimetype/nic/2011/m.j.m.m._and_somarriba.html,traffickingpersonscrimetype,FOUND,1,1,2,2,en|es,0,0,0,0,0,0,1,3,1,1,1,1,1,1,2,1,1,2,1,2,2,1,5,10,4,4,Fact Summary|Defendants / Respondents in the first instance|Commentary and Significant Features|Sources / Citations,1,0,0,,FOUND
521,Case N 2.021/10,ARG045,https://www.unodc.org/cld/case-law-doc/traffickingpersonscrimetype/arg/2011/case_n_2.02110.html,traffickingpersonscrimetype,FOUND,1,1,2,2,en|es,0,0,0,0,0,0,1,2,0,0,1,1,1,1,1,1,1,2,1,2,2,1,4,8,4,4,Fact Summary|Commentary and Significant Features|Procedural Information|Sources / Citations,1,0,0,,FOUND
522,Conviction KOK.br.52/10,MKD001,https://www.unodc.org/cld/case-law-doc/traffickingpersonscrimetype/mkd/2011/conviction_kok.br.5210.html,traffickingpersonscrimetype,FOUND,1,1,1,1,en,0,0,0,0,0,0,1,2,1,1,1,2,1,1,2,1,1,2,1,2,2,1,1,2,0,0,,1,0,0,,FOUND
523,Case No. 1-409-2011,UKR006,https://www.unodc.org/cld/case-law-doc/traffickingpersonscrimetype/ukr/2011/case_no._1-409-2011.html,traffickingpersonscrimetype,FOUND,1,1,1,1,en,0,0,0,0,0,0,1,1,1,2,1,1,1,1,1,1,1,1,1,1,1,1,0,0,0,0,,1,0,0,,FOUND
524,2 Tm 1/2011,CZE013,https://www.unodc.org/cld/case-law-doc/traffickingpersonscrimetype/cze/2011/2_tm_12011.html,traffickingpersonscrimetype,FOUND,1,1,1,1,en,0,0,0,0,0,0,1,1,1,1,1,1,1,1,1,1,1,1,1,1,1,1,0,0,0,0,,1,0,0,,FOUND
525,"Cass. pen. Sez. V, n. 2775",ITA007,https://www.unodc.org/cld/case-law-doc/traffickingpersonscrimetype/ita/2011/cass._pen._sez._v_n._2775.html,traffickingpersonscrimetype,FOUND,1,1,1,1,en,1,3,1,3,0,0,1,3,1,3,1,1,1,1,3,1,1,1,1,1,3,1,0,0,0,0,,1,0,0,,FOUND
526,Dosar nr 1ra - 495/2011,MDA041,https://www.unodc.org/cld/case-law-doc/traffickingpersonscrimetype/mda/2011/dosar_nr_1ra_-_4952011.html,traffickingpersonscrimetype,FOUND,1,1,1,1,en,0,0,0,0,0,0,1,2,1,2,1,1,1,1,2,1,1,1,1,1,2,1,0,0,0,0,,1,0,0,,FOUND
527,Processo n 2007.61.81.001663-8,BRA048,https://www.unodc.org/cld/case-law-doc/criminalgroupcrimetype/bra/2011/processo_n_2007.61.81.001663-8.html,criminalgroupcrimetype,FOUND,1,1,1,1,en,0,0,0,0,0,0,1,1,1,1,1,1,1,1,1,1,1,1,1,1,3,1,0,0,0,0,,3,0,0,,FOUND
528,Dosar nr 4 -1re - 190/2011,MDA015,https://www.unodc.org/cld/case-law-doc/traffickingpersonscrimetype/mda/2011/_dosar_nr_4_-1re_-_1902011.html,traffickingpersonscrimetype,FOUND,1,1,1,1,en,0,0,0,0,0,0,1,2,1,1,1,1,1,1,1,1,1,1,1,1,1,1,0,0,0,0,,1,0,0,,FOUND
529,Case No B 5971-10,SWE008,https://www.unodc.org/cld/case-law-doc/illicitfirearmscrimetype/swe/2011/case_no_b_5971-10.html,illicitfirearmscrimetype,FOUND,1,1,1,1,en,0,0,0,0,0,0,1,2,1,3,1,3,1,1,5,1,1,3,1,3,9,1,0,0,0,0,,3,0,0,,FOUND
530,CRIM. CASES NOS. 09-459 and 09-1968,PHL028,https://www.unodc.org/cld/case-law-doc/traffickingpersonscrimetype/phl/2011/crim._cases_nos._09-459_and_09-1968.html,traffickingpersonscrimetype,FOUND,1,1,1,1,en,0,0,0,0,0,0,1,1,0,0,1,1,1,1,1,1,1,1,1,1,4,1,0,0,0,0,,1,0,0,,FOUND
531,Case No. 1-48-2011,UKR005,https://www.unodc.org/cld/case-law-doc/traffickingpersonscrimetype/ukr/2011/case_no._1-48-2011.html,traffickingpersonscrimetype,FOUND,1,1,1,1,en,0,0,0,0,0,0,1,3,1,1,1,1,1,1,7,1,1,1,1,1,6,1,0,0,0,0,,1,0,0,,FOUND
532,Case No. 72-2011,GTM007,https://www.unodc.org/cld/case-law-doc/traffickingpersonscrimetype/gtm/2011/case_no._72-2011_.html,traffickingpersonscrimetype,FOUND,1,1,2,2,en|es,0,0,0,0,0,0,1,1,1,1,0,0,1,1,2,1,1,1,1,1,2,1,6,12,6,6,Fact Summary|Defendants / Respondents in the first instance|Charges / Claims / Decisions|Commentary and Significant Features|Procedural Information|Sources / Citations,1,0,0,,FOUND
533,Case No. 48- O11-49,RUS006,https://www.unodc.org/cld/case-law-doc/traffickingpersonscrimetype/rus/2011/case_no._48-_o11-49.html,traffickingpersonscrimetype,FOUND,1,1,1,1,en,0,0,0,0,0,0,1,5,1,2,1,1,0,0,0,1,1,1,0,0,0,1,0,0,0,0,,1,0,0,,FOUND
534,O.O.O. and Others v Commissioner of Police for the Metropolis,GBR006,https://www.unodc.org/cld/case-law-doc/traffickingpersonscrimetype/gbr/2011/o.o.o._and_others_v_commissioner_of_police_for_the_metropolis.html,traffickingpersonscrimetype,FOUND,1,1,1,1,en,0,0,0,0,0,0,1,1,1,3,1,3,1,1,4,1,1,1,1,1,3,1,0,0,0,0,,1,0,0,,FOUND
535,Case No. 1-124-11,UKR020,https://www.unodc.org/cld/case-law-doc/traffickingpersonscrimetype/ukr/2011/case_no._1-124-11.html,traffickingpersonscrimetype,FOUND,1,1,1,1,en,0,0,0,0,0,0,1,3,1,3,1,1,1,1,1,1,1,1,1,1,1,1,0,0,0,0,,1,0,0,,FOUND
536,Sentence N° 1199,ARG059,https://www.unodc.org/cld/case-law-doc/traffickingpersonscrimetype/arg/2011/sentence_n_1199.html,traffickingpersonscrimetype,FOUND,1,1,2,2,en|es,0,0,0,0,0,0,1,3,1,2,1,2,1,1,1,1,1,4,1,4,6,1,6,12,6,6,Fact Summary|Defendants / Respondents in the first instance|Defendants / Respondents in the first instance|Defendants / Respondents in the first instance|Defendants / Respondents in the first instance|Commentary and Significant Features,1,0,0,,FOUND
537,Causa n°3238-A,ARG019,https://www.unodc.org/cld/case-law-doc/traffickingpersonscrimetype/arg/2011/causa_n3238-a.html,traffickingpersonscrimetype,FOUND,1,1,2,2,en|es,0,0,0,0,0,0,1,4,1,2,1,1,1,1,1,1,1,4,1,4,4,1,3,6,3,3,Fact Summary|Defendants / Respondents in the first instance|Sources / Citations,1,0,0,,FOUND
538,Causa n 2977 10,ARG035,https://www.unodc.org/cld/case-law-doc/illicitfirearmscrimetype/arg/2011/causa_n_2977_10.html,illicitfirearmscrimetype,FOUND,1,1,2,2,en|es,0,0,0,0,0,0,1,4,1,3,1,1,1,1,3,1,1,2,1,2,5,1,4,8,4,4,Fact Summary|Defendants / Respondents in the first instance|Commentary and Significant Features|Sources / Citations,2,0,0,,FOUND
539,Siti Rashidah bt Razali [2011] 6 MLJ 417,MYSX002,https://www.unodc.org/cld/case-law-doc/migrantsmugglingcrimetype/mys/2011/siti_rashidah_bt_razali_2011_6_mlj_417.html,migrantsmugglingcrimetype,FOUND,1,1,1,1,en,0,0,0,0,0,0,0,0,0,0,0,0,1,1,3,1,1,2,1,2,6,0,0,0,0,0,,2,0,0,,FOUND
540,Causa n°62-09,ARG008,https://www.unodc.org/cld/case-law-doc/traffickingpersonscrimetype/arg/2011/causa_n62-09.html,traffickingpersonscrimetype,FOUND,1,1,2,2,en|es,0,0,0,0,0,0,1,5,1,3,1,1,1,1,1,1,1,2,1,2,2,1,4,8,4,4,Fact Summary|Defendants / Respondents in the first instance|Procedural Information|Sources / Citations,1,0,0,,FOUND
541,Processo nº 0008963-79.2002.4.05.8300,BRA066,https://www.unodc.org/cld/case-law-doc/traffickingpersonscrimetype/bra/2011/processo_n_0008963-79.2002.4.05.8300.html,traffickingpersonscrimetype,FOUND,1,1,1,1,en,0,0,0,0,0,0,1,2,1,2,1,1,1,1,2,1,1,1,1,1,1,1,0,0,0,0,,1,0,0,,FOUND
542,Case No. 1-26-2011,UKR003,https://www.unodc.org/cld/case-law-doc/traffickingpersonscrimetype/ukr/2011/case_no._1-26-2011.html,traffickingpersonscrimetype,FOUND,1,1,1,1,en,0,0,0,0,0,0,1,5,1,4,1,1,1,1,2,1,1,5,1,5,6,1,0,0,0,0,,1,0,0,,FOUND
543,Case No. 51- O11-53,RUS005,https://www.unodc.org/cld/case-law-doc/traffickingpersonscrimetype/rus/2011/case_no._51-_o11-53.html,traffickingpersonscrimetype,SECTION_ABSENT,0,0,0,0,,0,0,0,0,0,0,0,0,1,2,0,0,0,0,0,1,1,1,0,0,0,1,0,0,0,0,,1,0,0,,FOUND
544,Docket Number - 1:10cr583 [2011],USA165,https://www.unodc.org/cld/case-law-doc/traffickingpersonscrimetype/usa/2011/docket_number_-_110cr583_2011.html,traffickingpersonscrimetype,FOUND,1,1,1,1,en,1,3,1,2,1,1,1,3,1,2,1,1,1,1,1,1,1,1,1,1,1,1,0,0,0,0,,1,0,0,,FOUND
545,EXP. N.° 01024-2011-PHC/TC,PER002,https://www.unodc.org/cld/case-law-doc/traffickingpersonscrimetype/per/2011/exp._n._01024-2011-phctc.html,traffickingpersonscrimetype,FOUND,1,1,2,2,en|es,0,0,0,0,0,0,0,0,0,0,0,0,1,1,1,1,1,1,1,1,1,1,6,12,6,6,Fact Summary|Defendants / Respondents in the first instance|Commentary and Significant Features|Procedural Information|Sources / Citations|unheaded:unheaded,1,0,0,,FOUND
546,Case no B 87-11,SWE014,https://www.unodc.org/cld/case-law-doc/traffickingpersonscrimetype/swe/2011/case_no_b_87-11.html,traffickingpersonscrimetype,FOUND,1,1,1,1,en,0,0,0,0,0,0,1,4,1,3,1,1,1,1,4,1,1,8,1,8,14,1,0,0,0,0,,2,0,0,,FOUND
547,Dosar nr 1ra - 144/2011,MDA013,https://www.unodc.org/cld/case-law-doc/traffickingpersonscrimetype/mda/2011/dosar_nr_1ra_-_1442011.html,traffickingpersonscrimetype,FOUND,1,1,1,1,en,0,0,0,0,0,0,1,3,1,1,1,1,1,1,1,1,1,1,1,1,1,1,0,0,0,0,,1,0,0,,FOUND
548,Dosar nr 1ra - 309/2011,MDA021,https://www.unodc.org/cld/case-law-doc/traffickingpersonscrimetype/mda/2011/dosar_nr_1ra_-_3092011.html,traffickingpersonscrimetype,FOUND,1,1,1,1,en,0,0,0,0,0,0,1,3,1,2,1,1,1,1,1,1,1,1,1,1,1,1,0,0,0,0,,1,0,0,,FOUND
549,Auto Supremo No. 259 Sucre - Michael Gerard Marroquin 3,BOL004,https://www.unodc.org/cld/case-law-doc/traffickingpersonscrimetype/bol/2011/auto_supremo_no._259_sucre_-_michael_gerard_marroquin_3.html,traffickingpersonscrimetype,FOUND,1,1,2,2,en|es,0,0,0,0,0,0,0,0,0,0,1,1,1,1,3,1,1,1,1,1,2,1,6,12,6,6,Fact Summary|Defendants / Respondents in the first instance|Commentary and Significant Features|Procedural Information|Sources / Citations|unheaded:unheaded,2,0,0,,FOUND
550,CRIM. CASE NO. 2009-337,PHL007,https://www.unodc.org/cld/case-law-doc/traffickingpersonscrimetype/phl/2011/crim._case_no._2009-337.html,traffickingpersonscrimetype,FOUND,1,1,1,1,en,0,0,0,0,0,0,1,5,1,3,1,1,1,1,9,1,1,5,1,5,5,1,0,0,0,0,,1,0,0,,FOUND
551,PenalCriminal Case No. 175/2010,MEX001,https://www.unodc.org/cld/case-law-doc/traffickingpersonscrimetype/mex/2011/penalcriminal_case_no._1752010_.html,traffickingpersonscrimetype,FOUND,1,1,2,2,en|es,0,0,0,0,0,0,1,5,1,2,1,1,1,1,1,1,1,4,1,4,4,1,5,10,5,5,Fact Summary|Defendants / Respondents in the first instance|Charges / Claims / Decisions|Commentary and Significant Features|Sources / Citations,1,0,0,,FOUND
552,Sentencia No 17/11,ARG012,https://www.unodc.org/cld/case-law-doc/traffickingpersonscrimetype/arg/2011/sentencia_no_1711.html,traffickingpersonscrimetype,FOUND,1,1,2,2,en|es,0,0,0,0,0,0,1,3,1,4,1,1,1,1,2,1,1,1,1,1,2,1,4,8,4,4,Fact Summary|Defendants / Respondents in the first instance|Procedural Information|Sources / Citations,1,0,0,,FOUND
553,Crim. Case No. CBU-81127/28,PHLx003,https://www.unodc.org/cld/case-law-doc/criminalgroupcrimetype/phl/2011/crim._case_no._cbu-8112728.html,criminalgroupcrimetype,FOUND,1,1,1,1,en,0,0,0,0,0,0,0,0,0,0,0,0,0,0,0,1,1,2,1,2,4,0,0,0,0,0,,2,0,0,,FOUND
554,4 T 5/2010,CZE022,https://www.unodc.org/cld/case-law-doc/traffickingpersonscrimetype/cze/2011/4_t_52010.html,traffickingpersonscrimetype,FOUND,1,1,1,1,en,0,0,0,0,0,0,1,3,1,3,1,1,1,1,2,1,1,3,1,3,3,1,0,0,0,0,,1,0,0,,FOUND
555,Lirong,TON001,https://www.unodc.org/cld/case-law-doc/traffickingpersonscrimetype/ton/2011/lirong.html,traffickingpersonscrimetype,FOUND,1,1,1,1,en,0,0,0,0,0,0,1,4,1,4,1,1,1,1,2,1,1,1,1,1,3,1,0,0,0,0,,1,0,0,,FOUND
556,Pp v. Wong Tak Leong [2011] MYSSHC 177,MYSx003,https://www.unodc.org/cld/case-law-doc/traffickingpersonscrimetype/mys/2011/pp_v._wong_tak_leong_2011_mysshc_177.html,traffickingpersonscrimetype,FOUND,1,1,1,1,en,1,4,1,1,1,1,1,3,0,0,1,1,1,1,1,1,1,1,1,1,1,1,0,0,0,0,,1,0,0,,FOUND
557,Case No. 1-70-11,UKR002,https://www.unodc.org/cld/case-law-doc/traffickingpersonscrimetype/ukr/2011/case_no._1-70-11.html,traffickingpersonscrimetype,FOUND,1,1,1,1,en,0,0,0,0,0,0,1,1,1,4,1,1,1,1,5,1,1,2,1,2,4,1,0,0,0,0,,1,0,0,,FOUND
558,Bachpan Bachao Andolan v. Union of India (UOI) and Ors,IND014,https://www.unodc.org/cld/case-law-doc/traffickingpersonscrimetype/ind/2011/bachpan_bachao_andolan_v._union_of_india_uoi_and_ors_.html,traffickingpersonscrimetype,FOUND,1,1,1,1,en,0,0,0,0,0,0,1,5,1,3,1,2,1,1,2,1,1,1,1,1,1,1,0,0,0,0,,1,0,0,,FOUND
559,IV KK 52/11,POL014,https://www.unodc.org/cld/case-law-doc/traffickingpersonscrimetype/pol/2011/iv_kk_5211.html,traffickingpersonscrimetype,FOUND,1,1,1,1,en,0,0,0,0,0,0,1,3,1,2,1,1,1,1,2,1,1,2,1,2,3,1,0,0,0,0,,1,0,0,,FOUND
560,Case No. 2011/ 1242,TUR001,https://www.unodc.org/cld/case-law-doc/traffickingpersonscrimetype/tur/2011/case_no._2011_1242.html,traffickingpersonscrimetype,FOUND,1,1,1,1,en,0,0,0,0,0,0,1,3,1,1,1,1,1,1,1,1,1,7,1,7,9,1,0,0,0,0,,1,0,0,,FOUND
561,Case No. K.1138/10,SRB036,https://www.unodc.org/cld/case-law-doc/traffickingpersonscrimetype/srb/2011/case_no._k.113810.html,traffickingpersonscrimetype,FOUND,1,1,1,1,en,0,0,0,0,0,0,1,4,1,5,1,2,1,1,8,1,1,7,1,7,7,1,0,0,0,0,,1,0,0,,FOUND
562,Mendoza,NIC005,https://www.unodc.org/cld/case-law-doc/traffickingpersonscrimetype/nic/2011/mendoza.html,traffickingpersonscrimetype,FOUND,1,1,2,2,en|es,0,0,0,0,0,0,1,3,1,1,1,1,1,1,4,1,1,1,1,1,1,1,4,8,4,4,Fact Summary|Defendants / Respondents in the first instance|Commentary and Significant Features|Sources / Citations,1,0,0,,FOUND
563,Dosar nr 4-1re - 50/2011,MDA046,https://www.unodc.org/cld/case-law-doc/traffickingpersonscrimetype/mda/2011/dosar_nr_4-1re_-_502011.html,traffickingpersonscrimetype,FOUND,1,1,1,1,en,0,0,0,0,0,0,1,2,1,1,1,1,1,1,4,1,1,2,1,2,2,1,0,0,0,0,,1,0,0,,FOUND
564,V.Z. v. Wal-Mart Stores,USA125,https://www.unodc.org/cld/case-law-doc/traffickingpersonscrimetype/usa/2011/v.z._v._wal-mart_stores.html,traffickingpersonscrimetype,FOUND,1,1,1,1,en,0,0,0,0,0,0,1,2,1,1,1,1,1,1,1,1,1,1,1,1,3,1,0,0,0,0,,1,0,0,,FOUND
565,Brunelli et al,ARG001,https://www.unodc.org/cld/case-law-doc/traffickingpersonscrimetype/arg/2011/brunelli_et_al.html,traffickingpersonscrimetype,FOUND,1,1,1,1,en,0,0,0,0,0,0,1,3,1,2,1,1,1,1,1,1,1,3,1,3,3,1,0,0,0,0,,1,0,0,,FOUND
566,Auto Supremo No. 172 Sucre - Michael Gerard Marroquín 2,BOL002,https://www.unodc.org/cld/case-law-doc/traffickingpersonscrimetype/bol/2011/auto_supremo_no._172_sucre_-_michael_gerard_marroquin_2.html,traffickingpersonscrimetype,FOUND,1,1,2,2,en|es,0,0,0,0,0,0,0,0,0,0,1,1,1,1,3,1,1,1,1,1,2,1,6,12,6,6,Fact Summary|Defendants / Respondents in the first instance|Commentary and Significant Features|Procedural Information|Sources / Citations|unheaded:unheaded,2,0,0,,FOUND
567,Case No.142972,PHL083,https://www.unodc.org/cld/case-law-doc/traffickingpersonscrimetype/phl/2011/case_no.142972.html,traffickingpersonscrimetype,FOUND,1,1,1,1,en,0,0,0,0,0,0,1,2,1,1,1,1,1,1,4,1,1,1,1,1,1,1,0,0,0,0,,1,0,0,,FOUND
568,6 K 3/10,SRB012,https://www.unodc.org/cld/case-law-doc/traffickingpersonscrimetype/srb/2011/6_k_310_.html,traffickingpersonscrimetype,FOUND,1,1,1,1,en,0,0,0,0,0,0,1,3,1,3,1,1,1,1,1,1,1,3,1,3,3,1,0,0,0,0,,1,0,0,,FOUND
569,Republic of Sri Lanka v. T.T. Banu and others,LKA001,https://www.unodc.org/cld/case-law-doc/traffickingpersonscrimetype/lka/2011/republic_of_sri_lanka_v._t.t._banu_and_others.html,traffickingpersonscrimetype,FOUND,1,1,1,1,en,0,0,0,0,0,0,1,4,1,2,1,1,1,1,2,1,1,3,1,3,4,1,0,0,0,0,,1,0,0,,FOUND
570,#1/66-11,GEO002,https://www.unodc.org/cld/case-law-doc/traffickingpersonscrimetype/geo/2011/166-11.html,traffickingpersonscrimetype,FOUND,1,1,1,1,en,0,0,0,0,0,0,1,2,1,1,1,1,1,1,5,1,1,1,1,1,1,1,0,0,0,0,,1,0,0,,FOUND
571,Docket Number - No. 08-cv-2970 (ADS)(WDW) [2011],USA172,https://www.unodc.org/cld/case-law-doc/traffickingpersonscrimetype/usa/2011/docket_number_-_no._08-cv-2970_adswdw_2011.html,traffickingpersonscrimetype,FOUND,1,1,1,1,en,1,2,1,3,1,2,1,2,1,3,1,2,1,1,2,1,1,2,1,2,12,1,0,0,0,0,,1,0,0,,FOUND
572,Case of Hug,BLR003,https://www.unodc.org/cld/case-law-doc/traffickingpersonscrimetype/blr/2011/case_of_hug.html,traffickingpersonscrimetype,FOUND,1,1,1,1,en,0,0,0,0,0,0,1,3,1,2,1,1,1,1,1,1,1,1,1,1,1,1,0,0,0,0,,1,0,0,,FOUND
573,Jose and Florencia,ESP002,https://www.unodc.org/cld/case-law-doc/traffickingpersonscrimetype/esp/2011/jose_and_florencia.html,traffickingpersonscrimetype,FOUND,1,1,2,2,en|es,0,0,0,0,0,0,1,4,1,3,1,3,1,1,1,1,1,2,1,2,6,1,6,12,6,6,Fact Summary|Defendants / Respondents in the first instance|Defendants / Respondents in the first instance|Commentary and Significant Features|Procedural Information|Sources / Citations,1,0,0,,FOUND
574,Lovo,NIC001,https://www.unodc.org/cld/case-law-doc/traffickingpersonscrimetype/nic/2011/lovo.html,traffickingpersonscrimetype,FOUND,1,1,2,2,en|es,0,0,0,0,0,0,1,5,1,2,1,2,1,1,1,1,1,1,1,1,1,1,4,9,3,3,Fact Summary|Defendants / Respondents in the first instance|Sources / Citations,1,2,2,DUPLICATE_TAB_PANE_ID|DUPLICATE_TAB_HREF,PARTIAL
575,Correctional Tribunal of Charleroi 18-03-2011,BEL023,https://www.unodc.org/cld/case-law-doc/traffickingpersonscrimetype/bel/2011/correctional_tribunal_of_charleroi_18-03-2011.html,traffickingpersonscrimetype,SECTION_ABSENT,0,0,0,0,,0,0,0,0,0,0,1,3,1,2,1,1,1,1,6,1,1,2,1,2,12,1,0,0,0,0,,1,0,0,,FOUND
576,2 T 13/2009,CZE010,https://www.unodc.org/cld/case-law-doc/traffickingpersonscrimetype/cze/2011/2_t_132009.html,traffickingpersonscrimetype,FOUND,1,1,1,1,en,0,0,0,0,0,0,1,2,1,2,1,1,1,1,5,1,1,1,1,1,4,1,0,0,0,0,,2,0,0,,FOUND
577,Case No. 1-689,UKR001,https://www.unodc.org/cld/case-law-doc/traffickingpersonscrimetype/ukr/2011/case_no._1-689.html,traffickingpersonscrimetype,FOUND,1,1,1,1,en,0,0,0,0,0,0,1,1,1,2,1,1,1,1,1,1,1,1,1,1,1,1,0,0,0,0,,1,0,0,,FOUND
578,ACR 200151015291597RJ,BRA106,https://www.unodc.org/cld/case-law-doc/criminalgroupcrimetype/bra/2011/acr_200151015291597rj.html,criminalgroupcrimetype,FOUND,1,1,1,1,en,1,5,1,3,1,1,1,5,1,3,1,1,1,1,3,1,1,4,1,4,4,1,0,0,0,0,,3,0,0,,FOUND
579,P. v. State of Kerala,IND006,https://www.unodc.org/cld/case-law-doc/traffickingpersonscrimetype/ind/2011/p._v._state_of_kerala.html,traffickingpersonscrimetype,FOUND,1,1,1,1,en,0,0,0,0,0,0,1,5,1,5,1,1,1,1,1,1,1,1,0,0,0,1,0,0,0,0,,1,0,0,,FOUND
580,EXP. N.° 03976-2010-PHC/TC,PER006,https://www.unodc.org/cld/case-law-doc/traffickingpersonscrimetype/per/2011/exp._n._03976-2010-phctc.html,traffickingpersonscrimetype,FOUND,1,1,2,2,en|es,0,0,0,0,0,0,1,2,0,0,1,1,1,1,1,1,1,1,1,1,1,1,6,12,6,5,Fact Summary|Defendants / Respondents in the first instance|Commentary and Significant Features|Procedural Information|Sources / Citations,1,3,3,DUPLICATE_TAB_PANE_ID|DUPLICATE_TAB_HREF|TAB_GROUP_MULTIPLE_ACTIVE_PANES,PARTIAL
581,Case No. 1058/2011,BGR003,https://www.unodc.org/cld/case-law-doc/traffickingpersonscrimetype/bgr/2011/case_no._10582011.html,traffickingpersonscrimetype,FOUND,1,1,1,1,en,0,0,0,0,0,0,1,3,1,3,1,1,1,1,1,1,1,1,1,1,3,1,0,0,0,0,,1,0,0,,FOUND
582,K.br. 4/10,SRB010,https://www.unodc.org/cld/case-law-doc/traffickingpersonscrimetype/srb/2011/k.br._410_.html,traffickingpersonscrimetype,FOUND,1,1,1,1,en,0,0,0,0,0,0,1,2,1,2,1,1,1,1,1,1,1,2,1,2,3,1,0,0,0,0,,2,0,0,,FOUND
583,CRIM. CASE NO. 06-245824,PHL029,https://www.unodc.org/cld/case-law-doc/traffickingpersonscrimetype/phl/2011/crim._case_no._06-245824.html,traffickingpersonscrimetype,FOUND,1,1,1,1,en,0,0,0,0,0,0,1,1,1,1,1,1,1,1,1,1,1,3,1,3,3,1,0,0,0,0,,1,0,0,,FOUND
584,First Instance Court of Brussels 09-03-2011,BEL032,https://www.unodc.org/cld/case-law-doc/traffickingpersonscrimetype/bel/2011/first_instance_court_of_brussels_09-03-2011.html,traffickingpersonscrimetype,FOUND,1,1,1,1,en,0,0,0,0,0,0,1,1,1,2,1,1,1,1,4,1,1,2,1,2,21,1,0,0,0,0,,1,0,0,,FOUND
585,People of Philippines vs. Nelia Ogalesco y Torio,PHL003,https://www.unodc.org/cld/case-law-doc/traffickingpersonscrimetype/phl/2011/people_of_philippines_vs._nelia_ogalesco_y_torio.html,traffickingpersonscrimetype,FOUND,1,1,1,1,en,0,0,0,0,0,0,1,2,1,3,1,1,1,1,7,1,1,1,1,1,1,1,0,0,0,0,,1,0,0,,FOUND
586,K 24/10,SRB020,https://www.unodc.org/cld/case-law-doc/criminalgroupcrimetype/srb/2011/k_2410_.html,criminalgroupcrimetype,FOUND,1,1,1,1,en,0,0,0,0,0,0,1,5,1,4,1,1,1,1,1,1,1,4,1,4,5,1,0,0,0,0,,2,0,0,,FOUND
587,J.C.W. v REPUBLIC & 2 others [2011] eKLR,KEN005,https://www.unodc.org/cld/case-law-doc/traffickingpersonscrimetype/ken/2011/j.c.w._v_republic_2_others_2011_eklr.html,traffickingpersonscrimetype,FOUND,1,1,1,1,en,0,0,0,0,0,0,1,4,0,0,1,1,1,1,1,1,1,3,1,3,3,1,0,0,0,0,,2,0,0,,FOUND
588,Processo nº 0011221-27.2009.4.03.6181,BRA026,https://www.unodc.org/cld/case-law-doc/criminalgroupcrimetype/bra/2011/processo_n_0011221-27.2009.4.03.6181.html,criminalgroupcrimetype,FOUND,1,1,1,1,en,0,0,0,0,0,0,1,4,1,2,1,1,1,1,1,1,1,4,1,4,20,1,0,0,0,0,,3,0,0,,FOUND
589,Case No. 702/2010,BGR005,https://www.unodc.org/cld/case-law-doc/traffickingpersonscrimetype/bgr/2011/case_no._7022010.html,traffickingpersonscrimetype,FOUND,1,1,1,1,en,0,0,0,0,0,0,1,4,1,4,1,1,1,1,3,1,1,1,1,1,1,1,0,0,0,0,,1,0,0,,FOUND
590,United States v. Cha,USA066,https://www.unodc.org/cld/case-law-doc/traffickingpersonscrimetype/usa/2011/united_states_v._cha.html,traffickingpersonscrimetype,FOUND,1,1,1,1,en,0,0,0,0,0,0,0,0,1,1,1,1,1,1,3,1,1,2,1,2,6,1,0,0,0,0,,1,0,0,,FOUND
591,Case No. 1685/2010,EGY004,https://www.unodc.org/cld/case-law-doc/traffickingpersonscrimetype/egy/2011/case_no._16852010.html,traffickingpersonscrimetype,FOUND,1,1,1,1,en,0,0,0,0,0,0,1,4,1,3,1,1,1,1,1,1,1,5,1,5,6,1,0,0,0,0,,1,0,0,,FOUND
592,Correctional Tribunal of Tongeren 10-02-2011,BEL007,https://www.unodc.org/cld/case-law-doc/traffickingpersonscrimetype/bel/2011/correctional_tribunal_of_tongeren_10-02-2011.html,traffickingpersonscrimetype,SECTION_ABSENT,0,0,0,0,,0,0,0,0,0,0,1,1,0,0,1,1,1,1,1,1,1,1,1,1,2,1,0,0,0,0,,1,0,0,,FOUND
593,Belgian Supreme Court 09-02-2011,BEL020,https://www.unodc.org/cld/case-law-doc/traffickingpersonscrimetype/bel/2011/belgian_supreme_court_09-02-2011.html,traffickingpersonscrimetype,SECTION_ABSENT,0,0,0,0,,0,0,0,0,0,0,1,1,1,1,0,0,0,0,0,1,1,1,1,1,1,1,0,0,0,0,,1,0,0,,FOUND
594,Arlene Ramos v. A.T.W.,PHL005,https://www.unodc.org/cld/case-law-doc/traffickingpersonscrimetype/phl/2011/arlene_ramos_v._a.t.w..html,traffickingpersonscrimetype,FOUND,1,1,1,1,en,0,0,0,0,0,0,1,3,1,2,1,2,1,1,2,1,1,1,1,1,2,1,0,0,0,0,,1,0,0,,FOUND
595,CRIM. CASE NO. 21895,PHL050,https://www.unodc.org/cld/case-law-doc/traffickingpersonscrimetype/phl/2011/crim._case_no._21895_.html,traffickingpersonscrimetype,FOUND,1,1,1,1,en,0,0,0,0,0,0,1,3,1,2,1,1,1,1,2,1,1,1,1,1,2,1,0,0,0,0,,1,0,0,,FOUND
596,1431/21,OMN010,https://www.unodc.org/cld/case-law-doc/traffickingpersonscrimetype/omn/2011/143121_.html,traffickingpersonscrimetype,FOUND,1,1,1,1,en,0,0,0,0,0,0,1,4,1,3,1,1,1,1,1,1,1,2,1,2,2,1,0,0,0,0,,1,0,0,,FOUND
597,Correctional Tribunal of Brussels 02-02-2011,BEL021,https://www.unodc.org/cld/case-law-doc/traffickingpersonscrimetype/bel/2011/correctional_tribunal_of_brussels_02-02-2011.html,traffickingpersonscrimetype,FOUND,1,1,1,1,en,0,0,0,0,0,0,1,5,1,2,1,1,1,1,6,1,1,3,1,3,3,1,0,0,0,0,,1,0,0,,FOUND
598,United States v. Francisco Cortes-Meza and Juan Cortes-Meza,USA030,https://www.unodc.org/cld/case-law-doc/traffickingpersonscrimetype/usa/2011/united_states_v._francisco_cortes-meza_and_juan_cortes-meza.html,traffickingpersonscrimetype,FOUND,1,1,1,1,en,0,0,0,0,0,0,1,4,1,4,1,1,1,1,3,1,1,2,1,2,3,1,0,0,0,0,,1,0,0,,FOUND
599,7 T 4/2010,CZE027,https://www.unodc.org/cld/case-law-doc/criminalgroupcrimetype/cze/2011/7_t_42010.html,criminalgroupcrimetype,FOUND,1,1,1,1,en,0,0,0,0,0,0,1,5,1,3,1,1,1,1,9,1,1,4,1,4,9,1,0,0,0,0,,3,0,0,,FOUND
600,CRIM. CASE NO. 07-0417,PHL027,https://www.unodc.org/cld/case-law-doc/traffickingpersonscrimetype/phl/2011/crim._case_no._07-0417.html,traffickingpersonscrimetype,FOUND,1,1,1,1,en,0,0,0,0,0,0,1,1,0,0,1,1,1,1,1,1,1,1,1,1,1,1,0,0,0,0,,1,0,0,,FOUND
601,Domotor et al,CAN006,https://www.unodc.org/cld/case-law-doc/criminalgroupcrimetype/can/2011/domotor_et_al.html,criminalgroupcrimetype,FOUND,1,1,1,1,en,0,0,0,0,0,0,1,5,1,2,1,1,1,1,1,1,1,4,1,4,16,1,0,0,0,0,,3,0,0,,FOUND
602,CRIM. CASE NO. 137476,PHL030,https://www.unodc.org/cld/case-law-doc/traffickingpersonscrimetype/phl/2011/crim._case_no._137476.html,traffickingpersonscrimetype,FOUND,1,1,1,1,en,0,0,0,0,0,0,1,2,1,1,1,1,1,1,1,1,1,1,1,1,1,1,0,0,0,0,,1,0,0,,FOUND
603,17 T 27/2009,CZE005,https://www.unodc.org/cld/case-law-doc/traffickingpersonscrimetype/cze/2011/17_t_272009.html,traffickingpersonscrimetype,FOUND,1,1,1,1,en,0,0,0,0,0,0,1,1,1,1,1,1,1,1,2,1,1,3,1,3,4,1,0,0,0,0,,1,0,0,,FOUND
604,Shiva Ent Udyog v. National Human Rights Commission and Ors,IND013,https://www.unodc.org/cld/case-law-doc/traffickingpersonscrimetype/ind/2011/shiva_ent_udyog_v._national_human_rights_commission_and_ors.html,traffickingpersonscrimetype,FOUND,1,1,1,1,en,0,0,0,0,0,0,1,2,1,2,1,1,1,1,1,1,1,1,0,0,0,1,0,0,0,0,,1,0,0,,FOUND
605,LG-2010-111760 - LG-2010- 119397 - RG-2011-65,NOR005,https://www.unodc.org/cld/case-law-doc/traffickingpersonscrimetype/nor/2011/lg-2010-111760_-_lg-2010-_119397_-_rg-2011-65.html,traffickingpersonscrimetype,FOUND,1,1,1,1,en,0,0,0,0,0,0,1,2,1,2,1,1,1,1,2,1,1,1,1,1,2,1,0,0,0,0,,1,0,0,,FOUND
606,Case no B 9636-10,SWE018,https://www.unodc.org/cld/case-law-doc/traffickingpersonscrimetype/swe/2011/case_no_b_9636-10.html,traffickingpersonscrimetype,FOUND,1,1,1,1,en,0,0,0,0,0,0,1,2,1,1,1,1,1,1,1,1,1,2,1,2,2,1,0,0,0,0,,1,0,0,,FOUND
607,Naseem Bano v. State of NCT of Delhi,IND011,https://www.unodc.org/cld/case-law-doc/traffickingpersonscrimetype/ind/2011/naseem_bano_v._state_of_nct_of_delhi.html,traffickingpersonscrimetype,FOUND,1,1,1,1,en,0,0,0,0,0,0,1,2,1,2,1,1,1,1,1,1,1,1,1,1,3,1,0,0,0,0,,1,0,0,,FOUND
608,PO (Nigeria) and Secretary of State for the Home Department [2011] EWCA Civ 132,GBR003,https://www.unodc.org/cld/case-law-doc/traffickingpersonscrimetype/gbr/2011/po_nigeria_and_secretary_of_state_for_the_home_department_2011_ewca_civ_132.html,traffickingpersonscrimetype,FOUND,1,1,1,1,en,0,0,0,0,0,0,1,4,1,3,1,1,1,1,1,1,1,1,0,0,0,1,0,0,0,0,,1,0,0,,FOUND
609,Court of Appeal of Brussels 12-01-2011,BEL019,https://www.unodc.org/cld/case-law-doc/traffickingpersonscrimetype/bel/2011/court_of_appeal_of_brussels_12-01-2011.html,traffickingpersonscrimetype,FOUND,1,1,1,1,en,0,0,0,0,0,0,1,3,1,3,1,1,1,1,2,1,1,2,1,2,8,1,0,0,0,0,,1,0,0,,FOUND
610,CRIM. CASE NO. 134985,PHL036,https://www.unodc.org/cld/case-law-doc/traffickingpersonscrimetype/phl/2011/crim._case_no._134985.html,traffickingpersonscrimetype,FOUND,1,1,1,1,en,0,0,0,0,0,0,1,3,1,2,1,1,1,1,4,1,1,4,1,4,4,1,0,0,0,0,,1,0,0,,FOUND
611,Case No B 8277-10,SWE011,https://www.unodc.org/cld/case-law-doc/traffickingpersonscrimetype/swe/2011/case_no_b_8277-10.html,traffickingpersonscrimetype,FOUND,1,1,1,1,en,0,0,0,0,0,0,0,0,0,0,0,0,1,1,3,1,1,16,1,16,16,1,0,0,0,0,,2,0,0,,FOUND
612,CRIM. CASE NO. CBU-81474,PHL045,https://www.unodc.org/cld/case-law-doc/traffickingpersonscrimetype/phl/2011/crim._case_no._cbu-81474.html,traffickingpersonscrimetype,FOUND,1,1,1,1,en,0,0,0,0,0,0,1,3,1,1,1,1,1,1,6,1,1,2,1,2,2,1,0,0,0,0,,1,0,0,,FOUND
613,東京高等裁判所 平成21年（う）第992号（Tokyo High Court 2009 (U) No. 992）,JPN001,https://www.unodc.org/cld/case-law-doc/traffickingpersonscrimetype/jpn/2011/21992tokyo_high_court_2009_u_no._992.html,traffickingpersonscrimetype,FOUND,1,1,1,1,en,0,0,0,0,0,0,1,1,1,1,1,1,1,1,2,1,1,1,1,1,1,1,0,0,0,0,,1,0,0,,FOUND
614,48 T 3/2010,CZE020,https://www.unodc.org/cld/case-law-doc/traffickingpersonscrimetype/cze/2011/48_t_32010.html,traffickingpersonscrimetype,FOUND,1,1,1,1,en,0,0,0,0,0,0,1,1,1,1,1,1,1,1,8,1,1,2,1,2,6,1,0,0,0,0,,1,0,0,,FOUND
615,United States v. Steven C. Albers,USA154,https://www.unodc.org/cld/case-law-doc/traffickingpersonscrimetype/usa/2011/united_states_v._steven_c._albers.html,traffickingpersonscrimetype,FOUND,1,1,1,1,en,0,0,0,0,0,0,1,1,1,1,1,1,0,0,0,1,1,1,1,1,2,1,0,0,0,0,,1,0,0,,FOUND
616,Frederiksberg City Court judgement January 4 2011,DNK013,https://www.unodc.org/cld/case-law-doc/traffickingpersonscrimetype/dnk/2011/frederiksberg_city_court_judgement_january_4_2011.html,traffickingpersonscrimetype,FOUND,1,1,1,1,en,1,2,1,2,1,1,1,2,1,2,1,1,1,1,3,1,1,3,1,3,5,1,0,0,0,0,,1,0,0,,FOUND
617,CRIM. CASE NO. 364,PHL044,https://www.unodc.org/cld/case-law-doc/traffickingpersonscrimetype/phl/2010/crim._case_no._364.html,traffickingpersonscrimetype,FOUND,1,1,1,1,en,0,0,0,0,0,0,1,3,1,2,1,1,1,1,1,1,1,2,1,2,1,1,0,0,0,0,,1,0,0,,FOUND
618,Bachpan Bachao and Ors. v. Union of India (UOI) and Ors,IND018,https://www.unodc.org/cld/case-law-doc/traffickingpersonscrimetype/ind/2010/bachpan_bachao_and_ors._v._union_of_india_uoi_and_ors.html,traffickingpersonscrimetype,FOUND,1,1,1,1,en,0,0,0,0,0,0,1,5,1,6,1,2,1,1,3,1,1,3,1,3,3,1,0,0,0,0,,1,0,0,,FOUND
619,"Copenhagen City Court judgement December 22, 2010",DNK012,https://www.unodc.org/cld/case-law-doc/traffickingpersonscrimetype/dnk/2010/copenhagen_city_court_judgement_december_22_2010_.html,traffickingpersonscrimetype,FOUND,1,1,1,1,en,1,2,1,1,1,1,1,2,1,1,1,1,1,1,8,1,1,9,1,9,9,1,0,0,0,0,,1,0,0,,FOUND
620,Dosar nr 1ra - 1060/2010,MDA004,https://www.unodc.org/cld/case-law-doc/traffickingpersonscrimetype/mda/2010/dosar_nr_1ra_-_10602010.html,traffickingpersonscrimetype,FOUND,1,1,1,1,en,0,0,0,0,0,0,1,2,1,1,1,1,1,1,2,1,1,1,1,1,2,1,0,0,0,0,,1,0,0,,FOUND
621,6 To 26/2009,SVK044,https://www.unodc.org/cld/case-law-doc/traffickingpersonscrimetype/svk/2010/6_to_262009_.html,traffickingpersonscrimetype,FOUND,1,1,1,1,en,0,0,0,0,0,0,1,1,1,2,1,1,1,1,3,1,1,1,1,1,2,1,0,0,0,0,,1,0,0,,FOUND
622,KŽ I 5505/10,SRB015,https://www.unodc.org/cld/case-law-doc/traffickingpersonscrimetype/srb/2010/k_i_550510.html,traffickingpersonscrimetype,FOUND,1,1,1,1,en,0,0,0,0,0,0,1,4,1,4,1,2,1,1,2,1,1,1,1,1,5,1,0,0,0,0,,3,0,0,,FOUND
623,"Monk Apiwat Sirisaen, Prasert Promjanta, and Monk Panyawuth Yosamuangjai",THA004,https://www.unodc.org/cld/case-law-doc/traffickingpersonscrimetype/tha/2010/monk_apiwat_sirisaen_prasert_promjanta_and_monk_panyawuth_yosamuangjai_.html,traffickingpersonscrimetype,FOUND,1,1,1,1,en,0,0,0,0,0,0,1,1,1,2,1,1,1,1,1,1,1,3,1,3,5,1,0,0,0,0,,2,0,0,,FOUND
624,Correctional Tribunal of Charleroi 10-12-2010,BEL025,https://www.unodc.org/cld/case-law-doc/traffickingpersonscrimetype/bel/2010/correctional_tribunal_of_charleroi_10-12-2010.html,traffickingpersonscrimetype,FOUND,1,1,1,1,en,0,0,0,0,0,0,1,1,1,2,1,1,1,1,2,1,1,1,1,1,4,1,0,0,0,0,,1,0,0,,FOUND
625,Muiambo and Mahvahve,MOZ001,https://www.unodc.org/cld/case-law-doc/traffickingpersonscrimetype/moz/2010/muiambo_and_mahvahve.html,traffickingpersonscrimetype,FOUND,1,1,1,1,en,0,0,0,0,0,0,1,2,1,1,1,1,1,1,1,1,1,2,1,2,2,1,0,0,0,0,,1,0,0,,FOUND
626,Auto Supremo no.632 Sucre Oscar Roberto Terrazas Morales & José Rodolfo Quiroga Verduguez,BOL007,https://www.unodc.org/cld/case-law-doc/traffickingpersonscrimetype/bol/2010/auto_supremo_no.632_sucre_oscar_roberto_terrazas_morales_jose_rodolfo_quiroga_verduguez.html,traffickingpersonscrimetype,FOUND,1,1,1,1,en,0,0,0,0,0,0,1,1,1,1,0,0,1,1,1,1,1,2,1,2,4,1,6,12,6,6,Defendants / Respondents in the first instance|Defendants / Respondents in the first instance|Commentary and Significant Features|Procedural Information|Sources / Citations|unheaded:unheaded,2,0,0,,FOUND
627,"Ranya Boonmee, Kaew Kongmuang and Manus Boonmee",THA001,https://www.unodc.org/cld/case-law-doc/traffickingpersonscrimetype/tha/2010/ranya_boonmee_kaew_kongmuang_and_manus_boonmee.html,traffickingpersonscrimetype,FOUND,1,1,1,1,en,0,0,0,0,0,0,1,2,1,1,1,1,1,1,2,1,1,3,1,3,6,1,0,0,0,0,,2,0,0,,FOUND
628,Auto Supremo 263/2010 - Declaratory Judgment for the First Juvenile Court of La Paz,BOL006,https://www.unodc.org/cld/case-law-doc/traffickingpersonscrimetype/bol/2010/auto_supremo_2632010_-_declaratory_judgment_for_the_first_juvenile_court_of_la_paz.html,traffickingpersonscrimetype,FOUND,1,1,2,2,en|es,0,0,0,0,0,0,0,0,1,1,0,0,1,1,1,1,1,1,0,0,0,1,6,12,6,6,Fact Summary|Defendants / Respondents in the first instance|Commentary and Significant Features|Procedural Information|Sources / Citations|unheaded:unheaded,2,0,0,,FOUND
629,ACR 200950010017494ES,BRA123,https://www.unodc.org/cld/case-law-doc/traffickingpersonscrimetype/bra/2010/acr_200950010017494es.html,traffickingpersonscrimetype,FOUND,1,1,1,1,en,1,1,0,0,1,1,1,1,0,0,1,1,1,1,1,1,1,1,1,1,2,1,0,0,0,0,,1,0,0,,FOUND
630,Vantaan käräjäoikeus R 10/1841,FIN006,https://www.unodc.org/cld/case-law-doc/traffickingpersonscrimetype/fin/2010/vantaan_karajaoikeus_r_101841_.html,traffickingpersonscrimetype,FOUND,1,1,1,1,en,0,0,0,0,0,0,1,2,1,1,1,1,1,1,3,1,1,1,1,1,4,1,0,0,0,0,,2,0,0,,FOUND
631,Dosar nr 1ra - 1096/2010,MDA005,https://www.unodc.org/cld/case-law-doc/traffickingpersonscrimetype/mda/2010/dosar_nr_1ra_-_10962010.html,traffickingpersonscrimetype,FOUND,1,1,1,1,en,0,0,0,0,0,0,1,2,1,1,1,1,1,1,10,1,1,2,1,2,2,1,0,0,0,0,,1,0,0,,FOUND
632,Dosar nr 1ra - 1051/2009,MDA003,https://www.unodc.org/cld/case-law-doc/traffickingpersonscrimetype/mda/2010/dosar_nr_1ra_-_10512009.html,traffickingpersonscrimetype,FOUND,1,1,1,1,en,0,0,0,0,0,0,1,2,1,1,1,1,1,1,7,1,1,1,1,1,1,1,0,0,0,0,,1,0,0,,FOUND
633,"Quiroa, Diaz & Muñoz",GTM002,https://www.unodc.org/cld/case-law-doc/traffickingpersonscrimetype/gtm/2010/quiroa_diaz_munoz.html,traffickingpersonscrimetype,FOUND,1,1,2,2,en|es,0,0,0,0,0,0,1,3,1,3,1,1,1,1,1,1,1,3,1,3,9,1,6,12,6,6,Fact Summary|Defendants / Respondents in the first instance|Charges / Claims / Decisions|Commentary and Significant Features|Procedural Information|Sources / Citations,1,0,0,,FOUND
634,Case No. 86- O10-25,RUS002,https://www.unodc.org/cld/case-law-doc/traffickingpersonscrimetype/rus/2010/case_no._86-_o10-25.html,traffickingpersonscrimetype,FOUND,1,1,1,1,en,0,0,0,0,0,0,1,3,1,2,1,1,0,0,0,1,1,1,0,0,0,1,0,0,0,0,,1,0,0,,FOUND
635,Weerapong Saelee & Anoma Siriyoowattananon,THA003,https://www.unodc.org/cld/case-law-doc/traffickingpersonscrimetype/tha/2010/weerapong_saelee_anoma_siriyoowattananon.html,traffickingpersonscrimetype,FOUND,1,1,1,1,en,0,0,0,0,0,0,1,1,1,1,1,1,1,1,1,1,1,2,1,2,8,1,0,0,0,0,,2,0,0,,FOUND
636,CRIM. CASES NOS. C-71247-51,PHL025,https://www.unodc.org/cld/case-law-doc/traffickingpersonscrimetype/phl/2010/crim._cases_nos._c-71247-51.html,traffickingpersonscrimetype,FOUND,1,1,1,1,en,0,0,0,0,0,0,1,1,1,2,1,1,1,1,5,1,1,2,1,2,2,1,0,0,0,0,,1,0,0,,FOUND
637,Tatiana Malachi,ZAF004,https://www.unodc.org/cld/case-law-doc/traffickingpersonscrimetype/zaf/2010/tatiana_malachi.html,traffickingpersonscrimetype,FOUND,1,1,1,1,en,0,0,0,0,0,0,1,2,1,1,1,1,1,1,1,1,1,6,1,6,1,1,0,0,0,0,,1,0,0,,FOUND
638,Presuda X-K-09/850,BIHx004,https://www.unodc.org/cld/case-law-doc/traffickingpersonscrimetype/bih/2010/presuda_x-k-09850.html,traffickingpersonscrimetype,FOUND,1,1,1,1,en,0,0,0,0,0,0,1,2,1,3,1,1,1,1,1,1,1,2,1,2,2,1,0,0,0,0,,1,0,0,,FOUND
639,State v. Ziegler,ZAF001,https://www.unodc.org/cld/case-law-doc/traffickingpersonscrimetype/zaf/2010/state_v._ziegler.html,traffickingpersonscrimetype,FOUND,1,1,1,1,en,0,0,0,0,0,0,0,0,0,0,1,1,1,1,1,1,1,1,1,1,1,1,0,0,0,0,,1,0,0,,FOUND
640,Auto Supremo No. 571 Sucre - Michael Gerard Marroquin 1,BOL005,https://www.unodc.org/cld/case-law-doc/traffickingpersonscrimetype/bol/2010/auto_supremo_no._571_sucre_-_michael_gerard_marroquin_1.html,traffickingpersonscrimetype,FOUND,1,1,2,2,en|es,0,0,0,0,0,0,0,0,0,0,1,1,1,1,3,1,1,1,1,1,2,1,6,12,6,6,Fact Summary|Defendants / Respondents in the first instance|Commentary and Significant Features|Procedural Information|Sources / Citations|unheaded:unheaded,2,0,0,,FOUND
641,Processo n 2007.05.00.088769-6,BRA046,https://www.unodc.org/cld/case-law-doc/traffickingpersonscrimetype/bra/2010/processo_n_2007.05.00.088769-6.html,traffickingpersonscrimetype,FOUND,1,1,1,1,en,0,0,0,0,0,0,1,2,1,2,1,1,1,1,2,1,1,1,1,1,2,1,0,0,0,0,,1,0,0,,FOUND
642,United States v. Johnny Saintil,USA051,https://www.unodc.org/cld/case-law-doc/traffickingpersonscrimetype/usa/2010/united_states_v._johnny_saintil.html,traffickingpersonscrimetype,FOUND,1,1,1,1,en,0,0,0,0,0,0,1,2,1,2,1,1,1,1,6,1,1,5,1,5,12,1,0,0,0,0,,1,0,0,,FOUND
643,CRIM. CASE NO. 09-0366,PHL046,https://www.unodc.org/cld/case-law-doc/traffickingpersonscrimetype/phl/2010/crim._case_no._09-0366_.html,traffickingpersonscrimetype,FOUND,1,1,1,1,en,0,0,0,0,0,0,1,1,1,2,1,1,1,1,6,1,1,1,1,1,1,1,0,0,0,0,,1,0,0,,FOUND
644,United States v. Fang Ping Ding,USA044,https://www.unodc.org/cld/case-law-doc/traffickingpersonscrimetype/usa/2010/united_states_v._fang_ping_ding.html,traffickingpersonscrimetype,FOUND,1,1,1,1,en,0,0,0,0,0,0,1,2,1,2,1,2,1,1,1,1,1,3,1,3,6,1,0,0,0,0,,1,0,0,,FOUND
645,Case No. 4у/6-9335/2010,RUS004,https://www.unodc.org/cld/case-law-doc/traffickingpersonscrimetype/rus/2010/case_no._46-93352010_.html,traffickingpersonscrimetype,FOUND,1,1,1,1,en,0,0,0,0,0,0,1,2,1,2,1,1,1,1,1,1,1,2,1,2,2,1,0,0,0,0,,1,0,0,,FOUND
646,United States v. Jerome E. Todd,USA031,https://www.unodc.org/cld/case-law-doc/traffickingpersonscrimetype/usa/2010/united_states_v._jerome_e._todd.html,traffickingpersonscrimetype,FOUND,1,1,1,1,en,0,0,0,0,0,0,1,2,1,1,1,1,1,1,4,1,1,1,1,1,3,0,0,0,0,0,,1,0,0,,FOUND
647,Causa n 2267,ARG042,https://www.unodc.org/cld/case-law-doc/traffickingpersonscrimetype/arg/2010/causa_n_2267.html,traffickingpersonscrimetype,FOUND,1,1,2,2,en|es,0,0,0,0,0,0,1,5,1,3,1,1,1,1,2,1,1,4,1,4,4,1,6,12,6,6,Fact Summary|Defendants / Respondents in the first instance|Defendants / Respondents in the first instance|Charges / Claims / Decisions|Procedural Information|Sources / Citations,1,0,0,,FOUND
648,Expte G-141/10,ARG013,https://www.unodc.org/cld/case-law-doc/traffickingpersonscrimetype/arg/2010/expte_g-14110.html,traffickingpersonscrimetype,FOUND,1,1,2,2,en|es,0,0,0,0,0,0,1,3,1,1,1,1,1,1,2,1,1,2,1,2,3,1,4,8,4,4,Fact Summary|Defendants / Respondents in the first instance|Procedural Information|Sources / Citations,1,0,0,,FOUND
649,Processo n 0006196-78.2010.4.05.8400,BRA036,https://www.unodc.org/cld/case-law-doc/traffickingpersonscrimetype/bra/2010/processo_n_0006196-78.2010.4.05.8400.html,traffickingpersonscrimetype,FOUND,1,1,1,1,en,0,0,0,0,0,0,1,3,1,2,1,1,1,1,1,1,1,2,1,2,2,1,0,0,0,0,,1,0,0,,FOUND
650,Smt. L. v. State of U.P. and Another,IND004,https://www.unodc.org/cld/case-law-doc/traffickingpersonscrimetype/ind/2010/smt._l._v._state_of_u.p._and_another.html,traffickingpersonscrimetype,FOUND,1,1,1,1,en,0,0,0,0,0,0,1,3,0,0,1,1,1,1,1,1,1,1,1,1,1,1,0,0,0,0,,1,0,0,,FOUND
651,Murti,FJI001,https://www.unodc.org/cld/case-law-doc/traffickingpersonscrimetype/fji/2010/murti.html,traffickingpersonscrimetype,FOUND,1,1,1,1,en,0,0,0,0,0,0,1,2,1,2,1,1,1,1,7,1,1,1,1,1,2,1,0,0,0,0,,1,0,0,,FOUND
652,KŽ I 4952/10,SRB018,https://www.unodc.org/cld/case-law-doc/traffickingpersonscrimetype/srb/2010/k_i_495210_.html,traffickingpersonscrimetype,FOUND,1,1,1,1,en,0,0,0,0,0,0,1,4,1,2,1,1,1,1,1,1,1,2,1,2,2,1,0,0,0,0,,1,0,0,,FOUND
653,Causa n° 3048-/10,ARG022,https://www.unodc.org/cld/case-law-doc/traffickingpersonscrimetype/arg/2010/causa_n_3048-10.html,traffickingpersonscrimetype,FOUND,1,1,2,2,en|es,0,0,0,0,0,0,1,5,1,3,1,1,1,1,1,1,1,3,1,3,3,1,3,6,3,3,Fact Summary|Procedural Information|Sources / Citations,1,0,0,,FOUND
654,Dosar nr. 1ra – 918/2010,MDA026,https://www.unodc.org/cld/case-law-doc/traffickingpersonscrimetype/mda/2010/dosar_nr._1ra_9182010.html,traffickingpersonscrimetype,FOUND,1,1,1,1,en,0,0,0,0,0,0,1,2,1,1,1,1,1,1,2,1,1,1,1,1,1,1,0,0,0,0,,1,0,0,,FOUND
655,State v. Netcare Kwa-Zulu Limited,ZAF002,https://www.unodc.org/cld/case-law-doc/traffickingpersonscrimetype/zaf/2010/state_v._netcare_kwa-zulu_limited.html,traffickingpersonscrimetype,FOUND,1,1,1,1,en,0,0,0,0,0,0,1,2,1,1,1,1,1,1,1,1,1,11,0,0,0,0,0,0,0,0,,2,0,0,,FOUND
656,KZ I 5872-10,SRB022,https://www.unodc.org/cld/case-law-doc/traffickingpersonscrimetype/srb/2010/kz_i_5872-10.html,traffickingpersonscrimetype,FOUND,1,1,1,1,en,0,0,0,0,0,0,1,3,1,2,1,1,1,1,3,1,1,1,1,1,1,1,0,0,0,0,,1,0,0,,FOUND
657,Case No 2917-10 and B 3184-10,SWE025,https://www.unodc.org/cld/case-law-doc/traffickingpersonscrimetype/swe/2010/case_no_2917-10_and_b_3184-10.html,traffickingpersonscrimetype,FOUND,1,1,1,1,en,0,0,0,0,0,0,1,3,1,1,1,1,1,1,1,1,1,10,1,10,20,1,0,0,0,0,,2,0,0,,FOUND
658,CRIM. CASE NO. CBU-81127,PHL012,https://www.unodc.org/cld/case-law-doc/traffickingpersonscrimetype/phl/2010/crim._case_no._cbu-81127.html,traffickingpersonscrimetype,FOUND,1,1,1,1,en,0,0,0,0,0,0,1,1,1,1,1,1,1,1,1,1,1,1,1,1,1,1,0,0,0,0,,1,0,0,,FOUND
659,"Cass. Pen. Sez. III, n. 43414",ITA012,https://www.unodc.org/cld/case-law-doc/traffickingpersonscrimetype/ita/2010/cass._pen._sez._iii_n._43414.html,traffickingpersonscrimetype,FOUND,1,1,1,1,en,1,4,1,1,1,1,1,4,1,1,1,1,1,1,3,1,1,2,1,2,4,1,0,0,0,0,,1,0,0,,FOUND
660,Case No. 31- O10-25,RUS001,https://www.unodc.org/cld/case-law-doc/traffickingpersonscrimetype/rus/2010/case_no._31-_o10-25.html,traffickingpersonscrimetype,FOUND,1,1,1,1,en,0,0,0,0,0,0,1,4,1,1,1,1,0,0,0,1,1,1,0,0,0,1,0,0,0,0,,1,0,0,,FOUND
661,ECLI:NL:RBROE:2010:BO4108,NLD004,https://www.unodc.org/cld/case-law-doc/traffickingpersonscrimetype/nld/2010/eclinlrbroe2010bo4108_.html,traffickingpersonscrimetype,FOUND,1,1,1,1,en,0,0,0,0,0,0,1,5,1,3,1,1,1,1,1,1,1,1,1,1,2,1,0,0,0,0,,1,0,0,,FOUND
662,Tynes and Lafferty,CAN001,https://www.unodc.org/cld/case-law-doc/drugcrimetype/can/2010/tynes_and_lafferty.html,drugcrimetype,FOUND,1,1,1,1,en,0,0,0,0,0,0,1,2,1,2,1,1,1,1,2,1,1,2,1,2,4,1,0,0,0,0,,3,0,0,,FOUND
663,R v L.M. and Others,GBR007,https://www.unodc.org/cld/case-law-doc/traffickingpersonscrimetype/gbr/2010/r_v_l.m._and_others.html,traffickingpersonscrimetype,FOUND,1,1,1,1,en,0,0,0,0,0,0,1,3,1,2,1,1,1,1,2,1,1,5,1,5,6,1,0,0,0,0,,1,0,0,,FOUND
664,1 T 7/2010,CZE004,https://www.unodc.org/cld/case-law-doc/drugcrimetype/cze/2010/1_t_72010.html,drugcrimetype,FOUND,1,1,1,1,en,0,0,0,0,0,0,1,1,1,1,1,1,1,1,1,1,1,3,1,3,5,1,0,0,0,0,,2,0,0,,FOUND
665,ECLI:NL:GHARN:2010:BO2994,NLD007,https://www.unodc.org/cld/case-law-doc/traffickingpersonscrimetype/nld/2010/eclinlgharn2010bo2994_.html,traffickingpersonscrimetype,FOUND,1,1,1,1,en,0,0,0,0,0,0,1,5,1,2,1,1,1,1,1,1,1,1,1,1,2,1,0,0,0,0,,1,0,0,,FOUND
666,Cesar et al,ESP003,https://www.unodc.org/cld/case-law-doc/traffickingpersonscrimetype/esp/2010/cesar_et_al.html,traffickingpersonscrimetype,FOUND,1,1,2,2,en|es,0,0,0,0,0,0,1,5,1,5,1,2,1,1,5,1,1,4,1,4,5,1,6,12,6,6,Fact Summary|Defendants / Respondents in the first instance|Defendants / Respondents in the first instance|Defendants / Respondents in the first instance|Procedural Information|Sources / Citations,1,0,0,,FOUND
667,EXP. N.° 03069-2010-PHC/TC,PER004,https://www.unodc.org/cld/case-law-doc/traffickingpersonscrimetype/per/2010/exp._n._03069-2010-phctc.html,traffickingpersonscrimetype,FOUND,1,1,2,2,en|es,0,0,0,0,0,0,0,0,0,0,0,0,1,1,1,1,1,3,1,3,3,1,5,10,5,5,Fact Summary|Defendants / Respondents in the first instance|Procedural Information|Sources / Citations|unheaded:unheaded,1,0,0,,FOUND
668,Causa 8161-08,ARG009,https://www.unodc.org/cld/case-law-doc/traffickingpersonscrimetype/arg/2010/causa_8161-08_.html,traffickingpersonscrimetype,FOUND,1,1,2,2,en|es,0,0,0,0,0,0,1,5,1,1,1,1,1,1,1,1,1,1,1,1,1,1,4,8,4,4,Fact Summary|Defendants / Respondents in the first instance|Procedural Information|Sources / Citations,1,0,0,,FOUND
669,3 To 28/2010,SVK029,https://www.unodc.org/cld/case-law-doc/traffickingpersonscrimetype/svk/2010/3_to_282010_.html,traffickingpersonscrimetype,FOUND,1,1,1,1,en,0,0,0,0,0,0,1,3,1,6,1,1,1,1,9,1,1,7,1,7,17,1,0,0,0,0,,1,0,0,,FOUND
670,39 T 6/2010,CZE012,https://www.unodc.org/cld/case-law-doc/traffickingpersonscrimetype/cze/2010/39_t_62010.html,traffickingpersonscrimetype,FOUND,1,1,1,1,en,0,0,0,0,0,0,1,2,1,2,1,1,1,1,1,1,1,1,1,1,1,1,0,0,0,0,,1,0,0,,FOUND
671,Anonymous,KOR001,https://www.unodc.org/cld/case-law-doc/traffickingpersonscrimetype/kor/2010/anonymous.html,traffickingpersonscrimetype,FOUND,1,1,1,1,en,0,0,0,0,0,0,1,3,1,1,1,1,1,1,5,1,1,1,1,1,1,1,0,0,0,0,,1,0,0,,FOUND
672,Case No.2009-643,PHL068,https://www.unodc.org/cld/case-law-doc/traffickingpersonscrimetype/phl/2010/case_no.2009-643.html,traffickingpersonscrimetype,FOUND,1,1,1,1,en,0,0,0,0,0,0,1,5,1,4,1,1,1,1,4,1,1,1,1,1,1,1,0,0,0,0,,1,0,0,,FOUND
673,56 T 2/2010,CZE024,https://www.unodc.org/cld/case-law-doc/drugcrimetype/cze/2010/56_t_22010.html,drugcrimetype,FOUND,1,1,1,1,en,0,0,0,0,0,0,1,3,1,3,1,1,1,1,3,1,1,3,1,3,3,1,0,0,0,0,,2,0,0,,FOUND
674,Case No. 401/2010,BGR007,https://www.unodc.org/cld/case-law-doc/traffickingpersonscrimetype/bgr/2010/case_no._4012010.html,traffickingpersonscrimetype,FOUND,1,1,1,1,en,0,0,0,0,0,0,1,3,1,4,1,1,1,1,2,1,1,3,1,3,4,1,0,0,0,0,,1,0,0,,FOUND
675,Dosar nr. 1ra – 740/2010,MDA034,https://www.unodc.org/cld/case-law-doc/traffickingpersonscrimetype/mda/2010/dosar_nr._1ra_7402010.html,traffickingpersonscrimetype,FOUND,1,1,1,1,en,0,0,0,0,0,0,1,2,1,2,1,1,1,1,1,1,1,1,1,1,1,1,0,0,0,0,,1,0,0,,FOUND
676,Case no B 6263-10,SWE016,https://www.unodc.org/cld/case-law-doc/traffickingpersonscrimetype/swe/2010/case_no_b_6263-10.html,traffickingpersonscrimetype,FOUND,1,1,1,1,en,0,0,0,0,0,0,1,3,1,2,1,3,1,1,1,1,1,2,1,2,2,1,0,0,0,0,,1,0,0,,FOUND
677,Processo 2009.84.00.005367-8,BRA060,https://www.unodc.org/cld/case-law-doc/traffickingpersonscrimetype/bra/2010/processo_2009.84.00.005367-8.html,traffickingpersonscrimetype,FOUND,1,1,1,1,en,0,0,0,0,0,0,1,3,1,2,1,1,1,1,1,1,1,1,1,1,2,1,0,0,0,0,,1,0,0,,FOUND
678,Dosar nr 4-1re - 1248/2010,MDA010,https://www.unodc.org/cld/case-law-doc/traffickingpersonscrimetype/mda/2010/dosar_nr_4-1re_-_12482010.html,traffickingpersonscrimetype,FOUND,1,1,1,1,en,0,0,0,0,0,0,1,2,1,1,1,1,1,1,2,1,1,1,1,1,1,1,0,0,0,0,,1,0,0,,FOUND
679,Dosar nr. 1ra – 777/2010,MDA031,https://www.unodc.org/cld/case-law-doc/traffickingpersonscrimetype/mda/2010/dosar_nr._1ra_7772010.html,traffickingpersonscrimetype,FOUND,1,1,1,1,en,0,0,0,0,0,0,1,2,1,1,1,1,1,1,10,1,1,1,1,1,1,1,0,0,0,0,,1,0,0,,FOUND
680,II AKa 93/10,POL004,https://www.unodc.org/cld/case-law-doc/traffickingpersonscrimetype/pol/2010/ii_aka_9310.html,traffickingpersonscrimetype,FOUND,1,1,1,1,en,0,0,0,0,0,0,0,0,0,0,0,0,1,1,2,1,1,2,1,2,3,1,0,0,0,0,,1,0,0,,FOUND
681,CRIM. CASE NO. 2007-054,PHL010,https://www.unodc.org/cld/case-law-doc/traffickingpersonscrimetype/phl/2010/crim._case_no._2007-054.html,traffickingpersonscrimetype,FOUND,1,1,1,1,en,0,0,0,0,0,0,1,2,1,5,1,1,1,1,5,1,1,1,1,1,1,1,0,0,0,0,,1,0,0,,FOUND
682,CRIM. CASE NO. 132048,PHL021,https://www.unodc.org/cld/case-law-doc/traffickingpersonscrimetype/phl/2010/crim._case_no._132048.html,traffickingpersonscrimetype,FOUND,1,1,1,1,en,0,0,0,0,0,0,1,4,1,1,1,1,1,1,3,1,1,2,1,2,4,1,0,0,0,0,,1,0,0,,FOUND
683,R. v. F.A. (2016),NZLx008,https://www.unodc.org/cld/case-law-doc/migrantsmugglingcrimetype/nzl/2010/r._v._f.a._2016.html,migrantsmugglingcrimetype,FOUND,1,1,1,1,en,0,0,0,0,0,0,0,0,0,0,0,0,1,1,1,1,1,1,1,1,2,0,0,0,0,0,,2,0,0,,FOUND
684,Proceso No. 34728,COL018,https://www.unodc.org/cld/case-law-doc/traffickingpersonscrimetype/col/2010/proceso_no._34728.html,traffickingpersonscrimetype,FOUND,1,1,1,1,en,0,0,0,0,0,0,1,1,1,1,1,1,1,1,3,1,1,1,1,1,1,1,0,0,0,0,,1,0,0,,FOUND
685,Causa n 3094,ARG036,https://www.unodc.org/cld/case-law-doc/traffickingpersonscrimetype/arg/2010/causa_n_3094.html,traffickingpersonscrimetype,FOUND,1,1,2,2,en|es,0,0,0,0,0,0,1,3,1,1,1,1,1,1,1,1,1,3,1,3,3,1,4,8,4,4,Fact Summary|Commentary and Significant Features|Procedural Information|Sources / Citations,1,0,0,,FOUND
686,Manjappa v. State of Karnataka,IND012,https://www.unodc.org/cld/case-law-doc/traffickingpersonscrimetype/ind/2010/manjappa_v._state_of_karnataka_.html,traffickingpersonscrimetype,FOUND,1,1,1,1,en,0,0,0,0,0,0,1,5,1,3,1,1,1,1,1,1,1,3,1,3,9,1,0,0,0,0,,2,0,0,,FOUND
687,United States v. Donald Wayne Fint,USA073,https://www.unodc.org/cld/case-law-doc/traffickingpersonscrimetype/usa/2010/united_states_v._donald_wayne_fint.html,traffickingpersonscrimetype,FOUND,1,1,1,1,en,0,0,0,0,0,0,1,2,1,1,1,1,1,1,2,1,1,2,1,2,8,1,0,0,0,0,,1,0,0,,FOUND
688,3 T 10/2009,CZE014,https://www.unodc.org/cld/case-law-doc/traffickingpersonscrimetype/cze/2010/3_t_102009.html,traffickingpersonscrimetype,FOUND,1,1,1,1,en,0,0,0,0,0,0,1,1,1,3,1,1,1,1,2,1,1,1,1,1,1,1,0,0,0,0,,1,0,0,,FOUND
689,Criminal Case No.73018,PHL085,https://www.unodc.org/cld/case-law-doc/traffickingpersonscrimetype/phl/2010/criminal_case_no.73018.html,traffickingpersonscrimetype,FOUND,1,1,1,1,en,0,0,0,0,0,0,1,4,1,3,1,1,1,1,1,1,1,2,1,2,2,1,0,0,0,0,,1,0,0,,FOUND
690,Processo nº 2000.61.07.000474-3,BRA017,https://www.unodc.org/cld/case-law-doc/traffickingpersonscrimetype/bra/2010/processo_n_2000.61.07.000474-3.html,traffickingpersonscrimetype,FOUND,1,1,1,1,en,0,0,0,0,0,0,1,2,0,0,1,1,1,1,1,1,1,1,1,1,1,1,0,0,0,0,,1,0,0,,FOUND
691,Sentença nº 2007.50.01.013004-6 JFES,BRA131,https://www.unodc.org/cld/case-law-doc/criminalgroupcrimetype/bra/2010/sentenca_n_2007.50.01.013004-6_jfes.html,criminalgroupcrimetype,FOUND,1,1,1,1,en,1,3,0,0,1,1,1,3,0,0,1,1,1,1,2,1,1,4,1,4,6,1,0,0,0,0,,2,0,0,,FOUND
692,United States v. Fu Sheng Kuo,USA007,https://www.unodc.org/cld/case-law-doc/traffickingpersonscrimetype/usa/2010/united_states_v._fu_sheng_kuo.html,traffickingpersonscrimetype,FOUND,1,1,1,1,en,0,0,0,0,0,0,1,2,1,2,1,1,1,1,2,1,1,2,1,2,2,1,0,0,0,0,,1,0,0,,FOUND
693,"The State (V. P. Road Police Station, Mumbai) v. Kalpana Ranganath Galphade",IND028,https://www.unodc.org/cld/case-law-doc/traffickingpersonscrimetype/ind/2010/the_state_v._p._road_police_station_mumbai_v._kalpana_ranganath_galphade.html,traffickingpersonscrimetype,FOUND,1,1,1,1,en,0,0,0,0,0,0,1,1,1,2,1,1,1,1,4,1,1,1,1,1,5,1,0,0,0,0,,1,0,0,,FOUND
694,Case No. 164-2010,GTM004,https://www.unodc.org/cld/case-law-doc/traffickingpersonscrimetype/gtm/2010/case_no._164-2010.html,traffickingpersonscrimetype,FOUND,1,1,2,2,en|es,0,0,0,0,0,0,1,2,1,3,1,3,1,1,1,1,1,2,1,2,2,1,7,14,7,7,Fact Summary|Defendants / Respondents in the first instance|Defendants / Respondents in the first instance|Charges / Claims / Decisions|Charges / Claims / Decisions|Procedural Information|Sources / Citations,1,0,0,,FOUND
695,A.M. v Commissioner of Police et al,BLZ001,https://www.unodc.org/cld/case-law-doc/traffickingpersonscrimetype/blz/2010/a.m._v_commissioner_of_police_et_al.html,traffickingpersonscrimetype,FOUND,1,1,1,1,en,0,0,0,0,0,0,1,1,0,0,0,0,1,1,1,1,1,3,1,3,5,1,0,0,0,0,,1,0,0,,FOUND
696,United States v. Afolabi,USA011,https://www.unodc.org/cld/case-law-doc/traffickingpersonscrimetype/usa/2010/united_states_v._afolabi.html,traffickingpersonscrimetype,FOUND,1,1,1,1,en,0,0,0,0,0,0,1,3,1,5,1,2,1,1,1,1,1,3,1,3,10,1,0,0,0,0,,1,0,0,,FOUND
697,3 T 13/2009,CZE015,https://www.unodc.org/cld/case-law-doc/traffickingpersonscrimetype/cze/2010/3_t_132009.html,traffickingpersonscrimetype,FOUND,1,1,1,1,en,0,0,0,0,0,0,1,3,1,1,1,1,1,1,1,1,1,2,1,2,2,1,0,0,0,0,,1,0,0,,FOUND
698,Case No. 05-001-60-00206-2008-01760,COL021,https://www.unodc.org/cld/case-law-doc/traffickingpersonscrimetype/col/2010/case_no._05-001-60-00206-2008-01760.html,traffickingpersonscrimetype,FOUND,1,1,2,2,en|es,0,0,0,0,0,0,1,3,1,3,1,1,1,1,1,1,1,1,1,1,1,1,5,10,5,5,Fact Summary|Defendants / Respondents in the first instance|Charges / Claims / Decisions|Procedural Information|Sources / Citations,1,0,0,,FOUND
699,5 To 79/2010,SVK042,https://www.unodc.org/cld/case-law-doc/traffickingpersonscrimetype/svk/2010/5_to_792010.html,traffickingpersonscrimetype,FOUND,1,1,1,1,en,0,0,0,0,0,0,1,2,1,3,1,1,1,1,5,1,1,1,1,1,1,1,0,0,0,0,,1,0,0,,FOUND
700,Urizar,CAN005,https://www.unodc.org/cld/case-law-doc/traffickingpersonscrimetype/can/2010/urizar.html,traffickingpersonscrimetype,FOUND,1,1,1,1,en,0,0,0,0,0,0,1,3,1,2,1,1,1,1,1,1,1,1,1,1,4,1,0,0,0,0,,2,0,0,,FOUND
701,16 T 7/2009,CZE002,https://www.unodc.org/cld/case-law-doc/traffickingpersonscrimetype/cze/2010/16_t_72009.html,traffickingpersonscrimetype,FOUND,1,1,1,1,en,0,0,0,0,0,0,1,3,1,2,1,1,1,1,3,1,1,16,1,16,17,1,0,0,0,0,,1,0,0,,FOUND
702,18 T 8/2006,CZE007,https://www.unodc.org/cld/case-law-doc/traffickingpersonscrimetype/cze/2010/18_t_82006.html,traffickingpersonscrimetype,FOUND,1,1,1,1,en,0,0,0,0,0,0,1,3,1,2,1,1,1,1,1,1,1,3,1,3,3,1,0,0,0,0,,1,0,0,,FOUND
703,CRIM. CASE NO. CBU-83122,PHL026,https://www.unodc.org/cld/case-law-doc/traffickingpersonscrimetype/phl/2010/crim._case_no._cbu-83122.html,traffickingpersonscrimetype,FOUND,1,1,1,1,en,0,0,0,0,0,0,1,2,1,2,1,1,1,1,2,1,1,1,1,1,1,1,0,0,0,0,,1,0,0,,FOUND
704,CRIM. CASE NO. 06-181,PHL057,https://www.unodc.org/cld/case-law-doc/traffickingpersonscrimetype/phl/2010/crim._case_no._06-181.html,traffickingpersonscrimetype,FOUND,1,1,1,1,en,0,0,0,0,0,0,1,1,1,1,1,1,1,1,2,1,1,1,1,1,1,1,0,0,0,0,,1,0,0,,FOUND
705,United States v. Marvin Madkins,USA032,https://www.unodc.org/cld/case-law-doc/traffickingpersonscrimetype/usa/2010/united_states_v._marvin_madkins.html,traffickingpersonscrimetype,FOUND,1,1,1,1,en,0,0,0,0,0,0,1,3,1,3,1,1,1,1,1,1,1,1,1,1,3,1,0,0,0,0,,1,0,0,,FOUND
706,CRIM. CASE NO. 22878,PHL035,https://www.unodc.org/cld/case-law-doc/criminalgroupcrimetype/phl/2010/crim._case_no._22878.html,criminalgroupcrimetype,FOUND,1,1,1,1,en,0,0,0,0,0,0,1,3,1,1,1,2,1,1,2,1,1,4,1,4,4,1,0,0,0,0,,2,0,0,,FOUND
707,Case No. (102)-457-2010,AZE009,https://www.unodc.org/cld/case-law-doc/traffickingpersonscrimetype/aze/2010/case_no._102-457-2010.html,traffickingpersonscrimetype,FOUND,1,1,1,1,en,0,0,0,0,0,0,1,2,0,0,1,1,1,1,1,1,1,1,1,1,2,1,0,0,0,0,,1,0,0,,FOUND
708,ACR 2001.70.02.002926-9 TRF4,BRA109,https://www.unodc.org/cld/case-law-doc/traffickingpersonscrimetype/bra/2010/acr_2001.70.02.002926-9_trf4.html,traffickingpersonscrimetype,FOUND,1,1,1,1,en,1,4,1,2,1,1,1,4,1,2,1,1,1,1,4,1,1,1,1,1,1,1,0,0,0,0,,2,0,0,,FOUND
709,Causa N 1.864/09,ARG047,https://www.unodc.org/cld/case-law-doc/traffickingpersonscrimetype/arg/2010/causa_n_1.86409_.html,traffickingpersonscrimetype,FOUND,1,1,2,2,en|es,0,0,0,0,0,0,1,4,1,1,1,1,1,1,1,1,1,1,1,1,1,1,4,8,4,4,Fact Summary|Commentary and Significant Features|Procedural Information|Sources / Citations,1,0,0,,FOUND
710,K 224/10,SRB019,https://www.unodc.org/cld/case-law-doc/traffickingpersonscrimetype/srb/2010/k_22410_.html,traffickingpersonscrimetype,FOUND,1,1,1,1,en,0,0,0,0,0,0,1,4,1,2,1,1,1,1,1,1,1,2,1,2,2,1,0,0,0,0,,1,0,0,,FOUND
711,United States v. Aaron J. Burroughs,USA153,https://www.unodc.org/cld/case-law-doc/traffickingpersonscrimetype/usa/2010/united_states_v._aaron_j._burroughs.html,traffickingpersonscrimetype,FOUND,1,1,1,1,en,0,0,0,0,0,0,1,2,1,1,1,1,1,1,1,1,1,1,1,1,3,1,0,0,0,0,,1,0,0,,FOUND
712,K 195/10,SRB016,https://www.unodc.org/cld/case-law-doc/criminalgroupcrimetype/srb/2010/k_19510.html,criminalgroupcrimetype,FOUND,1,1,1,1,en,0,0,0,0,0,0,1,5,1,3,1,1,1,1,1,1,1,4,1,4,4,1,0,0,0,0,,2,0,0,,FOUND
713,"Cass. pen. sez. V, n. 35923",ITA008,https://www.unodc.org/cld/case-law-doc/traffickingpersonscrimetype/ita/2010/cass._pen._sez._v_n._35923.html,traffickingpersonscrimetype,FOUND,1,1,1,1,en,1,3,1,2,0,0,1,2,1,2,1,1,1,1,1,1,1,1,1,1,1,1,0,0,0,0,,1,0,0,,FOUND
714,United States v. Uawndre Larue Fields,USA093,https://www.unodc.org/cld/case-law-doc/traffickingpersonscrimetype/usa/2010/united_states_v._uawndre_larue_fields.html,traffickingpersonscrimetype,FOUND,1,1,1,1,en,0,0,0,0,0,0,1,1,1,1,1,1,1,1,2,1,1,3,1,3,6,1,0,0,0,0,,1,0,0,,FOUND
715,Case N 28/09,ARG030,https://www.unodc.org/cld/case-law-doc/traffickingpersonscrimetype/arg/2010/case_n_2809.html,traffickingpersonscrimetype,FOUND,1,1,2,2,en|es,0,0,0,0,0,0,1,3,1,2,1,1,1,1,1,1,1,1,1,1,1,1,4,8,4,2,Fact Summary|Defendants / Respondents in the first instance,1,6,6,DUPLICATE_TAB_PANE_ID|DUPLICATE_TAB_HREF|TAB_GROUP_MULTIPLE_ACTIVE_PANES|DUPLICATE_TAB_PANE_ID|DUPLICATE_TAB_HREF|TAB_GROUP_MULTIPLE_ACTIVE_PANES,PARTIAL
716,Causa n° 07-2010,ARG021,https://www.unodc.org/cld/case-law-doc/traffickingpersonscrimetype/arg/2010/causa_n_07-2010_.html,traffickingpersonscrimetype,FOUND,1,1,2,2,en|es,0,0,1,1,0,0,1,2,1,2,1,1,1,1,1,1,1,1,1,1,1,1,4,8,4,4,Fact Summary|Defendants / Respondents in the first instance|Procedural Information|Sources / Citations,1,0,0,,FOUND
717,Dosar nr. 1ra – 764/2010,MDA032,https://www.unodc.org/cld/case-law-doc/traffickingpersonscrimetype/mda/2010/dosar_nr._1ra_7642010.html,traffickingpersonscrimetype,FOUND,1,1,1,1,en,0,0,0,0,0,0,1,2,1,1,1,1,1,1,2,1,1,1,1,1,1,1,0,0,0,0,,1,0,0,,FOUND
718,United States v. Anthony Mark Bianchi,USA054,https://www.unodc.org/cld/case-law-doc/traffickingpersonscrimetype/usa/2010/united_states_v._anthony_mark_bianchi.html,traffickingpersonscrimetype,FOUND,1,1,1,1,en,0,0,0,0,0,0,1,1,1,2,1,1,1,1,2,1,1,1,1,1,3,1,0,0,0,0,,1,0,0,,FOUND
719,Processo n 0008002-31.2010.4.05.0000,BRA035,https://www.unodc.org/cld/case-law-doc/traffickingpersonscrimetype/bra/2010/processo_n_0008002-31.2010.4.05.0000.html,traffickingpersonscrimetype,FOUND,1,1,1,1,en,0,0,0,0,0,0,1,3,1,2,1,1,1,1,1,1,1,1,1,1,1,1,0,0,0,0,,1,0,0,,FOUND
720,Appeal 11268/79K,EGY002,https://www.unodc.org/cld/case-law-doc/traffickingpersonscrimetype/egy/2010/appeal_1126879k.html,traffickingpersonscrimetype,FOUND,1,1,1,1,en,0,0,0,0,0,0,1,4,1,1,1,1,1,1,1,1,1,11,1,11,11,1,0,0,0,0,,1,0,0,,FOUND
721,Dosar nr. 1ra – 576/2010,MDA053,https://www.unodc.org/cld/case-law-doc/traffickingpersonscrimetype/mda/2010/dosar_nr._1ra_5762010.html,traffickingpersonscrimetype,FOUND,1,1,1,1,en,0,0,0,0,0,0,1,2,0,0,1,1,1,1,2,1,1,1,1,1,1,1,0,0,0,0,,1,0,0,,FOUND
722,George Hezron Mwakio V Republic [2010] eKLR,KEN002,https://www.unodc.org/cld/case-law-doc/traffickingpersonscrimetype/ken/2010/george_hezron_mwakio_v_republic_2010_eklr.html,traffickingpersonscrimetype,FOUND,1,1,1,1,en,0,0,0,0,0,0,1,2,1,2,1,1,1,1,1,1,1,1,1,1,2,1,0,0,0,0,,2,0,0,,FOUND
723,Court of Appeals of Antwerp 24-06-2010,BEL008,https://www.unodc.org/cld/case-law-doc/traffickingpersonscrimetype/bel/2010/court_of_appeals_of_antwerp_24-06-2010.html,traffickingpersonscrimetype,FOUND,1,1,1,1,en,0,0,0,0,0,0,1,1,1,1,1,2,1,1,1,1,1,4,1,4,19,1,1,2,1,0,,1,3,3,DUPLICATE_TAB_PANE_ID|DUPLICATE_TAB_HREF|TAB_GROUP_MULTIPLE_ACTIVE_PANES,PARTIAL
724,114/1372/2006,ROU011,https://www.unodc.org/cld/case-law-doc/traffickingpersonscrimetype/rou/2010/11413722006.html,traffickingpersonscrimetype,FOUND,1,1,1,1,en,0,0,0,0,0,0,1,3,1,3,1,2,1,1,6,1,1,4,1,4,4,1,0,0,0,0,,1,0,0,,FOUND
725,Processo n 0006682-72.2010.4.05.8300,BRA057,https://www.unodc.org/cld/case-law-doc/traffickingpersonscrimetype/bra/2010/processo_n_0006682-72.2010.4.05.8300.html,traffickingpersonscrimetype,FOUND,1,1,1,1,en,0,0,0,0,0,0,1,3,1,3,1,1,1,1,1,1,1,1,1,1,1,1,0,0,0,0,,1,0,0,,FOUND
726,Dosar nr. 1ra – 718/2010,MDA042,https://www.unodc.org/cld/case-law-doc/traffickingpersonscrimetype/mda/2010/dosar_nr._1ra_7182010.html,traffickingpersonscrimetype,FOUND,1,1,1,1,en,0,0,0,0,0,0,1,2,1,2,1,1,1,1,1,1,1,1,1,1,1,1,0,0,0,0,,1,0,0,,FOUND
727,CRIM. CASE NO. 59025-06,PHL043,https://www.unodc.org/cld/case-law-doc/traffickingpersonscrimetype/phl/2010/crim._case_no._59025-06.html,traffickingpersonscrimetype,FOUND,1,1,1,1,en,0,0,0,0,0,0,1,3,1,1,1,1,1,1,1,1,1,1,1,1,1,1,0,0,0,0,,1,0,0,,FOUND
728,"Expediente 2571-2010, Inconstitucionalidad en Caso Concreto",GTM005,https://www.unodc.org/cld/case-law-doc/traffickingpersonscrimetype/gtm/2010/expediente_2571-2010_inconstitucionalidad_en_caso_concreto.html,traffickingpersonscrimetype,FOUND,1,1,2,2,en|es,0,0,0,0,0,0,0,0,0,0,1,1,1,1,1,1,1,1,1,1,1,1,5,10,5,5,Fact Summary|Defendants / Respondents in the first instance|Charges / Claims / Decisions|Procedural Information|Sources / Citations,1,0,0,,FOUND
729,R v B,NZL002,https://www.unodc.org/cld/case-law-doc/traffickingpersonscrimetype/nzl/2010/r_v_b.html,traffickingpersonscrimetype,FOUND,1,1,1,1,en,0,0,0,0,0,0,1,1,0,0,1,1,1,1,1,1,1,1,1,1,2,1,0,0,0,0,,1,0,0,,FOUND
730,Not. 668/09 [2010],BEL002,https://www.unodc.org/cld/case-law-doc/traffickingpersonscrimetype/bel/2010/not._66809_2010.html,traffickingpersonscrimetype,FOUND,1,1,1,1,en,0,0,0,0,0,0,1,5,1,1,1,1,1,1,1,1,1,3,1,3,3,1,0,0,0,0,,1,0,0,,FOUND
731,Case No. 224/2010,ISL001,https://www.unodc.org/cld/case-law-doc/traffickingpersonscrimetype/isl/2010/case_no._2242010.html,traffickingpersonscrimetype,FOUND,1,1,1,1,en,0,0,0,0,0,0,1,4,1,2,1,1,1,1,1,1,1,5,1,5,5,1,0,0,0,0,,1,0,0,,FOUND
732,Albert X.,FRA001,https://www.unodc.org/cld/case-law-doc/traffickingpersonscrimetype/fra/2010/albert_x..html,traffickingpersonscrimetype,FOUND,1,1,2,2,en|fr,0,0,0,0,0,0,1,2,1,2,1,1,1,1,1,1,1,1,1,1,3,1,4,8,4,4,Fact Summary|Defendants / Respondents in the first instance|Charges / Claims / Decisions|Procedural Information,1,0,0,,FOUND
733,Angelic Sabag Gutier vs. State of Israel,ISR003,https://www.unodc.org/cld/case-law-doc/traffickingpersonscrimetype/isr/2010/angelic_sabag_gutier_vs._state_of_israel.html,traffickingpersonscrimetype,FOUND,1,1,1,1,en,0,0,0,0,0,0,1,3,1,1,1,1,1,1,6,1,1,1,1,1,2,1,0,0,0,0,,1,0,0,,FOUND
734,Dosar nr. 1re – 511/2010,MDA058,https://www.unodc.org/cld/case-law-doc/traffickingpersonscrimetype/mda/2010/dosar_nr._1re_5112010.html,traffickingpersonscrimetype,FOUND,1,1,1,1,en,0,0,0,0,0,0,1,2,1,1,1,1,1,1,2,1,1,2,1,2,2,1,0,0,0,0,,1,0,0,,FOUND
735,HR-2010-00982-A,NOR007,https://www.unodc.org/cld/case-law-doc/traffickingpersonscrimetype/nor/2010/hr-2010-00982-a.html,traffickingpersonscrimetype,FOUND,1,1,1,1,en,0,0,0,0,0,0,1,2,1,1,1,1,1,1,1,1,1,2,1,2,2,1,0,0,0,0,,1,0,0,,FOUND
736,A.O.O and B.O.O,KOR002,https://www.unodc.org/cld/case-law-doc/traffickingpersonscrimetype/kor/2010/a.o.o_and_b.o.o.html,traffickingpersonscrimetype,FOUND,1,1,1,1,en,0,0,0,0,0,0,1,1,0,0,1,1,1,1,1,1,1,2,1,2,4,1,0,0,0,0,,2,0,0,,FOUND
737,"Cass. Pen. Sez. V, n. 35479",ITA009,https://www.unodc.org/cld/case-law-doc/traffickingpersonscrimetype/ita/2010/cass._pen._sez._v_n._35479.html,traffickingpersonscrimetype,FOUND,1,1,1,1,en,1,6,1,4,1,1,1,5,1,4,1,1,1,1,13,1,1,8,1,8,25,1,0,0,0,0,,1,0,0,,FOUND
738,Processo n 0006554-23.2010.4.05.0000,BRA045,https://www.unodc.org/cld/case-law-doc/traffickingpersonscrimetype/bra/2010/processo_n_0006554-23.2010.4.05.0000.html,traffickingpersonscrimetype,FOUND,1,1,1,1,en,0,0,0,0,0,0,1,3,1,2,1,1,1,1,1,1,1,1,1,1,1,1,0,0,0,0,,1,0,0,,FOUND
739,K.K.R. v REPUBLIC [2010] eKLR,KEN001,https://www.unodc.org/cld/case-law-doc/traffickingpersonscrimetype/ken/2010/k.k.r._v_republic_2010_eklr.html,traffickingpersonscrimetype,FOUND,1,1,1,1,en,0,0,0,0,0,0,1,3,1,2,1,1,1,1,1,1,1,1,1,1,2,1,0,0,0,0,,2,0,0,,FOUND
740,"Cass. Pen. Sez. III, n. 24269",ITA011,https://www.unodc.org/cld/case-law-doc/traffickingpersonscrimetype/ita/2010/cass._pen._sez._iii_n._24269.html,traffickingpersonscrimetype,FOUND,1,1,1,1,en,1,4,1,2,1,1,1,2,1,2,1,1,1,1,1,1,1,1,1,1,3,1,0,0,0,0,,1,0,0,,FOUND
741,Decision No. 538,ALB007,https://www.unodc.org/cld/case-law-doc/traffickingpersonscrimetype/alb/2010/decision_no._538.html,traffickingpersonscrimetype,FOUND,1,1,1,1,en,0,0,0,0,0,0,1,4,1,3,1,1,1,1,1,1,1,1,1,1,1,1,0,0,0,0,,1,0,0,,FOUND
742,Dosar nr. 1re – 783/2010,MDA030,https://www.unodc.org/cld/case-law-doc/traffickingpersonscrimetype/mda/2010/dosar_nr._1re_7832010.html,traffickingpersonscrimetype,FOUND,1,1,1,1,en,0,0,0,0,0,0,1,2,1,1,1,1,1,1,1,1,1,1,1,1,1,1,0,0,0,0,,1,0,0,,FOUND
743,ACR 200351015080303RJ,BRA116,https://www.unodc.org/cld/case-law-doc/criminalgroupcrimetype/bra/2010/acr_200351015080303rj.html,criminalgroupcrimetype,FOUND,1,1,1,1,en,1,3,0,0,1,1,1,3,0,0,1,1,1,1,1,1,1,4,1,4,8,1,0,0,0,0,,2,0,0,,FOUND
744,Dosar nr 1ra - 454/2010,MDA040,https://www.unodc.org/cld/case-law-doc/traffickingpersonscrimetype/mda/2010/dosar_nr_1ra_-_4542010.html,traffickingpersonscrimetype,FOUND,1,1,1,1,en,0,0,0,0,0,0,1,2,1,1,1,1,1,1,1,1,1,1,1,1,1,1,0,0,0,0,,1,0,0,,FOUND
745,K 11/10,SRB002,https://www.unodc.org/cld/case-law-doc/traffickingpersonscrimetype/srb/2010/k_1110_.html,traffickingpersonscrimetype,FOUND,1,1,1,1,en,0,0,0,0,0,0,1,3,1,2,1,1,1,1,1,1,1,1,1,1,2,1,0,0,0,0,,2,0,0,,FOUND
746,Court of Appeals of Antwerp 20-05-2010,BEL013,https://www.unodc.org/cld/case-law-doc/traffickingpersonscrimetype/bel/2010/court_of_appeals_of_antwerp_20-05-2010.html,traffickingpersonscrimetype,FOUND,1,1,1,1,en,0,0,0,0,0,0,1,3,1,3,1,2,1,1,1,1,1,2,1,2,2,1,0,0,0,0,,1,0,0,,FOUND
747,Decision No. 486,ALB006,https://www.unodc.org/cld/case-law-doc/traffickingpersonscrimetype/alb/2010/decision_no._486.html,traffickingpersonscrimetype,FOUND,1,1,1,1,en,0,0,0,0,0,0,1,4,1,1,1,1,1,1,1,1,1,1,1,1,1,1,0,0,0,0,,1,0,0,,FOUND
748,Dosar nr. 1re – 763/2010,MDA033,https://www.unodc.org/cld/case-law-doc/traffickingpersonscrimetype/mda/2010/dosar_nr._1re_7632010.html,traffickingpersonscrimetype,FOUND,1,1,1,1,en,0,0,0,0,0,0,1,2,0,0,1,1,1,1,4,1,1,2,1,2,1,1,0,0,0,0,,1,0,0,,FOUND
749,5 To 23/2010,SVK037,https://www.unodc.org/cld/case-law-doc/traffickingpersonscrimetype/svk/2010/5_to_232010_.html,traffickingpersonscrimetype,FOUND,1,1,1,1,en,0,0,0,0,0,0,1,1,1,2,1,1,1,1,1,1,1,1,1,1,1,1,0,0,0,0,,1,0,0,,FOUND
750,United States v. Rodney King,USA109,https://www.unodc.org/cld/case-law-doc/traffickingpersonscrimetype/usa/2010/united_states_v._rodney_king.html,traffickingpersonscrimetype,FOUND,1,1,1,1,en,0,0,0,0,0,0,1,1,1,2,1,1,1,1,2,1,1,2,1,2,5,1,0,0,0,0,,1,0,0,,FOUND
751,KŽ 408/10,SRB027,https://www.unodc.org/cld/case-law-doc/criminalgroupcrimetype/srb/2010/k_40810_.html,criminalgroupcrimetype,FOUND,1,1,1,1,en,0,0,0,0,0,0,1,2,1,2,1,1,1,1,3,1,1,4,1,4,4,1,0,0,0,0,,2,0,0,,FOUND
752,"Cass. pen. sez. III, n. 21630",ITA010,https://www.unodc.org/cld/case-law-doc/traffickingpersonscrimetype/ita/2010/cass._pen._sez._iii_n._21630.html,traffickingpersonscrimetype,FOUND,1,1,1,1,en,1,2,1,3,1,1,1,2,1,3,1,1,1,1,7,1,1,2,1,2,4,1,0,0,0,0,,1,0,0,,FOUND
753,S.P.A.F. v. I.G.G,PAN001,https://www.unodc.org/cld/case-law-doc/traffickingpersonscrimetype/pan/2010/s.p.a.f._v._i.g.g.html,traffickingpersonscrimetype,FOUND,1,1,2,2,en|es,0,0,0,0,0,0,1,3,1,1,1,1,1,1,2,1,1,2,1,2,2,1,4,8,3,3,Fact Summary|Defendants / Respondents in the first instance|Charges / Claims / Decisions,1,0,0,,FOUND
754,1-10-4245,EST003,https://www.unodc.org/cld/case-law-doc/illicitfirearmscrimetype/est/2010/1-10-4245.html,illicitfirearmscrimetype,FOUND,1,1,1,1,en,0,0,0,0,0,0,1,1,1,1,1,1,1,1,1,1,1,3,1,3,9,1,0,0,0,0,,2,0,0,,FOUND
755,C. Hervé et D. Abdelaziz,FRAx007,https://www.unodc.org/cld/case-law-doc/traffickingpersonscrimetype/fra/2010/c._herve_et_d._abdelaziz.html,traffickingpersonscrimetype,FOUND,1,1,1,1,en,1,3,1,2,1,1,1,3,1,2,1,1,1,1,3,1,1,2,1,2,3,0,0,0,0,0,,1,0,0,,FOUND
756,Case No. (102)-267-2010,AZE003,https://www.unodc.org/cld/case-law-doc/traffickingpersonscrimetype/aze/2010/case_no._102-267-2010.html,traffickingpersonscrimetype,FOUND,1,1,1,1,en,0,0,0,0,0,0,1,3,1,2,1,1,1,1,2,1,1,1,1,1,3,1,0,0,0,0,,1,0,0,,FOUND
757,KŽ I 939/10,SRB026,https://www.unodc.org/cld/case-law-doc/traffickingpersonscrimetype/srb/2010/k_i_93910_.html,traffickingpersonscrimetype,FOUND,1,1,1,1,en,0,0,0,0,0,0,1,2,1,2,1,1,1,1,1,1,1,1,1,1,1,1,0,0,0,0,,1,0,0,,FOUND
758,3809/89/2007,ROU003,https://www.unodc.org/cld/case-law-doc/traffickingpersonscrimetype/rou/2010/3809892007.html,traffickingpersonscrimetype,FOUND,1,1,1,1,en,0,0,0,0,0,0,1,4,1,4,1,2,1,1,14,1,1,1,1,1,5,1,0,0,0,0,,1,0,0,,FOUND
759,Docket Number - Unknown [2010],USA174,https://www.unodc.org/cld/case-law-doc/drugcrimetype/usa/2010/docket_number_-_unknown_2010.html,drugcrimetype,FOUND,1,1,1,1,en,1,4,1,2,1,1,1,4,1,2,1,1,1,1,2,1,1,4,1,4,12,1,0,0,0,0,,3,0,0,,FOUND
760,5 To 5/2011,SVK039,https://www.unodc.org/cld/case-law-doc/traffickingpersonscrimetype/svk/2010/5_to_52011_.html,traffickingpersonscrimetype,FOUND,1,1,1,1,en,0,0,0,0,0,0,1,2,1,4,1,1,1,1,6,1,1,5,1,5,12,1,0,0,0,0,,1,0,0,,FOUND
761,6B_81/2010 and 6B_126/2010,CHE001,https://www.unodc.org/cld/case-law-doc/traffickingpersonscrimetype/che/2010/6b_812010_and_6b_1262010.html,traffickingpersonscrimetype,FOUND,1,1,1,1,en,0,0,0,0,0,0,1,3,1,1,1,1,1,1,2,1,1,2,1,2,4,1,0,0,0,0,,1,0,0,,FOUND
762,Kodos v Prosecutor General's Office of the Republic of Lithuania,GBR009,https://www.unodc.org/cld/case-law-doc/traffickingpersonscrimetype/gbr/2010/kodos_v_prosecutor_generals_office_of_the_republic_of_lithuania.html,traffickingpersonscrimetype,FOUND,1,1,1,1,en,0,0,0,0,0,0,1,5,1,3,1,1,1,1,3,1,1,1,1,1,3,1,0,0,0,0,,1,0,0,,FOUND
763,Decision No. 404,ALB004,https://www.unodc.org/cld/case-law-doc/traffickingpersonscrimetype/alb/2010/decision_no._404.html,traffickingpersonscrimetype,FOUND,1,1,1,1,en,1,5,0,0,1,1,1,5,1,3,1,1,1,1,2,1,1,2,1,2,2,0,0,0,0,0,,1,0,0,,FOUND
764,Decision No.403,ALB005,https://www.unodc.org/cld/case-law-doc/traffickingpersonscrimetype/alb/2010/decision_no.403.html,traffickingpersonscrimetype,FOUND,1,1,1,1,en,0,0,0,0,0,0,1,3,1,2,1,1,1,1,1,1,1,1,1,1,1,1,0,0,0,0,,1,0,0,,FOUND
765,Case Nº P-9/09,ARG027,https://www.unodc.org/cld/case-law-doc/traffickingpersonscrimetype/arg/2010/case_n_p-909.html,traffickingpersonscrimetype,FOUND,1,1,2,2,en|es,0,0,0,0,0,0,1,1,1,1,1,1,1,1,2,1,1,1,1,1,1,1,4,8,4,4,Fact Summary|Commentary and Significant Features|Procedural Information|Sources / Citations,1,0,0,,FOUND
766,Case No. 2007/12444,TUR002,https://www.unodc.org/cld/case-law-doc/traffickingpersonscrimetype/tur/2010/case_no._200712444.html,traffickingpersonscrimetype,FOUND,1,1,1,1,en,0,0,0,0,0,0,1,3,1,3,1,2,1,1,3,1,1,4,1,4,4,1,0,0,0,0,,1,0,0,,FOUND
767,Tapachula Globeritos Case,MEX002,https://www.unodc.org/cld/case-law-doc/traffickingpersonscrimetype/mex/2010/tapachula_globeritos_case.html,traffickingpersonscrimetype,FOUND,1,1,2,2,en|es,0,0,0,0,0,0,1,3,1,2,1,1,1,1,1,1,1,1,1,1,1,1,7,14,7,7,Fact Summary|Defendants / Respondents in the first instance|Charges / Claims / Decisions|Commentary and Significant Features|Cross-Cutting Issues|Procedural Information|Sources / Citations,1,0,0,,FOUND
768,First Instance Tribunal of Charleroi 23-04-2010,BEL024,https://www.unodc.org/cld/case-law-doc/traffickingpersonscrimetype/bel/2010/first_instance_tribunal_of_charleroi_23-04-2010.html,traffickingpersonscrimetype,FOUND,1,1,1,1,en,0,0,0,0,0,0,1,2,1,2,1,1,1,1,4,1,1,2,1,2,6,1,0,0,0,0,,1,0,0,,FOUND
769,Correctional Tribunal of Brussels 20-04-2010,BEL016,https://www.unodc.org/cld/case-law-doc/traffickingpersonscrimetype/bel/2010/correctional_tribunal_of_brussels_20-04-2010.html,traffickingpersonscrimetype,FOUND,1,1,1,1,en,0,0,0,0,0,0,0,0,0,0,1,2,1,1,1,1,1,1,1,1,2,1,0,0,0,0,,1,0,0,,FOUND
770,2228/54/2008,ROU002,https://www.unodc.org/cld/case-law-doc/criminalgroupcrimetype/rou/2010/2228542008.html,criminalgroupcrimetype,FOUND,1,1,1,1,en,0,0,0,0,0,0,1,2,1,2,1,1,1,1,3,1,1,1,1,1,2,1,0,0,0,0,,2,0,0,,FOUND
771,Case No. 2010/ 1440,TUR003,https://www.unodc.org/cld/case-law-doc/traffickingpersonscrimetype/tur/2010/case_no._2010_1440.html,traffickingpersonscrimetype,FOUND,1,1,1,1,en,0,0,0,0,0,0,1,1,1,1,1,1,1,1,3,1,1,1,1,1,2,1,0,0,0,0,,1,0,0,,FOUND
772,KŽ I 215/10,SRB030,https://www.unodc.org/cld/case-law-doc/traffickingpersonscrimetype/srb/2010/k_i_21510_.html,traffickingpersonscrimetype,FOUND,1,1,1,1,en,0,0,0,0,0,0,1,3,1,2,1,1,1,1,1,1,1,2,1,2,2,1,0,0,0,0,,1,0,0,,FOUND
773,Dosar nr 1ra - 499/2010,MDA043,https://www.unodc.org/cld/case-law-doc/traffickingpersonscrimetype/mda/2010/dosar_nr_1ra_-_4992010.html,traffickingpersonscrimetype,FOUND,1,1,1,1,en,0,0,0,0,0,0,1,2,0,0,1,1,1,1,1,1,1,1,1,1,2,1,0,0,0,0,,1,0,0,,FOUND
774,3 T 6/2006,SVK026,https://www.unodc.org/cld/case-law-doc/traffickingpersonscrimetype/svk/2010/3_t_62006_.html,traffickingpersonscrimetype,FOUND,1,1,1,1,en,0,0,0,0,0,0,1,3,1,2,1,1,1,1,6,1,1,1,1,1,1,1,0,0,0,0,,1,0,0,,FOUND
775,United States v. Marvin Chavelle Epps,USA046,https://www.unodc.org/cld/case-law-doc/traffickingpersonscrimetype/usa/2010/united_states_v._marvin_chavelle_epps.html,traffickingpersonscrimetype,FOUND,1,1,1,1,en,0,0,0,0,0,0,1,1,1,1,1,1,1,1,1,1,1,1,1,1,2,1,0,0,0,0,,1,0,0,,FOUND
776,"A.Z. Thailand v. Secretary of State for the Home Department, CG [2010] UKUT 118 (IAC)",GBR001,https://www.unodc.org/cld/case-law-doc/traffickingpersonscrimetype/gbr/2010/a.z._thailand_v._secretary_of_state_for_the_home_department_cg_2010_ukut_118_iac.html,traffickingpersonscrimetype,FOUND,1,1,1,1,en,0,0,0,0,0,0,1,2,1,2,1,1,1,1,1,1,1,1,0,0,0,1,0,0,0,0,,1,0,0,,FOUND
777,United States v. Kasiem Brown,USA098,https://www.unodc.org/cld/case-law-doc/traffickingpersonscrimetype/usa/2010/united_states_v._kasiem_brown.html,traffickingpersonscrimetype,FOUND,1,1,1,1,en,0,0,0,0,0,0,1,2,1,1,1,1,1,1,1,1,1,2,1,2,8,1,0,0,0,0,,1,0,0,,FOUND
778,R v Netthip 2010 NSWDC 159,AUS006,https://www.unodc.org/cld/case-law-doc/traffickingpersonscrimetype/aus/2010/r_v_netthip_2010_nswdc_159.html,traffickingpersonscrimetype,FOUND,1,1,1,1,en,0,0,0,0,0,0,1,2,1,1,1,1,1,1,1,1,1,1,1,1,3,1,0,0,0,0,,1,0,0,,FOUND
779,6B_1006/2009,CHE002,https://www.unodc.org/cld/case-law-doc/traffickingpersonscrimetype/che/2010/6b_10062009.html,traffickingpersonscrimetype,FOUND,1,1,1,1,en,0,0,0,0,0,0,1,2,1,1,1,1,1,1,3,1,1,1,1,1,7,1,0,0,0,0,,2,0,0,,FOUND
780,Auto Supremo 037/2010 - Guido Benigno Guardia Flores et al,BOL001,https://www.unodc.org/cld/case-law-doc/traffickingpersonscrimetype/bol/2010/auto_supremo_0372010_-_guido_benigno_guardia_flores_et_al.html,traffickingpersonscrimetype,FOUND,1,1,2,2,en|es,0,0,0,0,0,0,1,2,1,2,1,1,1,1,1,1,1,4,1,4,12,1,9,18,9,7,Fact Summary|Defendants / Respondents in the first instance|Defendants / Respondents in the first instance|Defendants / Respondents in the first instance|Defendants / Respondents in the first instance|Commentary and Significant Features|Sources / Citations,3,6,6,DUPLICATE_TAB_PANE_ID|DUPLICATE_TAB_HREF|TAB_GROUP_MULTIPLE_ACTIVE_PANES|DUPLICATE_TAB_PANE_ID|DUPLICATE_TAB_HREF|TAB_GROUP_MULTIPLE_ACTIVE_PANES,PARTIAL
781,United States v. Mahender Murlidhar Sabhnani and Varsha Mahender Sabhnani,USA033,https://www.unodc.org/cld/case-law-doc/traffickingpersonscrimetype/usa/2010/united_states_v._mahender_murlidhar_sabhnani_and_varsha_mahender_sabhnani_.html,traffickingpersonscrimetype,FOUND,1,1,1,1,en,0,0,0,0,0,0,1,5,1,3,1,1,1,1,2,1,1,2,1,2,10,1,0,0,0,0,,1,0,0,,FOUND
782,Dosar nr. 1re – 571/2010,MDA055,https://www.unodc.org/cld/case-law-doc/traffickingpersonscrimetype/mda/2010/dosar_nr._1re_5712010.html,traffickingpersonscrimetype,FOUND,1,1,1,1,en,0,0,0,0,0,0,1,2,1,1,1,1,1,1,1,1,1,1,1,1,1,1,0,0,0,0,,1,0,0,,FOUND
783,L.J.N. vs REPUBLIC [2010] eKLR,KEN006,https://www.unodc.org/cld/case-law-doc/traffickingpersonscrimetype/ken/2010/l.j.n._vs_republic_2010_eklr.html,traffickingpersonscrimetype,FOUND,1,1,1,1,en,0,0,0,0,0,0,1,1,0,0,1,1,1,1,1,1,1,1,1,1,1,1,0,0,0,0,,1,0,0,,FOUND
784,Causa n° 1723,ARG007,https://www.unodc.org/cld/case-law-doc/traffickingpersonscrimetype/arg/2010/causa_n_1723_.html,traffickingpersonscrimetype,FOUND,1,1,2,2,en|es,0,0,0,0,0,0,1,5,1,3,1,1,1,1,4,1,1,2,1,2,2,1,3,6,3,3,Fact Summary|Defendants / Respondents in the first instance|Sources / Citations,1,0,0,,FOUND
785,Copenhagen City Court judgement March 19 2010,DNK011,https://www.unodc.org/cld/case-law-doc/traffickingpersonscrimetype/dnk/2010/copenhagen_city_court_judgement_march_19_2010.html,traffickingpersonscrimetype,FOUND,1,1,1,1,en,1,2,1,1,1,1,1,2,1,1,1,1,1,1,1,1,1,2,1,2,3,1,0,0,0,0,,1,0,0,,FOUND
786,First Instance Tribunal of Charleroi 19-03-2010,BEL027,https://www.unodc.org/cld/case-law-doc/traffickingpersonscrimetype/bel/2010/first_instance_tribunal_of_charleroi_19-03-2010.html,traffickingpersonscrimetype,FOUND,1,1,1,1,en,0,0,0,0,0,0,1,1,1,2,1,1,1,1,3,1,1,4,1,4,24,1,2,4,2,0,,1,6,6,DUPLICATE_TAB_PANE_ID|DUPLICATE_TAB_HREF|TAB_GROUP_MULTIPLE_ACTIVE_PANES|DUPLICATE_TAB_PANE_ID|DUPLICATE_TAB_HREF|TAB_GROUP_MULTIPLE_ACTIVE_PANES,PARTIAL
787,Copenhagen District Court judgment 19 March 2010,DNK004,https://www.unodc.org/cld/case-law-doc/traffickingpersonscrimetype/dnk/2010/copenhagen_district_court_judgment_19_march_2010.html,traffickingpersonscrimetype,FOUND,1,1,1,1,en,0,0,0,0,0,0,1,2,1,1,1,1,1,1,1,1,1,2,1,2,3,1,0,0,0,0,,1,0,0,,FOUND
788,Correctional Tribunal of Hasselt 19-03-2010,BEL011,https://www.unodc.org/cld/case-law-doc/traffickingpersonscrimetype/bel/2010/correctional_tribunal_of_hasselt_19-03-2010.html,traffickingpersonscrimetype,FOUND,1,1,1,1,en,0,0,0,0,0,0,1,2,1,2,1,1,1,1,1,1,1,1,1,1,4,1,0,0,0,0,,1,0,0,,FOUND
789,Albania v. Secretary of State for the Home Department,GBR002,https://www.unodc.org/cld/case-law-doc/traffickingpersonscrimetype/gbr/2010/albania_v._secretary_of_state_for_the_home_department.html,traffickingpersonscrimetype,FOUND,1,1,1,1,en,0,0,0,0,0,0,1,2,1,4,1,1,1,1,2,1,1,1,1,1,2,1,0,0,0,0,,1,0,0,,FOUND
790,Correctional Tribunal of Tongeren 18-03-2010,BEL014,https://www.unodc.org/cld/case-law-doc/traffickingpersonscrimetype/bel/2010/correctional_tribunal_of_tongeren_18-03-2010.html,traffickingpersonscrimetype,FOUND,1,1,1,1,en,0,0,0,0,0,0,1,3,1,2,1,1,1,1,2,1,1,3,1,3,17,1,0,0,0,0,,1,0,0,,FOUND
791,Presuda Kzm 35/08-5,HRV001,https://www.unodc.org/cld/case-law-doc/traffickingpersonscrimetype/hrv/2010/presuda_kzm_3508-5.html,traffickingpersonscrimetype,FOUND,1,1,1,1,en,0,0,0,0,0,0,1,3,1,2,1,1,1,1,1,1,1,2,1,2,2,1,0,0,0,0,,1,0,0,,FOUND
792,Case No. 649/2009,BGR004,https://www.unodc.org/cld/case-law-doc/traffickingpersonscrimetype/bgr/2010/case_no._6492009.html,traffickingpersonscrimetype,FOUND,1,1,1,1,en,0,0,0,0,0,0,1,1,1,1,1,1,1,1,1,1,1,2,1,2,2,1,0,0,0,0,,1,0,0,,FOUND
793,49 T 10/2009,CZE021,https://www.unodc.org/cld/case-law-doc/traffickingpersonscrimetype/cze/2010/49_t_102009.html,traffickingpersonscrimetype,FOUND,1,1,1,1,en,0,0,0,0,0,0,1,2,1,3,0,0,1,1,1,1,1,2,1,2,2,1,0,0,0,0,,1,0,0,,FOUND
794,4 T 81/2004,SVK034,https://www.unodc.org/cld/case-law-doc/traffickingpersonscrimetype/svk/2010/4_t_812004_.html,traffickingpersonscrimetype,FOUND,1,1,1,1,en,0,0,0,0,0,0,1,2,1,1,1,1,1,1,2,1,1,3,1,3,3,1,0,0,0,0,,1,0,0,,FOUND
795,Dosar nr 1ra - 348/2010,MDA024,https://www.unodc.org/cld/case-law-doc/traffickingpersonscrimetype/mda/2010/dosar_nr_1ra_-_3482010.html,traffickingpersonscrimetype,FOUND,1,1,1,1,en,0,0,0,0,0,0,1,2,1,1,1,1,1,1,2,1,1,2,1,2,2,1,0,0,0,0,,1,0,0,,FOUND
796,Presuda K- 76/08,BIHx002,https://www.unodc.org/cld/case-law-doc/traffickingpersonscrimetype/bih/2010/presuda_k-_7608_.html,traffickingpersonscrimetype,FOUND,1,1,1,1,en,0,0,0,0,0,0,1,1,1,2,1,2,1,1,1,1,1,1,1,1,1,1,0,0,0,0,,1,0,0,,FOUND
797,S.O.E. v Republic [2010] eKLR (Criminal Appeal 19 of 2009),KEN003,https://www.unodc.org/cld/case-law-doc/traffickingpersonscrimetype/ken/2010/s.o.e._v_republic_2010_eklr_criminal_appeal_19_of_2009.html,traffickingpersonscrimetype,FOUND,1,1,1,1,en,0,0,0,0,0,0,1,1,0,0,1,1,1,1,1,1,1,1,1,1,2,1,0,0,0,0,,2,0,0,,FOUND
798,Dosar nr 1ra - 334/2010,MDA022,https://www.unodc.org/cld/case-law-doc/traffickingpersonscrimetype/mda/2010/dosar_nr_1ra_-_3342010.html,traffickingpersonscrimetype,FOUND,1,1,1,1,en,0,0,0,0,0,0,1,2,1,1,1,1,1,1,1,1,1,1,1,1,2,1,0,0,0,0,,1,0,0,,FOUND
799,Dosar nr 1ra - 380/2010,MDA035,https://www.unodc.org/cld/case-law-doc/traffickingpersonscrimetype/mda/2010/dosar_nr_1ra_-_3802010.html,traffickingpersonscrimetype,FOUND,1,1,1,1,en,0,0,0,0,0,0,1,2,1,1,1,1,1,1,1,1,1,1,1,1,1,1,0,0,0,0,,1,0,0,,FOUND
800,Dosar nr 1ra - 1/10,MDA001,https://www.unodc.org/cld/case-law-doc/traffickingpersonscrimetype/mda/2010/dosar_nr_1ra_-_110_.html,traffickingpersonscrimetype,FOUND,1,1,1,1,en,0,0,0,0,0,0,1,2,1,1,1,1,1,1,1,1,1,1,1,1,1,1,0,0,0,0,,1,0,0,,FOUND
801,Dosar nr 1ra - 193/10,MDA016,https://www.unodc.org/cld/case-law-doc/traffickingpersonscrimetype/mda/2010/dosar_nr_1ra_-_19310.html,traffickingpersonscrimetype,FOUND,1,1,1,1,en,0,0,0,0,0,0,1,1,1,1,1,1,1,1,1,1,1,1,1,1,2,1,0,0,0,0,,1,0,0,,FOUND
802,Case 999,ARG010,https://www.unodc.org/cld/case-law-doc/traffickingpersonscrimetype/arg/2010/case_999.html,traffickingpersonscrimetype,FOUND,1,1,2,2,en|es,0,0,0,0,0,0,1,5,1,3,1,1,1,1,1,1,1,2,1,2,2,1,4,8,4,4,Fact Summary|Defendants / Respondents in the first instance|Procedural Information|Sources / Citations,1,0,0,,FOUND
803,Case No B 9732-09,SWE019,https://www.unodc.org/cld/case-law-doc/traffickingpersonscrimetype/swe/2010/case_no_b_9732-09.html,traffickingpersonscrimetype,FOUND,1,1,1,1,en,0,0,0,0,0,0,1,1,1,1,1,1,1,1,1,1,1,2,1,2,2,1,0,0,0,0,,1,0,0,,FOUND
804,2-H-BJ-2010-4,HUN002,https://www.unodc.org/cld/case-law-doc/traffickingpersonscrimetype/hun/2010/2-h-bj-2010-4.html,traffickingpersonscrimetype,FOUND,1,1,1,1,en,0,0,0,0,0,0,1,2,1,1,1,1,1,1,1,1,1,2,1,2,3,1,0,0,0,0,,1,0,0,,FOUND
805,2 T 17/2009,CZE011,https://www.unodc.org/cld/case-law-doc/traffickingpersonscrimetype/cze/2010/2_t_172009.html,traffickingpersonscrimetype,FOUND,1,1,1,1,en,0,0,0,0,0,0,1,2,1,3,1,1,1,1,1,1,1,1,1,1,2,1,0,0,0,0,,1,0,0,,FOUND
806,Bhola Nath and Anr. v. State,IND024,https://www.unodc.org/cld/case-law-doc/traffickingpersonscrimetype/ind/2010/bhola_nath_and_anr._v._state.html,traffickingpersonscrimetype,FOUND,1,1,1,1,en,0,0,0,0,0,0,1,3,1,4,1,1,1,1,3,1,1,2,1,2,6,1,0,0,0,0,,2,0,0,,FOUND
807,Decision No. 99,ALB003,https://www.unodc.org/cld/case-law-doc/traffickingpersonscrimetype/alb/2010/decision_no._99.html,traffickingpersonscrimetype,FOUND,1,1,1,1,en,0,0,0,0,0,0,1,4,1,2,1,1,1,1,1,1,1,1,1,1,1,1,0,0,0,0,,1,0,0,,FOUND
808,Processo n 2005.83.00.006886-8,BRA064,https://www.unodc.org/cld/case-law-doc/traffickingpersonscrimetype/bra/2010/processo_n_2005.83.00.006886-8_.html,traffickingpersonscrimetype,FOUND,1,1,1,1,en,0,0,0,0,0,0,1,1,1,3,1,1,1,1,1,1,1,2,1,2,2,1,0,0,0,0,,1,0,0,,FOUND
809,Dosar nr 1re - 343/2010,MDA023,https://www.unodc.org/cld/case-law-doc/traffickingpersonscrimetype/mda/2010/dosar_nr_1re_-_3432010.html,traffickingpersonscrimetype,FOUND,1,1,1,1,en,0,0,0,0,0,0,1,2,1,1,1,2,1,1,2,1,1,2,1,2,2,1,0,0,0,0,,1,0,0,,FOUND
810,Dosar nr 1ra - 105/2010,MDA002,https://www.unodc.org/cld/case-law-doc/traffickingpersonscrimetype/mda/2010/dosar_nr_1ra_-_1052010.html,traffickingpersonscrimetype,FOUND,1,1,1,1,en,0,0,0,0,0,0,1,2,1,1,1,1,1,1,1,1,1,2,1,2,2,1,0,0,0,0,,1,0,0,,FOUND
811,Criminal Appeal - ACR nº 4507/PE (2002.83.00.001446-9),BRA93,https://www.unodc.org/cld/case-law-doc/traffickingpersonscrimetype/bra/2010/criminal_appeal_-_acr_n_4507pe_2002.83.00.001446-9.html,traffickingpersonscrimetype,FOUND,1,1,1,1,en,1,1,1,1,1,1,1,1,1,1,1,1,1,1,2,1,1,1,1,1,1,0,0,0,0,0,,1,0,0,,FOUND
812,ACR 2002.83.00.001446-9,BRA98,https://www.unodc.org/cld/case-law-doc/traffickingpersonscrimetype/bra/2010/acr_2002.83.00.001446-9.html,traffickingpersonscrimetype,FOUND,1,1,1,1,en,1,1,0,0,0,0,1,1,1,1,1,1,1,1,2,1,1,1,1,1,1,0,0,0,0,0,,1,0,0,,FOUND
813,845/111/2009,ROU022,https://www.unodc.org/cld/case-law-doc/traffickingpersonscrimetype/rou/2010/8451112009.html,traffickingpersonscrimetype,FOUND,1,1,1,1,en,0,0,0,0,0,0,1,4,1,1,1,1,1,1,1,1,1,1,1,1,1,1,0,0,0,0,,1,0,0,,FOUND
814,Processo n 97.0104597-1,BRA047,https://www.unodc.org/cld/case-law-doc/traffickingpersonscrimetype/bra/2010/processo_n_97.0104597-1.html,traffickingpersonscrimetype,FOUND,1,1,1,1,en,0,0,0,0,0,0,1,3,1,2,1,1,1,1,2,1,1,1,1,1,2,1,0,0,0,0,,1,0,0,,FOUND
815,Processo no. 0004447-11.2005.4.05.8300,BRA014,https://www.unodc.org/cld/case-law-doc/traffickingpersonscrimetype/bra/2010/processo_no._0004447-11.2005.4.05.8300.html,traffickingpersonscrimetype,FOUND,1,1,1,1,en,0,0,0,0,0,0,1,3,1,3,1,1,1,1,1,1,1,4,1,4,16,1,0,0,0,0,,3,0,0,,FOUND
816,45 T 5/2009,CZE017,https://www.unodc.org/cld/case-law-doc/traffickingpersonscrimetype/cze/2010/45_t_52009.html,traffickingpersonscrimetype,FOUND,1,1,1,1,en,0,0,0,0,0,0,1,3,1,3,1,1,1,1,4,1,1,4,1,4,7,1,0,0,0,0,,1,0,0,,FOUND
817,Case No. 694/2010,BGR006,https://www.unodc.org/cld/case-law-doc/traffickingpersonscrimetype/bgr/2010/case_no._6942010.html,traffickingpersonscrimetype,FOUND,1,1,1,1,en,0,0,0,0,0,0,0,0,0,0,1,1,1,1,1,1,1,1,1,1,1,1,0,0,0,0,,1,0,0,,FOUND
818,Anonymous vs. Alexander Lifshin and Armen Ben,ISR006,https://www.unodc.org/cld/case-law-doc/traffickingpersonscrimetype/isr/2010/anonymous_vs._alexander_lifshin_and_armen_ben.html,traffickingpersonscrimetype,FOUND,1,1,1,1,en,0,0,0,0,0,0,1,1,1,2,1,1,1,1,1,1,1,2,1,2,2,1,0,0,0,0,,2,0,0,,FOUND
819,EXP. N.º 03933-2009-PHC/TC,PER005,https://www.unodc.org/cld/case-law-doc/traffickingpersonscrimetype/per/2010/exp._n._03933-2009-phctc.html,traffickingpersonscrimetype,FOUND,1,1,2,2,en|es,0,0,0,0,0,0,1,1,0,0,1,1,1,1,1,1,1,1,1,1,1,1,5,10,5,5,Fact Summary|Defendants / Respondents in the first instance|Procedural Information|Sources / Citations|unheaded:unheaded,1,0,0,,FOUND
820,Processo n 2006.72.10.001111-9,BRA037,https://www.unodc.org/cld/case-law-doc/traffickingpersonscrimetype/bra/2010/processo_n_2006.72.10.001111-9.html,traffickingpersonscrimetype,FOUND,1,1,1,1,en,0,0,0,0,0,0,1,1,1,1,1,1,1,1,1,1,1,1,1,1,1,1,0,0,0,0,,1,0,0,,FOUND
821,Not. Nr. 1214/07,BEL001,https://www.unodc.org/cld/case-law-doc/traffickingpersonscrimetype/bel/2010/not._nr._121407_.html,traffickingpersonscrimetype,FOUND,1,1,1,1,en,0,0,0,0,0,0,1,5,1,1,0,0,1,1,1,1,1,2,1,2,2,1,0,0,0,0,,1,0,0,,FOUND
822,Dosar nr 1ra - 21/2010,MDA017,https://www.unodc.org/cld/case-law-doc/traffickingpersonscrimetype/mda/2010/dosar_nr_1ra_-_212010.html,traffickingpersonscrimetype,FOUND,1,1,1,1,en,0,0,0,0,0,0,1,2,1,1,1,1,1,1,5,1,1,1,1,1,1,1,0,0,0,0,,1,0,0,,FOUND
823,Dosar nr. 1re – 55/2010,MDA056,https://www.unodc.org/cld/case-law-doc/traffickingpersonscrimetype/mda/2010/dosar_nr._1re_552010.html,traffickingpersonscrimetype,FOUND,1,1,1,1,en,0,0,0,0,0,0,1,2,1,1,1,1,1,1,1,1,1,1,1,1,1,1,0,0,0,0,,1,0,0,,FOUND
824,Case n 2271,ARG043,https://www.unodc.org/cld/case-law-doc/traffickingpersonscrimetype/arg/2010/case_n_2271.html,traffickingpersonscrimetype,FOUND,1,1,2,2,en|es,0,0,0,0,0,0,1,3,1,1,1,1,0,0,0,1,1,2,1,2,2,1,4,8,4,4,Fact Summary|Commentary and Significant Features|Procedural Information|Sources / Citations,1,0,0,,FOUND
825,"Case of Rantsev v. Cyprus and Russia, Application No. 25965/04",IRBx039,https://www.unodc.org/cld/case-law-doc/traffickingpersonscrimetype/_irb/2010/case_of_rantsev_v._cyprus_and_russia_application_no._2596504.html,traffickingpersonscrimetype,FOUND,1,1,1,1,en,0,0,0,0,0,0,1,2,1,1,1,1,1,1,2,1,1,2,1,2,6,1,0,0,0,0,,1,0,0,,FOUND
826,Rantsev v. Cyprus and Russia,IRB005,https://www.unodc.org/cld/case-law-doc/traffickingpersonscrimetype/_irb/2010/rantsev_v._cyprus_and_russia.html,traffickingpersonscrimetype,FOUND,1,1,1,1,en,0,0,0,0,0,0,1,2,1,1,1,1,1,1,2,1,1,2,1,2,6,1,0,0,0,0,,1,0,0,,FOUND
827,Criminal Case 738,KHM008,https://www.unodc.org/cld/case-law-doc/traffickingpersonscrimetype/khm/2010/criminal_case_738_.html,traffickingpersonscrimetype,FOUND,1,1,1,1,en,1,2,1,1,1,1,1,2,1,1,1,1,1,1,1,1,1,2,1,2,2,1,0,0,0,0,,1,0,0,,FOUND
828,Proceso No. 2006-01458,COL034,https://www.unodc.org/cld/case-law-doc/traffickingpersonscrimetype/col/2010/proceso_no._2006-01458.html,traffickingpersonscrimetype,FOUND,1,1,2,2,en|es,0,0,0,0,0,0,1,5,1,2,1,1,1,1,13,1,1,2,1,2,6,1,5,10,5,5,Fact Summary|Defendants / Respondents in the first instance|Defendants / Respondents in the first instance|Commentary and Significant Features|Sources / Citations,1,0,0,,FOUND
829,Causa 1911-10,ARG023,https://www.unodc.org/cld/case-law-doc/traffickingpersonscrimetype/arg/2010/causa_1911-10.html,traffickingpersonscrimetype,FOUND,1,1,2,2,en|es,0,0,0,0,0,0,1,2,1,1,1,1,1,1,1,1,1,1,1,1,1,1,3,6,3,3,Fact Summary|Defendants / Respondents in the first instance|Sources / Citations,1,0,0,,FOUND
830,Case No. (102)-674-2009,AZE007,https://www.unodc.org/cld/case-law-doc/traffickingpersonscrimetype/aze/2009/case_no._102-674-2009.html,traffickingpersonscrimetype,FOUND,1,1,1,1,en,0,0,0,0,0,0,1,3,0,0,1,1,1,1,1,1,1,1,1,1,1,1,0,0,0,0,,1,0,0,,FOUND
831,Case 501/25.02.09,KHM006,https://www.unodc.org/cld/case-law-doc/traffickingpersonscrimetype/khm/2009/case_50125.02.09_.html,traffickingpersonscrimetype,FOUND,1,1,1,1,en,1,2,1,2,1,1,1,2,1,2,1,1,1,1,2,1,1,1,1,1,2,1,0,0,0,0,,1,0,0,,FOUND
832,CRIM. CASE NO. 06-242304,PHL020,https://www.unodc.org/cld/case-law-doc/traffickingpersonscrimetype/phl/2009/crim._case_no._06-242304.html,traffickingpersonscrimetype,FOUND,1,1,1,1,en,0,0,0,0,0,0,1,3,1,2,1,1,1,1,1,1,1,1,1,1,1,1,0,0,0,0,,1,0,0,,FOUND
833,Gil,COL008,https://www.unodc.org/cld/case-law-doc/traffickingpersonscrimetype/col/2009/gil.html,traffickingpersonscrimetype,FOUND,1,1,1,1,en,0,0,0,0,0,0,1,1,1,1,1,1,1,1,3,1,1,1,1,1,2,1,0,0,0,0,,1,0,0,,FOUND
834,ECLI:NL:RBSGR:2009:BK8237,NLDx006,https://www.unodc.org/cld/case-law-doc/traffickingpersonscrimetype/nld/2009/eclinlrbsgr2009bk8237.html,traffickingpersonscrimetype,FOUND,1,1,1,1,en,1,3,1,1,1,1,1,3,1,1,1,1,0,0,0,1,1,2,1,2,1,1,0,0,0,0,,1,0,0,,FOUND
835,R v Dobie (2009) 236 FLR 455,AUS013,https://www.unodc.org/cld/case-law-doc/traffickingpersonscrimetype/aus/2009/r_v_dobie_2009_236_flr_455.html,traffickingpersonscrimetype,FOUND,1,1,1,1,en,0,0,0,0,0,0,1,5,1,4,1,1,1,1,2,1,1,1,1,1,3,1,0,0,0,0,,2,0,0,,FOUND
836,ACR 70027409499 RS,BRA077,https://www.unodc.org/cld/case-law-doc/traffickingpersonscrimetype/bra/2009/acr_70027409499_rs.html,traffickingpersonscrimetype,FOUND,1,1,1,1,en,1,2,1,1,1,1,1,2,1,1,1,1,1,1,4,1,1,1,1,1,7,1,1,2,0,0,,1,0,0,,FOUND
837,United States v. Jesus Perez-Laguna,USA155,https://www.unodc.org/cld/case-law-doc/criminalgroupcrimetype/usa/2009/united_states_v._jesus_perez-laguna.html,criminalgroupcrimetype,FOUND,1,1,1,1,en,0,0,0,0,0,0,1,4,1,2,1,1,1,1,1,1,1,2,1,2,7,1,0,0,0,0,,2,0,0,,FOUND
838,Criminal Case 874.13.04.09,KHM009,https://www.unodc.org/cld/case-law-doc/traffickingpersonscrimetype/khm/2009/criminal_case_874.13.04.09.html,traffickingpersonscrimetype,FOUND,1,1,1,1,en,1,1,0,0,1,1,1,1,0,0,1,1,1,1,1,1,1,1,1,1,1,1,0,0,0,0,,1,0,0,,FOUND
839,Juicio No. 460-2009,ECU001,https://www.unodc.org/cld/case-law-doc/traffickingpersonscrimetype/ecu/2009/juicio_no._460-2009.html,traffickingpersonscrimetype,FOUND,1,1,2,2,en|es,0,0,0,0,0,0,1,2,1,1,1,1,1,1,1,1,1,1,1,1,1,1,6,12,6,6,Fact Summary|Charges / Claims / Decisions|Commentary and Significant Features|Procedural Information|Sources / Citations|unheaded:unheaded,1,0,0,,FOUND
840,#1/3878-09,GEO004,https://www.unodc.org/cld/case-law-doc/traffickingpersonscrimetype/geo/2009/13878-09_.html,traffickingpersonscrimetype,FOUND,1,1,1,1,en,0,0,0,0,0,0,1,2,1,1,1,1,1,1,4,1,1,1,1,1,2,1,0,0,0,0,,2,0,0,,FOUND
841,Criminal Case 17.12.2009,KHM011,https://www.unodc.org/cld/case-law-doc/traffickingpersonscrimetype/khm/2009/criminal_case_17.12.2009.html,traffickingpersonscrimetype,FOUND,1,1,1,1,en,1,3,0,0,1,1,1,3,0,0,1,1,1,1,1,1,1,1,1,1,1,1,0,0,0,0,,1,0,0,,FOUND
842,17 T 15/2007,CZE003,https://www.unodc.org/cld/case-law-doc/drugcrimetype/cze/2009/17_t_152007.html,drugcrimetype,FOUND,1,1,1,1,en,0,0,0,0,0,0,1,3,1,2,1,1,1,1,1,1,1,4,1,4,7,1,0,0,0,0,,3,0,0,,FOUND
843,Sentencia No 35/09,ARG014,https://www.unodc.org/cld/case-law-doc/traffickingpersonscrimetype/arg/2009/sentencia_no_3509.html,traffickingpersonscrimetype,FOUND,1,1,2,2,en|es,0,0,0,0,0,0,1,1,1,2,1,1,1,1,2,1,1,1,1,1,2,1,4,8,4,4,Fact Summary|Defendants / Respondents in the first instance|Procedural Information|Sources / Citations,1,0,0,,FOUND
844,Criminal Case 166.20.02.09,KHM007,https://www.unodc.org/cld/case-law-doc/traffickingpersonscrimetype/khm/2009/criminal_case_166.20.02.09.html,traffickingpersonscrimetype,FOUND,1,1,1,1,en,1,3,1,1,1,1,1,3,1,1,1,1,1,1,3,1,1,1,1,1,1,1,0,0,0,0,,1,0,0,,FOUND
845,Court of Appeals of Mons 27-11-2009,BEL026,https://www.unodc.org/cld/case-law-doc/traffickingpersonscrimetype/bel/2009/court_of_appeals_of_mons_27-11-2009.html,traffickingpersonscrimetype,SECTION_ABSENT,0,0,0,0,,0,0,0,0,0,0,1,3,1,3,1,1,1,1,4,1,1,2,1,2,6,1,0,0,0,0,,1,0,0,,FOUND
846,ACR 993.07.110179-6 SP,BRA104,https://www.unodc.org/cld/case-law-doc/traffickingpersonscrimetype/bra/2009/acr_993.07.110179-6_sp.html,traffickingpersonscrimetype,FOUND,1,1,1,1,en,1,1,1,1,1,1,1,1,1,1,1,1,1,1,3,1,1,1,1,1,1,1,0,0,0,0,,1,0,0,,FOUND
847,Dosar nr 1re -1220/2009,MDA009,https://www.unodc.org/cld/case-law-doc/traffickingpersonscrimetype/mda/2009/dosar_nr_1re_-12202009.html,traffickingpersonscrimetype,FOUND,1,1,1,1,en,0,0,0,0,0,0,1,2,1,1,1,1,1,1,2,1,1,1,1,1,1,1,0,0,0,0,,1,0,0,,FOUND
848,CRIM. CASE NO. Q-06-14402,PHL024,https://www.unodc.org/cld/case-law-doc/traffickingpersonscrimetype/phl/2009/crim._case_no._q-06-14402.html,traffickingpersonscrimetype,FOUND,1,1,1,1,en,0,0,0,0,0,0,1,3,1,3,1,1,1,1,1,1,1,5,1,5,5,1,0,0,0,0,,1,0,0,,FOUND
849,United States v. Valenzuela et al,USA092,https://www.unodc.org/cld/case-law-doc/traffickingpersonscrimetype/usa/2009/united_states_v._valenzuela_et_al.html,traffickingpersonscrimetype,FOUND,1,1,1,1,en,0,0,0,0,0,0,1,1,1,2,1,2,1,1,1,1,1,9,1,9,41,1,0,0,0,0,,1,0,0,,FOUND
850,United States v. Christopher M. Cockrell,USA175,https://www.unodc.org/cld/case-law-doc/traffickingpersonscrimetype/usa/2009/united_states_v._christopher_m._cockrell.html,traffickingpersonscrimetype,FOUND,1,1,1,1,en,0,0,0,0,1,1,1,1,1,1,1,1,1,1,1,1,1,1,1,1,1,0,0,0,0,0,,1,0,0,,FOUND
851,Dosar nr 1ra - 1102/2009,MDA007,https://www.unodc.org/cld/case-law-doc/traffickingpersonscrimetype/mda/2009/dosar_nr_1ra_-_11022009.html,traffickingpersonscrimetype,FOUND,1,1,1,1,en,0,0,0,0,0,0,1,2,1,1,1,1,1,1,2,1,1,1,1,1,1,1,0,0,0,0,,1,0,0,,FOUND
852,1 T 119/2009,SVK002,https://www.unodc.org/cld/case-law-doc/traffickingpersonscrimetype/svk/2009/1_t_1192009_.html,traffickingpersonscrimetype,FOUND,1,1,1,1,en,0,0,0,0,0,0,1,2,1,4,1,1,1,1,2,1,1,1,1,1,1,1,0,0,0,0,,1,0,0,,FOUND
853,United States v. Carreto et al,USA012,https://www.unodc.org/cld/case-law-doc/traffickingpersonscrimetype/usa/2009/united_states_v._carreto_et_al.html,traffickingpersonscrimetype,FOUND,1,1,1,1,en,0,0,0,0,0,0,1,2,1,3,1,1,1,1,3,1,1,7,1,7,27,1,0,0,0,0,,1,0,0,,FOUND
854,Proceso No. 2009-00101,COL033,https://www.unodc.org/cld/case-law-doc/traffickingpersonscrimetype/col/2009/proceso_no._2009-00101.html,traffickingpersonscrimetype,FOUND,1,1,2,2,en|es,0,0,0,0,0,0,1,5,1,2,1,1,1,1,1,1,1,1,1,1,1,1,4,8,4,4,Fact Summary|Defendants / Respondents in the first instance|Commentary and Significant Features|Sources / Citations,1,0,0,,FOUND
855,CRIM. CASE NO. 09-0113-CFM,PHL023,https://www.unodc.org/cld/case-law-doc/traffickingpersonscrimetype/phl/2009/crim._case_no._09-0113-cfm.html,traffickingpersonscrimetype,FOUND,1,1,1,1,en,0,0,0,0,0,0,1,1,1,1,1,1,1,1,1,1,1,1,1,1,1,1,0,0,0,0,,1,0,0,,FOUND
856,Correctional Tribunal of Gent 16-11-2009,BEL010,https://www.unodc.org/cld/case-law-doc/traffickingpersonscrimetype/bel/2009/correctional_tribunal_of_gent_16-11-2009.html,traffickingpersonscrimetype,FOUND,1,1,1,1,en,0,0,0,0,0,0,1,1,1,1,1,1,1,1,1,1,1,3,1,3,18,1,0,0,0,0,,1,0,0,,FOUND
857,Dosar nr 1ra - 1098/2009,MDA006,https://www.unodc.org/cld/case-law-doc/traffickingpersonscrimetype/mda/2009/dosar_nr_1ra_-_10982009.html,traffickingpersonscrimetype,FOUND,1,1,1,1,en,0,0,0,0,0,0,1,2,1,2,1,1,1,1,2,1,1,1,1,1,1,1,0,0,0,0,,1,0,0,,FOUND
858,Poland v. Mirosław Ł. i Ewa Ł,POL001,https://www.unodc.org/cld/case-law-doc/traffickingpersonscrimetype/pol/2009/poland_v._mirosaw_._i_ewa_.html,traffickingpersonscrimetype,FOUND,1,1,1,1,en,0,0,0,0,0,0,1,3,1,2,1,1,1,1,1,1,1,2,1,2,2,1,0,0,0,0,,2,0,0,,FOUND
859,A. and G. vs. State of Israel,ISR001,https://www.unodc.org/cld/case-law-doc/traffickingpersonscrimetype/isr/2009/a._and_g._vs._state_of_israel.html,traffickingpersonscrimetype,FOUND,1,1,1,1,en,0,0,0,0,0,0,1,1,1,1,1,2,1,1,2,1,1,1,0,0,0,1,0,0,0,0,,1,0,0,,FOUND
860,Wipaporn Songmeesap,THA005,https://www.unodc.org/cld/case-law-doc/traffickingpersonscrimetype/tha/2009/wipaporn_songmeesap.html,traffickingpersonscrimetype,FOUND,1,1,1,1,en,0,0,0,0,0,0,1,1,1,1,1,2,1,1,1,1,1,1,1,1,2,0,0,0,0,0,,2,0,0,,FOUND
861,11700/3/2008,ROU023,https://www.unodc.org/cld/case-law-doc/traffickingpersonscrimetype/rou/2009/1170032008.html,traffickingpersonscrimetype,FOUND,1,1,1,1,en,0,0,0,0,0,0,1,3,1,3,1,1,1,1,3,1,1,1,1,1,1,1,0,0,0,0,,1,0,0,,FOUND
862,"Downey, Thompson and Roberts",CAN011,https://www.unodc.org/cld/case-law-doc/traffickingpersonscrimetype/can/2009/downey_thompson_and_roberts.html,traffickingpersonscrimetype,FOUND,1,1,1,1,en,0,0,0,0,0,0,1,2,1,1,1,1,1,1,1,1,1,3,1,3,10,1,1,2,0,0,,2,0,0,,FOUND
863,"Adhikari, et al. v. Daoud & Partners, et al",USA008,https://www.unodc.org/cld/case-law-doc/traffickingpersonscrimetype/usa/2009/adhikari_et_al._v._daoud_partners_et_al.html,traffickingpersonscrimetype,FOUND,1,1,1,1,en,0,0,0,0,0,0,1,1,1,3,1,1,1,1,27,1,1,1,1,1,3,1,0,0,0,0,,1,0,0,,FOUND
864,CRIM. CASES NOS. 05-239627-31,PHL009,https://www.unodc.org/cld/case-law-doc/traffickingpersonscrimetype/phl/2009/crim._cases_nos._05-239627-31.html,traffickingpersonscrimetype,FOUND,1,1,1,1,en,0,0,0,0,0,0,1,1,1,2,1,1,1,1,3,1,1,1,1,1,2,1,0,0,0,0,,1,0,0,,FOUND
865,"McIvor v R, Tanuchit v R [2009] NSWCCA 264",AUS014,https://www.unodc.org/cld/case-law-doc/traffickingpersonscrimetype/aus/2009/mcivor_v_r_tanuchit_v_r_2009_nswcca_264_.html,traffickingpersonscrimetype,FOUND,1,1,1,1,en,0,0,0,0,0,0,1,5,1,5,1,2,1,1,5,1,1,2,1,2,4,1,0,0,0,0,,1,0,0,,FOUND
866,Diamond City,NLD001,https://www.unodc.org/cld/case-law-doc/traffickingpersonscrimetype/nld/2009/diamond_city.html,traffickingpersonscrimetype,FOUND,1,1,1,1,en,0,0,0,0,0,0,1,5,1,1,1,1,1,1,1,1,1,1,1,1,2,1,0,0,0,0,,1,0,0,,FOUND
867,Police v Martinet CG and Others,MUS002,https://www.unodc.org/cld/case-law-doc/traffickingpersonscrimetype/mus/2009/police_v_martinet_cg_and_others.html,traffickingpersonscrimetype,FOUND,1,1,1,1,en,0,0,0,0,0,0,1,2,1,2,1,1,1,1,2,1,1,1,1,1,1,1,0,0,0,0,,1,0,0,,FOUND
868,Processo 1999.61.81006981-4,BRA038,https://www.unodc.org/cld/case-law-doc/traffickingpersonscrimetype/bra/2009/processo_1999.61.81006981-4_.html,traffickingpersonscrimetype,FOUND,1,1,1,1,en,0,0,0,0,0,0,1,2,1,1,1,1,1,1,1,1,1,1,1,1,1,1,0,0,0,0,,1,0,0,,FOUND
869,Processo nº. 98.21939-0,BRA006,https://www.unodc.org/cld/case-law-doc/criminalgroupcrimetype/bra/2009/processo_n._98.21939-0.html,criminalgroupcrimetype,FOUND,1,1,1,1,en,0,0,0,0,0,0,1,1,0,0,1,1,1,1,1,1,1,1,1,1,2,1,0,0,0,0,,3,0,0,,FOUND
870,15Os117/09h,AUT001,https://www.unodc.org/cld/case-law-doc/criminalgroupcrimetype/aut/2009/15os11709h.html,criminalgroupcrimetype,FOUND,1,1,1,1,en,0,0,0,0,0,0,1,1,1,1,1,1,1,1,5,1,1,3,1,3,15,1,0,0,0,0,,3,0,0,,FOUND
871,KŽ I 442/09,SRB029,https://www.unodc.org/cld/case-law-doc/traffickingpersonscrimetype/srb/2009/k_i_44209_.html,traffickingpersonscrimetype,SECTION_ABSENT,0,0,0,0,,0,0,0,0,0,0,1,4,1,2,1,1,1,1,1,1,1,1,1,1,1,1,0,0,0,0,,1,0,0,,FOUND
872,Case No. (102)-465-2009,AZE008,https://www.unodc.org/cld/case-law-doc/traffickingpersonscrimetype/aze/2009/case_no._102-465-2009.html,traffickingpersonscrimetype,FOUND,1,1,1,1,en,0,0,0,0,0,0,1,1,0,0,1,1,1,1,1,1,1,1,1,1,1,1,0,0,0,0,,1,0,0,,FOUND
873,United States v. Marie Pompee,USA078,https://www.unodc.org/cld/case-law-doc/traffickingpersonscrimetype/usa/2009/united_states_v._marie_pompee.html,traffickingpersonscrimetype,FOUND,1,1,1,1,en,0,0,0,0,0,0,1,4,1,1,1,3,1,1,1,1,1,1,1,1,1,1,0,0,0,0,,1,0,0,,FOUND
874,Case CA Alba 93-A-2009,ROU040,https://www.unodc.org/cld/case-law-doc/traffickingpersonscrimetype/rou/2009/case_ca_alba_93-a-2009.html,traffickingpersonscrimetype,FOUND,1,1,1,1,en,0,0,0,0,0,0,1,5,1,3,1,1,1,1,5,1,1,2,1,2,3,1,0,0,0,0,,1,0,0,,FOUND
875,Case CA Alba 20A-2009,ROU042,https://www.unodc.org/cld/case-law-doc/traffickingpersonscrimetype/rou/2009/case_ca_alba_20a-2009.html,traffickingpersonscrimetype,FOUND,1,1,1,1,en,0,0,0,0,0,0,1,5,1,3,1,2,1,1,14,1,1,3,1,3,6,1,0,0,0,0,,1,0,0,,FOUND
876,2 To 22/2009,SVK018,https://www.unodc.org/cld/case-law-doc/traffickingpersonscrimetype/svk/2009/2_to_222009_.html,traffickingpersonscrimetype,FOUND,1,1,1,1,en,0,0,0,0,0,0,1,2,1,5,1,1,1,1,1,1,1,1,1,1,1,1,0,0,0,0,,1,0,0,,FOUND
877,Jeerasak or Thong-in Meesang,THA002,https://www.unodc.org/cld/case-law-doc/traffickingpersonscrimetype/tha/2009/jeerasak_or_thong-in_meesang.html,traffickingpersonscrimetype,FOUND,1,1,1,1,en,0,0,0,0,0,0,1,4,1,2,1,1,1,1,1,1,1,1,1,1,2,1,0,0,0,0,,1,0,0,,FOUND
878,Case CA Alba 19A-2009,ROU043,https://www.unodc.org/cld/case-law-doc/traffickingpersonscrimetype/rou/2009/case_ca_alba_19a-2009.html,traffickingpersonscrimetype,FOUND,1,1,1,1,en,0,0,0,0,0,0,1,5,1,2,1,1,1,1,2,1,1,3,1,3,7,1,0,0,0,0,,1,0,0,,FOUND
879,ACR 20098958 SE,BRA086,https://www.unodc.org/cld/case-law-doc/traffickingpersonscrimetype/bra/2009/acr_20098958_se.html,traffickingpersonscrimetype,FOUND,1,1,1,1,en,1,2,1,1,1,1,1,2,1,1,1,1,1,1,3,1,1,1,1,1,1,1,0,0,0,0,,1,0,0,,FOUND
880,88/2009,ROU031,https://www.unodc.org/cld/case-law-doc/traffickingpersonscrimetype/rou/2009/882009.html,traffickingpersonscrimetype,FOUND,1,1,1,1,en,0,0,0,0,0,0,1,1,1,1,1,1,1,1,4,1,1,4,1,4,8,1,0,0,0,0,,1,0,0,,FOUND
881,Processo nº 2009.03.00.011161-3,BRA023,https://www.unodc.org/cld/case-law-doc/traffickingpersonscrimetype/bra/2009/processo_n_2009.03.00.011161-3.html,traffickingpersonscrimetype,FOUND,1,1,1,1,en,0,0,0,0,0,0,1,2,0,0,1,1,1,1,1,1,1,1,1,1,1,1,0,0,0,0,,1,0,0,,FOUND
882,Case CA Cluj 86-2009,ROU047,https://www.unodc.org/cld/case-law-doc/traffickingpersonscrimetype/rou/2009/case_ca_cluj_86-2009.html,traffickingpersonscrimetype,FOUND,1,1,1,1,en,0,0,0,0,0,0,1,3,1,2,1,1,1,1,2,1,1,1,1,1,2,1,0,0,0,0,,1,0,0,,FOUND
883,Federal Republic of Nigeria v. Favour Anware Okwuede,NGA009,https://www.unodc.org/cld/case-law-doc/traffickingpersonscrimetype/nga/2009/federal_republic_of_nigeria_v._favour_anware_okwuede.html,traffickingpersonscrimetype,FOUND,1,1,1,1,en,0,0,0,0,0,0,1,4,1,2,1,1,1,1,2,1,1,1,1,1,3,1,1,2,0,0,,2,0,0,,FOUND
884,20-H-BJ-2009-11,HUN003,https://www.unodc.org/cld/case-law-doc/traffickingpersonscrimetype/hun/2009/20-h-bj-2009-11.html,traffickingpersonscrimetype,FOUND,1,1,1,1,en,0,0,0,0,0,0,1,1,1,2,1,1,1,1,1,1,1,1,1,1,1,1,0,0,0,0,,1,0,0,,FOUND
885,G. v. J.,CRI001,https://www.unodc.org/cld/case-law-doc/traffickingpersonscrimetype/cri/2009/g._v._j..html,traffickingpersonscrimetype,FOUND,1,1,2,2,en|es,0,0,0,0,0,0,1,2,1,3,1,1,1,1,4,1,1,1,1,1,1,1,5,10,5,5,Fact Summary|Defendants / Respondents in the first instance|Charges / Claims / Decisions|Commentary and Significant Features|Sources / Citations,1,0,0,,FOUND
886,Presuda Kz I 12018/2009,SRB001,https://www.unodc.org/cld/case-law-doc/traffickingpersonscrimetype/srb/2009/presuda_kz_i_120182009.html,traffickingpersonscrimetype,FOUND,1,1,1,1,en,0,0,0,0,0,0,1,2,1,4,1,1,1,1,1,1,1,3,1,3,3,1,0,0,0,0,,1,0,0,,FOUND
887,Processo n 2001.38.03.002448-8,BRA072,https://www.unodc.org/cld/case-law-doc/traffickingpersonscrimetype/bra/2009/processo_n_2001.38.03.002448-8_.html,traffickingpersonscrimetype,FOUND,1,1,1,1,en,0,0,0,0,0,0,1,3,1,3,1,1,1,1,4,1,1,2,1,2,2,1,0,0,0,0,,1,0,0,,FOUND
888,Criminal Case 72-4-09,SLV007,https://www.unodc.org/cld/case-law-doc/traffickingpersonscrimetype/slv/2009/criminal_case_72-4-09.html,traffickingpersonscrimetype,FOUND,1,1,1,1,en,1,2,1,3,1,2,1,2,1,3,1,2,1,1,1,1,1,3,1,3,3,0,0,0,0,0,,2,0,0,,FOUND
889,ACR 2006.72.03.003070-2 TRF4,BRA112,https://www.unodc.org/cld/case-law-doc/traffickingpersonscrimetype/bra/2009/acr_2006.72.03.003070-2_trf4.html,traffickingpersonscrimetype,FOUND,1,1,1,1,en,1,5,1,2,1,1,1,5,1,2,1,1,1,1,2,1,1,1,1,1,3,1,0,0,0,0,,2,0,0,,FOUND
890,Orellana,SLV001,https://www.unodc.org/cld/case-law-doc/traffickingpersonscrimetype/slv/2009/orellana.html,traffickingpersonscrimetype,FOUND,1,1,2,2,en|es,0,0,0,0,0,0,1,4,1,1,1,1,1,1,1,1,1,1,1,1,1,1,4,8,4,4,Fact Summary|Defendants / Respondents in the first instance|Procedural Information|Sources / Citations,1,2,0,TAB_GROUP_NO_ACTIVE_PANE|TAB_GROUP_NO_ACTIVE_PANE,FOUND
891,497-CAS-2006,SLV005,https://www.unodc.org/cld/case-law-doc/traffickingpersonscrimetype/slv/2009/497-cas-2006_.html,traffickingpersonscrimetype,FOUND,1,1,2,2,en|es,0,0,0,0,0,0,1,3,0,0,1,1,1,1,1,1,1,1,1,1,2,1,6,12,6,6,Fact Summary|Defendants / Respondents in the first instance|Charges / Claims / Decisions|Procedural Information|Sources / Citations|unheaded:unheaded,1,0,0,,FOUND
892,ACR 9500309858RJ_TRF2,BRA083,https://www.unodc.org/cld/case-law-doc/traffickingpersonscrimetype/bra/2009/acr_9500309858rj_trf2.html,traffickingpersonscrimetype,FOUND,1,1,1,1,en,1,5,1,2,1,1,1,5,1,2,1,1,1,1,1,1,1,1,1,1,2,1,1,2,1,0,,2,3,2,DUPLICATE_TAB_PANE_ID|DUPLICATE_TAB_HREF|TAB_GROUP_NO_ACTIVE_PANE,PARTIAL
893,1 T 9/2007,CZE009,https://www.unodc.org/cld/case-law-doc/traffickingpersonscrimetype/cze/2009/1_t_92007.html,traffickingpersonscrimetype,FOUND,1,1,1,1,en,0,0,0,0,0,0,1,1,1,1,1,1,1,1,4,1,1,2,1,2,4,1,0,0,0,0,,1,0,0,,FOUND
894,Processo n 2005.70.03.005598-2,BRA040,https://www.unodc.org/cld/case-law-doc/traffickingpersonscrimetype/bra/2009/processo_n_2005.70.03.005598-2.html,traffickingpersonscrimetype,FOUND,1,1,1,1,en,0,0,0,0,0,0,1,4,1,2,1,1,1,1,1,1,1,2,1,2,2,1,0,0,0,0,,1,0,0,,FOUND
895,Dosar nr. 1ra – 707/2009,MDA045,https://www.unodc.org/cld/case-law-doc/traffickingpersonscrimetype/mda/2009/dosar_nr._1ra_7072009.html,traffickingpersonscrimetype,FOUND,1,1,1,1,en,0,0,0,0,0,0,1,2,1,1,1,1,1,1,2,1,1,2,1,2,4,1,0,0,0,0,,1,0,0,,FOUND
896,"H., S., D. & S.",KHM002,https://www.unodc.org/cld/case-law-doc/traffickingpersonscrimetype/khm/2009/h._s._d._s..html,traffickingpersonscrimetype,FOUND,1,1,1,1,en,0,0,0,0,0,0,1,3,1,3,1,2,1,1,1,1,1,4,1,4,4,1,0,0,0,0,,2,0,0,,FOUND
897,R v Wei Tang 2009 23 VR 332,AUS001,https://www.unodc.org/cld/case-law-doc/traffickingpersonscrimetype/aus/2009/r_v_wei_tang_2009_23_vr_332.html,traffickingpersonscrimetype,FOUND,1,1,1,1,en,0,0,0,0,0,0,1,5,1,6,1,2,1,1,5,1,1,1,1,1,1,1,0,0,0,0,,1,0,0,,FOUND
898,United States v. Oscar Mondragon,USA087,https://www.unodc.org/cld/case-law-doc/traffickingpersonscrimetype/usa/2009/united_states_v._oscar_mondragon.html,traffickingpersonscrimetype,FOUND,1,1,1,1,en,0,0,0,0,0,0,1,1,1,1,1,2,1,1,1,1,1,1,1,1,5,1,0,0,0,0,,1,0,0,,FOUND
899,CRIM. CASE NO. 05-236956,PHL008,https://www.unodc.org/cld/case-law-doc/traffickingpersonscrimetype/phl/2009/crim._case_no._05-236956.html,traffickingpersonscrimetype,FOUND,1,1,1,1,en,0,0,0,0,0,0,1,5,0,0,1,1,1,1,3,1,1,2,1,2,2,1,0,0,0,0,,1,0,0,,FOUND
900,CRIM. CASE NO. 13462,PHL019,https://www.unodc.org/cld/case-law-doc/traffickingpersonscrimetype/phl/2009/crim._case_no._13462.html,traffickingpersonscrimetype,FOUND,1,1,1,1,en,0,0,0,0,0,0,1,1,1,4,1,1,1,1,3,1,1,1,1,1,1,1,0,0,0,0,,1,0,0,,FOUND
901,"Guria, Swayam Sevi Sansthan versus State of U.P. and Others",IND002,https://www.unodc.org/cld/case-law-doc/traffickingpersonscrimetype/ind/2009/guria_swayam_sevi_sansthan_versus_state_of_u.p._and_others.html,traffickingpersonscrimetype,FOUND,1,1,1,1,en,0,0,0,0,0,0,1,5,1,2,1,1,1,1,1,1,1,1,1,1,1,1,0,0,0,0,,1,0,0,,FOUND
902,Case No. (102)-384-2009,AZE002,https://www.unodc.org/cld/case-law-doc/traffickingpersonscrimetype/aze/2009/case_no._102-384-2009.html,traffickingpersonscrimetype,FOUND,1,1,1,1,en,0,0,0,0,0,0,1,3,1,1,1,1,1,1,1,1,1,1,1,1,1,1,0,0,0,0,,1,0,0,,FOUND
903,1101-87-2009; 78-AP-L-2009-3,SLV002,https://www.unodc.org/cld/case-law-doc/traffickingpersonscrimetype/slv/2009/1101-87-2009_78-ap-l-2009-3.html,traffickingpersonscrimetype,FOUND,1,1,2,2,en|es,0,0,0,0,0,0,1,1,1,1,1,1,1,1,1,1,1,1,1,1,1,1,5,10,5,5,Fact Summary|Defendants / Respondents in the first instance|Commentary and Significant Features|Sources / Citations|unheaded:unheaded,2,0,0,,FOUND
904,Dosar nr. 1ra – 820/2009,MDA029,https://www.unodc.org/cld/case-law-doc/traffickingpersonscrimetype/mda/2009/dosar_nr._1ra_8202009.html,traffickingpersonscrimetype,FOUND,1,1,1,1,en,0,0,0,0,0,0,1,2,1,1,1,1,1,1,2,1,1,1,1,1,1,1,0,0,0,0,,1,0,0,,FOUND
905,United States v. Byron Thompson,USA159,https://www.unodc.org/cld/case-law-doc/traffickingpersonscrimetype/usa/2009/united_states_v._byron_thompson.html,traffickingpersonscrimetype,FOUND,1,1,1,1,en,0,0,0,0,0,0,1,3,1,1,1,1,1,1,1,1,1,2,1,2,4,1,0,0,0,0,,1,0,0,,FOUND
906,M.N.A.A.,COL009,https://www.unodc.org/cld/case-law-doc/traffickingpersonscrimetype/col/2009/m.n.a.a..html,traffickingpersonscrimetype,FOUND,1,1,1,1,en,0,0,0,0,0,0,1,3,1,4,1,1,1,1,1,1,1,1,1,1,1,1,0,0,0,0,,1,0,0,,FOUND
907,Irala et al,ARG002,https://www.unodc.org/cld/case-law-doc/traffickingpersonscrimetype/arg/2009/irala_et_al.html,traffickingpersonscrimetype,FOUND,1,1,1,1,en,0,0,0,0,0,0,1,5,1,3,1,1,1,1,10,1,1,3,1,3,3,1,0,0,0,0,,1,0,0,,FOUND
908,ACR 2000.42.00.000437-0 TRF1,BRA111,https://www.unodc.org/cld/case-law-doc/criminalgroupcrimetype/bra/2009/acr_2000.42.00.000437-0_trf1.html,criminalgroupcrimetype,FOUND,1,1,1,1,en,1,5,0,0,1,1,1,5,0,0,1,1,1,1,1,1,1,3,1,3,6,1,0,0,0,0,,2,0,0,,FOUND
909,Dosar nr 1ra - 269/09,MDA019,https://www.unodc.org/cld/case-law-doc/traffickingpersonscrimetype/mda/2009/dosar_nr_1ra_-_26909.html,traffickingpersonscrimetype,FOUND,1,1,1,1,en,0,0,0,0,0,0,1,1,1,2,1,1,1,1,1,1,1,1,1,1,1,1,0,0,0,0,,1,0,0,,FOUND
910,Western High Court judgment 1 July 2009,DNK010,https://www.unodc.org/cld/case-law-doc/traffickingpersonscrimetype/dnk/2009/western_high_court_judgment_1_july_2009.html,traffickingpersonscrimetype,FOUND,1,1,1,1,en,0,0,0,0,0,0,1,3,1,3,1,1,1,1,2,1,1,2,1,2,4,1,0,0,0,0,,1,0,0,,FOUND
911,First Instance Tribunal of Liege 29-06-2009,BEL028,https://www.unodc.org/cld/case-law-doc/traffickingpersonscrimetype/bel/2009/first_instance_tribunal_of_liege_29-06-2009.html,traffickingpersonscrimetype,SECTION_ABSENT,0,0,0,0,,0,0,0,0,0,0,1,2,1,1,1,1,1,1,3,1,1,3,1,3,15,1,0,0,0,0,,1,0,0,,FOUND
912,Sentença 2001.70.02.002926-9 JFPR,BRA127,https://www.unodc.org/cld/case-law-doc/traffickingpersonscrimetype/bra/2009/sentenca_2001.70.02.002926-9_jfpr.html,traffickingpersonscrimetype,FOUND,1,1,1,1,en,1,4,1,2,1,1,0,0,0,0,0,0,1,1,1,1,1,1,1,1,1,1,0,0,0,0,,2,0,0,,FOUND
913,Case N 2900/09,ARG038,https://www.unodc.org/cld/case-law-doc/traffickingpersonscrimetype/arg/2009/case_n_290009.html,traffickingpersonscrimetype,FOUND,1,1,2,2,en|es,0,0,0,0,0,0,1,2,1,1,1,1,1,1,1,1,1,4,1,4,4,1,3,6,3,3,Fact Summary|Commentary and Significant Features|Sources / Citations,1,0,0,,FOUND
914,Case No. 2008/12977,TUR004,https://www.unodc.org/cld/case-law-doc/traffickingpersonscrimetype/tur/2009/case_no._200812977.html,traffickingpersonscrimetype,FOUND,1,1,1,1,en,0,0,0,0,0,0,1,4,0,0,1,1,1,1,1,1,1,5,1,5,10,1,0,0,0,0,,1,0,0,,FOUND
915,VI K.br. 391/08,SRB011,https://www.unodc.org/cld/case-law-doc/traffickingpersonscrimetype/srb/2009/vi_k.br._39108_.html,traffickingpersonscrimetype,FOUND,1,1,1,1,en,0,0,0,0,0,0,1,2,1,2,1,1,1,1,1,1,1,1,1,1,1,1,0,0,0,0,,1,0,0,,FOUND
916,ACR 2007.36.00.008024-1MT,BRA080,https://www.unodc.org/cld/case-law-doc/traffickingpersonscrimetype/bra/2009/acr_2007.36.00.008024-1mt.html,traffickingpersonscrimetype,FOUND,1,1,1,1,en,1,4,1,1,1,1,1,4,1,1,1,1,1,1,4,1,1,2,1,2,4,1,3,6,3,0,,2,9,6,DUPLICATE_TAB_PANE_ID|DUPLICATE_TAB_HREF|TAB_GROUP_NO_ACTIVE_PANE|DUPLICATE_TAB_PANE_ID|DUPLICATE_TAB_HREF|TAB_GROUP_NO_ACTIVE_PANE|DUPLICATE_TAB_PANE_ID|DUPLICATE_TAB_HREF|TAB_GROUP_NO_ACTIVE_PANE,PARTIAL
917,Processo nº 2009.03.00.014160-5,BRA027,https://www.unodc.org/cld/case-law-doc/criminalgroupcrimetype/bra/2009/processo_n_2009.03.00.014160-5.html,criminalgroupcrimetype,FOUND,1,1,1,1,en,0,0,0,0,0,0,1,1,1,1,1,1,1,1,1,1,1,1,1,1,4,1,0,0,0,0,,3,0,0,,FOUND
918,Processo 2009.03.00.014160-5,BRA054,https://www.unodc.org/cld/case-law-doc/criminalgroupcrimetype/bra/2009/processo_2009.03.00.014160-5.html,criminalgroupcrimetype,FOUND,1,1,1,1,en,0,0,0,0,0,0,1,1,1,1,1,1,1,1,1,1,1,1,1,1,4,1,0,0,0,0,,3,0,0,,FOUND
919,ACR 2009.006064-9 SC,BRA082,https://www.unodc.org/cld/case-law-doc/traffickingpersonscrimetype/bra/2009/acr_2009.006064-9_sc.html,traffickingpersonscrimetype,FOUND,1,1,1,1,en,1,2,1,1,1,1,1,2,1,1,1,1,1,1,1,1,1,1,1,1,3,1,0,0,0,0,,1,0,0,,FOUND
920,Case CA Brasov 43-Ap-2009,ROU035,https://www.unodc.org/cld/case-law-doc/traffickingpersonscrimetype/rou/2009/case_ca_brasov_43-ap-2009.html,traffickingpersonscrimetype,FOUND,1,1,1,1,en,0,0,0,0,0,0,1,2,1,5,1,1,1,1,10,1,1,4,1,4,8,1,0,0,0,0,,1,0,0,,FOUND
921,Dosar nr. 1ra – 632/2009,MDA049,https://www.unodc.org/cld/case-law-doc/traffickingpersonscrimetype/mda/2009/dosar_nr._1ra_6322009.html,traffickingpersonscrimetype,FOUND,1,1,1,1,en,0,0,0,0,0,0,1,2,1,1,1,1,1,1,1,1,1,1,1,1,1,1,0,0,0,0,,1,0,0,,FOUND
922,Case No. 2008/ 19262,TUR005,https://www.unodc.org/cld/case-law-doc/traffickingpersonscrimetype/tur/2009/case_no._2008_19262.html,traffickingpersonscrimetype,FOUND,1,1,1,1,en,0,0,0,0,0,0,1,3,1,1,1,1,1,1,3,1,1,1,1,1,1,1,0,0,0,0,,1,0,0,,FOUND
923,First Instance Tribunal of Charleroi 12-06-2009,BEL022,https://www.unodc.org/cld/case-law-doc/traffickingpersonscrimetype/bel/2009/first_instance_tribunal_of_charleroi_12-06-2009.html,traffickingpersonscrimetype,SECTION_ABSENT,0,0,0,0,,0,0,0,0,0,0,1,1,1,1,1,1,1,1,2,1,1,3,1,3,33,1,0,0,0,0,,1,0,0,,FOUND
924,"M.K.S. et al. v. Major W. KH N.S. A.S., et al.",USA121,https://www.unodc.org/cld/case-law-doc/traffickingpersonscrimetype/usa/2009/m.k.s._et_al._v._major_w._kh_n.s._a.s._et_al._.html,traffickingpersonscrimetype,FOUND,1,1,1,1,en,0,0,0,0,0,0,1,2,1,1,1,1,1,1,3,1,1,3,1,3,6,1,0,0,0,0,,1,0,0,,FOUND
925,Case No B 1479-09,SWE010,https://www.unodc.org/cld/case-law-doc/traffickingpersonscrimetype/swe/2009/case_no_b_1479-09.html,traffickingpersonscrimetype,FOUND,1,1,1,1,en,0,0,0,0,0,0,1,4,1,3,1,1,1,1,1,1,1,5,1,5,10,1,0,0,0,0,,2,0,0,,FOUND
926,2 T 151/2005,SVK014,https://www.unodc.org/cld/case-law-doc/traffickingpersonscrimetype/svk/2009/2_t_1512005_.html,traffickingpersonscrimetype,FOUND,1,1,1,1,en,0,0,0,0,0,0,1,2,1,2,1,1,1,1,6,1,1,4,1,4,4,1,0,0,0,0,,1,0,0,,FOUND
927,270/43/2008,ROU007,https://www.unodc.org/cld/case-law-doc/traffickingpersonscrimetype/rou/2009/270432008.html,traffickingpersonscrimetype,FOUND,1,1,1,1,en,0,0,0,0,0,0,1,2,0,0,0,0,1,1,3,1,1,6,1,6,6,1,0,0,0,0,,1,0,0,,FOUND
928,Dosar nr. 1ra – 597/09,MDA050,https://www.unodc.org/cld/case-law-doc/traffickingpersonscrimetype/mda/2009/dosar_nr._1ra_59709.html,traffickingpersonscrimetype,FOUND,1,1,1,1,en,0,0,0,0,0,0,1,2,1,1,1,1,1,1,1,1,1,1,1,1,1,1,0,0,0,0,,1,0,0,,FOUND
929,Dosar nr. 1ra – 674/09,MDA047,https://www.unodc.org/cld/case-law-doc/traffickingpersonscrimetype/mda/2009/dosar_nr._1ra_67409.html,traffickingpersonscrimetype,FOUND,1,1,1,1,en,0,0,0,0,0,0,1,2,1,2,1,1,1,1,2,1,1,2,1,2,1,1,0,0,0,0,,1,0,0,,FOUND
930,Processo nº 2005.72.09.000609-8,BRA016,https://www.unodc.org/cld/case-law-doc/traffickingpersonscrimetype/bra/2009/processo_n_2005.72.09.000609-8.html,traffickingpersonscrimetype,FOUND,1,1,1,1,en,0,0,0,0,0,0,1,3,1,1,1,1,1,1,1,1,1,1,1,1,1,1,0,0,0,0,,1,0,0,,FOUND
931,Muñoz,COL013,https://www.unodc.org/cld/case-law-doc/moneylaunderingcrimetype/col/2009/munoz.html,moneylaunderingcrimetype,FOUND,1,1,1,1,en,0,0,0,0,0,0,1,2,1,1,1,2,1,1,12,1,1,1,1,1,3,1,0,0,0,0,,3,0,0,,FOUND
932,Dosar nr. 1ra – 731/09,MDA036,https://www.unodc.org/cld/case-law-doc/traffickingpersonscrimetype/mda/2009/dosar_nr._1ra_73109.html,traffickingpersonscrimetype,FOUND,1,1,1,1,en,0,0,0,0,0,0,1,2,1,3,1,1,1,1,1,1,1,1,1,1,1,1,0,0,0,0,,1,0,0,,FOUND
933,Case No. 848-2009,GTM008,https://www.unodc.org/cld/case-law-doc/traffickingpersonscrimetype/gtm/2009/case_no._848-2009_.html,traffickingpersonscrimetype,FOUND,1,1,2,2,en|es,0,0,0,0,0,0,1,2,1,4,0,0,1,1,1,1,1,1,1,1,1,1,6,12,6,6,Fact Summary|Defendants / Respondents in the first instance|Charges / Claims / Decisions|Commentary and Significant Features|Procedural Information|Sources / Citations,1,0,0,,FOUND
934,Kulab or Rampueng Thongmeesri or Sai-utah,THA006,https://www.unodc.org/cld/case-law-doc/traffickingpersonscrimetype/tha/2009/kulab_or_rampueng_thongmeesri_or_sai-utah.html,traffickingpersonscrimetype,FOUND,1,1,1,1,en,0,0,0,0,0,0,1,4,1,2,1,1,1,1,1,1,1,1,1,1,1,0,0,0,0,0,,2,0,0,,FOUND
935,Anonymous vs. Anonymous,ISR005,https://www.unodc.org/cld/case-law-doc/traffickingpersonscrimetype/isr/2009/anonymous_vs._anonymous.html,traffickingpersonscrimetype,FOUND,1,1,1,1,en,0,0,0,0,0,0,1,1,1,2,1,1,1,1,1,1,1,1,1,1,1,1,0,0,0,0,,1,0,0,,FOUND
936,Dosar nr. 1ra – 511/2009,MDA059,https://www.unodc.org/cld/case-law-doc/traffickingpersonscrimetype/mda/2009/dosar_nr._1ra_5112009.html,traffickingpersonscrimetype,FOUND,1,1,1,1,en,0,0,0,0,0,0,1,2,1,3,1,1,1,1,2,1,1,4,1,4,1,1,0,0,0,0,,1,0,0,,FOUND
937,KZ I 2880-08,SRB023,https://www.unodc.org/cld/case-law-doc/corruptioncrimetype/srb/2009/kz_i_2880-08.html,corruptioncrimetype,FOUND,1,1,1,1,en,0,0,0,0,0,0,1,5,1,4,1,1,1,1,10,1,1,12,1,12,12,1,0,0,0,0,,3,0,0,,FOUND
938,"United States v. Lynda Dieu Phan, Justin Phan, Duc Cao Nguyen",USA115,https://www.unodc.org/cld/case-law-doc/traffickingpersonscrimetype/usa/2009/united_states_v._lynda_dieu_phan_justin_phan_duc_cao_nguyen.html,traffickingpersonscrimetype,FOUND,1,1,1,1,en,0,0,0,0,0,0,1,1,1,2,1,2,1,1,1,1,1,3,1,3,16,1,0,0,0,0,,1,0,0,,FOUND
939,Decision No.292,ALB002,https://www.unodc.org/cld/case-law-doc/traffickingpersonscrimetype/alb/2009/decision_no.292.html,traffickingpersonscrimetype,FOUND,1,1,1,1,en,0,0,0,0,0,0,1,3,0,0,1,1,1,1,5,1,1,2,1,2,2,1,0,0,0,0,,1,0,0,,FOUND
940,Processo 5/02.7ZRC,PRT004,https://www.unodc.org/cld/case-law-doc/traffickingpersonscrimetype/prt/2009/processo_502.7zrc.html,traffickingpersonscrimetype,FOUND,1,1,1,1,en,0,0,0,0,0,0,1,3,1,1,1,1,1,1,1,1,1,1,1,1,3,1,0,0,0,0,,1,0,0,,FOUND
941,Dosar nr. 1ra – 578/2009,MDA052,https://www.unodc.org/cld/case-law-doc/traffickingpersonscrimetype/mda/2009/dosar_nr._1ra_5782009.html,traffickingpersonscrimetype,FOUND,1,1,1,1,en,0,0,0,0,0,0,1,1,1,2,1,1,1,1,1,1,1,3,1,3,2,1,0,0,0,0,,1,0,0,,FOUND
942,880 k/PID SUS/2009,IDN0010,https://www.unodc.org/cld/case-law-doc/traffickingpersonscrimetype/idn/2009/880_kpid_sus2009_.html,traffickingpersonscrimetype,FOUND,1,1,1,1,en,0,0,0,0,0,0,1,1,1,2,1,1,1,1,1,1,1,1,1,1,1,1,0,0,0,0,,1,0,0,,FOUND
943,Dosar nr. 1ra – 513/2009,MDA057,https://www.unodc.org/cld/case-law-doc/traffickingpersonscrimetype/mda/2009/dosar_nr._1ra_5132009.html,traffickingpersonscrimetype,FOUND,1,1,1,1,en,0,0,0,0,0,0,1,2,1,2,1,1,1,1,1,1,1,1,1,1,1,1,0,0,0,0,,1,0,0,,FOUND
944,1 T 103/2003,SVK001,https://www.unodc.org/cld/case-law-doc/traffickingpersonscrimetype/svk/2009/1_t_1032003_.html,traffickingpersonscrimetype,FOUND,1,1,1,1,en,0,0,0,0,0,0,1,2,1,3,1,1,1,1,4,1,1,3,1,3,5,1,0,0,0,0,,1,0,0,,FOUND
945,Dosar nr 1ra - 433/2009,MDA039,https://www.unodc.org/cld/case-law-doc/traffickingpersonscrimetype/mda/2009/dosar_nr_1ra_-_4332009.html,traffickingpersonscrimetype,FOUND,1,1,1,1,en,0,0,0,0,0,0,1,2,1,2,1,1,1,1,1,1,1,1,1,1,1,1,0,0,0,0,,1,0,0,,FOUND
946,Dosar nr 1ra - 407/2009,MDA038,https://www.unodc.org/cld/case-law-doc/traffickingpersonscrimetype/mda/2009/dosar_nr_1ra_-_4072009.html,traffickingpersonscrimetype,FOUND,1,1,1,1,en,0,0,0,0,0,0,1,2,1,2,1,1,1,1,4,1,1,1,1,1,1,1,0,0,0,0,,1,0,0,,FOUND
947,Dosar nr. 1ra – 576/2009,MDA054,https://www.unodc.org/cld/case-law-doc/traffickingpersonscrimetype/mda/2009/dosar_nr._1ra_5762009.html,traffickingpersonscrimetype,FOUND,1,1,1,1,en,0,0,0,0,0,0,1,2,1,2,1,1,1,1,1,1,1,2,1,2,1,1,0,0,0,0,,1,0,0,,FOUND
948,Case CA Brasov 29-Ap 2009,ROU037,https://www.unodc.org/cld/case-law-doc/traffickingpersonscrimetype/rou/2009/case_ca_brasov_29-ap_2009.html,traffickingpersonscrimetype,FOUND,1,1,1,1,en,0,0,0,0,0,0,1,2,1,2,1,1,1,1,4,1,1,5,1,5,9,1,0,0,0,0,,1,0,0,,FOUND
949,Criminal Appeal no. 5993CE (2004.81.00.0061580),BRA92,https://www.unodc.org/cld/case-law-doc/traffickingpersonscrimetype/bra/2009/criminal_appeal_no._5993ce_2004.81.00.0061580.html,traffickingpersonscrimetype,FOUND,1,1,1,1,en,1,1,1,1,0,0,0,0,0,0,0,0,1,1,2,1,1,1,1,1,2,0,0,0,0,0,,1,0,0,,FOUND
950,Teerapong or Pa-Kack Khemthong and Others,THA008,https://www.unodc.org/cld/case-law-doc/traffickingpersonscrimetype/tha/2009/teerapong_or_pa-kack_khemthong_and_others.html,traffickingpersonscrimetype,FOUND,1,1,1,1,en,0,0,0,0,0,0,1,1,1,3,1,1,1,1,12,1,1,4,1,4,12,1,0,0,0,0,,1,0,0,,FOUND
951,Benita et al,ESP001,https://www.unodc.org/cld/case-law-doc/traffickingpersonscrimetype/esp/2009/benita_et_al.html,traffickingpersonscrimetype,FOUND,1,1,2,2,en|es,0,0,0,0,0,0,1,4,1,2,1,1,1,1,1,1,1,5,1,5,7,1,6,12,6,6,Fact Summary|Charges / Claims / Decisions|Charges / Claims / Decisions|Charges / Claims / Decisions|Procedural Information|Sources / Citations,1,0,0,,FOUND
952,Presuda Х-K-06/181,BIHx003,https://www.unodc.org/cld/case-law-doc/traffickingpersonscrimetype/bih/2009/presuda_-k-06181.html,traffickingpersonscrimetype,SECTION_ABSENT,0,0,0,0,,0,0,0,0,0,0,1,3,1,2,1,1,1,1,1,1,1,2,1,2,5,1,0,0,0,0,,1,0,0,,FOUND
953,Sentenca 2006.72.03.003070-2 JFSC,BRA130,https://www.unodc.org/cld/case-law-doc/traffickingpersonscrimetype/bra/2009/sentenca_2006.72.03.003070-2_jfsc.html,traffickingpersonscrimetype,FOUND,1,1,1,1,en,1,5,1,2,1,1,1,5,1,2,1,1,1,1,2,1,1,1,1,1,3,1,0,0,0,0,,2,0,0,,FOUND
954,United States v. Farrell,USA006,https://www.unodc.org/cld/case-law-doc/traffickingpersonscrimetype/usa/2009/united_states_v._farrell.html,traffickingpersonscrimetype,FOUND,1,1,1,1,en,0,0,0,0,0,0,1,2,1,4,1,1,1,1,1,1,1,2,1,2,10,1,0,0,0,0,,1,0,0,,FOUND
955,"AMBC, MCB, CEPM & MLCG",GTM001,https://www.unodc.org/cld/case-law-doc/traffickingpersonscrimetype/gtm/2009/ambc_mcb_cepm_mlcg.html,traffickingpersonscrimetype,FOUND,1,1,2,2,en|es,0,0,0,0,0,0,1,3,1,2,1,1,1,1,2,1,1,4,1,4,5,1,6,12,6,6,Fact Summary|Defendants / Respondents in the first instance|Defendants / Respondents in the first instance|Charges / Claims / Decisions|Commentary and Significant Features|Sources / Citations,1,0,0,,FOUND
956,Case No. 157/2009,BGR008,https://www.unodc.org/cld/case-law-doc/traffickingpersonscrimetype/bgr/2009/case_no._1572009.html,traffickingpersonscrimetype,FOUND,1,1,1,1,en,0,0,0,0,0,0,1,2,1,4,1,1,1,1,5,1,1,1,1,1,1,1,0,0,0,0,,1,0,0,,FOUND
957,Case No. 38-2009,GTM006,https://www.unodc.org/cld/case-law-doc/traffickingpersonscrimetype/gtm/2009/case_no._38-2009.html,traffickingpersonscrimetype,FOUND,1,1,2,2,en|es,0,0,0,0,0,0,1,2,1,5,0,0,1,1,1,1,1,4,1,4,4,1,9,18,9,9,Fact Summary|Defendants / Respondents in the first instance|Charges / Claims / Decisions|Charges / Claims / Decisions|Charges / Claims / Decisions|Charges / Claims / Decisions|Commentary and Significant Features|Procedural Information|Sources / Citations,1,0,0,,FOUND
958,Vilutis,CAN008,https://www.unodc.org/cld/case-law-doc/traffickingpersonscrimetype/can/2009/vilutis.html,traffickingpersonscrimetype,FOUND,1,1,1,1,en,0,0,0,0,0,0,1,2,1,4,1,1,1,1,1,1,1,1,1,1,3,0,0,0,0,0,,2,0,0,,FOUND
959,Dosar nr 1ra - 503/2009,MDA051,https://www.unodc.org/cld/case-law-doc/traffickingpersonscrimetype/mda/2009/dosar_nr_1ra_-_5032009.html,traffickingpersonscrimetype,FOUND,1,1,1,1,en,0,0,0,0,0,0,1,2,1,2,1,1,1,1,1,1,1,3,1,3,1,1,0,0,0,0,,1,0,0,,FOUND
960,Shartanbayev and Kim,KAZ001,https://www.unodc.org/cld/case-law-doc/traffickingpersonscrimetype/kaz/2009/shartanbayev_and_kim.html,traffickingpersonscrimetype,FOUND,1,1,1,1,en,0,0,0,0,0,0,1,2,1,2,1,1,1,1,2,1,1,2,1,2,2,1,0,0,0,0,,1,0,0,,FOUND
961,Criminal Decision no. 45/2009,ROU045,https://www.unodc.org/cld/case-law-doc/traffickingpersonscrimetype/rou/2009/criminal_decision_no._452009_.html,traffickingpersonscrimetype,FOUND,1,1,1,1,en,0,0,0,0,0,0,1,5,1,3,1,1,1,1,5,1,1,2,1,2,4,1,0,0,0,0,,1,0,0,,FOUND
962,Emerson,CAN009,https://www.unodc.org/cld/case-law-doc/traffickingpersonscrimetype/can/2009/emerson.html,traffickingpersonscrimetype,FOUND,1,1,1,1,en,0,0,0,0,0,0,1,3,1,3,1,1,1,1,3,1,1,1,1,1,6,1,0,0,0,0,,2,0,0,,FOUND
963,Case No. 78/2009,BGR009,https://www.unodc.org/cld/case-law-doc/traffickingpersonscrimetype/bgr/2009/case_no._782009.html,traffickingpersonscrimetype,FOUND,1,1,1,1,en,0,0,0,0,0,0,1,5,1,6,1,3,1,1,1,1,1,4,1,4,7,1,0,0,0,0,,1,0,0,,FOUND
964,United States v. Jorge Flores-Rojas,USA156,https://www.unodc.org/cld/case-law-doc/traffickingpersonscrimetype/usa/2009/united_states_v._jorge_flores-rojas.html,traffickingpersonscrimetype,FOUND,1,1,1,1,en,0,0,0,0,0,0,1,3,1,2,1,1,1,1,3,1,1,1,1,1,2,1,0,0,0,0,,1,0,0,,FOUND
965,Limited Liability Company T.C. et al.,BEL005,https://www.unodc.org/cld/case-law-doc/traffickingpersonscrimetype/bel/2009/limited_liability_company_t.c._et_al..html,traffickingpersonscrimetype,SECTION_ABSENT,0,0,0,0,,0,0,0,0,0,0,1,1,1,1,1,1,1,1,1,1,1,2,1,2,2,1,0,0,0,0,,1,0,0,,FOUND
966,United States v. Don L. Elbert II,USA082,https://www.unodc.org/cld/case-law-doc/traffickingpersonscrimetype/usa/2009/united_states_v._don_l._elbert_ii.html,traffickingpersonscrimetype,FOUND,1,1,1,1,en,0,0,0,0,0,0,1,1,1,2,1,1,1,1,3,1,1,1,1,1,2,1,0,0,0,0,,1,0,0,,FOUND
967,United States v. Yingji Jin,USA118,https://www.unodc.org/cld/case-law-doc/traffickingpersonscrimetype/usa/2009/united_states_v._yingji_jin.html,traffickingpersonscrimetype,FOUND,1,1,1,1,en,0,0,0,0,0,0,1,1,1,1,1,2,1,1,1,1,1,1,1,1,2,1,0,0,0,0,,1,0,0,,FOUND
968,Case CA Bacau 47-2009,ROU038,https://www.unodc.org/cld/case-law-doc/traffickingpersonscrimetype/rou/2009/case_ca_bacau_47-2009.html,traffickingpersonscrimetype,FOUND,1,1,1,1,en,0,0,0,0,0,0,1,5,1,6,1,1,1,1,11,1,1,3,1,3,4,1,0,0,0,0,,1,0,0,,FOUND
969,Appeal - Expte Nº 9587/07,ARGh001,https://www.unodc.org/cld/case-law-doc/migrantsmugglingcrimetype/arg/2009/appeal_-_expte_n_958707_.html,migrantsmugglingcrimetype,FOUND,1,1,1,1,en,1,2,1,1,1,1,0,0,0,0,0,0,0,0,0,1,1,1,1,1,1,1,0,0,0,0,,3,0,0,,FOUND
970,No 1230k/Pid Sus/2009,IDN005,https://www.unodc.org/cld/case-law-doc/traffickingpersonscrimetype/idn/2009/no_1230kpid_sus2009_.html,traffickingpersonscrimetype,FOUND,1,1,1,1,en,0,0,0,0,0,0,0,0,1,1,1,1,1,1,11,1,1,2,1,2,2,1,0,0,0,0,,1,0,0,,FOUND
971,Dosar nr 1ra - 382/2009,MDA037,https://www.unodc.org/cld/case-law-doc/traffickingpersonscrimetype/mda/2009/dosar_nr_1ra_-_3822009.html,traffickingpersonscrimetype,FOUND,1,1,1,1,en,0,0,0,0,0,0,1,2,1,2,1,1,1,1,2,1,1,1,1,1,2,1,0,0,0,0,,1,0,0,,FOUND
972,Danish Supreme Court judgment 23 March 2009,DNK009,https://www.unodc.org/cld/case-law-doc/traffickingpersonscrimetype/dnk/2009/danish_supreme_court_judgment_23_march_2009.html,traffickingpersonscrimetype,FOUND,1,1,1,1,en,0,0,0,0,0,0,1,3,1,1,1,1,1,1,4,1,1,2,1,2,6,1,0,0,0,0,,1,0,0,,FOUND
973,Case No. 33622/110/2006,ROU053,https://www.unodc.org/cld/case-law-doc/traffickingpersonscrimetype/rou/2009/case_no._336221102006_.html,traffickingpersonscrimetype,FOUND,1,1,1,1,en,0,0,0,0,0,0,1,5,1,3,1,1,1,1,2,1,1,3,1,3,4,1,0,0,0,0,,1,0,0,,FOUND
974,33622/110/2006,ROU027,https://www.unodc.org/cld/case-law-doc/traffickingpersonscrimetype/rou/2009/336221102006_.html,traffickingpersonscrimetype,FOUND,1,1,1,1,en,0,0,0,0,0,0,1,5,1,3,1,1,1,1,2,1,1,3,1,3,3,1,0,0,0,0,,1,0,0,,FOUND
975,"R.H.C., J.C.M. and S.C.C.",COL002,https://www.unodc.org/cld/case-law-doc/traffickingpersonscrimetype/col/2009/r.h.c._j.c.m._and_s.c.c..html,traffickingpersonscrimetype,FOUND,1,1,2,2,en|es,0,0,0,0,0,0,1,1,1,2,1,2,1,1,4,1,1,3,1,3,3,0,7,14,7,7,Fact Summary|Defendants / Respondents in the first instance|Defendants / Respondents in the first instance|Defendants / Respondents in the first instance|Commentary and Significant Features|Procedural Information|Sources / Citations,1,1,0,TAB_GROUP_NO_ACTIVE_PANE,FOUND
976,CRIM. CASE NO. CBU-77031,PHL018,https://www.unodc.org/cld/case-law-doc/traffickingpersonscrimetype/phl/2009/crim._case_no._cbu-77031.html,traffickingpersonscrimetype,FOUND,1,1,1,1,en,0,0,0,0,0,0,1,1,1,2,1,1,1,1,1,1,1,1,1,1,1,1,0,0,0,0,,1,0,0,,FOUND
977,Dosar nr 1ra - 293/2009,MDA020,https://www.unodc.org/cld/case-law-doc/traffickingpersonscrimetype/mda/2009/dosar_nr_1ra_-_2932009.html,traffickingpersonscrimetype,FOUND,1,1,1,1,en,0,0,0,0,0,0,1,2,1,2,1,1,1,1,1,1,1,2,1,2,2,1,0,0,0,0,,1,0,0,,FOUND
978,Criminal Case No. 9035,PHL081,https://www.unodc.org/cld/case-law-doc/traffickingpersonscrimetype/phl/2009/criminal_case_no._9035.html,traffickingpersonscrimetype,FOUND,1,1,1,1,en,0,0,0,0,0,0,1,2,1,2,1,1,1,1,1,1,1,4,1,4,4,1,0,0,0,0,,1,0,0,,FOUND
979,Case No. (103)-115-2009,AZE005,https://www.unodc.org/cld/case-law-doc/traffickingpersonscrimetype/aze/2009/case_no._103-115-2009.html,traffickingpersonscrimetype,FOUND,1,1,1,1,en,0,0,0,0,0,0,1,3,1,2,1,1,1,1,1,1,1,1,1,1,1,1,0,0,0,0,,1,0,0,,FOUND
980,Case No. (102)-207-2009,AZE004,https://www.unodc.org/cld/case-law-doc/traffickingpersonscrimetype/aze/2009/case_no._102-207-2009_.html,traffickingpersonscrimetype,FOUND,1,1,1,1,en,0,0,0,0,0,0,1,3,0,0,1,1,1,1,5,1,1,2,1,2,4,1,0,0,0,0,,1,0,0,,FOUND
981,Dosar nr 1ra - 262/2009,MDA018,https://www.unodc.org/cld/case-law-doc/traffickingpersonscrimetype/mda/2009/dosar_nr_1ra_-_2622009.html,traffickingpersonscrimetype,FOUND,1,1,1,1,en,0,0,0,0,0,0,1,2,1,2,1,1,1,1,2,1,1,1,1,1,1,1,0,0,0,0,,1,0,0,,FOUND
982,United States v. Deborah G. Frock,USA128,https://www.unodc.org/cld/case-law-doc/traffickingpersonscrimetype/usa/2009/united_states_v._deborah_g._frock.html,traffickingpersonscrimetype,FOUND,1,1,1,1,en,0,0,0,0,0,0,1,1,1,1,1,1,1,1,1,1,1,1,1,1,3,1,0,0,0,0,,1,0,0,,FOUND
983,9 T 8/2008,CZE029,https://www.unodc.org/cld/case-law-doc/traffickingpersonscrimetype/cze/2009/9_t_82008.html,traffickingpersonscrimetype,FOUND,1,1,1,1,en,0,0,0,0,0,0,1,1,1,1,1,1,1,1,4,1,1,3,1,3,3,1,0,0,0,0,,1,0,0,,FOUND
984,18/A/2009,ROU032,https://www.unodc.org/cld/case-law-doc/traffickingpersonscrimetype/rou/2009/18a2009.html,traffickingpersonscrimetype,FOUND,1,1,1,1,en,0,0,0,0,0,0,1,1,1,1,1,1,1,1,3,1,1,1,1,1,1,1,0,0,0,0,,1,0,0,,FOUND
985,AT and Others v Dulghieru,GBR023,https://www.unodc.org/cld/case-law-doc/traffickingpersonscrimetype/gbr/2009/at_and_others_v_dulghieru.html,traffickingpersonscrimetype,FOUND,1,1,1,1,en,1,4,1,2,1,1,1,4,1,2,1,1,1,1,4,1,1,2,1,2,1,1,0,0,0,0,,1,0,0,,FOUND
986,No 1216 K/PID SUS/2009,IDN002,https://www.unodc.org/cld/case-law-doc/traffickingpersonscrimetype/idn/2009/no_1216_kpid_sus2009.html,traffickingpersonscrimetype,FOUND,1,1,1,1,en,0,0,0,0,0,0,1,2,1,2,1,1,1,1,1,1,1,1,1,1,2,1,0,0,0,0,,1,0,0,,FOUND
987,Marine Cruising Company,BEL009,https://www.unodc.org/cld/case-law-doc/traffickingpersonscrimetype/bel/2009/marine_cruising_company.html,traffickingpersonscrimetype,FOUND,1,1,1,1,en,0,0,0,0,0,0,1,1,0,0,1,1,1,1,1,1,1,1,1,1,1,1,0,0,0,0,,1,0,0,,FOUND
988,Decision No. 648,ALB001,https://www.unodc.org/cld/case-law-doc/traffickingpersonscrimetype/alb/2009/decision_no._648.html,traffickingpersonscrimetype,FOUND,1,1,1,1,en,0,0,0,0,0,0,1,3,1,2,1,1,1,1,2,1,1,1,1,1,2,1,0,0,0,0,,1,0,0,,FOUND
989,III K 114/08,POL010,https://www.unodc.org/cld/case-law-doc/traffickingpersonscrimetype/pol/2009/iii_k_11408.html,traffickingpersonscrimetype,FOUND,1,1,1,1,en,0,0,0,0,0,0,1,3,1,2,1,1,1,1,1,1,1,1,1,1,3,1,0,0,0,0,,2,0,0,,FOUND
990,Correctional Tribunal of Liege 11-02-2009,BEL018,https://www.unodc.org/cld/case-law-doc/traffickingpersonscrimetype/bel/2009/correctional_tribunal_of_liege_11-02-2009.html,traffickingpersonscrimetype,FOUND,1,1,1,1,en,0,0,0,0,0,0,1,4,1,1,1,1,1,1,1,1,1,1,1,1,1,1,0,0,0,0,,1,0,0,,FOUND
991,Case No. (103)-81-2009,AZE006,https://www.unodc.org/cld/case-law-doc/traffickingpersonscrimetype/aze/2009/case_no._103-81-2009.html,traffickingpersonscrimetype,FOUND,1,1,1,1,en,0,0,0,0,0,0,1,4,0,0,1,1,1,1,2,1,1,1,1,1,1,1,0,0,0,0,,1,0,0,,FOUND
992,Case No. B 10768-08,SWE003,https://www.unodc.org/cld/case-law-doc/traffickingpersonscrimetype/swe/2009/case_no._b_10768-08.html,traffickingpersonscrimetype,FOUND,1,1,1,1,en,0,0,0,0,0,0,1,2,1,3,1,1,1,1,1,1,1,4,1,4,7,1,0,0,0,0,,2,0,0,,FOUND
993,F.M.N. v REPUBLIC [2009] eKLR (Criminal Appeal Case 321 of 2007),KEN008,https://www.unodc.org/cld/case-law-doc/traffickingpersonscrimetype/ken/2009/f.m.n._v_republic_2009_eklr_criminal_appeal_case_321_of_2007.html,traffickingpersonscrimetype,FOUND,1,1,1,1,en,0,0,0,0,0,0,1,2,0,0,1,1,1,1,1,1,1,1,1,1,1,1,0,0,0,0,,1,0,0,,FOUND
994,Dosar nr 1ra - 160/2009,MDA014,https://www.unodc.org/cld/case-law-doc/traffickingpersonscrimetype/mda/2009/dosar_nr_1ra_-_1602009.html,traffickingpersonscrimetype,FOUND,1,1,1,1,en,0,0,0,0,0,0,1,2,1,1,1,1,1,1,2,1,1,4,1,4,2,1,0,0,0,0,,1,0,0,,FOUND
995,3 T 168/2008,SVK023,https://www.unodc.org/cld/case-law-doc/traffickingpersonscrimetype/svk/2009/3_t_1682008_.html,traffickingpersonscrimetype,FOUND,1,1,1,1,en,0,0,0,0,0,0,1,1,1,2,1,1,1,1,1,1,1,1,1,1,1,1,0,0,0,0,,1,0,0,,FOUND
996,Dosar nr 1re - 114/2009,MDA008,https://www.unodc.org/cld/case-law-doc/traffickingpersonscrimetype/mda/2009/dosar_nr_1re_-_1142009.html,traffickingpersonscrimetype,FOUND,1,1,1,1,en,0,0,0,0,0,0,1,2,1,2,1,1,1,1,2,1,1,1,1,1,1,1,0,0,0,0,,1,0,0,,FOUND
997,Case no B 4924-08,SWE017,https://www.unodc.org/cld/case-law-doc/traffickingpersonscrimetype/swe/2009/case_no_b_4924-08.html,traffickingpersonscrimetype,FOUND,1,1,1,1,en,0,0,0,0,0,0,1,4,1,1,1,1,1,1,1,1,1,1,1,1,1,1,0,0,0,0,,1,0,0,,FOUND
998,2 A 2009,ROU014,https://www.unodc.org/cld/case-law-doc/traffickingpersonscrimetype/rou/2009/2_a_2009.html,traffickingpersonscrimetype,FOUND,1,1,1,1,en,0,0,0,0,0,0,1,3,1,2,1,1,1,1,7,1,1,1,1,1,4,1,0,0,0,0,,1,0,0,,FOUND
999,CRIM. CASE NO. Q-05-135363,PHL047,https://www.unodc.org/cld/case-law-doc/traffickingpersonscrimetype/phl/2009/crim._case_no._q-05-135363.html,traffickingpersonscrimetype,FOUND,1,1,1,1,en,0,0,0,0,0,0,1,3,1,3,1,1,0,0,0,1,1,4,1,4,4,1,0,0,0,0,,1,0,0,,FOUND
1000,Affiba Z.,FRA002,https://www.unodc.org/cld/case-law-doc/traffickingpersonscrimetype/fra/2009/affiba_z..html,traffickingpersonscrimetype,FOUND,1,1,2,2,en|fr,0,0,0,0,0,0,1,3,1,2,1,2,1,1,1,1,1,1,1,1,4,1,5,10,4,4,Fact Summary|Defendants / Respondents in the first instance|Charges / Claims / Decisions|Procedural Information,2,0,0,,FOUND
1001,Processo nº 2008.05.00.101562-0,BRA044,https://www.unodc.org/cld/case-law-doc/moneylaunderingcrimetype/bra/2009/processo_n_2008.05.00.101562-0.html,moneylaunderingcrimetype,FOUND,1,1,1,1,en,0,0,0,0,0,0,1,3,1,2,1,1,1,1,1,1,1,1,1,1,8,1,0,0,0,0,,4,0,0,,FOUND
1002,Expte 231-U-2010,ARG011,https://www.unodc.org/cld/case-law-doc/traffickingpersonscrimetype/arg/2009/expte_231-u-2010.html,traffickingpersonscrimetype,FOUND,1,1,2,2,en|es,0,0,0,0,0,0,1,3,1,1,1,1,1,1,1,1,1,1,1,1,1,1,4,8,4,4,Fact Summary|Defendants / Respondents in the first instance|Procedural Information|Sources / Citations,1,0,0,,FOUND
1003,R v Kovacs [2009] 2 Qd R 51,AUS015,https://www.unodc.org/cld/case-law-doc/traffickingpersonscrimetype/aus/2008/r_v_kovacs_2009_2_qd_r_51.html,traffickingpersonscrimetype,FOUND,1,1,1,1,en,0,0,0,0,0,0,1,5,1,5,1,4,1,1,1,1,1,2,1,2,6,1,0,0,0,0,,2,0,0,,FOUND
1004,R v. Ng,CAN002,https://www.unodc.org/cld/case-law-doc/traffickingpersonscrimetype/can/2008/r_v._ng.html,traffickingpersonscrimetype,FOUND,1,1,1,1,en,0,0,0,0,0,0,1,3,1,2,1,1,1,1,2,1,1,1,1,1,4,1,0,0,0,0,,1,0,0,,FOUND
1005,M.S.,CAN003,https://www.unodc.org/cld/case-law-doc/traffickingpersonscrimetype/can/2008/m.s..html,traffickingpersonscrimetype,FOUND,1,1,1,1,en,0,0,0,0,0,0,1,1,1,1,1,1,1,1,1,1,1,1,0,0,0,1,0,0,0,0,,1,0,0,,FOUND
1006,United States v. Navarrete,USA017,https://www.unodc.org/cld/case-law-doc/traffickingpersonscrimetype/usa/2008/united_states_v._navarrete.html,traffickingpersonscrimetype,FOUND,1,1,1,1,en,0,0,0,0,0,0,1,2,1,4,1,2,1,1,2,1,1,4,1,4,9,1,0,0,0,0,,1,0,0,,FOUND
1007,Court of Appeals of Ghent 18-12-2008,BEL015,https://www.unodc.org/cld/case-law-doc/traffickingpersonscrimetype/bel/2008/court_of_appeals_of_ghent_18-12-2008.html,traffickingpersonscrimetype,SECTION_ABSENT,0,0,0,0,,0,0,0,0,0,0,1,1,0,0,1,1,1,1,1,1,1,1,1,1,1,1,0,0,0,0,,1,0,0,,FOUND
1008,Dosar nr 1ra - 1422/08,MDA012,https://www.unodc.org/cld/case-law-doc/traffickingpersonscrimetype/mda/2008/dosar_nr_1ra_-_142208.html,traffickingpersonscrimetype,FOUND,1,1,1,1,en,0,0,0,0,0,0,1,2,1,2,1,1,1,1,1,1,1,1,1,1,1,1,0,0,0,0,,1,0,0,,FOUND
1009,3 To/53/2008,SVK032,https://www.unodc.org/cld/case-law-doc/traffickingpersonscrimetype/svk/2008/3_to532008_.html,traffickingpersonscrimetype,FOUND,1,1,1,1,en,0,0,0,0,0,0,1,1,1,3,0,0,1,1,4,1,1,1,1,1,2,0,0,0,0,0,,1,0,0,,FOUND
1010,4 T 246/99,CZE016,https://www.unodc.org/cld/case-law-doc/traffickingpersonscrimetype/cze/2008/4_t_24699.html,traffickingpersonscrimetype,FOUND,1,1,1,1,en,0,0,0,0,0,0,1,3,1,2,1,1,1,1,2,1,1,1,1,1,3,1,0,0,0,0,,1,0,0,,FOUND
1011,United States v Ezekiel Hampton,USA097,https://www.unodc.org/cld/case-law-doc/traffickingpersonscrimetype/usa/2008/united_states_v_ezekiel_hampton.html,traffickingpersonscrimetype,FOUND,1,1,1,1,en,0,0,0,0,0,0,1,1,1,2,1,1,1,1,1,1,1,2,1,2,6,1,0,0,0,0,,1,0,0,,FOUND
1012,Copenhagen District Court judgment 11 December 2008,DNK002,https://www.unodc.org/cld/case-law-doc/traffickingpersonscrimetype/dnk/2008/copenhagen_district_court_judgment_11_december_2008.html,traffickingpersonscrimetype,FOUND,1,1,1,1,en,0,0,0,0,0,0,1,2,1,1,1,1,1,1,3,1,1,3,1,3,8,1,0,0,0,0,,2,0,0,,FOUND
1013,Processo 08P29,PRT002,https://www.unodc.org/cld/case-law-doc/criminalgroupcrimetype/prt/2008/processo_08p29.html,criminalgroupcrimetype,FOUND,1,1,1,1,en,0,0,0,0,0,0,1,2,1,1,1,1,1,1,1,1,1,1,1,1,3,1,0,0,0,0,,2,0,0,,FOUND
1014,58 2009,ROU026,https://www.unodc.org/cld/case-law-doc/moneylaunderingcrimetype/rou/2008/58_2009.html,moneylaunderingcrimetype,FOUND,1,1,1,1,en,0,0,0,0,0,0,1,5,1,3,1,1,1,1,3,1,1,1,1,1,4,1,0,0,0,0,,3,0,0,,FOUND
1015,1989/42/2007,ROU025,https://www.unodc.org/cld/case-law-doc/moneylaunderingcrimetype/rou/2008/1989422007.html,moneylaunderingcrimetype,FOUND,1,1,1,1,en,0,0,0,0,0,0,1,3,1,3,1,1,1,1,1,1,1,1,1,1,2,1,0,0,0,0,,2,0,0,,FOUND
1016,Anonymous Decision 2,FIN003,https://www.unodc.org/cld/case-law-doc/traffickingpersonscrimetype/fin/2008/anonymous_decision_2.html,traffickingpersonscrimetype,FOUND,1,1,1,1,en,0,0,0,0,0,0,1,1,1,2,1,1,1,1,1,1,1,5,1,5,5,1,1,2,0,0,,1,0,0,,FOUND
1017,No. 1325 K/PID SuS/2009,IDN003,https://www.unodc.org/cld/case-law-doc/traffickingpersonscrimetype/idn/2008/no._1325_kpid_sus2009.html,traffickingpersonscrimetype,FOUND,1,1,1,1,en,0,0,0,0,0,0,1,2,1,2,1,1,1,1,2,1,1,1,1,1,1,1,0,0,0,0,,1,0,0,,FOUND
1018,Anonymous Decision 222,FIN003,https://www.unodc.org/cld/case-law-doc/traffickingpersonscrimetype/fin/2008/anonymous_decision_222.html,traffickingpersonscrimetype,FOUND,1,1,1,1,en,0,0,0,0,0,0,1,1,1,2,1,1,1,1,1,1,1,5,1,5,5,1,1,2,0,0,,1,0,0,,FOUND
1019,United States v. Daniel McNeal,USA083,https://www.unodc.org/cld/case-law-doc/traffickingpersonscrimetype/usa/2008/united_states_v._daniel_mcneal.html,traffickingpersonscrimetype,FOUND,1,1,1,1,en,0,0,0,0,0,0,1,1,1,1,1,1,1,1,1,1,1,1,1,1,2,1,0,0,0,0,,1,0,0,,FOUND
1020,Anonymous Decision 1,FIN002,https://www.unodc.org/cld/case-law-doc/traffickingpersonscrimetype/fin/2008/anonymous_decision_1.html,traffickingpersonscrimetype,FOUND,1,1,1,1,en,0,0,0,0,0,0,1,1,1,1,1,1,1,1,1,1,1,2,1,2,4,1,0,0,0,0,,1,0,0,,FOUND
1021,Dosar nr 1ra -1322/08,MDA011,https://www.unodc.org/cld/case-law-doc/traffickingpersonscrimetype/mda/2008/dosar_nr_1ra_-132208.html,traffickingpersonscrimetype,FOUND,1,1,1,1,en,0,0,0,0,0,0,1,2,1,1,1,1,1,1,1,1,1,1,1,1,1,1,0,0,0,0,,1,0,0,,FOUND
1022,Case No. P.08.0951.N,BEL004,https://www.unodc.org/cld/case-law-doc/traffickingpersonscrimetype/bel/2008/case_no._p.08.0951.n.html,traffickingpersonscrimetype,SECTION_ABSENT,0,0,0,0,,0,0,0,0,0,0,0,0,0,0,0,0,1,1,2,1,1,2,1,2,2,1,0,0,0,0,,1,0,0,,FOUND
1023,45 T 5/2008,CZE023,https://www.unodc.org/cld/case-law-doc/traffickingpersonscrimetype/cze/2008/45_t_52008.html,traffickingpersonscrimetype,FOUND,1,1,1,1,en,0,0,0,0,0,0,1,1,1,2,1,3,1,1,3,1,1,1,1,1,2,1,0,0,0,0,,1,0,0,,FOUND
1024,1511.7/110/2008,ROU024,https://www.unodc.org/cld/case-law-doc/criminalgroupcrimetype/rou/2008/1511.71102008.html,criminalgroupcrimetype,FOUND,1,1,1,1,en,0,0,0,0,0,0,1,2,1,2,1,1,1,1,4,1,1,2,1,2,5,1,0,0,0,0,,3,0,0,,FOUND
1025,Wang Chin Sing v Public Prosecutor,SGP001,https://www.unodc.org/cld/case-law-doc/traffickingpersonscrimetype/sgp/2008/wang_chin_sing_v_public_prosecutor.html,traffickingpersonscrimetype,FOUND,1,1,1,1,en,0,0,0,0,0,0,1,2,1,2,1,1,1,1,2,1,1,1,1,1,4,1,0,0,0,0,,2,0,0,,FOUND
1026,Mother Doe I v. Sheikh Hamdan Bin Rashid al Maktoum,USA152,https://www.unodc.org/cld/case-law-doc/traffickingpersonscrimetype/usa/2008/mother_doe_i_v._sheikh_hamdan_bin_rashid_al_maktoum.html,traffickingpersonscrimetype,FOUND,1,1,1,1,en,0,0,0,0,0,0,1,5,1,4,1,1,1,1,2,1,1,2,1,2,8,1,0,0,0,0,,1,0,0,,FOUND
1027,Lolita Pamintuan at al. v Republic of Palau,PLWx001,https://www.unodc.org/cld/case-law-doc/moneylaunderingcrimetype/plw/2008/lolita_pamintuan_at_al._v_republic_of_palau.html,moneylaunderingcrimetype,FOUND,1,1,1,1,en,0,0,0,0,0,0,1,5,1,1,1,1,1,1,6,1,1,4,1,4,18,1,0,0,0,0,,3,0,0,,FOUND
1028,Public Prosecutor v Wang Minjiang,SGP002,https://www.unodc.org/cld/case-law-doc/traffickingpersonscrimetype/sgp/2008/public_prosecutor_v_wang_minjiang.html,traffickingpersonscrimetype,FOUND,1,1,1,1,en,0,0,0,0,0,0,1,5,1,1,1,1,1,1,2,1,1,1,1,1,4,1,0,0,0,0,,1,0,0,,FOUND
1029,China v. Secretary of State for the Home Department,GBR004,https://www.unodc.org/cld/case-law-doc/traffickingpersonscrimetype/gbr/2008/china_v._secretary_of_state_for_the_home_department.html,traffickingpersonscrimetype,FOUND,1,1,1,1,en,0,0,0,0,0,0,1,5,1,3,1,2,1,1,2,1,1,1,0,0,0,1,0,0,0,0,,1,0,0,,FOUND
1030,ACR 20088459 SE,BRA088,https://www.unodc.org/cld/case-law-doc/traffickingpersonscrimetype/bra/2008/acr_20088459_se.html,traffickingpersonscrimetype,FOUND,1,1,1,1,en,1,3,1,1,1,1,1,3,1,1,1,1,1,1,2,1,1,1,1,1,1,1,0,0,0,0,,1,0,0,,FOUND
1031,R v Norcott Graham and Agon Stephens,JAM001,https://www.unodc.org/cld/case-law-doc/traffickingpersonscrimetype/jam/2008/r_v_norcott_graham_and_agon_stephens.html,traffickingpersonscrimetype,FOUND,1,1,1,1,en,0,0,0,0,0,0,1,3,1,1,1,1,1,1,1,1,1,2,1,2,2,1,1,2,0,0,,1,0,0,,FOUND
1032,Case CA Brasov 114,ROU034,https://www.unodc.org/cld/case-law-doc/traffickingpersonscrimetype/rou/2008/case_ca_brasov_114.html,traffickingpersonscrimetype,FOUND,1,1,1,1,en,0,0,0,0,0,0,1,2,1,3,1,2,1,1,8,1,1,7,1,7,7,1,1,2,0,0,,1,0,0,,FOUND
1033,Leonard-St. Vil,CAN007,https://www.unodc.org/cld/case-law-doc/traffickingpersonscrimetype/can/2008/leonard-st._vil.html,traffickingpersonscrimetype,FOUND,1,1,1,1,en,0,0,0,0,0,0,1,3,1,4,1,1,1,1,1,1,1,1,1,1,2,1,0,0,0,0,,1,0,0,,FOUND
1034,ACR 200550010020736ES,BRA119,https://www.unodc.org/cld/case-law-doc/traffickingpersonscrimetype/bra/2008/acr_200550010020736es.html,traffickingpersonscrimetype,FOUND,1,1,1,1,en,1,1,0,0,1,1,1,1,0,0,1,1,1,1,1,1,1,1,1,1,1,1,0,0,0,0,,1,0,0,,FOUND
1035,4 To 48/2008,SVK035,https://www.unodc.org/cld/case-law-doc/traffickingpersonscrimetype/svk/2008/4_to_482008.html,traffickingpersonscrimetype,FOUND,1,1,1,1,en,0,0,0,0,0,0,1,2,1,3,1,1,1,1,9,1,1,1,1,1,1,1,0,0,0,0,,1,0,0,,FOUND
1036,Verdict KOK.бр.61/08,MKD003,https://www.unodc.org/cld/case-law-doc/traffickingpersonscrimetype/mkd/2008/verdict_kok..6108.html,traffickingpersonscrimetype,FOUND,1,1,1,1,en,0,0,0,0,0,0,1,2,1,1,1,2,1,1,1,1,1,2,1,2,2,0,0,0,0,0,,1,0,0,,FOUND
1037,6 To 69/2008,SVK045,https://www.unodc.org/cld/case-law-doc/traffickingpersonscrimetype/svk/2008/6_to_692008_.html,traffickingpersonscrimetype,FOUND,1,1,1,1,en,0,0,0,0,0,0,1,1,1,1,1,1,1,1,1,1,1,2,1,2,2,1,0,0,0,0,,1,0,0,,FOUND
1038,Case No B 5886-08,SWE021,https://www.unodc.org/cld/case-law-doc/traffickingpersonscrimetype/swe/2008/case_no_b_5886-08.html,traffickingpersonscrimetype,FOUND,1,1,1,1,en,0,0,0,0,0,0,1,3,1,2,1,1,1,1,1,1,1,2,1,2,3,1,0,0,0,0,,2,0,0,,FOUND
1039,No 738 K/Pid Sus/2009,IDN009,https://www.unodc.org/cld/case-law-doc/traffickingpersonscrimetype/idn/2008/no_738_kpid_sus2009_.html,traffickingpersonscrimetype,FOUND,1,1,1,1,en,0,0,0,0,0,0,0,0,1,2,1,1,1,1,1,1,1,2,1,2,2,1,0,0,0,0,,1,0,0,,FOUND
1040,H.M. v. Republic of Niger,IRB003,https://www.unodc.org/cld/case-law-doc/traffickingpersonscrimetype/_irb/2008/h.m._v._republic_of_niger.html,traffickingpersonscrimetype,FOUND,1,1,1,1,en,0,0,0,0,0,0,1,1,1,3,1,1,1,1,1,1,1,1,1,1,1,1,0,0,0,0,,1,0,0,,FOUND
1041,"Z.Z.Z. v. The Netherlands, Communication No. 15/2007 (CEDAW/C/42/D/15/2007)",NLD002,https://www.unodc.org/cld/case-law-doc/traffickingpersonscrimetype/nld/2008/z.z.z._v._the_netherlands_communication_no._152007_cedawc42d152007.html,traffickingpersonscrimetype,FOUND,1,1,1,1,en,0,0,0,0,0,0,1,3,1,2,1,1,1,1,1,1,1,1,1,1,1,1,0,0,0,0,,1,0,0,,FOUND
1042,Verdict IV KOK.br.56 / 08,MKD002,https://www.unodc.org/cld/case-law-doc/traffickingpersonscrimetype/mkd/2008/verdict_iv_kok.br.56_08.html,traffickingpersonscrimetype,FOUND,1,1,1,1,en,0,0,0,0,0,0,1,1,1,1,1,1,1,1,2,1,1,2,1,2,2,1,0,0,0,0,,1,0,0,,FOUND
1043,Processo n 2008.84.00.003092-3,BRA052,https://www.unodc.org/cld/case-law-doc/traffickingpersonscrimetype/bra/2008/processo_n_2008.84.00.003092-3_.html,traffickingpersonscrimetype,FOUND,1,1,1,1,en,0,0,0,0,0,0,1,1,1,1,1,1,1,1,3,1,1,1,1,1,1,1,0,0,0,0,,1,0,0,,FOUND
1044,ACR 993.08.038916-0 SP,BRA108,https://www.unodc.org/cld/case-law-doc/traffickingpersonscrimetype/bra/2008/acr_993.08.038916-0_sp.html,traffickingpersonscrimetype,FOUND,1,1,1,1,en,1,1,1,1,1,1,1,1,1,1,1,1,1,1,1,1,1,2,1,2,4,1,0,0,0,0,,1,0,0,,FOUND
1045,1420/89/2007,ROU018,https://www.unodc.org/cld/case-law-doc/traffickingpersonscrimetype/rou/2008/1420892007.html,traffickingpersonscrimetype,FOUND,1,1,1,1,en,0,0,0,0,0,0,1,2,1,2,1,1,1,1,2,1,1,1,1,1,1,1,0,0,0,0,,1,0,0,,FOUND
1046,United States v. Paris,USA018,https://www.unodc.org/cld/case-law-doc/traffickingpersonscrimetype/usa/2008/united_states_v._paris.html,traffickingpersonscrimetype,FOUND,1,1,1,1,en,0,0,0,0,0,0,1,2,1,3,1,1,1,1,4,1,1,1,1,1,5,1,0,0,0,0,,1,0,0,,FOUND
1047,131/2008,ROU030,https://www.unodc.org/cld/case-law-doc/traffickingpersonscrimetype/rou/2008/1312008.html,traffickingpersonscrimetype,FOUND,1,1,1,1,en,0,0,0,0,0,0,1,1,1,1,1,1,1,1,1,1,1,1,1,1,1,1,0,0,0,0,,1,0,0,,FOUND
1048,CRIM. CASES NOS. 21800 and 22151,PHL016,https://www.unodc.org/cld/case-law-doc/traffickingpersonscrimetype/phl/2008/crim._cases_nos._21800_and_22151.html,traffickingpersonscrimetype,FOUND,1,1,1,1,en,0,0,0,0,0,0,1,4,1,3,1,3,1,1,2,1,1,2,1,2,4,1,0,0,0,0,,1,0,0,,FOUND
1049,EXP. N.° 02297-2008-PHC/TC,PER003,https://www.unodc.org/cld/case-law-doc/traffickingpersonscrimetype/per/2008/exp._n._02297-2008-phctc.html,traffickingpersonscrimetype,FOUND,1,1,2,2,en|es,0,0,0,0,0,0,1,1,0,0,0,0,1,1,15,1,1,2,1,2,4,1,7,14,7,7,Fact Summary|Defendants / Respondents in the first instance|Defendants / Respondents in the first instance|Commentary and Significant Features|Procedural Information|Sources / Citations|unheaded:unheaded,1,0,0,,FOUND
1050,Processo nº 2001.81.00.016360-1,BRA007,https://www.unodc.org/cld/case-law-doc/traffickingpersonscrimetype/bra/2008/processo_n_2001.81.00.016360-1_.html,traffickingpersonscrimetype,FOUND,1,1,1,1,en,0,0,0,0,0,0,1,2,0,0,1,1,1,1,1,1,1,2,1,2,4,1,0,0,0,0,,1,0,0,,FOUND
1051,Case No. N81-О08-65,RUS003,https://www.unodc.org/cld/case-law-doc/traffickingpersonscrimetype/rus/2008/case_no._n81-08-65.html,traffickingpersonscrimetype,FOUND,1,1,1,1,en,0,0,0,0,0,0,1,4,1,2,1,1,1,1,4,1,1,3,1,3,6,1,0,0,0,0,,1,0,0,,FOUND
1052,Case CA Galati 112A-2008,ROU050,https://www.unodc.org/cld/case-law-doc/traffickingpersonscrimetype/rou/2008/case_ca_galati_112a-2008.html,traffickingpersonscrimetype,FOUND,1,1,1,1,en,0,0,0,0,0,0,1,4,1,3,1,1,1,1,1,1,1,2,1,2,3,1,0,0,0,0,,1,0,0,,FOUND
1053,Processo 2008.03.00.020091-5 HC 32474,BRA062,https://www.unodc.org/cld/case-law-doc/traffickingpersonscrimetype/bra/2008/processo_2008.03.00.020091-5_hc_32474.html,traffickingpersonscrimetype,FOUND,1,1,1,1,en,0,0,0,0,0,0,1,2,1,1,1,1,1,1,2,1,1,1,1,1,1,1,0,0,0,0,,1,0,0,,FOUND
1054,648/109/2008,ROU013,https://www.unodc.org/cld/case-law-doc/traffickingpersonscrimetype/rou/2008/6481092008.html,traffickingpersonscrimetype,FOUND,1,1,1,1,en,0,0,0,0,0,0,1,1,1,2,1,1,1,1,1,1,1,1,1,1,1,1,0,0,0,0,,1,0,0,,FOUND
1055,Sentenca 090/2.07.0001774-0 RS,BRA076,https://www.unodc.org/cld/case-law-doc/traffickingpersonscrimetype/bra/2008/sentenca_0902.07.0001774-0_rs.html,traffickingpersonscrimetype,FOUND,1,1,1,1,en,1,2,1,1,1,1,1,2,1,1,1,1,1,1,4,1,1,1,1,1,7,1,0,0,0,0,,1,0,0,,FOUND
1056,Case CA Ploiesti 117-2008L,ROU044,https://www.unodc.org/cld/case-law-doc/traffickingpersonscrimetype/rou/2008/case_ca_ploiesti_117-2008l.html,traffickingpersonscrimetype,FOUND,1,1,1,1,en,0,0,0,0,0,0,1,2,1,2,1,1,1,1,10,1,1,2,1,2,2,1,0,0,0,0,,1,0,0,,FOUND
1057,United States v. Shannon Blaylock,USA081,https://www.unodc.org/cld/case-law-doc/traffickingpersonscrimetype/usa/2008/_united_states_v._shannon_blaylock.html,traffickingpersonscrimetype,FOUND,1,1,1,1,en,0,0,0,0,0,0,1,5,1,1,1,1,1,1,1,1,1,3,1,3,6,1,0,0,0,0,,1,0,0,,FOUND
1058,No. 708 K/Pid SuS/2009,IDN008,https://www.unodc.org/cld/case-law-doc/traffickingpersonscrimetype/idn/2008/no._708_kpid_sus2009.html,traffickingpersonscrimetype,FOUND,1,1,1,1,en,0,0,0,0,0,0,0,0,0,0,0,0,1,1,3,1,1,1,1,1,1,1,0,0,0,0,,1,0,0,,FOUND
1059,"0101-39-2008, Causa No. 158-3-2008",SLV003,https://www.unodc.org/cld/case-law-doc/traffickingpersonscrimetype/slv/2008/0101-39-2008_causa_no._158-3-2008.html,traffickingpersonscrimetype,FOUND,1,1,2,2,en|es,0,0,0,0,0,0,1,2,1,4,1,1,1,1,3,1,1,2,1,2,4,1,6,12,6,6,Fact Summary|Defendants / Respondents in the first instance|Defendants / Respondents in the first instance|Commentary and Significant Features|Sources / Citations|unheaded:unheaded,1,0,0,,FOUND
1060,Regina v O.,GBR017,https://www.unodc.org/cld/case-law-doc/traffickingpersonscrimetype/gbr/2008/regina_v_o..html,traffickingpersonscrimetype,FOUND,1,1,1,1,en,0,0,0,0,0,0,1,5,1,3,1,1,1,1,1,1,1,1,1,1,1,1,0,0,0,0,,1,0,0,,FOUND
1061,Case Nº 7786/08,ARGh004,https://www.unodc.org/cld/case-law-doc/migrantsmugglingcrimetype/arg/2008/case_n_778608.html,migrantsmugglingcrimetype,FOUND,1,1,1,1,en,0,0,0,0,1,1,0,0,0,0,0,0,1,2,2,1,1,2,1,2,4,0,1,2,1,1,Procedural Information,2,0,0,,FOUND
1062,Sareut Kampha and Others,THA007,https://www.unodc.org/cld/case-law-doc/traffickingpersonscrimetype/tha/2008/sareut_kampha_and_others.html,traffickingpersonscrimetype,FOUND,1,1,1,1,en,0,0,0,0,0,0,1,1,1,3,1,1,1,1,5,1,1,3,1,3,3,1,0,0,0,0,,1,0,0,,FOUND
1063,"Than, Phoeung & Anony",KHM004,https://www.unodc.org/cld/case-law-doc/traffickingpersonscrimetype/khm/2008/than_phoeung_anony.html,traffickingpersonscrimetype,FOUND,1,1,1,1,en,0,0,0,0,0,0,1,3,1,1,1,1,1,1,1,1,1,3,1,3,3,1,0,0,0,0,,1,0,0,,FOUND
1064,Gutierez and Calvo,COL010,https://www.unodc.org/cld/case-law-doc/criminalgroupcrimetype/col/2008/gutierez_and_calvo.html,criminalgroupcrimetype,FOUND,1,1,1,1,en,0,0,0,0,0,0,1,5,1,5,1,1,1,1,1,1,1,2,1,2,2,1,0,0,0,0,,2,0,0,,FOUND
1065,United States v. Djoumessi,USA005,https://www.unodc.org/cld/case-law-doc/traffickingpersonscrimetype/usa/2008/united_states_v._djoumessi.html,traffickingpersonscrimetype,FOUND,1,1,1,1,en,0,0,0,0,0,0,1,2,1,4,1,3,1,1,1,1,1,2,1,2,9,1,0,0,0,0,,1,0,0,,FOUND
1066,R v Sieders & Yotchomchin,AUS005,https://www.unodc.org/cld/case-law-doc/traffickingpersonscrimetype/aus/2008/_r_v_sieders_yotchomchin.html,traffickingpersonscrimetype,FOUND,1,1,1,1,en,0,0,0,0,0,0,1,2,1,3,1,1,1,1,5,1,1,2,1,2,1,1,0,0,0,0,,1,0,0,,FOUND
1067,1 T 11/2008,CZE008,https://www.unodc.org/cld/case-law-doc/drugcrimetype/cze/2008/1_t_112008.html,drugcrimetype,FOUND,1,1,1,1,en,0,0,0,0,0,0,1,1,1,2,1,1,1,1,1,1,1,2,1,2,7,1,0,0,0,0,,3,0,0,,FOUND
1068,"CRIM. CASES NOS. II-12478, II-12481, and II 12498",PHL017,https://www.unodc.org/cld/case-law-doc/traffickingpersonscrimetype/phl/2008/crim._cases_nos._ii-12478_ii-12481_and_ii_12498.html,traffickingpersonscrimetype,FOUND,1,1,1,1,en,0,0,0,0,0,0,1,4,1,2,1,2,1,1,5,1,1,2,1,2,2,1,0,0,0,0,,1,0,0,,FOUND
1069,ACR 2008.027440-3 SC,BRA081,https://www.unodc.org/cld/case-law-doc/traffickingpersonscrimetype/bra/2008/acr_2008.027440-3_sc.html,traffickingpersonscrimetype,FOUND,1,1,1,1,en,1,2,1,1,1,1,1,2,1,1,1,1,1,1,3,1,1,1,1,1,4,1,1,2,1,0,,1,3,2,DUPLICATE_TAB_PANE_ID|DUPLICATE_TAB_HREF|TAB_GROUP_NO_ACTIVE_PANE,PARTIAL
1070,Dosar nr. 1ra – 976/2008,MDA025,https://www.unodc.org/cld/case-law-doc/traffickingpersonscrimetype/mda/2008/dosar_nr._1ra_9762008.html,traffickingpersonscrimetype,FOUND,1,1,1,1,en,0,0,0,0,0,0,1,2,1,1,1,1,1,1,3,1,1,1,1,1,1,1,0,0,0,0,,1,0,0,,FOUND
1071,No 367 K/Pid Sus/2009,IDN006,https://www.unodc.org/cld/case-law-doc/traffickingpersonscrimetype/idn/2008/no_367_kpid_sus2009.html,traffickingpersonscrimetype,FOUND,1,1,1,1,en,0,0,0,0,0,0,1,3,1,2,1,1,1,1,1,1,1,2,1,2,2,1,0,0,0,0,,1,0,0,,FOUND
1072,No 56K/Pid Sus/2009,IDN007,https://www.unodc.org/cld/case-law-doc/traffickingpersonscrimetype/idn/2008/no_56kpid_sus2009.html,traffickingpersonscrimetype,FOUND,1,1,1,1,en,0,0,0,0,0,0,1,2,1,2,1,2,1,1,1,1,1,1,1,1,1,1,0,0,0,0,,1,0,0,,FOUND
1073,II K 39/07,SRB005,https://www.unodc.org/cld/case-law-doc/traffickingpersonscrimetype/srb/2008/ii_k_3907_.html,traffickingpersonscrimetype,FOUND,1,1,1,1,en,0,0,0,0,0,0,1,4,1,4,1,1,1,1,1,1,1,1,1,1,1,1,0,0,0,0,,1,0,0,,FOUND
1074,Naveen Rego v. State of Maharashtra,IND027,https://www.unodc.org/cld/case-law-doc/traffickingpersonscrimetype/ind/2008/naveen_rego_v._state_of_maharashtra.html,traffickingpersonscrimetype,FOUND,1,1,1,1,en,0,0,0,0,0,0,0,0,0,0,1,1,1,1,1,1,1,1,1,1,1,1,0,0,0,0,,1,0,0,,FOUND
1075,United States v. Corey Davis,USA036,https://www.unodc.org/cld/case-law-doc/traffickingpersonscrimetype/usa/2008/united_states_v._corey_davis.html,traffickingpersonscrimetype,FOUND,1,1,1,1,en,0,0,0,0,0,0,1,1,1,2,1,1,1,1,6,1,1,2,1,2,5,1,0,0,0,0,,1,0,0,,FOUND
1076,"Anonymous, Criminal Case No 63-001-60-00-059-2007-00893",COL007,https://www.unodc.org/cld/case-law-doc/traffickingpersonscrimetype/col/2008/anonymous_criminal_case_no_63-001-60-00-059-2007-00893_.html,traffickingpersonscrimetype,FOUND,1,1,1,1,en,0,0,0,0,0,0,1,1,1,1,1,1,1,1,2,1,1,2,1,2,4,1,0,0,0,0,,1,0,0,,FOUND
1077,The Public Prosecution Authority v. Daniel Dundon,NOR001,https://www.unodc.org/cld/case-law-doc/traffickingpersonscrimetype/nor/2008/the_public_prosecution_authority_v._daniel_dundon.html,traffickingpersonscrimetype,FOUND,1,1,1,1,en,0,0,0,0,0,0,1,3,1,2,1,1,1,1,4,1,1,1,1,1,1,1,0,0,0,0,,1,0,0,,FOUND
1078,Dosar nr. 1ra – 915/2008,MDA027,https://www.unodc.org/cld/case-law-doc/traffickingpersonscrimetype/mda/2008/dosar_nr._1ra_9152008.html,traffickingpersonscrimetype,FOUND,1,1,1,1,en,0,0,0,0,0,0,1,2,1,2,1,1,1,1,1,1,1,1,1,1,1,1,0,0,0,0,,1,0,0,,FOUND
1079,Case CA Craiova 29-2008,ROU051,https://www.unodc.org/cld/case-law-doc/traffickingpersonscrimetype/rou/2008/case_ca_craiova_29-2008.html,traffickingpersonscrimetype,FOUND,1,1,1,1,en,0,0,0,0,0,0,1,4,1,2,1,1,1,1,2,1,1,1,1,1,2,1,0,0,0,0,,1,0,0,,FOUND
1080,ACR 993.07.124674-3 SP,BRA107,https://www.unodc.org/cld/case-law-doc/traffickingpersonscrimetype/bra/2008/acr_993.07.124674-3_sp.html,traffickingpersonscrimetype,FOUND,1,1,1,1,en,1,1,1,1,1,1,1,1,1,1,1,1,1,1,2,1,1,3,1,3,3,1,0,0,0,0,,1,0,0,,FOUND
1081,107/A - 2008,ROU001,https://www.unodc.org/cld/case-law-doc/traffickingpersonscrimetype/rou/2008/107a_-_2008.html,traffickingpersonscrimetype,FOUND,1,1,1,1,en,0,0,0,0,0,0,1,5,1,3,1,2,1,1,2,1,1,1,1,1,1,1,0,0,0,0,,1,0,0,,FOUND
1082,Nakpangi,CAN004,https://www.unodc.org/cld/case-law-doc/traffickingpersonscrimetype/can/2008/nakpangi.html,traffickingpersonscrimetype,FOUND,1,1,1,1,en,0,0,0,0,0,0,1,3,1,2,1,1,1,1,2,1,1,1,1,1,3,1,0,0,0,0,,2,0,0,,FOUND
1083,5971/45/2006,ROU009,https://www.unodc.org/cld/case-law-doc/traffickingpersonscrimetype/rou/2008/5971452006_.html,traffickingpersonscrimetype,FOUND,1,1,1,1,en,0,0,0,0,0,0,1,2,1,3,1,2,1,1,11,1,1,2,1,2,2,1,0,0,0,0,,1,0,0,,FOUND
1084,United States v. Darrill Gray,USA085,https://www.unodc.org/cld/case-law-doc/traffickingpersonscrimetype/usa/2008/united_states_v._darrill_gray.html,traffickingpersonscrimetype,FOUND,1,1,1,1,en,0,0,0,0,0,0,1,1,1,2,1,1,1,1,1,1,1,2,1,2,6,1,0,0,0,0,,1,0,0,,FOUND
1085,Dosar nr. 1ra – 847/2008,MDA028,https://www.unodc.org/cld/case-law-doc/traffickingpersonscrimetype/mda/2008/dosar_nr._1ra_8472008.html,traffickingpersonscrimetype,FOUND,1,1,1,1,en,0,0,0,0,0,0,1,2,1,2,1,1,1,1,2,1,1,2,1,2,1,1,0,0,0,0,,1,0,0,,FOUND
1086,Case CA Craiova 26-2008,ROU041,https://www.unodc.org/cld/case-law-doc/traffickingpersonscrimetype/rou/2008/case_ca_craiova_26-2008_.html,traffickingpersonscrimetype,FOUND,1,1,1,1,en,0,0,0,0,0,0,1,4,1,2,1,2,1,1,3,1,1,3,1,3,9,1,0,0,0,0,,1,0,0,,FOUND
1087,0601-72-2008; Causa Penal No. 59-50-TSP-08-1,SLV006,https://www.unodc.org/cld/case-law-doc/traffickingpersonscrimetype/slv/2008/_0601-72-2008_causa_penal_no._59-50-tsp-08-1.html,traffickingpersonscrimetype,FOUND,1,1,2,2,en|es,0,0,0,0,0,0,1,2,1,4,1,1,1,1,1,1,1,2,1,2,4,1,6,12,6,6,Fact Summary|Defendants / Respondents in the first instance|Defendants / Respondents in the first instance|Commentary and Significant Features|Sources / Citations|unheaded:unheaded,2,0,0,,FOUND
1088,Correctional Tribunal of Gent 11-06-2008,BEL017,https://www.unodc.org/cld/case-law-doc/traffickingpersonscrimetype/bel/2008/correctional_tribunal_of_gent_11-06-2008.html,traffickingpersonscrimetype,FOUND,1,1,1,1,en,0,0,0,0,0,0,1,3,1,1,1,1,1,1,2,1,1,1,1,1,1,1,0,0,0,0,,1,0,0,,FOUND
1089,United States v. Calimlim,USA004,https://www.unodc.org/cld/case-law-doc/traffickingpersonscrimetype/usa/2008/united_states_v._calimlim.html,traffickingpersonscrimetype,FOUND,1,1,1,1,en,0,0,0,0,0,0,1,2,1,3,1,3,1,1,1,1,1,2,1,2,4,1,0,0,0,0,,1,0,0,,FOUND
1090,Decision No. 87/2008,ROU054,https://www.unodc.org/cld/case-law-doc/traffickingpersonscrimetype/rou/2008/decision_no._872008.html,traffickingpersonscrimetype,FOUND,1,1,1,1,en,0,0,0,0,0,0,1,2,1,2,1,1,1,1,1,1,1,1,1,1,2,1,0,0,0,0,,1,0,0,,FOUND
1091,2054/85/2007,ROU005,https://www.unodc.org/cld/case-law-doc/traffickingpersonscrimetype/rou/2008/2054852007.html,traffickingpersonscrimetype,FOUND,1,1,1,1,en,0,0,0,0,0,0,1,2,1,2,1,1,1,1,1,1,1,1,1,1,1,1,0,0,0,0,,1,0,0,,FOUND
1092,United States v. Linda O'Connor,USA071,https://www.unodc.org/cld/case-law-doc/traffickingpersonscrimetype/usa/2008/united_states_v._linda_oconnor.html,traffickingpersonscrimetype,FOUND,1,1,1,1,en,0,0,0,0,0,0,1,2,1,2,1,1,1,1,1,1,1,2,1,2,10,1,0,0,0,0,,1,0,0,,FOUND
1093,"United States v. Shunnee King, Criminal Case No. CR 06-00658 CRB",USA043,https://www.unodc.org/cld/case-law-doc/traffickingpersonscrimetype/usa/2008/united_states_v._shunnee_king_criminal_case_no._cr_06-00658_crb.html,traffickingpersonscrimetype,FOUND,1,1,1,1,en,0,0,0,0,0,0,1,1,1,1,1,1,1,1,1,1,1,1,1,1,2,1,0,0,0,0,,1,0,0,,FOUND
1094,361/89/2006,ROU004,https://www.unodc.org/cld/case-law-doc/traffickingpersonscrimetype/rou/2008/361892006_.html,traffickingpersonscrimetype,FOUND,1,1,1,1,en,0,0,0,0,0,0,1,3,1,3,1,1,1,1,3,1,1,3,1,3,3,1,0,0,0,0,,1,0,0,,FOUND
1095,Case No. (102)-339-2008,AZE001,https://www.unodc.org/cld/case-law-doc/traffickingpersonscrimetype/aze/2008/case_no._102-339-2008.html,traffickingpersonscrimetype,FOUND,1,1,1,1,en,0,0,0,0,0,0,1,2,0,0,1,1,1,1,1,1,1,1,1,1,1,1,0,0,0,0,,1,0,0,,FOUND
1096,R v D.J.,JAM003,https://www.unodc.org/cld/case-law-doc/traffickingpersonscrimetype/jam/2008/r_v_d.j..html,traffickingpersonscrimetype,FOUND,1,1,1,1,en,0,0,0,0,0,0,1,3,1,1,1,1,1,1,1,1,1,1,1,1,1,1,0,0,0,0,,1,0,0,,FOUND
1097,Saldarriaga et al,COL015,https://www.unodc.org/cld/case-law-doc/criminalgroupcrimetype/col/2008/saldarriaga_et_al.html,criminalgroupcrimetype,FOUND,1,1,1,1,en,0,0,0,0,0,0,1,4,1,2,1,2,1,1,1,1,1,3,1,3,6,1,0,0,0,0,,2,0,0,,FOUND
1098,Alaro vs. Ministry of Interior,ISR004,https://www.unodc.org/cld/case-law-doc/traffickingpersonscrimetype/isr/2008/alaro_vs._ministry_of_interior.html,traffickingpersonscrimetype,FOUND,1,1,1,1,en,0,0,0,0,0,0,1,2,1,1,1,1,1,1,1,1,1,1,1,1,1,1,0,0,0,0,,1,0,0,,FOUND
1099,Case No. 2007/1862,TUR006,https://www.unodc.org/cld/case-law-doc/traffickingpersonscrimetype/tur/2008/case_no._20071862.html,traffickingpersonscrimetype,FOUND,1,1,1,1,en,0,0,0,0,0,0,1,4,1,2,1,2,1,1,1,1,1,9,1,9,18,1,0,0,0,0,,1,0,0,,FOUND
1100,Dosar nr. 1ra – 712/2008,MDA044,https://www.unodc.org/cld/case-law-doc/traffickingpersonscrimetype/mda/2008/dosar_nr._1ra_7122008.html,traffickingpersonscrimetype,FOUND,1,1,1,1,en,0,0,0,0,0,0,1,2,1,1,1,1,1,1,2,1,1,1,1,1,1,1,0,0,0,0,,1,0,0,,FOUND
1101,United States v. Robert Williams,USA129,https://www.unodc.org/cld/case-law-doc/traffickingpersonscrimetype/usa/2008/united_states_v._robert_williams.html,traffickingpersonscrimetype,FOUND,1,1,1,1,en,0,0,0,0,0,0,1,1,0,0,1,1,1,1,1,1,1,1,1,1,3,1,0,0,0,0,,1,0,0,,FOUND
1102,ACR 200650010081638ES,BRA120,https://www.unodc.org/cld/case-law-doc/traffickingpersonscrimetype/bra/2008/acr_200650010081638es.html,traffickingpersonscrimetype,FOUND,1,1,1,1,en,1,4,0,0,1,1,1,4,0,0,1,1,1,1,1,1,1,2,1,2,6,1,0,0,0,0,,1,0,0,,FOUND
1103,ACR 200650010081640ES,BRA121,https://www.unodc.org/cld/case-law-doc/criminalgroupcrimetype/bra/2008/acr_200650010081640es.html,criminalgroupcrimetype,FOUND,1,1,1,1,en,1,3,1,1,1,1,1,3,1,1,1,1,1,1,1,1,1,4,1,4,12,1,0,0,0,0,,3,0,0,,FOUND
1104,Case CA Brasov 39-Ap-2008,ROU036,https://www.unodc.org/cld/case-law-doc/traffickingpersonscrimetype/rou/2008/case_ca_brasov_39-ap-2008.html,traffickingpersonscrimetype,FOUND,1,1,1,1,en,0,0,0,0,0,0,1,2,1,2,1,1,1,1,3,1,1,2,1,2,4,1,0,0,0,0,,1,0,0,,FOUND
1105,United States v. Mondragon,USA016,https://www.unodc.org/cld/case-law-doc/traffickingpersonscrimetype/usa/2008/united_states_v._mondragon.html,traffickingpersonscrimetype,FOUND,1,1,1,1,en,0,0,0,0,0,0,1,2,1,3,1,1,1,1,1,1,1,2,1,2,4,1,0,0,0,0,,1,0,0,,FOUND
1106,20 -2008,ROU029,https://www.unodc.org/cld/case-law-doc/traffickingpersonscrimetype/rou/2008/20_-2008.html,traffickingpersonscrimetype,FOUND,1,1,1,1,en,0,0,0,0,0,0,1,2,1,3,1,1,1,1,5,1,1,1,1,1,6,1,0,0,0,0,,2,0,0,,FOUND
1107,1365/45/2006,ROU008,https://www.unodc.org/cld/case-law-doc/traffickingpersonscrimetype/rou/2008/1365452006_.html,traffickingpersonscrimetype,FOUND,1,1,1,1,en,0,0,0,0,0,0,1,3,1,3,1,1,1,1,3,1,1,1,1,1,1,1,0,0,0,0,,1,0,0,,FOUND
1108,Ministerio Publico Federal v. Gilberto Andrade,BRA002,https://www.unodc.org/cld/case-law-doc/traffickingpersonscrimetype/bra/2008/ministerio_publico_federal_v._gilberto_andrade.html,traffickingpersonscrimetype,FOUND,1,1,1,1,en,0,0,0,0,0,0,1,2,1,2,1,1,1,1,1,1,1,1,1,1,3,1,0,0,0,0,,2,0,0,,FOUND
1109,K.br. 26/08,SRB009,https://www.unodc.org/cld/case-law-doc/criminalgroupcrimetype/srb/2008/k.br._2608_.html,criminalgroupcrimetype,FOUND,1,1,1,1,en,0,0,0,0,0,0,1,2,1,2,1,1,1,1,3,1,1,4,1,4,4,1,0,0,0,0,,2,0,0,,FOUND
1110,Attorney General of the Federation and Samuel Emwirovbankhoe,NGA008,https://www.unodc.org/cld/case-law-doc/traffickingpersonscrimetype/nga/2008/attorney_general_of_the_federation_and_samuel_emwirovbankhoe.html,traffickingpersonscrimetype,FOUND,1,1,1,1,en,0,0,0,0,0,0,1,3,1,1,1,4,1,1,4,1,1,1,1,1,4,1,0,0,0,0,,2,0,0,,FOUND
1111,P. & S.,KHM001,https://www.unodc.org/cld/case-law-doc/traffickingpersonscrimetype/khm/2008/p._s..html,traffickingpersonscrimetype,FOUND,1,1,1,1,en,0,0,0,0,0,0,1,2,1,3,1,1,1,1,1,1,1,2,1,2,2,1,0,0,0,0,,1,0,0,,FOUND
1112,14Os164/07k (2008),AUT004,https://www.unodc.org/cld/case-law-doc/traffickingpersonscrimetype/aut/2008/14os16407k_2008.html,traffickingpersonscrimetype,FOUND,1,1,1,1,en,0,0,0,0,0,0,1,3,1,2,1,1,1,1,1,1,1,2,1,2,1,1,0,0,0,0,,1,0,0,,FOUND
1113,Case No. 2007/952,TUR007,https://www.unodc.org/cld/case-law-doc/traffickingpersonscrimetype/tur/2008/case_no._2007952.html,traffickingpersonscrimetype,FOUND,1,1,1,1,en,0,0,0,0,0,0,1,1,1,1,1,1,1,1,1,1,1,3,1,3,3,1,0,0,0,0,,1,0,0,,FOUND
1114,K.br. 190/07,SRB007,https://www.unodc.org/cld/case-law-doc/traffickingpersonscrimetype/srb/2008/k.br._19007_.html,traffickingpersonscrimetype,FOUND,1,1,1,1,en,0,0,0,0,0,0,1,2,1,3,1,1,1,1,1,1,1,1,1,1,1,1,0,0,0,0,,1,0,0,,FOUND
1115,48 T 3/2008,CZE019,https://www.unodc.org/cld/case-law-doc/traffickingpersonscrimetype/cze/2008/48_t_32008.html,traffickingpersonscrimetype,FOUND,1,1,1,1,en,0,0,0,0,0,0,1,4,1,2,1,1,1,1,1,1,1,1,1,1,4,1,0,0,0,0,,1,0,0,,FOUND
1116,Attorney General of the Federation and Toyin Ogbebor,NGA012,https://www.unodc.org/cld/case-law-doc/traffickingpersonscrimetype/nga/2008/attorney_general_of_the_federation_and_toyin_ogbebor.html,traffickingpersonscrimetype,FOUND,1,1,1,1,en,0,0,0,0,0,0,1,2,1,1,1,1,1,1,4,1,1,1,1,1,1,1,0,0,0,0,,2,0,0,,FOUND
1117,Man Wai et al,CHN003,https://www.unodc.org/cld/case-law-doc/traffickingpersonscrimetype/chn/2008/man_wai_et_al.html,traffickingpersonscrimetype,FOUND,1,1,1,1,en,0,0,0,0,0,0,1,2,1,3,1,1,1,1,3,1,1,6,1,6,9,1,0,0,0,0,,1,0,0,,FOUND
1118,United States vs. Harrison Norris,USA010,https://www.unodc.org/cld/case-law-doc/traffickingpersonscrimetype/usa/2008/united_states_vs._harrison_norris.html,traffickingpersonscrimetype,FOUND,1,1,1,1,en,0,0,0,0,0,0,1,2,1,4,1,2,1,1,1,1,1,3,1,3,13,1,0,0,0,0,,1,0,0,,FOUND
1119,United States v. Hicks,USA009,https://www.unodc.org/cld/case-law-doc/traffickingpersonscrimetype/usa/2008/united_states_v._hicks.html,traffickingpersonscrimetype,FOUND,1,1,1,1,en,0,0,0,0,0,0,1,1,1,2,1,1,1,1,2,1,1,3,1,3,7,1,0,0,0,0,,1,0,0,,FOUND
1120,Attorney General of the Federation v. Samson Ovensari,NGA011,https://www.unodc.org/cld/case-law-doc/traffickingpersonscrimetype/nga/2008/attorney_general_of_the_federation_v._samson_ovensari.html,traffickingpersonscrimetype,FOUND,1,1,1,1,en,0,0,0,0,0,0,1,2,1,1,1,1,1,1,1,1,1,1,1,1,3,1,1,2,0,0,,2,0,0,,FOUND
1121,KŽ 254/08,SRB028,https://www.unodc.org/cld/case-law-doc/traffickingpersonscrimetype/srb/2008/k_25408_.html,traffickingpersonscrimetype,FOUND,1,1,1,1,en,0,0,0,0,0,0,0,0,0,0,0,0,1,1,1,1,1,1,1,1,1,1,0,0,0,0,,1,0,0,,FOUND
1122,0401-58-2008; Causa No. 429-1-2007,SLV004,https://www.unodc.org/cld/case-law-doc/traffickingpersonscrimetype/slv/2008/_0401-58-2008_causa_no._429-1-2007_.html,traffickingpersonscrimetype,FOUND,1,1,2,2,en|es,0,0,0,0,0,0,1,1,1,2,1,1,1,1,2,1,1,3,1,3,3,1,7,14,7,7,Fact Summary|Defendants / Respondents in the first instance|Defendants / Respondents in the first instance|Defendants / Respondents in the first instance|Commentary and Significant Features|Sources / Citations|unheaded:unheaded,1,0,0,,FOUND
1123,Case No. 2007/10501,TUR008,https://www.unodc.org/cld/case-law-doc/traffickingpersonscrimetype/tur/2008/case_no._200710501.html,traffickingpersonscrimetype,FOUND,1,1,1,1,en,0,0,0,0,0,0,1,4,1,2,1,2,1,1,1,1,1,2,1,2,2,1,0,0,0,0,,1,0,0,,FOUND
1124,United States v. Gereb et al,USA099,https://www.unodc.org/cld/case-law-doc/traffickingpersonscrimetype/usa/2008/united_states_v._gereb_et_al.html,traffickingpersonscrimetype,FOUND,1,1,1,1,en,0,0,0,0,0,0,1,1,1,2,1,2,1,1,3,1,1,5,1,5,6,1,0,0,0,0,,1,0,0,,FOUND
1125,Case CA Alba 25A-2008,ROU048,https://www.unodc.org/cld/case-law-doc/traffickingpersonscrimetype/rou/2008/case_ca_alba_25a-2008.html,traffickingpersonscrimetype,FOUND,1,1,1,1,en,0,0,0,0,0,0,1,2,1,3,1,1,1,1,9,1,1,1,1,1,2,1,0,0,0,0,,1,0,0,,FOUND
1126,46 - 2008,ROU028,https://www.unodc.org/cld/case-law-doc/criminalgroupcrimetype/rou/2008/46_-_2008.html,criminalgroupcrimetype,FOUND,1,1,1,1,en,0,0,0,0,0,0,1,4,1,3,1,1,1,1,25,1,1,9,1,9,44,1,0,0,0,0,,2,0,0,,FOUND
1127,Case CA Craiova 11-2008,ROU046,https://www.unodc.org/cld/case-law-doc/traffickingpersonscrimetype/rou/2008/case_ca_craiova_11-2008.html,traffickingpersonscrimetype,FOUND,1,1,1,1,en,0,0,0,0,0,0,1,5,1,3,1,1,1,1,15,1,1,3,1,3,17,1,0,0,0,0,,1,0,0,,FOUND
1128,United States Department of Justice v. Gertsenshteyn,USA116,https://www.unodc.org/cld/case-law-doc/traffickingpersonscrimetype/usa/2008/united_states_department_of_justice_v._gertsenshteyn.html,traffickingpersonscrimetype,FOUND,1,1,1,1,en,0,0,0,0,0,0,1,1,0,0,1,1,1,1,1,1,1,1,1,1,1,1,0,0,0,0,,1,0,0,,FOUND
1129,8 To 4/2008,SVK048,https://www.unodc.org/cld/case-law-doc/traffickingpersonscrimetype/svk/2008/8_to_42008_.html,traffickingpersonscrimetype,FOUND,1,1,1,1,en,0,0,0,0,0,0,1,2,1,3,1,1,1,1,1,1,1,1,1,1,1,1,0,0,0,0,,1,0,0,,FOUND
1130,United States v. Javier Miguel Ramirez,USA103,https://www.unodc.org/cld/case-law-doc/traffickingpersonscrimetype/usa/2008/united_states_v._javier_miguel_ramirez.html,traffickingpersonscrimetype,FOUND,1,1,1,1,en,0,0,0,0,0,0,1,1,1,2,1,1,1,1,1,1,1,1,1,1,2,1,0,0,0,0,,1,0,0,,FOUND
1131,Nurbekov et al,KAZ004,https://www.unodc.org/cld/case-law-doc/traffickingpersonscrimetype/kaz/2008/nurbekov_et_al.html,traffickingpersonscrimetype,FOUND,1,1,1,1,en,0,0,0,0,0,0,1,2,1,2,1,1,1,1,1,1,1,5,1,5,19,1,0,0,0,0,,1,0,0,,FOUND
1132,Garcia et al,COL005,https://www.unodc.org/cld/case-law-doc/criminalgroupcrimetype/col/2008/garcia_et_al.html,criminalgroupcrimetype,FOUND,1,1,2,2,en|es,0,0,0,0,0,0,1,4,1,3,1,1,1,1,4,1,1,7,1,7,14,1,17,34,17,17,Fact Summary|Defendants / Respondents in the first instance|Defendants / Respondents in the first instance|Defendants / Respondents in the first instance|Defendants / Respondents in the first instance|Defendants / Respondents in the first instance|Defendants / Respondents in the first instance|Defendants / Respondents in the first instance|Charges / Claims / Decisions|Charges / Claims / Decisions|Charges / Claims / Decisions|Charges / Claims / Decisions|Charges / Claims / Decisions|Charges / Claims / Decisions|Charges / Claims / Decisions|Commentary and Significant Features|Procedural Information,2,0,0,,FOUND
1133,United States v. Maude Paulin,USA069,https://www.unodc.org/cld/case-law-doc/traffickingpersonscrimetype/usa/2008/united_states_v._maude_paulin.html,traffickingpersonscrimetype,FOUND,1,1,1,1,en,0,0,0,0,0,0,1,3,1,2,1,1,1,1,1,1,1,4,1,4,9,1,0,0,0,0,,1,0,0,,FOUND
1134,Case No. 2006/10550,TUR009,https://www.unodc.org/cld/case-law-doc/traffickingpersonscrimetype/tur/2008/case_no._200610550.html,traffickingpersonscrimetype,FOUND,1,1,1,1,en,0,0,0,0,0,0,1,1,1,2,1,1,1,1,1,1,1,2,1,2,2,1,1,2,0,0,,1,0,0,,FOUND
1135,IV K 414/06,POL012,https://www.unodc.org/cld/case-law-doc/traffickingpersonscrimetype/pol/2008/iv_k_41406.html,traffickingpersonscrimetype,FOUND,1,1,1,1,en,0,0,0,0,0,0,1,4,1,4,1,1,1,1,2,1,1,1,1,1,2,1,0,0,0,0,,2,0,0,,FOUND
1136,Ministere public c D et autres,FRAx008,https://www.unodc.org/cld/case-law-doc/traffickingpersonscrimetype/fra/2008/ministere_public_c_d_et_autres.html,traffickingpersonscrimetype,FOUND,1,1,1,1,en,1,2,1,1,0,0,1,2,1,1,1,1,0,0,0,1,1,9,1,9,16,0,1,2,1,0,,1,3,2,DUPLICATE_TAB_PANE_ID|DUPLICATE_TAB_HREF|TAB_GROUP_NO_ACTIVE_PANE,PARTIAL
1137,The United States v. Raul Santillan-Leon,USA034,https://www.unodc.org/cld/case-law-doc/traffickingpersonscrimetype/usa/2008/the_united_states_v._raul_santillan-leon.html,traffickingpersonscrimetype,FOUND,1,1,1,1,en,0,0,0,0,0,0,1,3,1,4,1,1,1,1,3,1,1,5,1,5,15,1,0,0,0,0,,1,0,0,,FOUND
1138,United States v. Quinton Williams,USA091,https://www.unodc.org/cld/case-law-doc/traffickingpersonscrimetype/usa/2008/united_states_v._quinton_williams.html,traffickingpersonscrimetype,FOUND,1,1,1,1,en,0,0,0,0,0,0,1,1,1,1,1,1,1,1,1,1,1,1,1,1,5,1,0,0,0,0,,1,0,0,,FOUND
1139,K.br. 2014/07,SRB008,https://www.unodc.org/cld/case-law-doc/traffickingpersonscrimetype/srb/2008/k.br._201407_.html,traffickingpersonscrimetype,FOUND,1,1,1,1,en,0,0,0,0,0,0,1,2,1,4,1,1,1,1,1,1,1,1,1,1,2,1,0,0,0,0,,1,0,0,,FOUND
1140,K 69/06,SRB006,https://www.unodc.org/cld/case-law-doc/traffickingpersonscrimetype/srb/2008/k_6906_.html,traffickingpersonscrimetype,FOUND,1,1,1,1,en,0,0,0,0,0,0,1,3,1,4,1,1,1,1,1,1,1,1,1,1,1,1,0,0,0,0,,1,0,0,,FOUND
1141,Decision No. 93,ALB017,https://www.unodc.org/cld/case-law-doc/traffickingpersonscrimetype/alb/2008/decision_no._93.html,traffickingpersonscrimetype,FOUND,1,1,1,1,en,0,0,0,0,0,0,1,5,1,3,1,1,1,1,2,1,1,1,1,1,1,1,0,0,0,0,,1,0,0,,FOUND
1142,Valencia et al,COL012,https://www.unodc.org/cld/case-law-doc/traffickingpersonscrimetype/col/2008/valencia_et_al.html,traffickingpersonscrimetype,FOUND,1,1,1,1,en,0,0,0,0,0,0,1,3,1,4,1,1,1,1,2,1,1,4,1,4,9,1,0,0,0,0,,1,0,0,,FOUND
1143,1 T 94/2002,SVK010,https://www.unodc.org/cld/case-law-doc/traffickingpersonscrimetype/svk/2008/1_t_942002_.html,traffickingpersonscrimetype,FOUND,1,1,1,1,en,0,0,0,0,0,0,1,2,1,2,1,1,1,1,1,1,1,1,1,1,1,1,0,0,0,0,,1,0,0,,FOUND
1144,AA.Z,FRA006,https://www.unodc.org/cld/case-law-doc/traffickingpersonscrimetype/fra/2008/aa.z.html,traffickingpersonscrimetype,FOUND,1,1,2,2,en|fr,0,0,0,0,0,0,1,2,1,2,1,1,1,1,2,1,1,1,1,1,1,1,3,6,3,3,Fact Summary|Defendants / Respondents in the first instance|Procedural Information,1,0,0,,FOUND
1145,United States v. Adaboi Stella Udeozor,USA039,https://www.unodc.org/cld/case-law-doc/traffickingpersonscrimetype/usa/2008/united_states_v._adaboi_stella_udeozor.html,traffickingpersonscrimetype,FOUND,1,1,1,1,en,0,0,0,0,0,0,1,3,1,4,1,1,1,1,1,1,1,2,1,2,6,1,0,0,0,0,,1,0,0,,FOUND
1146,EXP. N.° 00221-2008-PHC/TC,PER001,https://www.unodc.org/cld/case-law-doc/traffickingpersonscrimetype/per/2008/exp._n._00221-2008-phctc.html,traffickingpersonscrimetype,FOUND,1,1,2,2,en|es,0,0,0,0,0,0,1,2,0,0,1,1,1,1,1,1,1,1,1,1,3,1,6,12,6,6,Fact Summary|Defendants / Respondents in the first instance|Commentary and Significant Features|Procedural Information|Sources / Citations|unheaded:unheaded,1,0,0,,FOUND
1147,Kamaljeet Singh vs. State,IND017,https://www.unodc.org/cld/case-law-doc/criminalgroupcrimetype/ind/2008/kamaljeet_singh_vs._state_.html,criminalgroupcrimetype,FOUND,1,1,1,1,en,0,0,0,0,0,0,1,3,1,2,1,1,1,1,1,1,1,1,1,1,1,1,0,0,0,0,,3,0,0,,FOUND
1148,Decision 7/A/MF/2008,ROU052,https://www.unodc.org/cld/case-law-doc/traffickingpersonscrimetype/rou/2008/decision_7amf2008.html,traffickingpersonscrimetype,FOUND,1,1,1,1,en,0,0,0,0,0,0,1,3,1,2,1,2,1,1,5,1,1,1,1,1,2,1,0,0,0,0,,1,0,0,,FOUND
1149,United States v. Jackson,USA161,https://www.unodc.org/cld/case-law-doc/traffickingpersonscrimetype/usa/2008/united_states_v._jackson.html,traffickingpersonscrimetype,FOUND,1,1,1,1,en,0,0,0,0,0,0,1,2,1,3,1,1,1,1,1,1,1,2,1,2,2,1,0,0,0,0,,1,0,0,,FOUND
1150,United States v. Levar Simms,USA052,https://www.unodc.org/cld/case-law-doc/traffickingpersonscrimetype/usa/2008/united_states_v._levar_simms.html,traffickingpersonscrimetype,FOUND,1,1,1,1,en,0,0,0,0,0,0,1,3,1,3,1,1,1,1,1,1,1,1,1,1,2,1,0,0,0,0,,1,0,0,,FOUND
1151,United States v. Jones,USA013,https://www.unodc.org/cld/case-law-doc/traffickingpersonscrimetype/usa/2008/united_states_v._jones.html,traffickingpersonscrimetype,FOUND,1,1,1,1,en,0,0,0,0,0,0,1,1,1,2,1,1,1,1,8,1,1,1,1,1,2,1,0,0,0,0,,1,0,0,,FOUND
1152,Processo nº 2004.61.06.004897-4 18682,BRA025,https://www.unodc.org/cld/case-law-doc/traffickingpersonscrimetype/bra/2008/processo_n_2004.61.06.004897-4_18682.html,traffickingpersonscrimetype,FOUND,1,1,1,1,en,0,0,0,0,0,0,1,2,1,1,1,1,1,1,4,1,1,1,1,1,2,1,0,0,0,0,,1,0,0,,FOUND
1153,Processo 2004.61.06.004897-4 18682,BRA053,https://www.unodc.org/cld/case-law-doc/criminalgroupcrimetype/bra/2008/processo_2004.61.06.004897-4_18682.html,criminalgroupcrimetype,FOUND,1,1,1,1,en,0,0,0,0,0,0,1,2,1,1,1,1,1,1,4,1,1,1,1,1,2,1,0,0,0,0,,2,0,0,,FOUND
1154,Choeon,KHM003,https://www.unodc.org/cld/case-law-doc/traffickingpersonscrimetype/khm/2008/choeon.html,traffickingpersonscrimetype,FOUND,1,1,1,1,en,0,0,0,0,0,0,1,3,1,3,0,0,1,1,3,1,1,1,1,1,3,1,0,0,0,0,,1,0,0,,FOUND
1155,United States v Noris Elvira Rosales Martinez,USA151,https://www.unodc.org/cld/case-law-doc/migrantsmugglingcrimetype/usa/2008/united_states_v_noris_elvira_rosales_martinez.html,migrantsmugglingcrimetype,FOUND,1,1,1,1,en,1,4,1,3,1,2,0,0,0,0,0,0,1,1,2,1,1,3,1,3,9,1,0,0,0,0,,2,0,0,,FOUND
1156,Case CA Iasi 4-2008,ROU049,https://www.unodc.org/cld/case-law-doc/traffickingpersonscrimetype/rou/2008/case_ca_iasi_4-2008.html,traffickingpersonscrimetype,FOUND,1,1,1,1,en,0,0,0,0,0,0,1,3,1,4,1,2,1,1,11,1,1,2,1,2,3,1,0,0,0,0,,1,0,0,,FOUND
1157,Case CA Cluj 4 A_2008,ROU033,https://www.unodc.org/cld/case-law-doc/traffickingpersonscrimetype/rou/2008/case_ca_cluj_4_a_2008.html,traffickingpersonscrimetype,FOUND,1,1,1,1,en,0,0,0,0,0,0,1,3,1,3,1,2,1,1,2,1,1,3,1,3,6,1,0,0,0,0,,1,0,0,,FOUND
1158,Attorney General of the Federation v. Joseph Sunday Effiong,NGA013,https://www.unodc.org/cld/case-law-doc/traffickingpersonscrimetype/nga/2008/attorney_general_of_the_federation_v._joseph_sunday_effiong.html,traffickingpersonscrimetype,FOUND,1,1,1,1,en,0,0,0,0,0,0,1,2,1,2,1,1,1,1,1,1,1,1,1,1,4,1,0,0,0,0,,2,0,0,,FOUND
1159,6B_277 - 2007,CHE003,https://www.unodc.org/cld/case-law-doc/traffickingpersonscrimetype/che/2008/6b_277_-_2007.html,traffickingpersonscrimetype,FOUND,1,1,1,1,en,0,0,0,0,0,0,1,1,1,1,1,1,1,1,3,1,1,1,1,1,5,1,0,0,0,0,,2,0,0,,FOUND
1160,Mason v Harrington Corporation Ltd,AUS004,https://www.unodc.org/cld/case-law-doc/traffickingpersonscrimetype/aus/2007/mason_v_harrington_corporation_ltd.html,traffickingpersonscrimetype,FOUND,1,1,1,1,en,0,0,0,0,0,0,1,1,1,4,1,2,1,1,2,1,1,1,1,1,1,0,0,0,0,0,,1,0,0,,FOUND
1161,II K 46/07,POL013,https://www.unodc.org/cld/case-law-doc/traffickingpersonscrimetype/pol/2007/ii_k_4607.html,traffickingpersonscrimetype,FOUND,1,1,1,1,en,0,0,0,0,0,0,1,3,1,4,1,1,1,1,2,1,1,1,1,1,3,1,0,0,0,0,,2,0,0,,FOUND
1162,Ruis and Giraldo,COL011,https://www.unodc.org/cld/case-law-doc/criminalgroupcrimetype/col/2007/ruis_and_giraldo.html,criminalgroupcrimetype,FOUND,1,1,1,1,en,0,0,0,0,0,0,1,4,1,2,1,1,1,1,10,1,1,2,1,2,4,1,0,0,0,0,,2,0,0,,FOUND
1163,VSL0023085,SVN001,https://www.unodc.org/cld/case-law-doc/illicitfirearmscrimetype/svn/2007/vsl0023085_.html,illicitfirearmscrimetype,FOUND,1,1,1,1,en,0,0,0,0,0,0,1,4,1,3,1,3,1,1,5,1,1,7,1,7,14,1,0,0,0,0,,3,0,0,,FOUND
1164,J.A. vs. State of Israel,ISR015,https://www.unodc.org/cld/case-law-doc/traffickingpersonscrimetype/isr/2007/j.a._vs._state_of_israel.html,traffickingpersonscrimetype,FOUND,1,1,1,1,en,0,0,0,0,0,0,1,5,1,2,1,1,1,1,5,1,1,2,1,2,10,1,0,0,0,0,,1,0,0,,FOUND
1165,Case CA Alba 337-2007,ROU039,https://www.unodc.org/cld/case-law-doc/traffickingpersonscrimetype/rou/2007/case_ca_alba_337-2007.html,traffickingpersonscrimetype,FOUND,1,1,1,1,en,0,0,0,0,0,0,1,2,1,5,1,1,1,1,13,1,1,2,1,2,4,1,0,0,0,0,,1,0,0,,FOUND
1166,6 Tdo 1166/2007,CZE025,https://www.unodc.org/cld/case-law-doc/traffickingpersonscrimetype/cze/2007/6_tdo_11662007.html,traffickingpersonscrimetype,FOUND,1,1,1,1,en,0,0,0,0,0,0,1,2,1,3,1,1,1,1,6,1,1,1,1,1,3,1,0,0,0,0,,1,0,0,,FOUND
1167,United States v. Kim et al aka Jerry Svoronos,USA108,https://www.unodc.org/cld/case-law-doc/traffickingpersonscrimetype/usa/2007/united_states_v._kim_et_al_aka_jerry_svoronos.html,traffickingpersonscrimetype,FOUND,1,1,1,1,en,0,0,0,0,0,0,1,4,1,1,1,1,1,1,1,1,1,4,1,4,12,1,0,0,0,0,,1,0,0,,FOUND
1168,S.B. Moldova v. Secretary of State for the Home Department,GBR005,https://www.unodc.org/cld/case-law-doc/traffickingpersonscrimetype/gbr/2007/s.b._moldova_v._secretary_of_state_for_the_home_department.html,traffickingpersonscrimetype,FOUND,1,1,1,1,en,0,0,0,0,0,0,1,1,1,1,1,1,1,1,1,1,1,1,0,0,0,1,0,0,0,0,,1,0,0,,FOUND
1169,Appeal - Case Expte. Nº 10733/2007/6,ARGh002,https://www.unodc.org/cld/case-law-doc/migrantsmugglingcrimetype/arg/2007/appeal_-_case_expte._n_1073320076.html,migrantsmugglingcrimetype,FOUND,1,1,1,1,en,1,1,1,1,1,1,0,0,0,0,0,0,0,0,0,1,1,5,1,5,5,1,0,0,0,0,,2,0,0,,FOUND
1170,KŽ 2338/07,SRB014,https://www.unodc.org/cld/case-law-doc/traffickingpersonscrimetype/srb/2007/k_233807_.html,traffickingpersonscrimetype,FOUND,1,1,1,1,en,0,0,0,0,0,0,1,3,1,2,1,1,1,1,2,1,1,1,1,1,1,1,0,0,0,0,,1,0,0,,FOUND
1171,United States v. Daneman,USA117,https://www.unodc.org/cld/case-law-doc/traffickingpersonscrimetype/usa/2007/united_states_v._daneman.html,traffickingpersonscrimetype,FOUND,1,1,1,1,en,0,0,0,0,0,0,1,2,1,3,1,2,1,1,1,1,1,34,1,34,30,1,0,0,0,0,,1,0,0,,FOUND
1172,Hasan Kujtim Hyska,ALB016,https://www.unodc.org/cld/case-law-doc/traffickingpersonscrimetype/alb/2007/hasan_kujtim_hyska.html,traffickingpersonscrimetype,FOUND,1,1,1,1,en,0,0,0,0,0,0,1,5,1,3,1,1,1,1,1,1,1,1,1,1,1,1,0,0,0,0,,1,0,0,,FOUND
1173,EXP. N.° 07853-2006-PH/TC,PER007,https://www.unodc.org/cld/case-law-doc/traffickingpersonscrimetype/per/2007/exp._n._07853-2006-phtc_.html,traffickingpersonscrimetype,FOUND,1,1,2,2,en|es,0,0,0,0,0,0,0,0,1,1,1,1,1,1,1,1,1,1,1,1,2,1,6,12,6,6,Fact Summary|Defendants / Respondents in the first instance|Commentary and Significant Features|Procedural Information|Sources / Citations|unheaded:unheaded,1,0,0,,FOUND
1174,ACR 200151015271604RJ,BRA103,https://www.unodc.org/cld/case-law-doc/traffickingpersonscrimetype/bra/2007/acr_200151015271604rj.html,traffickingpersonscrimetype,FOUND,1,1,1,1,en,1,2,1,2,1,1,1,2,1,2,1,1,1,1,2,1,1,2,1,2,2,1,0,0,0,0,,2,0,0,,FOUND
1175,R v Rasalingam (2007),AUS011,https://www.unodc.org/cld/case-law-doc/traffickingpersonscrimetype/aus/2007/r_v_rasalingam_2007.html,traffickingpersonscrimetype,FOUND,1,1,1,1,en,0,0,0,0,0,0,1,2,1,4,1,1,1,1,1,1,1,1,1,1,2,1,0,0,0,0,,1,0,0,,FOUND
1176,Appeal-Case Nr 40985,ARGh003,https://www.unodc.org/cld/case-law-doc/migrantsmugglingcrimetype/arg/2007/appeal-case_nr_40985_.html,migrantsmugglingcrimetype,FOUND,1,1,1,1,en,1,1,1,1,1,1,0,0,0,0,0,0,1,2,2,1,1,1,1,1,1,1,0,0,0,0,,2,0,0,,FOUND
1177,Verdict No.1-729/2007,KAZ002,https://www.unodc.org/cld/case-law-doc/traffickingpersonscrimetype/kaz/2007/verdict_no.1-7292007_.html,traffickingpersonscrimetype,FOUND,1,1,1,1,en,0,0,0,0,0,0,1,2,1,4,1,2,1,1,5,1,1,2,1,2,2,1,0,0,0,0,,1,0,0,,FOUND
1178,United States v. Fermin Pedro Ramos-Ramos et al,USA060,https://www.unodc.org/cld/case-law-doc/traffickingpersonscrimetype/usa/2007/united_states_v._fermin_pedro_ramos-ramos_et_al.html,traffickingpersonscrimetype,FOUND,1,1,1,1,en,0,0,0,0,0,0,1,3,1,2,1,2,1,1,1,1,1,2,1,2,8,1,0,0,0,0,,1,0,0,,FOUND
1179,L.S. v. International Student Exchange,USA123,https://www.unodc.org/cld/case-law-doc/traffickingpersonscrimetype/usa/2007/l.s._v._international_student_exchange.html,traffickingpersonscrimetype,FOUND,1,1,1,1,en,0,0,0,0,0,0,1,4,1,1,1,1,1,1,1,1,1,3,1,3,15,1,0,0,0,0,,1,0,0,,FOUND
1180,Decision No. 647,ALB015,https://www.unodc.org/cld/case-law-doc/traffickingpersonscrimetype/alb/2007/decision_no._647.html,traffickingpersonscrimetype,FOUND,1,1,1,1,en,0,0,0,0,0,0,1,5,1,2,1,1,1,1,1,1,1,1,1,1,1,1,0,0,0,0,,1,0,0,,FOUND
1181,Agim Hoxha et al.,ALB014,https://www.unodc.org/cld/case-law-doc/traffickingpersonscrimetype/alb/2007/agim_hoxha_et_al..html,traffickingpersonscrimetype,FOUND,1,1,1,1,en,0,0,0,0,0,0,1,5,1,4,1,2,1,1,1,1,1,4,1,4,4,1,0,0,0,0,,1,0,0,,FOUND
1182,Processo nº 2003.60.04.000915-4 ACR 17777,BRA024,https://www.unodc.org/cld/case-law-doc/traffickingpersonscrimetype/bra/2007/processo_n_2003.60.04.000915-4_acr_17777.html,traffickingpersonscrimetype,FOUND,1,1,1,1,en,0,0,0,0,0,0,1,4,1,1,1,1,1,1,2,1,1,1,1,1,1,1,0,0,0,0,,1,0,0,,FOUND
1183,Poland v. A.M,POL002,https://www.unodc.org/cld/case-law-doc/traffickingpersonscrimetype/pol/2007/poland_v._a.m.html,traffickingpersonscrimetype,FOUND,1,1,1,1,en,0,0,0,0,0,0,1,2,1,1,1,1,1,1,2,1,1,1,1,1,3,1,0,0,0,0,,1,0,0,,FOUND
1184,Sentencia 801/2007,ESPh011,https://www.unodc.org/cld/case-law-doc/migrantsmugglingcrimetype/esp/2007/sentencia_8012007.html,migrantsmugglingcrimetype,FOUND,1,1,1,1,en,1,5,1,3,1,1,0,0,0,0,0,0,1,1,1,1,1,1,1,1,1,1,0,0,0,0,,2,0,0,,FOUND
1185,Kajal Mitra v. State of West Bengal,IND016,https://www.unodc.org/cld/case-law-doc/traffickingpersonscrimetype/ind/2007/kajal_mitra_v._state_of_west_bengal_.html,traffickingpersonscrimetype,FOUND,1,1,1,1,en,0,0,0,0,0,0,1,3,1,1,1,1,1,1,1,1,1,2,1,2,6,1,0,0,0,0,,2,0,0,,FOUND
1186,United States v. Robert Lewis Young aka U.S. v. Young et al.,USA111,https://www.unodc.org/cld/case-law-doc/traffickingpersonscrimetype/usa/2007/united_states_v._robert_lewis_young_aka_u.s._v._young_et_al..html,traffickingpersonscrimetype,FOUND,1,1,1,1,en,0,0,0,0,0,0,1,1,1,1,1,1,1,1,2,1,1,3,1,3,11,1,0,0,0,0,,1,0,0,,FOUND
1187,United States v. Carslake,USA124,https://www.unodc.org/cld/case-law-doc/traffickingpersonscrimetype/usa/2007/united_states_v._carslake.html,traffickingpersonscrimetype,FOUND,1,1,1,1,en,0,0,0,0,0,0,1,1,1,2,1,1,1,1,1,1,1,1,1,1,4,1,0,0,0,0,,1,0,0,,FOUND
1188,Processo n 97.13.01651-3,BRA042,https://www.unodc.org/cld/case-law-doc/traffickingpersonscrimetype/bra/2007/processo_n_97.13.01651-3_.html,traffickingpersonscrimetype,FOUND,1,1,1,1,en,0,0,0,0,0,0,1,2,1,2,1,1,1,1,5,1,1,1,1,1,2,1,0,0,0,0,,1,0,0,,FOUND
1189,Ministerio Publico v. Jose Luis Castro Sosa,CHL001,https://www.unodc.org/cld/case-law-doc/traffickingpersonscrimetype/chl/2007/ministerio_publico_v._jose_luis_castro_sosa.html,traffickingpersonscrimetype,FOUND,1,1,2,2,en|es,0,0,0,0,0,0,1,4,1,1,1,1,1,1,1,1,1,1,1,1,1,1,3,6,3,3,Fact Summary|Defendants / Respondents in the first instance|Sources / Citations,1,0,0,,FOUND
1190,Auto Supremo 200/2007 - Bin Xin Zhang Zhang et al,BOL003,https://www.unodc.org/cld/case-law-doc/criminalgroupcrimetype/bol/2007/_auto_supremo_2002007_-_bin_xin_zhang_zhang_et_al.html,criminalgroupcrimetype,FOUND,1,1,2,2,en|es,0,0,0,0,0,0,1,2,1,2,1,1,1,1,1,1,1,7,1,7,23,1,11,22,11,11,Fact Summary|Defendants / Respondents in the first instance|Defendants / Respondents in the first instance|Defendants / Respondents in the first instance|Defendants / Respondents in the first instance|Defendants / Respondents in the first instance|Defendants / Respondents in the first instance|Defendants / Respondents in the first instance|Commentary and Significant Features|Procedural Information|Sources / Citations,4,0,0,,FOUND
1191,State of Israel v. Muhammed (John) Ben Taha Jeeth (Alen),ISR019,https://www.unodc.org/cld/case-law-doc/traffickingpersonscrimetype/isr/2007/state_of_israel_v._muhammed_john_ben_taha_jeeth_alen.html,traffickingpersonscrimetype,FOUND,1,1,1,1,en,1,3,1,4,1,1,1,3,1,4,1,1,1,1,5,1,1,2,1,2,9,1,0,0,0,0,,2,0,0,,FOUND
1192,CRIM. CASE NO. 59 071-2006,PHL013,https://www.unodc.org/cld/case-law-doc/criminalgroupcrimetype/phl/2007/crim._case_no._59_071-2006.html,criminalgroupcrimetype,FOUND,1,1,1,1,en,0,0,0,0,0,0,1,1,1,1,1,1,1,1,1,1,1,3,1,3,3,1,0,0,0,0,,2,0,0,,FOUND
1193,Tran Thi My Phuong and Tsai I Hsein,VNM006,https://www.unodc.org/cld/case-law-doc/traffickingpersonscrimetype/vnm/2007/tran_thi_my_phuong_and_tsai_i_hsein.html,traffickingpersonscrimetype,FOUND,1,1,1,1,en,0,0,1,1,1,1,0,0,1,2,1,1,1,1,1,1,1,3,1,3,3,1,0,0,0,0,,1,0,0,,FOUND
1194,1 T 97/2007,SVK011,https://www.unodc.org/cld/case-law-doc/traffickingpersonscrimetype/svk/2007/1_t_972007_.html,traffickingpersonscrimetype,FOUND,1,1,1,1,en,0,0,0,0,0,0,1,1,1,2,1,2,1,1,1,1,1,1,1,1,1,1,0,0,0,0,,1,0,0,,FOUND
1195,D.A.G. proceeding,PAN002,https://www.unodc.org/cld/case-law-doc/traffickingpersonscrimetype/pan/2007/d.a.g._proceeding.html,traffickingpersonscrimetype,FOUND,1,1,2,2,en|es,0,0,0,0,0,0,1,1,1,1,0,0,1,1,7,1,1,1,1,1,1,1,5,10,5,5,Fact Summary|Defendants / Respondents in the first instance|Charges / Claims / Decisions|Procedural Information|Sources / Citations,1,0,0,,FOUND
1196,CRIM. CASE NO. CBU-71993,PHL002,https://www.unodc.org/cld/case-law-doc/traffickingpersonscrimetype/phl/2007/crim._case_no._cbu-71993.html,traffickingpersonscrimetype,FOUND,1,1,1,1,en,0,0,0,0,0,0,1,2,0,0,1,1,1,1,9,1,1,2,1,2,2,1,1,2,0,0,,1,0,0,,FOUND
1197,Christine Atieno Ochieng & Another v Republic [2007] eKLR,KEN004,https://www.unodc.org/cld/case-law-doc/traffickingpersonscrimetype/ken/2007/christine_atieno_ochieng_another_v_republic_2007_eklr.html,traffickingpersonscrimetype,FOUND,1,1,1,1,en,0,0,0,0,0,0,1,1,1,1,1,1,1,1,1,1,1,2,1,2,2,1,0,0,0,0,,2,0,0,,FOUND
1198,Habeas Corpus n. 2759-RN (2007.05.00.025014-1),BRA050,https://www.unodc.org/cld/case-law-doc/moneylaunderingcrimetype/bra/2007/habeas_corpus_n._2759-rn_2007.05.00.025014-1.html,moneylaunderingcrimetype,FOUND,1,1,1,1,en,0,0,0,0,0,0,1,1,1,2,1,1,1,1,1,1,1,6,1,6,25,1,0,0,0,0,,4,0,0,,FOUND
1199,Anonymous Decision 3,FIN004,https://www.unodc.org/cld/case-law-doc/traffickingpersonscrimetype/fin/2007/anonymous_decision_3.html,traffickingpersonscrimetype,FOUND,1,1,1,1,en,0,0,0,0,0,0,1,3,1,2,1,1,1,1,1,1,1,2,1,2,3,1,0,0,0,0,,1,0,0,,FOUND
1200,United States v.William Irey,USA062,https://www.unodc.org/cld/case-law-doc/traffickingpersonscrimetype/usa/2007/united_states_v.william_irey.html,traffickingpersonscrimetype,FOUND,1,1,1,1,en,0,0,0,0,0,0,1,3,1,3,1,2,1,1,1,1,1,1,1,1,1,1,0,0,0,0,,1,0,0,,FOUND
1201,State of Maharashtra and Anr. v. M.S.H,IND025,https://www.unodc.org/cld/case-law-doc/traffickingpersonscrimetype/ind/2007/state_of_maharashtra_and_anr._v._m.s.h.html,traffickingpersonscrimetype,FOUND,1,1,1,1,en,0,0,0,0,0,0,1,4,1,2,1,1,1,1,1,1,1,2,1,2,2,1,0,0,0,0,,1,0,0,,FOUND
1202,ACR 200451015029960RJ,BRA117,https://www.unodc.org/cld/case-law-doc/traffickingpersonscrimetype/bra/2007/acr_200451015029960rj.html,traffickingpersonscrimetype,FOUND,1,1,1,1,en,1,1,0,0,1,1,1,1,0,0,1,1,1,1,3,1,1,1,1,1,1,1,0,0,0,0,,1,0,0,,FOUND
1203,Copenhagen District Court judgment 2 July 2007,DNK005,https://www.unodc.org/cld/case-law-doc/traffickingpersonscrimetype/dnk/2007/copenhagen_district_court_judgment_2_july_2007.html,traffickingpersonscrimetype,FOUND,1,1,1,1,en,0,0,0,0,0,0,1,2,1,2,1,1,1,1,1,1,1,1,1,1,2,1,0,0,0,0,,1,0,0,,FOUND
1204,United States v. Demond Levail Osley,USA074,https://www.unodc.org/cld/case-law-doc/traffickingpersonscrimetype/usa/2007/united_states_v._demond_levail_osley.html,traffickingpersonscrimetype,FOUND,1,1,1,1,en,0,0,0,0,0,0,1,3,1,2,1,1,1,1,1,1,1,1,1,1,3,1,0,0,0,0,,1,0,0,,FOUND
1205,Sub-Inspector of Police v. Dharmapuri Sridevi,IND007,https://www.unodc.org/cld/case-law-doc/traffickingpersonscrimetype/ind/2007/sub-inspector_of_police_v._dharmapuri_sridevi.html,traffickingpersonscrimetype,FOUND,1,1,1,1,en,0,0,0,0,0,0,1,5,1,2,1,1,1,1,1,1,1,2,1,2,9,1,0,0,0,0,,2,0,0,,FOUND
1206,15Os40/07g (2007),AUT002,https://www.unodc.org/cld/case-law-doc/traffickingpersonscrimetype/aut/2007/15os4007g_2007.html,traffickingpersonscrimetype,FOUND,1,1,1,1,en,0,0,0,0,0,0,1,5,1,2,1,1,1,1,3,1,1,2,1,2,2,1,0,0,0,0,,1,0,0,,FOUND
1207,HABEAS CORPUS Nº 2770-RN (2007.05.00.029423-5),BRA009,https://www.unodc.org/cld/case-law-doc/moneylaunderingcrimetype/bra/2007/habeas_corpus_n_2770-rn_2007.05.00.029423-5.html,moneylaunderingcrimetype,FOUND,1,1,1,1,en,0,0,0,0,0,0,1,3,1,3,1,1,1,1,1,1,1,1,1,1,6,0,0,0,0,0,,4,0,0,,FOUND
1208,Habeas Corpus No. 2.746 (2007.05.00.024317-3),BRA012,https://www.unodc.org/cld/case-law-doc/criminalgroupcrimetype/bra/2007/habeas_corpus_no._2.746_2007.05.00.024317-3_.html,criminalgroupcrimetype,FOUND,1,1,1,1,en,0,0,0,0,0,0,1,1,1,3,1,1,1,1,1,1,1,1,1,1,6,0,0,0,0,0,,3,0,0,,FOUND
1209,United States v. Luroy Jennings,USA086,https://www.unodc.org/cld/case-law-doc/traffickingpersonscrimetype/usa/2007/united_states_v._luroy_jennings.html,traffickingpersonscrimetype,FOUND,1,1,1,1,en,0,0,0,0,0,0,1,2,0,0,1,1,1,1,1,1,1,3,1,3,6,1,0,0,0,0,,1,0,0,,FOUND
1210,1-06-6797,EST002,https://www.unodc.org/cld/case-law-doc/traffickingpersonscrimetype/est/2007/1-06-6797.html,traffickingpersonscrimetype,FOUND,1,1,1,1,en,0,0,0,0,0,0,1,1,1,1,1,1,1,1,2,1,1,7,1,7,11,1,0,0,0,0,,1,0,0,,FOUND
1211,Case No. 2007/4540,TUR010,https://www.unodc.org/cld/case-law-doc/traffickingpersonscrimetype/tur/2007/case_no._20074540.html,traffickingpersonscrimetype,FOUND,1,1,1,1,en,0,0,0,0,0,0,1,2,1,3,1,1,1,1,1,1,1,2,1,2,2,1,0,0,0,0,,1,0,0,,FOUND
1212,"P/Supt. Alejandro Gutierrez, PCI Antonio Ricafort, SPO4 Richardo G. Ong, and SPO1 Arnulfo Medenilla vs. Judge Godofredo G. Hernandez",PHL006,https://www.unodc.org/cld/case-law-doc/traffickingpersonscrimetype/phl/2007/psupt._alejandro_gutierrez_pci_antonio_ricafort_spo4_richardo_g._ong_and_spo1_arnulfo_medenilla_vs._judge_godofredo_g._hernandez.html,traffickingpersonscrimetype,FOUND,1,1,1,1,en,0,0,0,0,0,0,0,0,0,0,0,0,1,1,4,1,1,1,1,1,1,1,0,0,0,0,,1,0,0,,FOUND
1213,Roskilde District Court judgment 1 June 2007,DNK008,https://www.unodc.org/cld/case-law-doc/traffickingpersonscrimetype/dnk/2007/roskilde_district_court_judgment_1_june_2007.html,traffickingpersonscrimetype,FOUND,1,1,1,1,en,0,0,0,0,0,0,1,4,1,1,1,1,1,1,1,1,1,1,1,1,3,1,0,0,0,0,,2,0,0,,FOUND
1214,Case No. 2007/2806,TUR011,https://www.unodc.org/cld/case-law-doc/traffickingpersonscrimetype/tur/2007/case_no._20072806.html,traffickingpersonscrimetype,FOUND,1,1,1,1,en,0,0,0,0,0,0,1,2,0,0,1,1,1,1,2,1,1,1,1,1,2,1,0,0,0,0,,1,0,0,,FOUND
1215,K 127/04,SRB021,https://www.unodc.org/cld/case-law-doc/traffickingpersonscrimetype/srb/2007/k_12704_.html,traffickingpersonscrimetype,FOUND,1,1,1,1,en,0,0,0,0,0,0,1,3,1,2,1,1,1,1,2,1,1,1,1,1,1,1,0,0,0,0,,1,0,0,,FOUND
1216,Attorney General of the Federation and Felicia Okafor,NGA006,https://www.unodc.org/cld/case-law-doc/traffickingpersonscrimetype/nga/2007/_attorney_general_of_the_federation_and_felicia_okafor.html,traffickingpersonscrimetype,FOUND,1,1,1,1,en,0,0,0,0,0,0,1,3,1,1,1,1,1,1,3,1,1,1,1,1,1,1,0,0,0,0,,2,0,0,,FOUND
1217,II AKa 325/05,POL007,https://www.unodc.org/cld/case-law-doc/traffickingpersonscrimetype/pol/2007/ii_aka_32505_.html,traffickingpersonscrimetype,FOUND,1,1,1,1,en,0,0,0,0,0,0,1,3,1,1,1,1,1,1,2,1,1,2,1,2,4,1,0,0,0,0,,2,0,0,,FOUND
1218,United States v. Kim et al (Do Hyup Bae),USA112,https://www.unodc.org/cld/case-law-doc/traffickingpersonscrimetype/usa/2007/united_states_v._kim_et_al_do_hyup_bae.html,traffickingpersonscrimetype,FOUND,1,1,1,1,en,0,0,0,0,0,0,1,4,1,1,1,1,1,1,1,1,1,11,1,11,14,1,0,0,0,0,,1,0,0,,FOUND
1219,Habeas Corpus No.2.750-PE 2007.05.00.024422-0,BRA011,https://www.unodc.org/cld/case-law-doc/traffickingpersonscrimetype/bra/2007/habeas_corpus_no.2.750-pe_2007.05.00.024422-0.html,traffickingpersonscrimetype,FOUND,1,1,1,1,en,0,0,0,0,0,0,1,3,1,1,1,1,1,1,2,1,1,1,1,1,1,1,0,0,0,0,,1,0,0,,FOUND
1220,Processo nº 2007.03.00.020742-5,BRA029,https://www.unodc.org/cld/case-law-doc/criminalgroupcrimetype/bra/2007/processo_n_2007.03.00.020742-5_.html,criminalgroupcrimetype,FOUND,1,1,1,1,en,0,0,0,0,0,0,1,1,1,1,1,1,1,1,1,1,1,1,1,1,5,1,0,0,0,0,,3,0,0,,FOUND
1221,Processo 2007.03.00.020742-5 HC - 27167,BRA061,https://www.unodc.org/cld/case-law-doc/criminalgroupcrimetype/bra/2007/processo_2007.03.00.020742-5_hc_-_27167.html,criminalgroupcrimetype,FOUND,1,1,1,1,en,0,0,0,0,0,0,1,2,1,1,1,1,1,1,1,1,1,1,1,1,4,1,0,0,0,0,,3,0,0,,FOUND
1222,1-07-91,EST004,https://www.unodc.org/cld/case-law-doc/traffickingpersonscrimetype/est/2007/1-07-91.html,traffickingpersonscrimetype,FOUND,1,1,1,1,en,0,0,0,0,0,0,1,2,1,2,1,1,1,1,10,1,1,5,1,5,6,1,0,0,0,0,,1,0,0,,FOUND
1223,5-H-BJ-2007-2,HUN004,https://www.unodc.org/cld/case-law-doc/traffickingpersonscrimetype/hun/2007/5-h-bj-2007-2.html,traffickingpersonscrimetype,FOUND,1,1,1,1,en,0,0,0,0,0,0,1,1,1,1,1,1,1,1,3,1,1,1,1,1,1,0,0,0,0,0,,1,0,0,,FOUND
1224,Hon. Attorney General of the Federation and Franca Edith Asiboja,NGA007,https://www.unodc.org/cld/case-law-doc/traffickingpersonscrimetype/nga/2007/hon._attorney_general_of_the_federation_and_franca_edith_asiboja.html,traffickingpersonscrimetype,FOUND,1,1,1,1,en,0,0,0,0,0,0,1,4,1,2,1,2,1,1,5,1,1,1,1,1,5,1,1,2,0,0,,2,0,0,,FOUND
1225,Attorney General of the Federation and E.O,NGA010,https://www.unodc.org/cld/case-law-doc/traffickingpersonscrimetype/nga/2007/attorney_general_of_the_federation_and_e.o.html,traffickingpersonscrimetype,FOUND,1,1,1,1,en,0,0,0,0,0,0,1,3,1,3,1,3,1,1,1,1,1,1,1,1,5,1,1,2,0,0,,2,0,0,,FOUND
1226,"United States v. Deric Willoughby, Criminal Case No. 05-81123",USA048,https://www.unodc.org/cld/case-law-doc/traffickingpersonscrimetype/usa/2007/united_states_v._deric_willoughby_criminal_case_no._05-81123.html,traffickingpersonscrimetype,FOUND,1,1,1,1,en,0,0,0,0,0,0,1,3,1,5,1,1,1,1,2,1,1,4,1,4,13,1,0,0,0,0,,1,0,0,,FOUND
1227,Processo nº 2005.61.19.004841-3,BRA021,https://www.unodc.org/cld/case-law-doc/criminalgroupcrimetype/bra/2007/processo_n_2005.61.19.004841-3_.html,criminalgroupcrimetype,FOUND,1,1,1,1,en,0,0,0,0,0,0,1,2,1,2,1,1,1,1,1,1,1,1,1,1,3,1,0,0,0,0,,2,0,0,,FOUND
1228,J.G. and others (2007),ARGh005,https://www.unodc.org/cld/case-law-doc/migrantsmugglingcrimetype/arg/2007/j.g._and_others_2007.html,migrantsmugglingcrimetype,FOUND,1,1,1,1,en,0,0,0,0,1,1,0,0,0,0,0,0,1,2,2,1,1,6,1,6,6,0,1,2,1,1,Procedural Information,2,0,0,,FOUND
1229,United States v. Telichenko,USA174,https://www.unodc.org/cld/case-law-doc/traffickingpersonscrimetype/usa/2007/united_states_v._telichenko.html,traffickingpersonscrimetype,FOUND,1,1,1,1,en,1,2,1,2,1,2,1,2,1,2,1,2,1,1,1,1,1,1,1,1,2,0,1,2,0,0,,1,3,2,DUPLICATE_TAB_PANE_ID|DUPLICATE_TAB_HREF|TAB_GROUP_NO_ACTIVE_PANE,PARTIAL
1230,United States v. Javier Cortes-Eliosa,USA122,https://www.unodc.org/cld/case-law-doc/traffickingpersonscrimetype/usa/2007/united_states_v._javier_cortes-eliosa.html,traffickingpersonscrimetype,FOUND,1,1,1,1,en,0,0,0,0,0,0,1,2,1,1,1,1,1,1,2,1,1,1,1,1,2,1,0,0,0,0,,1,0,0,,FOUND
1231,"Court of Appeals of Antwerp, 28-03-2007",BEL006,https://www.unodc.org/cld/case-law-doc/migrantsmugglingcrimetype/bel/2007/court_of_appeals_of_antwerp_28-03-2007.html,migrantsmugglingcrimetype,SECTION_ABSENT,0,0,0,0,,0,0,0,0,0,0,1,2,0,0,0,0,0,0,0,1,1,1,1,1,2,1,0,0,0,0,,2,0,0,,FOUND
1232,CRIM. CASE NO. 21898,PHL011,https://www.unodc.org/cld/case-law-doc/traffickingpersonscrimetype/phl/2007/crim._case_no._21898.html,traffickingpersonscrimetype,FOUND,1,1,1,1,en,0,0,0,0,0,0,1,3,1,2,1,1,1,1,1,1,1,1,1,1,1,1,0,0,0,0,,1,0,0,,FOUND
1233,United States v. Glenn Marcus,USA080,https://www.unodc.org/cld/case-law-doc/traffickingpersonscrimetype/usa/2007/united_states_v._glenn_marcus.html,traffickingpersonscrimetype,FOUND,1,1,1,1,en,0,0,0,0,0,0,1,2,1,1,1,3,1,1,1,1,1,1,1,1,3,1,0,0,0,0,,1,0,0,,FOUND
1234,John Doe v. Moises Rodriguez,USA120,https://www.unodc.org/cld/case-law-doc/traffickingpersonscrimetype/usa/2007/john_doe_v._moises_rodriguez_.html,traffickingpersonscrimetype,FOUND,1,1,1,1,en,0,0,0,0,0,0,1,5,1,1,1,1,1,1,1,1,1,4,1,4,12,1,0,0,0,0,,1,0,0,,FOUND
1235,"Cour d’appel de Bruxelles, 11ème chambre",BEL037,https://www.unodc.org/cld/case-law-doc/traffickingpersonscrimetype/bel/2007/cour_dappel_de_bruxelles_11eme_chambre.html,traffickingpersonscrimetype,FOUND,1,1,1,1,en,1,1,1,2,1,1,1,1,1,2,1,1,1,1,1,1,1,1,1,1,3,1,0,0,0,0,,1,0,0,,FOUND
1236,United States v. Victor Powell,USA079,https://www.unodc.org/cld/case-law-doc/traffickingpersonscrimetype/usa/2007/united_states_v._victor_powell.html,traffickingpersonscrimetype,FOUND,1,1,1,1,en,0,0,0,0,0,0,1,1,1,1,1,2,1,1,1,1,1,1,1,1,3,1,0,0,0,0,,1,0,0,,FOUND
1237,IV KK 269/06,POL006,https://www.unodc.org/cld/case-law-doc/traffickingpersonscrimetype/pol/2007/iv_kk_26906_.html,traffickingpersonscrimetype,FOUND,1,1,1,1,en,0,0,0,0,0,0,0,0,0,0,0,0,1,1,3,1,1,2,1,2,3,1,1,2,0,0,,1,0,0,,FOUND
1238,2 To 379/2006,SVK019,https://www.unodc.org/cld/case-law-doc/traffickingpersonscrimetype/svk/2007/2_to_3792006_.html,traffickingpersonscrimetype,FOUND,1,1,1,1,en,0,0,0,0,0,0,1,1,1,1,1,1,1,1,1,1,1,2,1,2,6,1,0,0,0,0,,1,0,0,,FOUND
1239,190 K/PID SUS/2007,IDN004,https://www.unodc.org/cld/case-law-doc/traffickingpersonscrimetype/idn/2007/190_kpid_sus2007_.html,traffickingpersonscrimetype,FOUND,1,1,1,1,en,0,0,0,0,0,0,1,2,1,2,1,1,1,1,1,1,1,1,1,1,1,1,0,0,0,0,,1,0,0,,FOUND
1240,P.A.G. v The Circuit Court 10 Chiriqui,PAN003,https://www.unodc.org/cld/case-law-doc/traffickingpersonscrimetype/pan/2007/p.a.g._v_the_circuit_court_10_chiriqui.html,traffickingpersonscrimetype,FOUND,1,1,2,2,en|es,0,0,0,0,0,0,1,1,1,1,0,0,1,1,1,1,1,1,1,1,1,1,4,8,4,4,Fact Summary|Defendants / Respondents in the first instance|Procedural Information|Sources / Citations,1,0,0,,FOUND
1241,1-06-5410,EST001,https://www.unodc.org/cld/case-law-doc/drugcrimetype/est/2007/1-06-5410.html,drugcrimetype,FOUND,1,1,1,1,en,0,0,0,0,0,0,1,1,1,1,1,1,1,1,6,1,1,8,1,8,28,1,0,0,0,0,,3,0,0,,FOUND
1242,United States v. Lucilene Felipe Dos Santos,USA105,https://www.unodc.org/cld/case-law-doc/traffickingpersonscrimetype/usa/2007/united_states_v._lucilene_felipe_dos_santos.html,traffickingpersonscrimetype,FOUND,1,1,1,1,en,0,0,0,0,0,0,1,1,1,2,1,1,1,1,1,1,1,3,1,3,12,1,0,0,0,0,,1,0,0,,FOUND
1243,18 T 7/2006,CZE006,https://www.unodc.org/cld/case-law-doc/traffickingpersonscrimetype/cze/2007/18_t_72006.html,traffickingpersonscrimetype,FOUND,1,1,1,1,en,0,0,0,0,0,0,1,3,1,2,1,1,1,1,2,1,1,1,1,1,3,1,0,0,0,0,,1,0,0,,FOUND
1244,Chile v. M.A.C.S & S.D.G.,CHL003,https://www.unodc.org/cld/case-law-doc/traffickingpersonscrimetype/chl/2006/chile_v._m.a.c.s_s.d.g..html,traffickingpersonscrimetype,FOUND,1,1,2,2,en|es,0,0,0,0,0,0,1,5,1,1,1,1,1,1,10,1,1,2,1,2,2,1,4,8,4,4,Fact Summary|Defendants / Respondents in the first instance|Defendants / Respondents in the first instance|Sources / Citations,1,0,0,,FOUND
1245,R v SSHD [2006] EWHC 3513 (Admin),GBR019,https://www.unodc.org/cld/case-law-doc/traffickingpersonscrimetype/gbr/2006/r_v_sshd_2006_ewhc_3513_admin.html,traffickingpersonscrimetype,FOUND,1,1,1,1,en,0,0,0,0,0,0,0,0,0,0,1,1,1,1,1,1,1,1,1,1,1,1,0,0,0,0,,1,0,0,,FOUND
1246,Morales et al,COL014,https://www.unodc.org/cld/case-law-doc/criminalgroupcrimetype/col/2006/morales_et_al.html,criminalgroupcrimetype,FOUND,1,1,1,1,en,0,0,0,0,0,0,1,3,1,2,1,1,1,1,9,1,1,5,1,5,15,1,0,0,0,0,,2,0,0,,FOUND
1247,Processo no. 2006.33.00.005669-9,BRA031,https://www.unodc.org/cld/case-law-doc/traffickingpersonscrimetype/bra/2006/processo_no._2006.33.00.005669-9.html,traffickingpersonscrimetype,FOUND,1,1,1,1,en,0,0,0,0,0,0,1,3,1,1,1,1,1,1,2,1,1,1,1,1,2,1,0,0,0,0,,1,0,0,,FOUND
1248,7 T 8/2006,CZE028,https://www.unodc.org/cld/case-law-doc/traffickingpersonscrimetype/cze/2006/7_t_82006.html,traffickingpersonscrimetype,FOUND,1,1,1,1,en,0,0,0,0,0,0,1,2,1,2,1,3,1,1,1,1,1,2,1,2,6,1,0,0,0,0,,2,0,0,,FOUND
1249,Giraldo and Cortés,COL004,https://www.unodc.org/cld/case-law-doc/traffickingpersonscrimetype/col/2006/giraldo_and_cortes.html,traffickingpersonscrimetype,FOUND,1,1,2,2,en|es,0,0,0,0,0,0,1,1,1,1,1,1,1,1,1,1,1,2,1,2,2,1,7,14,7,7,Fact Summary|Defendants / Respondents in the first instance|Defendants / Respondents in the first instance|Charges / Claims / Decisions|Charges / Claims / Decisions|Commentary and Significant Features|Procedural Information,1,0,0,,FOUND
1250,Orissa Patita Udhar Samiti Versus State of Orissa and Ors.,IND030,https://www.unodc.org/cld/case-law-doc/traffickingpersonscrimetype/ind/2006/orissa_patita_udhar_samiti_versus_state_of_orissa_and_ors..html,traffickingpersonscrimetype,FOUND,1,1,1,1,en,0,0,0,0,0,0,0,0,1,2,1,1,1,1,1,1,1,1,1,1,1,1,0,0,0,0,,1,0,0,,FOUND
1251,United States v. Zheng et al,USA084,https://www.unodc.org/cld/case-law-doc/traffickingpersonscrimetype/usa/2006/united_states_v._zheng_et_al.html,traffickingpersonscrimetype,FOUND,1,1,1,1,en,0,0,0,0,0,0,1,3,1,1,1,1,1,1,1,1,1,2,1,2,8,1,0,0,0,0,,1,0,0,,FOUND
1252,HC 2320- RN (2005.05.00.050441-5),BRA059,https://www.unodc.org/cld/case-law-doc/criminalgroupcrimetype/bra/2006/hc_2320-_rn_2005.05.00.050441-5.html,criminalgroupcrimetype,FOUND,1,1,1,1,en,0,0,0,0,0,0,1,3,1,2,1,1,1,1,1,1,1,1,1,1,3,1,0,0,0,0,,2,0,0,,FOUND
1253,KO R 06/2381,FIN005,https://www.unodc.org/cld/case-law-doc/traffickingpersonscrimetype/fin/2006/ko_r_062381.html,traffickingpersonscrimetype,FOUND,1,1,1,1,en,0,0,0,0,0,0,1,1,1,1,1,1,1,1,1,1,1,5,1,5,11,1,0,0,0,0,,1,0,0,,FOUND
1254,Habeas Corpus n. 2.596 RN (2006.05.00.062316-0),BRA051,https://www.unodc.org/cld/case-law-doc/moneylaunderingcrimetype/bra/2006/habeas_corpus_n._2.596_rn_2006.05.00.062316-0_.html,moneylaunderingcrimetype,FOUND,1,1,1,1,en,0,0,0,0,0,0,1,3,1,3,1,1,1,1,1,1,1,4,1,4,19,1,0,0,0,0,,4,0,0,,FOUND
1255,KZ I 1784-05,SRB024,https://www.unodc.org/cld/case-law-doc/traffickingpersonscrimetype/srb/2006/kz_i_1784-05.html,traffickingpersonscrimetype,SECTION_ABSENT,0,0,0,0,,0,0,0,0,0,0,0,0,0,0,0,0,1,1,1,1,1,6,1,6,12,1,0,0,0,0,,2,0,0,,FOUND
1256,Decision No. 622,ALB013,https://www.unodc.org/cld/case-law-doc/traffickingpersonscrimetype/alb/2006/decision_no._622.html,traffickingpersonscrimetype,FOUND,1,1,1,1,en,1,6,1,3,1,1,1,4,1,3,1,1,1,1,1,1,1,2,1,2,2,1,0,0,0,0,,2,0,0,,FOUND
1257,Processo no. 2006.30.00.000871-5,BRA028,https://www.unodc.org/cld/case-law-doc/traffickingpersonscrimetype/bra/2006/processo_no._2006.30.00.000871-5.html,traffickingpersonscrimetype,FOUND,1,1,1,1,en,0,0,0,0,0,0,1,3,1,1,1,1,1,1,4,1,1,2,1,2,4,1,0,0,0,0,,1,0,0,,FOUND
1258,16-H-BJ-2006-2,HUN001,https://www.unodc.org/cld/case-law-doc/traffickingpersonscrimetype/hun/2006/16-h-bj-2006-2.html,traffickingpersonscrimetype,FOUND,1,1,1,1,en,0,0,0,0,0,0,1,2,1,1,1,1,1,1,3,1,1,3,1,3,4,1,0,0,0,0,,1,0,0,,FOUND
1259,III KK 177/2007,POL003,https://www.unodc.org/cld/case-law-doc/traffickingpersonscrimetype/pol/2006/iii_kk_1772007_.html,traffickingpersonscrimetype,FOUND,1,1,1,1,en,0,0,0,0,0,0,1,5,1,2,1,1,1,1,1,1,1,2,1,2,9,1,0,0,0,0,,1,0,0,,FOUND
1260,United States v. Chang,USA001,https://www.unodc.org/cld/case-law-doc/traffickingpersonscrimetype/usa/2006/united_states_v._chang.html,traffickingpersonscrimetype,FOUND,1,1,1,1,en,0,0,0,0,0,0,1,2,1,4,1,1,1,1,7,1,1,1,1,1,2,1,0,0,0,0,,1,0,0,,FOUND
1261,Processo n 97.13.01451-0,BRA034,https://www.unodc.org/cld/case-law-doc/traffickingpersonscrimetype/bra/2006/processo_n_97.13.01451-0.html,traffickingpersonscrimetype,FOUND,1,1,1,1,en,0,0,0,0,0,0,1,2,0,0,1,1,1,1,2,1,1,1,1,1,1,1,0,0,0,0,,1,0,0,,FOUND
1262,29 To 34/2006,SVK020,https://www.unodc.org/cld/case-law-doc/traffickingpersonscrimetype/svk/2006/29_to_342006_.html,traffickingpersonscrimetype,FOUND,1,1,1,1,en,0,0,0,0,0,0,1,2,1,2,1,1,1,1,1,1,1,1,1,1,1,1,0,0,0,0,,1,0,0,,FOUND
1263,Chile v. Nelly Viviana Condori Nicolas,CHL002,https://www.unodc.org/cld/case-law-doc/traffickingpersonscrimetype/chl/2006/chile_v._nelly_viviana_condori_nicolas.html,traffickingpersonscrimetype,FOUND,1,1,2,2,en|es,0,0,0,0,0,0,1,4,1,2,1,1,1,1,3,1,1,1,1,1,1,1,4,8,4,4,Fact Summary|Defendants / Respondents in the first instance|Procedural Information|Sources / Citations,1,0,0,,FOUND
1264,HC 2321(2005.05.00.050376-9),BRA067,https://www.unodc.org/cld/case-law-doc/criminalgroupcrimetype/bra/2006/hc_23212005.05.00.050376-9.html,criminalgroupcrimetype,FOUND,1,1,1,1,en,0,0,0,0,0,0,1,3,1,2,1,1,1,1,1,1,1,1,1,1,3,1,0,0,0,0,,3,0,0,,FOUND
1265,5 To 66/2006,SVK040,https://www.unodc.org/cld/case-law-doc/traffickingpersonscrimetype/svk/2006/5_to_662006.html,traffickingpersonscrimetype,FOUND,1,1,1,1,en,0,0,0,0,0,0,1,2,1,2,1,1,1,1,4,1,1,4,1,4,4,1,0,0,0,0,,1,0,0,,FOUND
1266,Eastern High Court judgment 27 September 2006,DNK006,https://www.unodc.org/cld/case-law-doc/traffickingpersonscrimetype/dnk/2006/eastern_high_court_judgment_27_september_2006.html,traffickingpersonscrimetype,FOUND,1,1,1,1,en,0,0,0,0,0,0,1,1,1,1,1,1,1,1,1,1,1,1,1,1,6,1,0,0,0,0,,2,0,0,,FOUND
1267,1 To 52/2007,SVK012,https://www.unodc.org/cld/case-law-doc/traffickingpersonscrimetype/svk/2006/1_to_522007_.html,traffickingpersonscrimetype,FOUND,1,1,1,1,en,0,0,0,0,0,0,1,2,1,2,1,1,1,1,2,1,1,1,1,1,1,1,0,0,0,0,,1,0,0,,FOUND
1268,United States v. George Anderson III,USA076,https://www.unodc.org/cld/case-law-doc/traffickingpersonscrimetype/usa/2006/united_states_v._george_anderson_iii.html,traffickingpersonscrimetype,FOUND,1,1,1,1,en,0,0,0,0,0,0,1,1,1,1,1,1,1,1,2,1,1,1,1,1,1,1,0,0,0,0,,1,0,0,,FOUND
1269,Attorney General of the Federation v. Constance Omoruyi,NGA002,https://www.unodc.org/cld/case-law-doc/traffickingpersonscrimetype/nga/2006/attorney_general_of_the_federation_v._constance_omoruyi.html,traffickingpersonscrimetype,FOUND,1,1,1,1,en,0,0,0,0,0,0,1,3,1,1,1,1,1,1,4,1,1,1,1,1,4,1,0,0,0,0,,2,0,0,,FOUND
1270,Mahmutaj,ALB018,https://www.unodc.org/cld/case-law-doc/traffickingpersonscrimetype/alb/2006/mahmutaj.html,traffickingpersonscrimetype,FOUND,1,1,1,1,en,1,1,1,2,0,0,1,1,1,2,1,1,1,1,2,1,1,1,1,1,1,1,0,0,0,0,,1,0,0,,FOUND
1271,Case No. 1-56-300,LTU001,https://www.unodc.org/cld/case-law-doc/traffickingpersonscrimetype/ltu/2006/case_no._1-56-300_.html,traffickingpersonscrimetype,FOUND,1,1,1,1,en,0,0,0,0,0,0,1,1,1,1,1,1,1,1,1,1,1,2,1,2,2,1,0,0,0,0,,1,0,0,,FOUND
1272,ACR 9800641386RJ,BRA085,https://www.unodc.org/cld/case-law-doc/traffickingpersonscrimetype/bra/2006/acr_9800641386rj.html,traffickingpersonscrimetype,FOUND,1,1,1,1,en,1,4,1,2,1,1,1,4,1,2,1,1,1,1,15,1,1,1,1,1,2,1,0,0,0,0,,2,0,0,,FOUND
1273,Habeas Corpus n 2.474- RN (Processo n 2006.05.00.28010-4),BRA055,https://www.unodc.org/cld/case-law-doc/moneylaunderingcrimetype/bra/2006/habeas_corpus_n_2.474-_rn_processo_n_2006.05.00.28010-4.html,moneylaunderingcrimetype,FOUND,1,1,1,1,en,0,0,0,0,0,0,1,1,1,2,1,1,1,1,1,1,1,1,1,1,4,1,0,0,0,0,,3,0,0,,FOUND
1274,Chellen v. John Pickle Co,USA002,https://www.unodc.org/cld/case-law-doc/traffickingpersonscrimetype/usa/2006/chellen_v._john_pickle_co.html,traffickingpersonscrimetype,FOUND,1,1,1,1,en,0,0,0,0,0,0,1,1,1,2,1,1,1,1,2,1,1,1,1,1,5,1,0,0,0,0,,1,0,0,,FOUND
1275,United States v. Johannes Du Preez,USA110,https://www.unodc.org/cld/case-law-doc/traffickingpersonscrimetype/usa/2006/united_states_v._johannes_du_preez.html,traffickingpersonscrimetype,FOUND,1,1,1,1,en,0,0,0,0,0,0,1,2,0,0,1,3,1,1,1,1,1,5,1,5,10,1,0,0,0,0,,1,0,0,,FOUND
1276,United States v Brandon Keith Hill,USA132,https://www.unodc.org/cld/case-law-doc/traffickingpersonscrimetype/usa/2006/united_states_v_brandon_keith_hill.html,traffickingpersonscrimetype,FOUND,1,1,1,1,en,0,0,0,0,0,0,1,1,1,1,1,1,1,1,1,1,1,1,1,1,3,1,0,0,0,0,,1,0,0,,FOUND
1277,1 To 61/2006,SVK013,https://www.unodc.org/cld/case-law-doc/traffickingpersonscrimetype/svk/2006/1_to_612006_.html,traffickingpersonscrimetype,FOUND,1,1,1,1,en,0,0,0,0,0,0,1,2,1,5,1,1,1,1,11,1,1,8,1,8,16,1,0,0,0,0,,1,0,0,,FOUND
1278,Estonian-Finnish Criminal Organization Case,FIN001,https://www.unodc.org/cld/case-law-doc/criminalgroupcrimetype/fin/2006/estonian-finnish_criminal_organization_case.html,criminalgroupcrimetype,FOUND,1,1,1,1,en,0,0,0,0,0,0,1,3,1,2,1,1,1,1,1,1,1,1,1,1,1,1,1,2,0,0,,2,0,0,,FOUND
1279,Verdict K.б6р.146/06,MKD004,https://www.unodc.org/cld/case-law-doc/traffickingpersonscrimetype/mkd/2006/verdict_k.6.14606.html,traffickingpersonscrimetype,FOUND,1,1,1,1,en,0,0,0,0,0,0,1,5,1,5,1,2,1,1,1,1,1,7,1,7,7,1,0,0,0,0,,1,0,0,,FOUND
1280,Copenhagen District Court judgment 13 July 2006,DNK003,https://www.unodc.org/cld/case-law-doc/traffickingpersonscrimetype/dnk/2006/copenhagen_district_court_judgment_13_july_2006.html,traffickingpersonscrimetype,FOUND,1,1,1,1,en,0,0,0,0,0,0,1,1,1,2,1,1,1,1,1,1,1,2,1,2,2,1,0,0,0,0,,1,0,0,,FOUND
1281,HC 2326- RN (2005.05.00.050439-7),BRA070,https://www.unodc.org/cld/case-law-doc/moneylaunderingcrimetype/bra/2006/hc_2326-_rn_2005.05.00.050439-7.html,moneylaunderingcrimetype,FOUND,1,1,1,1,en,0,0,0,0,0,0,1,3,1,2,1,1,1,1,1,1,1,1,1,1,6,1,0,0,0,0,,4,0,0,,FOUND
1282,II AKa 116-2006,POL009,https://www.unodc.org/cld/case-law-doc/traffickingpersonscrimetype/pol/2006/ii_aka_116-2006_.html,traffickingpersonscrimetype,FOUND,1,1,1,1,en,0,0,0,0,0,0,1,2,0,0,0,0,1,1,1,1,1,3,1,3,4,1,1,2,0,0,,1,0,0,,FOUND
1283,"A.N. Roy, Commissioner of Police and Anr. v. Suresh Sham Singh",IND009,https://www.unodc.org/cld/case-law-doc/traffickingpersonscrimetype/ind/2006/a.n._roy_commissioner_of_police_and_anr._v._suresh_sham_singh.html,traffickingpersonscrimetype,FOUND,1,1,1,1,en,0,0,0,0,0,0,1,2,1,2,1,1,1,1,1,1,1,1,1,1,1,1,0,0,0,0,,1,0,0,,FOUND
1284,United States v. Abdel Nasser Youssef Ibrahim,USA037,https://www.unodc.org/cld/case-law-doc/traffickingpersonscrimetype/usa/2006/united_states_v._abdel_nasser_youssef_ibrahim.html,traffickingpersonscrimetype,FOUND,1,1,1,1,en,0,0,0,0,0,0,1,3,1,5,1,2,1,1,1,1,1,2,1,2,4,0,0,0,0,0,,1,0,0,,FOUND
1285,United States v Mammedov et al,USA101,https://www.unodc.org/cld/case-law-doc/traffickingpersonscrimetype/usa/2006/united_states_v_mammedov_et_al_.html,traffickingpersonscrimetype,FOUND,1,1,1,1,en,0,0,0,0,0,0,0,0,0,0,0,0,1,1,1,1,1,2,1,2,2,1,0,0,0,0,,1,0,0,,FOUND
1286,Case No B 626-06,SWE006,https://www.unodc.org/cld/case-law-doc/drugcrimetype/swe/2006/case_no_b_626-06.html,drugcrimetype,FOUND,1,1,1,1,en,0,0,0,0,0,0,1,2,1,3,1,1,1,1,2,1,1,8,1,8,17,1,0,0,0,0,,3,0,0,,FOUND
1287,United States v. Jimenez-Calderon et al.,USA003,https://www.unodc.org/cld/case-law-doc/traffickingpersonscrimetype/usa/2006/united_states_v._jimenez-calderon_et_al..html,traffickingpersonscrimetype,FOUND,1,1,1,1,en,0,0,0,0,0,0,1,2,1,3,1,1,1,1,4,1,1,8,1,8,22,1,0,0,0,0,,1,0,0,,FOUND
1288,IV K 150/05,POL015,https://www.unodc.org/cld/case-law-doc/traffickingpersonscrimetype/pol/2006/iv_k_15005.html,traffickingpersonscrimetype,FOUND,1,1,1,1,en,0,0,0,0,0,0,1,3,1,1,1,1,1,1,3,1,1,1,1,1,2,1,0,0,0,0,,2,0,0,,FOUND
1289,Mario X,FRA008,https://www.unodc.org/cld/case-law-doc/traffickingpersonscrimetype/fra/2006/mario_x.html,traffickingpersonscrimetype,FOUND,1,1,2,2,en|fr,0,0,0,0,0,0,1,2,1,1,1,2,1,1,1,1,1,1,1,1,3,1,4,8,4,4,Fact Summary|Defendants / Respondents in the first instance|Charges / Claims / Decisions|Procedural Information,1,0,0,,FOUND
1290,47 T 4/2006,CZE018,https://www.unodc.org/cld/case-law-doc/traffickingpersonscrimetype/cze/2006/47_t_42006.html,traffickingpersonscrimetype,FOUND,1,1,1,1,en,0,0,0,0,0,0,1,1,1,2,1,1,1,1,1,1,1,2,1,2,3,1,0,0,0,0,,1,0,0,,FOUND
1291,Sentença 2001.71.00.025842-5 JFRS,BRA128,https://www.unodc.org/cld/case-law-doc/traffickingpersonscrimetype/bra/2006/sentenca_2001.71.00.025842-5_jfrs.html,traffickingpersonscrimetype,FOUND,1,1,1,1,en,1,5,1,2,1,1,1,5,1,2,1,1,1,1,4,1,1,3,1,3,3,1,0,0,0,0,,2,0,0,,FOUND
1292,Processo 2004.38.03.009328-4,BRA001,https://www.unodc.org/cld/case-law-doc/traffickingpersonscrimetype/bra/2006/processo_2004.38.03.009328-4.html,traffickingpersonscrimetype,FOUND,1,1,1,1,en,0,0,0,0,0,0,1,3,1,1,1,1,1,1,1,1,1,1,1,1,1,1,0,0,0,0,,1,0,0,,FOUND
1293,Decision No. 312,ALB012,https://www.unodc.org/cld/case-law-doc/traffickingpersonscrimetype/alb/2006/decision_no._312.html,traffickingpersonscrimetype,FOUND,1,1,1,1,en,0,0,0,0,0,0,1,4,1,3,1,1,1,1,1,1,1,2,1,2,2,1,0,0,0,0,,1,0,0,,FOUND
1294,Epoux Moukarim c. Demoiselle Isopehi,FRA012,https://www.unodc.org/cld/case-law-doc/traffickingpersonscrimetype/fra/2006/epoux_moukarim_c._demoiselle_isopehi.html,traffickingpersonscrimetype,FOUND,1,1,1,1,en,0,0,0,0,0,0,1,3,1,3,1,3,1,1,1,1,1,1,0,0,0,1,0,0,0,0,,1,0,0,,FOUND
1295,Case No B 1149-06,SWE026,https://www.unodc.org/cld/case-law-doc/illicitfirearmscrimetype/swe/2006/case_no_b_1149-06.html,illicitfirearmscrimetype,SECTION_ABSENT,0,0,0,0,,0,0,0,0,0,0,1,3,1,1,1,1,1,1,8,1,1,9,1,9,14,1,0,0,0,0,,3,0,0,,FOUND
1296,Brechman et al. vs. State of Israel,ISR009,https://www.unodc.org/cld/case-law-doc/criminalgroupcrimetype/isr/2006/brechman_et_al._vs._state_of_israel.html,criminalgroupcrimetype,FOUND,1,1,1,1,en,0,0,0,0,0,0,1,1,1,4,1,1,1,1,3,1,1,3,1,3,11,1,1,2,0,0,,2,0,0,,FOUND
1297,Presuda K-71/05,BIHx001,https://www.unodc.org/cld/case-law-doc/traffickingpersonscrimetype/bih/2006/presuda_k-7105_.html,traffickingpersonscrimetype,FOUND,1,1,1,1,en,0,0,0,0,0,0,1,3,1,4,1,1,1,1,4,1,1,1,1,1,1,1,0,0,0,0,,1,0,0,,FOUND
1298,United States v. Okhotina,USA024,https://www.unodc.org/cld/case-law-doc/traffickingpersonscrimetype/usa/2006/united_states_v._okhotina.html,traffickingpersonscrimetype,FOUND,1,1,1,1,en,0,0,0,0,0,0,1,1,1,4,1,1,1,1,1,1,1,1,1,1,1,1,0,0,0,0,,1,0,0,,FOUND
1299,Case No B 133-05,SWE002,https://www.unodc.org/cld/case-law-doc/traffickingpersonscrimetype/swe/2006/case_no_b_133-05.html,traffickingpersonscrimetype,FOUND,1,1,1,1,en,0,0,0,0,0,0,1,2,1,1,1,1,1,1,6,1,1,5,1,5,1,1,0,0,0,0,,1,0,0,,FOUND
1300,5 To 31/2006,SVK038,https://www.unodc.org/cld/case-law-doc/traffickingpersonscrimetype/svk/2006/5_to_312006_.html,traffickingpersonscrimetype,FOUND,1,1,1,1,en,0,0,0,0,0,0,1,2,1,2,1,1,1,1,4,1,1,3,1,3,4,1,0,0,0,0,,1,0,0,,FOUND
1301,Court of Appeals of Ghent 03-04-2006,BEL012,https://www.unodc.org/cld/case-law-doc/traffickingpersonscrimetype/bel/2006/court_of_appeals_of_ghent_03-04-2006.html,traffickingpersonscrimetype,FOUND,1,1,1,1,en,0,0,0,0,0,0,1,2,0,0,0,0,1,1,1,1,1,1,1,1,4,1,0,0,0,0,,1,0,0,,FOUND
1302,7 To 16/2006,SVK047,https://www.unodc.org/cld/case-law-doc/traffickingpersonscrimetype/svk/2006/7_to_162006.html,traffickingpersonscrimetype,FOUND,1,1,1,1,en,0,0,0,0,0,0,1,2,1,3,1,1,1,1,4,1,1,2,1,2,3,1,0,0,0,0,,1,0,0,,FOUND
1303,Processo nº 2003.83.00.002077-2,BRA013,https://www.unodc.org/cld/case-law-doc/traffickingpersonscrimetype/bra/2006/processo_n_2003.83.00.002077-2.html,traffickingpersonscrimetype,FOUND,1,1,1,1,en,0,0,0,0,0,0,1,1,1,2,0,0,1,1,1,1,1,1,1,1,1,1,0,0,0,0,,1,0,0,,FOUND
1304,II AKa 299/05,POL005,https://www.unodc.org/cld/case-law-doc/traffickingpersonscrimetype/pol/2006/ii_aka_29905.html,traffickingpersonscrimetype,FOUND,1,1,1,1,en,0,0,0,0,0,0,1,5,1,1,1,1,1,1,3,1,1,2,1,2,5,1,0,0,0,0,,2,0,0,,FOUND
1305,United States v. Carlos Curtis,USA095,https://www.unodc.org/cld/case-law-doc/traffickingpersonscrimetype/usa/2006/united_states_v._carlos_curtis.html,traffickingpersonscrimetype,FOUND,1,1,1,1,en,0,0,0,0,0,0,1,3,1,1,1,1,1,1,1,1,1,1,1,1,5,1,0,0,0,0,,1,0,0,,FOUND
1306,Decision No. 361,ALB011,https://www.unodc.org/cld/case-law-doc/traffickingpersonscrimetype/alb/2006/decision_no._361.html,traffickingpersonscrimetype,FOUND,1,1,1,1,en,0,0,0,0,0,0,1,4,1,2,1,1,1,1,1,1,1,7,1,7,7,1,0,0,0,0,,1,0,0,,FOUND
1307,Processo nº 2005.03.99.009508-0 18548,BRA069,https://www.unodc.org/cld/case-law-doc/traffickingpersonscrimetype/bra/2006/processo_n_2005.03.99.009508-0_18548.html,traffickingpersonscrimetype,FOUND,1,1,1,1,en,0,0,0,0,0,0,1,3,1,1,1,1,1,1,2,1,1,3,1,3,3,0,0,0,0,0,,1,0,0,,FOUND
1308,United States v. Maksimenko and United States v. Prokopenko,USA022,https://www.unodc.org/cld/case-law-doc/traffickingpersonscrimetype/usa/2006/united_states_v._maksimenko_and_united_states_v._prokopenko.html,traffickingpersonscrimetype,FOUND,1,1,1,1,en,0,0,0,0,0,0,1,2,1,4,1,2,1,1,1,1,1,7,0,0,0,1,0,0,0,0,,1,0,0,,FOUND
1309,United States v. Mario Weicks,USA063,https://www.unodc.org/cld/case-law-doc/traffickingpersonscrimetype/usa/2006/united_states_v._mario_weicks.html,traffickingpersonscrimetype,FOUND,1,1,1,1,en,0,0,0,0,0,0,0,0,0,0,1,1,1,1,1,1,1,1,1,1,4,1,0,0,0,0,,1,0,0,,FOUND
1310,Attorney General of the Federation and Chioma Ogbonna,NGA005,https://www.unodc.org/cld/case-law-doc/traffickingpersonscrimetype/nga/2006/attorney_general_of_the_federation_and_chioma_ogbonna.html,traffickingpersonscrimetype,FOUND,1,1,1,1,en,0,0,0,0,0,0,1,1,1,2,0,0,1,1,1,1,1,1,1,1,4,1,1,2,0,0,,2,0,0,,FOUND
1311,5 To 73/2005,SVK041,https://www.unodc.org/cld/case-law-doc/traffickingpersonscrimetype/svk/2006/5_to_732005_.html,traffickingpersonscrimetype,FOUND,1,1,1,1,en,0,0,0,0,0,0,1,2,1,3,1,1,1,1,2,1,1,1,1,1,1,1,0,0,0,0,,1,0,0,,FOUND
1312,Regina v. Besmir Ramaj and Hasan Atesogullari,GBR010,https://www.unodc.org/cld/case-law-doc/traffickingpersonscrimetype/gbr/2006/regina_v._besmir_ramaj_and_hasan_atesogullari.html,traffickingpersonscrimetype,FOUND,1,1,1,1,en,0,0,0,0,0,0,1,2,1,1,1,1,1,1,1,1,1,4,1,4,14,1,0,0,0,0,,2,0,0,,FOUND
1313,72 T 181/2005,CZE026,https://www.unodc.org/cld/case-law-doc/traffickingpersonscrimetype/cze/2006/72_t_1812005.html,traffickingpersonscrimetype,FOUND,1,1,1,1,en,0,0,0,0,0,0,1,2,1,1,1,1,1,1,2,1,1,1,1,1,1,1,0,0,0,0,,1,0,0,,FOUND
1314,Case No B 982-05,SWE001,https://www.unodc.org/cld/case-law-doc/traffickingpersonscrimetype/swe/2006/case_no_b_982-05.html,traffickingpersonscrimetype,FOUND,1,1,1,1,en,0,0,0,0,0,0,1,2,1,1,1,1,1,1,2,1,1,8,1,8,1,1,0,0,0,0,,1,0,0,,FOUND
1315,State of Israel vs. Aldenko et al,ISR002,https://www.unodc.org/cld/case-law-doc/criminalgroupcrimetype/isr/2006/state_of_israel_vs._aldenko_et_al.html,criminalgroupcrimetype,FOUND,1,1,1,1,en,0,0,0,0,0,0,1,3,1,2,1,1,1,1,2,1,1,4,1,4,12,1,0,0,0,0,,3,0,0,,FOUND
1316,United States v. Salazar,USA025,https://www.unodc.org/cld/case-law-doc/traffickingpersonscrimetype/usa/2006/united_states_v._salazar.html,traffickingpersonscrimetype,FOUND,1,1,1,1,en,0,0,0,0,0,0,1,2,1,3,1,1,1,1,1,1,1,6,1,6,5,1,0,0,0,0,,1,0,0,,FOUND
1317,Presuda K-111/03,HRV002,https://www.unodc.org/cld/case-law-doc/traffickingpersonscrimetype/hrv/2006/presuda_k-11103.html,traffickingpersonscrimetype,SECTION_ABSENT,0,0,0,0,,0,0,0,0,0,0,1,3,1,3,1,1,1,1,1,1,1,1,1,1,3,1,0,0,0,0,,1,0,0,,FOUND
1318,ACR 200151015398501RJ,BRA115,https://www.unodc.org/cld/case-law-doc/traffickingpersonscrimetype/bra/2006/acr_200151015398501rj.html,traffickingpersonscrimetype,FOUND,1,1,1,1,en,1,3,1,3,1,1,1,3,1,3,1,1,1,1,1,1,1,1,1,1,1,1,0,0,0,0,,2,0,0,,FOUND
1319,United States v Kyongja Kang,USA146,https://www.unodc.org/cld/case-law-doc/traffickingpersonscrimetype/usa/2006/united_states_v_kyongja_kang.html,traffickingpersonscrimetype,FOUND,1,1,1,1,en,0,0,0,0,0,0,1,1,1,1,1,2,1,1,1,1,1,1,1,1,3,1,0,0,0,0,,1,0,0,,FOUND
1320,United States v. Kaufman,USA014,https://www.unodc.org/cld/case-law-doc/traffickingpersonscrimetype/usa/2006/united_states_v._kaufman.html,traffickingpersonscrimetype,FOUND,1,1,1,1,en,0,0,0,0,0,0,1,2,1,4,1,2,1,1,1,1,1,2,1,2,8,1,0,0,0,0,,1,0,0,,FOUND
1321,Case No B 8862-04,SWE033,https://www.unodc.org/cld/case-law-doc/traffickingpersonscrimetype/swe/2006/case_no_b_8862-04.html,traffickingpersonscrimetype,FOUND,1,1,1,1,en,1,3,1,1,1,1,1,3,1,1,1,1,1,1,4,1,1,3,1,3,8,1,0,0,0,0,,1,0,0,,FOUND
1322,Case No B 2429-05,SWE005,https://www.unodc.org/cld/case-law-doc/traffickingpersonscrimetype/swe/2006/case_no_b_2429-05.html,traffickingpersonscrimetype,FOUND,1,1,1,1,en,0,0,0,0,0,0,1,2,1,1,1,1,1,1,4,1,1,4,1,4,6,1,0,0,0,0,,3,0,0,,FOUND
1323,7 T 4/2005,SVK046,https://www.unodc.org/cld/case-law-doc/traffickingpersonscrimetype/svk/2006/7_t_42005_.html,traffickingpersonscrimetype,FOUND,1,1,1,1,en,0,0,0,0,0,0,1,1,1,1,1,1,1,1,2,1,1,1,1,1,1,1,0,0,0,0,,1,0,0,,FOUND
1324,United States v. Mariece Sims,USA070,https://www.unodc.org/cld/case-law-doc/traffickingpersonscrimetype/usa/2006/united_states_v._mariece_sims.html,traffickingpersonscrimetype,FOUND,1,1,1,1,en,0,0,0,0,0,0,1,4,1,3,1,1,1,1,1,1,1,2,1,2,4,1,0,0,0,0,,1,0,0,,FOUND
1325,K 756/2005,SRB003,https://www.unodc.org/cld/case-law-doc/traffickingpersonscrimetype/srb/2005/k_7562005_.html,traffickingpersonscrimetype,FOUND,1,1,1,1,en,0,0,0,0,0,0,1,4,1,3,1,1,1,1,1,1,1,1,1,1,1,1,0,0,0,0,,1,0,0,,FOUND
1326,Hon. Attorney General of the Federation v. M.A,NGA004,https://www.unodc.org/cld/case-law-doc/traffickingpersonscrimetype/nga/2005/hon._attorney_general_of_the_federation_v._m.a.html,traffickingpersonscrimetype,FOUND,1,1,1,1,en,0,0,0,0,0,0,1,3,1,1,1,1,1,1,3,1,1,1,1,1,3,1,0,0,0,0,,2,0,0,,FOUND
1327,KŽ I 1671/05,SRB025,https://www.unodc.org/cld/case-law-doc/traffickingpersonscrimetype/srb/2005/k_i_167105_.html,traffickingpersonscrimetype,FOUND,1,1,1,1,en,0,0,0,0,0,0,1,3,1,4,1,2,1,1,3,1,1,1,1,1,1,1,0,0,0,0,,1,0,0,,FOUND
1328,People of Philippines vs. Alice Tongco y Terrado & Den Jerson Tongco y Vistal,PHL001,https://www.unodc.org/cld/case-law-doc/criminalgroupcrimetype/phl/2005/people_of_philippines_vs._alice_tongco_y_terrado_den_jerson_tongco_y_vistal.html,criminalgroupcrimetype,FOUND,1,1,1,1,en,0,0,0,0,0,0,1,4,1,3,1,1,1,1,5,1,1,2,1,2,2,1,0,0,0,0,,2,0,0,,FOUND
1329,Criminal Cases Nos. 21908 & 21930,PHL061,https://www.unodc.org/cld/case-law-doc/traffickingpersonscrimetype/phl/2005/criminal_cases_nos._21908_21930.html,traffickingpersonscrimetype,FOUND,1,1,1,1,en,0,0,0,0,0,0,1,5,1,3,1,1,1,1,1,1,1,3,1,3,6,1,0,0,0,0,,1,0,0,,FOUND
1330,Recurso Extraordinario de Casación - Sentencia Número 1067,PRY001,https://www.unodc.org/cld/case-law-doc/traffickingpersonscrimetype/pry/2005/recurso_extraordinario_de_casacion_-_sentencia_numero_1067.html,traffickingpersonscrimetype,FOUND,1,1,2,2,en|es,0,0,0,0,0,0,1,2,1,1,1,1,1,1,2,1,1,2,1,2,2,1,9,18,9,9,Fact Summary|Defendants / Respondents in the first instance|Defendants / Respondents in the first instance|Charges / Claims / Decisions|Charges / Claims / Decisions|Commentary and Significant Features|Procedural Information|Sources / Citations|unheaded:unheaded,1,0,0,,FOUND
1331,R. v. Shaban Maka,GBR025,https://www.unodc.org/cld/case-law-doc/traffickingpersonscrimetype/gbr/2005/r._v._shaban_maka.html,traffickingpersonscrimetype,FOUND,1,1,1,1,en,1,4,1,1,1,1,1,3,1,1,1,1,1,1,1,1,1,1,1,1,2,1,0,0,0,0,,1,0,0,,FOUND
1332,"Regina v. Lorenc Roci, Vullnet Ismailaj",GBR024,https://www.unodc.org/cld/case-law-doc/traffickingpersonscrimetype/gbr/2005/regina_v._lorenc_roci_vullnet_ismailaj.html,traffickingpersonscrimetype,FOUND,1,1,1,1,en,1,2,1,1,1,1,1,2,1,1,1,1,1,1,1,1,1,4,1,4,3,1,0,0,0,0,,1,0,0,,FOUND
1333,United States v. Clarence Howard Brown,USA072,https://www.unodc.org/cld/case-law-doc/traffickingpersonscrimetype/usa/2005/united_states_v._clarence_howard_brown.html,traffickingpersonscrimetype,FOUND,1,1,1,1,en,0,0,0,0,0,0,1,4,1,4,1,1,1,1,1,1,1,2,1,2,4,1,0,0,0,0,,1,0,0,,FOUND
1334,Nersisyan et al,ARM001,https://www.unodc.org/cld/case-law-doc/criminalgroupcrimetype/arm/2005/nersisyan_et_al.html,criminalgroupcrimetype,FOUND,1,1,1,1,en,0,0,0,0,0,0,1,2,1,2,1,1,1,1,2,1,1,4,1,4,7,1,0,0,0,0,,2,0,0,,FOUND
1335,United States v. Zavala and Ibanez,USA027,https://www.unodc.org/cld/case-law-doc/traffickingpersonscrimetype/usa/2005/united_states_v._zavala_and_ibanez.html,traffickingpersonscrimetype,FOUND,1,1,1,1,en,0,0,0,0,0,0,1,3,1,2,1,1,1,1,2,1,1,2,1,2,8,1,0,0,0,0,,1,0,0,,FOUND
1336,Siliadin v. France,IRB004,https://www.unodc.org/cld/case-law-doc/traffickingpersonscrimetype/_irb/2005/siliadin_v._france.html,traffickingpersonscrimetype,FOUND,1,1,1,1,en,0,0,0,0,0,0,1,5,1,3,1,2,1,1,1,1,1,1,1,1,1,1,0,0,0,0,,1,0,0,,FOUND
1337,ACR 200151015277898RJ,BRA105,https://www.unodc.org/cld/case-law-doc/traffickingpersonscrimetype/bra/2005/acr_200151015277898rj.html,traffickingpersonscrimetype,FOUND,1,1,1,1,en,1,1,0,0,1,1,1,1,0,0,1,1,1,1,4,1,1,4,1,4,2,1,0,0,0,0,,1,0,0,,FOUND
1338,United States v. Nantawat Naovasaisri,USA134,https://www.unodc.org/cld/case-law-doc/traffickingpersonscrimetype/usa/2005/united_states_v._nantawat_naovasaisri.html,traffickingpersonscrimetype,FOUND,1,1,1,1,en,0,0,0,0,0,0,1,2,1,1,1,1,1,1,2,1,1,1,1,1,5,1,0,0,0,0,,1,0,0,,FOUND
1339,K.P.4/05,SRB004,https://www.unodc.org/cld/case-law-doc/criminalgroupcrimetype/srb/2005/k.p.405_.html,criminalgroupcrimetype,FOUND,1,1,1,1,en,0,0,0,0,0,0,1,2,1,2,1,1,1,1,2,1,1,4,1,4,4,1,0,0,0,0,,2,0,0,,FOUND
1340,R v Kwok (2005),AUS010,https://www.unodc.org/cld/case-law-doc/traffickingpersonscrimetype/aus/2005/r_v_kwok_2005.html,traffickingpersonscrimetype,FOUND,1,1,1,1,en,0,0,0,0,0,0,1,5,1,5,1,3,1,1,1,1,1,4,1,4,4,1,0,0,0,0,,1,0,0,,FOUND
1341,Processo n 2004.61.20.001211-9,BRA049,https://www.unodc.org/cld/case-law-doc/criminalgroupcrimetype/bra/2005/processo_n_2004.61.20.001211-9_.html,criminalgroupcrimetype,FOUND,1,1,1,1,en,1,3,1,1,1,1,1,3,1,1,1,1,1,1,1,1,1,4,1,4,8,1,0,0,0,0,,3,0,0,,FOUND
1342,Hon. Attorney General of the Federation v. Hussaina Ibrahim and Idris Aminus,NGA003,https://www.unodc.org/cld/case-law-doc/traffickingpersonscrimetype/nga/2005/hon._attorney_general_of_the_federation_v._hussaina_ibrahim_and_idris_aminus.html,traffickingpersonscrimetype,FOUND,1,1,1,1,en,0,0,0,0,0,0,1,3,1,1,1,1,1,1,1,1,1,2,1,2,7,1,0,0,0,0,,2,0,0,,FOUND
1343,Case No B 4385-05,SWE031,https://www.unodc.org/cld/case-law-doc/traffickingpersonscrimetype/swe/2005/case_no_b_4385-05.html,traffickingpersonscrimetype,FOUND,1,1,1,1,en,1,2,1,3,1,1,1,2,1,3,1,1,1,1,2,1,1,1,1,1,2,1,0,0,0,0,,1,0,0,,FOUND
1344,United States v. Lee,USA015,https://www.unodc.org/cld/case-law-doc/traffickingpersonscrimetype/usa/2005/united_states_v._lee.html,traffickingpersonscrimetype,FOUND,1,1,1,1,en,0,0,0,0,0,0,1,3,1,3,1,3,1,1,1,1,1,3,1,3,8,1,0,0,0,0,,1,0,0,,FOUND
1345,Eastern High Court judgment 17 June 2005,DNK007,https://www.unodc.org/cld/case-law-doc/criminalgroupcrimetype/dnk/2005/eastern_high_court_judgment_17_june_2005.html,criminalgroupcrimetype,FOUND,1,1,1,1,en,0,0,0,0,0,0,1,3,1,3,1,1,1,1,1,1,1,2,1,2,5,1,0,0,0,0,,3,0,0,,FOUND
1346,United States v. Lueleni Fetongi Maka,USA090,https://www.unodc.org/cld/case-law-doc/traffickingpersonscrimetype/usa/2005/united_states_v._lueleni_fetongi_maka.html,traffickingpersonscrimetype,FOUND,1,1,1,1,en,0,0,0,0,0,0,1,4,1,2,1,1,1,1,1,1,1,1,1,1,4,1,0,0,0,0,,1,0,0,,FOUND
1347,Case No B 4156-04,SWE020,https://www.unodc.org/cld/case-law-doc/drugcrimetype/swe/2005/case_no_b_4156-04.html,drugcrimetype,FOUND,1,1,1,1,en,0,0,0,0,0,0,1,3,1,2,1,1,1,1,1,1,1,8,1,8,27,1,0,0,0,0,,5,0,0,,FOUND
1348,DPP v S.C.M.X (2005),AUS012,https://www.unodc.org/cld/case-law-doc/traffickingpersonscrimetype/aus/2005/dpp_v_s.c.m.x_2005.html,traffickingpersonscrimetype,FOUND,1,1,1,1,en,0,0,0,0,0,0,0,0,0,0,0,0,1,1,1,1,1,3,1,3,11,1,0,0,0,0,,1,0,0,,FOUND
1349,United States v. Wallace,USA162,https://www.unodc.org/cld/case-law-doc/traffickingpersonscrimetype/usa/2005/united_states_v._wallace.html,traffickingpersonscrimetype,FOUND,1,1,1,1,en,0,0,0,0,0,0,1,3,1,4,1,3,1,1,1,1,1,2,1,2,2,1,0,0,0,0,,1,0,0,,FOUND
1350,United States v Guadalupe Ventura,USA133,https://www.unodc.org/cld/case-law-doc/traffickingpersonscrimetype/usa/2005/united_states_v_guadalupe_ventura.html,traffickingpersonscrimetype,FOUND,1,1,1,1,en,0,0,0,0,0,0,0,0,0,0,0,0,1,1,2,1,1,2,1,2,6,1,0,0,0,0,,1,0,0,,FOUND
1351,K 110-04,SRB013,https://www.unodc.org/cld/case-law-doc/traffickingpersonscrimetype/srb/2005/k_110-04_.html,traffickingpersonscrimetype,FOUND,1,1,1,1,en,0,0,0,0,0,0,1,1,1,3,1,1,1,1,2,1,1,1,1,1,2,1,0,0,0,0,,2,0,0,,FOUND
1352,United States v. Justin Evans,USA077,https://www.unodc.org/cld/case-law-doc/traffickingpersonscrimetype/usa/2005/united_states_v._justin_evans.html,traffickingpersonscrimetype,FOUND,1,1,1,1,en,0,0,0,0,0,0,1,1,0,0,1,1,1,1,1,1,1,3,1,3,8,1,0,0,0,0,,1,0,0,,FOUND
1353,United States V. Gouw,USA158,https://www.unodc.org/cld/case-law-doc/criminalgroupcrimetype/usa/2005/united_states_v._gouw.html,criminalgroupcrimetype,FOUND,1,1,1,1,en,0,0,0,0,0,0,1,2,1,1,1,1,1,1,1,1,1,2,1,2,5,1,0,0,0,0,,2,0,0,,FOUND
1354,3 T 52/2004,SVK025,https://www.unodc.org/cld/case-law-doc/traffickingpersonscrimetype/svk/2005/3_t_522004_.html,traffickingpersonscrimetype,FOUND,1,1,1,1,en,0,0,0,0,0,0,1,2,1,4,1,1,1,1,1,1,1,3,1,3,4,1,0,0,0,0,,2,0,0,,FOUND
1355,Decision No. 240,ALB010,https://www.unodc.org/cld/case-law-doc/traffickingpersonscrimetype/alb/2005/decision_no._240.html,traffickingpersonscrimetype,FOUND,1,1,1,1,en,0,0,0,0,0,0,1,2,1,3,1,1,1,1,1,1,1,2,1,2,2,1,0,0,0,0,,1,0,0,,FOUND
1356,R v DS (2005),AUS009,https://www.unodc.org/cld/case-law-doc/traffickingpersonscrimetype/aus/2005/r_v_ds_2005.html,traffickingpersonscrimetype,FOUND,1,1,1,1,en,0,0,0,0,0,0,1,4,1,4,1,1,1,1,5,1,1,1,1,1,2,1,0,0,0,0,,1,0,0,,FOUND
1357,II AKa 75/05,POL008,https://www.unodc.org/cld/case-law-doc/traffickingpersonscrimetype/pol/2005/ii_aka_7505.html,traffickingpersonscrimetype,FOUND,1,1,1,1,en,0,0,0,0,0,0,1,2,0,0,1,1,1,1,3,1,1,1,1,1,1,1,0,0,0,0,,1,0,0,,FOUND
1358,4 T 202/2004,SVK033,https://www.unodc.org/cld/case-law-doc/traffickingpersonscrimetype/svk/2005/4_t_2022004_.html,traffickingpersonscrimetype,FOUND,1,1,1,1,en,0,0,0,0,0,0,1,1,1,3,1,1,1,1,1,1,1,1,1,1,1,0,0,0,0,0,,1,0,0,,FOUND
1359,González et al,COL003,https://www.unodc.org/cld/case-law-doc/criminalgroupcrimetype/col/2005/gonzalez_et_al.html,criminalgroupcrimetype,FOUND,1,1,2,2,en|es,0,0,0,0,0,0,1,2,1,1,1,1,1,1,3,1,1,4,1,4,4,1,9,18,8,8,Fact Summary|Defendants / Respondents in the first instance|Defendants / Respondents in the first instance|Defendants / Respondents in the first instance|Defendants / Respondents in the first instance|Charges / Claims / Decisions|Commentary and Significant Features|Procedural Information,2,0,0,,FOUND
1360,Aarhus District Court judgment 15 March 2005,DNK001,https://www.unodc.org/cld/case-law-doc/traffickingpersonscrimetype/dnk/2005/aarhus_district_court_judgment_15_march_2005.html,traffickingpersonscrimetype,FOUND,1,1,1,1,en,0,0,0,0,0,0,1,4,1,1,1,1,1,1,1,1,1,2,1,2,9,1,0,0,0,0,,2,0,0,,FOUND
1361,"Chi Yui, Oi-Chee & Lam",CHN002,https://www.unodc.org/cld/case-law-doc/traffickingpersonscrimetype/chn/2005/chi_yui_oi-chee_lam.html,traffickingpersonscrimetype,FOUND,1,1,1,1,en,0,0,0,0,0,0,1,4,1,2,1,1,1,1,1,1,1,3,1,3,3,1,0,0,0,0,,1,0,0,,FOUND
1362,Case No B 2698-04,SWE004,https://www.unodc.org/cld/case-law-doc/traffickingpersonscrimetype/swe/2005/case_no_b_2698-04.html,traffickingpersonscrimetype,FOUND,1,1,1,1,en,0,0,0,0,0,0,1,2,1,2,1,1,1,1,1,1,1,4,1,4,9,1,0,0,0,0,,2,0,0,,FOUND
1363,Burnstein vs. State of Israel,ISR010,https://www.unodc.org/cld/case-law-doc/traffickingpersonscrimetype/isr/2005/burnstein_vs._state_of_israel.html,traffickingpersonscrimetype,FOUND,1,1,1,1,en,0,0,0,0,0,0,1,2,1,1,1,1,1,1,1,1,1,1,1,1,1,1,0,0,0,0,,1,0,0,,FOUND
1364,Decision No. 107,ALB009,https://www.unodc.org/cld/case-law-doc/traffickingpersonscrimetype/alb/2005/decision_no._107.html,traffickingpersonscrimetype,FOUND,1,1,1,1,en,0,0,0,0,0,0,1,1,0,0,1,1,1,1,1,1,1,2,1,2,2,1,1,2,0,0,,1,0,0,,FOUND
1365,Decision No. 97,ALB008,https://www.unodc.org/cld/case-law-doc/traffickingpersonscrimetype/alb/2005/decision_no._97.html,traffickingpersonscrimetype,FOUND,1,1,1,1,en,0,0,0,0,0,0,1,4,1,2,1,1,1,1,1,1,1,2,1,2,2,1,0,0,0,0,,1,0,0,,FOUND
1366,K 151/04,SRB031,https://www.unodc.org/cld/case-law-doc/traffickingpersonscrimetype/srb/2005/k_15104.html,traffickingpersonscrimetype,FOUND,1,1,1,1,en,0,0,0,0,0,0,1,3,1,4,1,1,1,1,3,1,1,1,1,1,1,1,0,0,0,0,,1,0,0,,FOUND
1367,State of Israel vs. Zaletzky,ISR014,https://www.unodc.org/cld/case-law-doc/criminalgroupcrimetype/isr/2005/state_of_israel_vs._zaletzky.html,criminalgroupcrimetype,FOUND,1,1,1,1,en,0,0,0,0,0,0,1,2,1,3,1,1,1,1,2,1,1,2,1,2,6,1,0,0,0,0,,3,0,0,,FOUND
1368,United States v. Derek Roberts,USA075,https://www.unodc.org/cld/case-law-doc/traffickingpersonscrimetype/usa/2005/united_states_v._derek_roberts.html,traffickingpersonscrimetype,FOUND,1,1,1,1,en,0,0,0,0,0,0,0,0,0,0,1,1,1,1,3,1,1,1,1,1,2,1,0,0,0,0,,1,0,0,,FOUND
1369,United States v. Troy Lamar Sutherland,USA055,https://www.unodc.org/cld/case-law-doc/traffickingpersonscrimetype/usa/2005/united_states_v._troy_lamar_sutherland.html,traffickingpersonscrimetype,FOUND,1,1,1,1,en,0,0,0,0,0,0,1,2,0,0,1,1,1,1,1,1,1,1,1,1,2,1,0,0,0,0,,1,0,0,,FOUND
1370,The Queen of the Application of the Director of the Assets Recovery Agency v. Jia Jin He & Dan Dan Chen,GBR011,https://www.unodc.org/cld/case-law-doc/moneylaunderingcrimetype/gbr/2004/the_queen_of_the_application_of_the_director_of_the_assets_recovery_agency_v._jia_jin_he_dan_dan_chen.html,moneylaunderingcrimetype,FOUND,1,1,1,1,en,0,0,0,0,0,0,0,0,0,0,0,0,0,0,0,1,1,2,1,2,2,1,0,0,0,0,,2,0,0,,FOUND
1371,"Luis, Manuel & Hector",ESP004,https://www.unodc.org/cld/case-law-doc/criminalgroupcrimetype/esp/2004/luis_manuel_hector.html,criminalgroupcrimetype,FOUND,1,1,2,2,en|es,0,0,0,0,0,0,1,5,1,2,1,1,1,1,3,1,1,3,1,3,4,1,6,12,6,6,Fact Summary|Charges / Claims / Decisions|Charges / Claims / Decisions|Charges / Claims / Decisions|Procedural Information|Sources / Citations,2,0,0,,FOUND
1372,Case No B 3863-04,SWE029,https://www.unodc.org/cld/case-law-doc/criminalgroupcrimetype/swe/2004/case_no_b_3863-04.html,criminalgroupcrimetype,FOUND,1,1,1,1,en,0,0,0,0,0,0,1,4,1,1,1,1,1,1,1,1,1,3,1,3,3,1,0,0,0,0,,3,0,0,,FOUND
1373,Attorney-General of the Federation v. Sarah Okoya,NGA001,https://www.unodc.org/cld/case-law-doc/traffickingpersonscrimetype/nga/2004/attorney-general_of_the_federation_v._sarah_okoya.html,traffickingpersonscrimetype,FOUND,1,1,1,1,en,0,0,0,0,0,0,1,3,1,2,1,1,1,1,6,1,1,1,1,1,3,1,0,0,0,0,,2,0,0,,FOUND
1374,United States v. Theresa Mubang,USA089,https://www.unodc.org/cld/case-law-doc/traffickingpersonscrimetype/usa/2004/united_states_v._theresa_mubang.html,traffickingpersonscrimetype,FOUND,1,1,1,1,en,0,0,0,0,0,0,1,3,1,2,1,2,1,1,2,1,1,1,1,1,2,1,0,0,0,0,,1,0,0,,FOUND
1375,Unites States v. Derrick Jacinto White,USA068,https://www.unodc.org/cld/case-law-doc/traffickingpersonscrimetype/usa/2004/unites_states_v._derrick_jacinto_white.html,traffickingpersonscrimetype,FOUND,1,1,1,1,en,0,0,0,0,0,0,1,1,1,2,0,0,1,1,1,1,1,1,1,1,4,1,0,0,0,0,,1,0,0,,FOUND
1376,東京高裁平十六（う）第1746号 (Tokyo High Court 2004 (U) No. 1746),JPN003,https://www.unodc.org/cld/case-law-doc/traffickingpersonscrimetype/jpn/2004/1746_tokyo_high_court_2004_u_no._1746.html,traffickingpersonscrimetype,FOUND,1,1,1,1,en,0,0,0,0,0,0,1,1,1,1,1,1,1,1,3,1,1,1,1,1,1,1,0,0,0,0,,1,0,0,,FOUND
1377,"United States v. Michael Wayne Thomas, Criminal Case No. 04-0082",USA041,https://www.unodc.org/cld/case-law-doc/traffickingpersonscrimetype/usa/2004/united_states_v._michael_wayne_thomas_criminal_case_no._04-0082.html,traffickingpersonscrimetype,FOUND,1,1,1,1,en,0,0,0,0,0,0,1,3,1,1,1,1,1,1,2,1,1,1,1,1,2,1,0,0,0,0,,1,0,0,,FOUND
1378,United States v. Roman Valdma,USA053,https://www.unodc.org/cld/case-law-doc/traffickingpersonscrimetype/usa/2004/united_states_v._roman_valdma.html,traffickingpersonscrimetype,FOUND,1,1,1,1,en,0,0,0,0,0,0,1,4,1,4,1,1,1,1,2,1,1,1,1,1,6,1,0,0,0,0,,1,0,0,,FOUND
1379,United States v. Gates,USA021,https://www.unodc.org/cld/case-law-doc/traffickingpersonscrimetype/usa/2004/united_states_v._gates.html,traffickingpersonscrimetype,FOUND,1,1,1,1,en,0,0,0,0,0,0,1,1,1,2,1,1,1,1,1,1,1,2,1,2,4,1,0,0,0,0,,1,0,0,,FOUND
1380,United States v. Trakhtenberg,USA026,https://www.unodc.org/cld/case-law-doc/traffickingpersonscrimetype/usa/2004/united_states_v._trakhtenberg.html,traffickingpersonscrimetype,FOUND,1,1,1,1,en,0,0,0,0,0,0,1,2,1,3,1,1,1,1,1,1,1,3,1,3,11,1,0,0,0,0,,1,0,0,,FOUND
1381,P. v. State of U.P. and Ors.,IND029,https://www.unodc.org/cld/case-law-doc/traffickingpersonscrimetype/ind/2004/p._v._state_of_u.p._and_ors..html,traffickingpersonscrimetype,FOUND,1,1,1,1,en,0,0,0,0,0,0,1,4,1,2,1,1,1,1,1,1,1,1,1,1,1,1,0,0,0,0,,1,0,0,,FOUND
1382,Processo nº 2004.03.00.022133-0 17015,BRA075,https://www.unodc.org/cld/case-law-doc/criminalgroupcrimetype/bra/2004/processo_n_2004.03.00.022133-0_17015.html,criminalgroupcrimetype,FOUND,1,1,1,1,en,0,0,0,0,0,0,1,3,1,1,1,1,1,1,1,1,1,1,1,1,2,1,0,0,0,0,,2,0,0,,FOUND
1383,Processo nº 2004.03.00.022133-0,BRA030,https://www.unodc.org/cld/case-law-doc/criminalgroupcrimetype/bra/2004/processo_n_2004.03.00.022133-0_.html,criminalgroupcrimetype,FOUND,1,1,1,1,en,0,0,0,0,0,0,1,2,1,2,1,1,1,1,1,1,1,1,1,1,2,1,0,0,0,0,,2,0,0,,FOUND
1384,117/ 2004,ROU017,https://www.unodc.org/cld/case-law-doc/traffickingpersonscrimetype/rou/2004/117_2004.html,traffickingpersonscrimetype,FOUND,1,1,1,1,en,0,0,0,0,0,0,1,2,1,1,1,1,1,1,7,1,1,4,1,4,4,1,0,0,0,0,,1,0,0,,FOUND
1385,"United States v. Herri Nasution (aka USA v. Trisanti, et al)",USA107,https://www.unodc.org/cld/case-law-doc/traffickingpersonscrimetype/usa/2004/united_states_v._herri_nasution_aka_usa_v._trisanti_et_al.html,traffickingpersonscrimetype,FOUND,1,1,1,1,en,0,0,0,0,0,0,1,4,1,1,1,1,1,1,1,1,1,2,1,2,4,1,0,0,0,0,,1,0,0,,FOUND
1386,"United States v Theodore Love, Jr",USA106,https://www.unodc.org/cld/case-law-doc/traffickingpersonscrimetype/usa/2004/united_states_v_theodore_love_jr.html,traffickingpersonscrimetype,FOUND,1,1,1,1,en,0,0,0,0,0,0,1,2,1,1,1,1,1,1,1,1,1,1,1,1,3,1,0,0,0,0,,1,0,0,,FOUND
1387,Public Union for Civil Liberties v. State of Tamil Nadu and Ors.,IND019,https://www.unodc.org/cld/case-law-doc/traffickingpersonscrimetype/ind/2004/public_union_for_civil_liberties_v._state_of_tamil_nadu_and_ors._.html,traffickingpersonscrimetype,FOUND,1,1,1,1,en,0,0,0,0,0,0,1,2,0,0,1,1,1,1,1,1,1,1,1,1,1,1,0,0,0,0,,1,0,0,,FOUND
1388,Criminal Case [2004] EWCA Crim 1275,GBR008,https://www.unodc.org/cld/case-law-doc/traffickingpersonscrimetype/gbr/2004/criminal_case_2004_ewca_crim_1275.html,traffickingpersonscrimetype,FOUND,1,1,1,1,en,0,0,0,0,0,0,1,5,1,4,1,1,1,1,7,1,1,1,1,1,4,1,0,0,0,0,,1,0,0,,FOUND
1389,ACR 1998.39.00.008956-8 TRF1,BRA110,https://www.unodc.org/cld/case-law-doc/traffickingpersonscrimetype/bra/2004/acr_1998.39.00.008956-8_trf1.html,traffickingpersonscrimetype,FOUND,1,1,1,1,en,1,5,1,2,1,1,1,5,1,2,1,1,1,1,1,1,1,4,1,4,4,1,0,0,0,0,,1,0,0,,FOUND
1390,5233/2003,ROU006,https://www.unodc.org/cld/case-law-doc/traffickingpersonscrimetype/rou/2004/52332003.html,traffickingpersonscrimetype,FOUND,1,1,1,1,en,0,0,0,0,0,0,1,3,1,4,0,0,1,1,3,1,1,1,1,1,1,1,0,0,0,0,,1,0,0,,FOUND
1391,3 To 43/2004,SVK031,https://www.unodc.org/cld/case-law-doc/traffickingpersonscrimetype/svk/2004/3_to_432004.html,traffickingpersonscrimetype,FOUND,1,1,1,1,en,0,0,0,0,0,0,1,1,1,1,1,1,1,1,1,1,1,1,1,1,1,1,0,0,0,0,,1,0,0,,FOUND
1392,3 T 136/2003,SVK021,https://www.unodc.org/cld/case-law-doc/traffickingpersonscrimetype/svk/2004/3_t_1362003_.html,traffickingpersonscrimetype,FOUND,1,1,1,1,en,0,0,0,0,0,0,1,1,1,1,1,1,1,1,3,1,1,3,1,3,3,1,0,0,0,0,,1,0,0,,FOUND
1393,Sahyog Mahila Mandal and Anr. Versus State of Gujarat and Ors.,IND023,https://www.unodc.org/cld/case-law-doc/traffickingpersonscrimetype/ind/2004/sahyog_mahila_mandal_and_anr._versus_state_of_gujarat_and_ors..html,traffickingpersonscrimetype,FOUND,1,1,1,1,en,0,0,0,0,0,0,1,5,1,4,1,1,1,1,2,1,1,1,1,1,1,1,0,0,0,0,,1,0,0,,FOUND
1394,Court on its own Motion v. State,IND008,https://www.unodc.org/cld/case-law-doc/traffickingpersonscrimetype/ind/2004/court_on_its_own_motion_v._state.html,traffickingpersonscrimetype,FOUND,1,1,1,1,en,0,0,0,0,0,0,0,0,0,0,1,1,1,1,1,1,1,1,0,0,0,1,0,0,0,0,,1,0,0,,FOUND
1395,3 To 17/2004,SVK028,https://www.unodc.org/cld/case-law-doc/traffickingpersonscrimetype/svk/2004/3_to_172004.html,traffickingpersonscrimetype,FOUND,1,1,1,1,en,0,0,0,0,0,0,1,2,1,3,1,1,1,1,3,1,1,2,1,2,3,1,0,0,0,0,,2,0,0,,FOUND
1396,Kwok Ho,CHN001,https://www.unodc.org/cld/case-law-doc/traffickingpersonscrimetype/chn/2004/kwok_ho.html,traffickingpersonscrimetype,FOUND,1,1,1,1,en,0,0,0,0,0,0,1,5,1,1,1,2,1,1,1,1,1,1,1,1,3,1,0,0,0,0,,1,0,0,,FOUND
1397,Lamarie Pierre Charles Jacques v The State,MUS001,https://www.unodc.org/cld/case-law-doc/traffickingpersonscrimetype/mus/2004/lamarie_pierre_charles_jacques_v_the_state_.html,traffickingpersonscrimetype,FOUND,1,1,1,1,en,0,0,0,0,0,0,1,2,1,2,1,1,1,1,1,1,1,2,1,2,2,1,0,0,0,0,,1,0,0,,FOUND
1398,United States v. Blackwell,USA020,https://www.unodc.org/cld/case-law-doc/traffickingpersonscrimetype/usa/2004/united_states_v._blackwell.html,traffickingpersonscrimetype,FOUND,1,1,1,1,en,0,0,0,0,0,0,1,2,1,3,1,2,1,1,1,1,1,2,1,2,3,1,0,0,0,0,,1,0,0,,FOUND
1399,United States v. Tong Xiong,USA088,https://www.unodc.org/cld/case-law-doc/traffickingpersonscrimetype/usa/2003/united_states_v._tong_xiong.html,traffickingpersonscrimetype,FOUND,1,1,1,1,en,0,0,0,0,0,0,1,1,1,1,1,1,1,1,3,1,1,2,1,2,2,1,0,0,0,0,,1,0,0,,FOUND
1400,Case No B 4388-03,SWE007,https://www.unodc.org/cld/case-law-doc/drugcrimetype/swe/2003/case_no_b_4388-03.html,drugcrimetype,FOUND,1,1,1,1,en,0,0,0,0,0,0,1,2,1,4,1,1,1,1,1,1,1,2,1,2,6,1,0,0,0,0,,3,0,0,,FOUND
1401,Foyam Sk. @ Fhoim Sk. @ Fine Sk. and Samina Bibi v. State of West Bengal,IND021,https://www.unodc.org/cld/case-law-doc/traffickingpersonscrimetype/ind/2003/foyam_sk._fhoim_sk._fine_sk._and_samina_bibi_v._state_of_west_bengal.html,traffickingpersonscrimetype,FOUND,1,1,1,1,en,0,0,0,0,0,0,1,4,1,2,1,1,1,1,1,1,1,2,1,2,4,1,0,0,0,0,,2,0,0,,FOUND
1402,State of Israel vs. Yaish Ben David,ISR007,https://www.unodc.org/cld/case-law-doc/traffickingpersonscrimetype/isr/2003/state_of_israel_vs._yaish_ben_david.html,traffickingpersonscrimetype,FOUND,1,1,1,1,en,0,0,0,0,0,0,1,2,1,1,1,1,1,1,3,1,1,1,1,1,1,1,1,2,0,0,,1,0,0,,FOUND
1403,ACR 200102010335742RJ,BRA089,https://www.unodc.org/cld/case-law-doc/traffickingpersonscrimetype/bra/2003/acr_200102010335742rj.html,traffickingpersonscrimetype,FOUND,1,1,1,1,en,1,1,1,3,1,1,1,1,1,3,1,1,1,1,4,1,1,1,1,1,3,1,0,0,0,0,,2,0,0,,FOUND
1404,Borisov et al vs. State of Israel,ISR008,https://www.unodc.org/cld/case-law-doc/traffickingpersonscrimetype/isr/2003/borisov_et_al_vs._state_of_israel.html,traffickingpersonscrimetype,FOUND,1,1,1,1,en,0,0,0,0,0,0,1,1,1,3,1,1,1,1,2,1,1,2,1,2,8,1,0,0,0,0,,2,0,0,,FOUND
1405,"United States v. Timothy Bradley, Criminal Case No. 03-CR-61",USA040,https://www.unodc.org/cld/case-law-doc/traffickingpersonscrimetype/usa/2003/united_states_v._timothy_bradley_criminal_case_no._03-cr-61.html,traffickingpersonscrimetype,FOUND,1,1,1,1,en,0,0,0,0,0,0,1,3,1,4,1,1,1,1,5,1,1,2,1,2,5,1,0,0,0,0,,1,0,0,,FOUND
1406,Frudenthal vs. State of Israel,ISR011,https://www.unodc.org/cld/case-law-doc/traffickingpersonscrimetype/isr/2003/frudenthal_vs._state_of_israel_.html,traffickingpersonscrimetype,FOUND,1,1,1,1,en,0,0,0,0,0,0,1,3,1,3,1,2,1,1,2,1,1,1,1,1,4,1,0,0,0,0,,1,0,0,,FOUND
1407,Criminal Appeal ACR no. 1999.71.03.001519-4RS,BRA97,https://www.unodc.org/cld/case-law-doc/traffickingpersonscrimetype/bra/2003/criminal_appeal_acr_no._1999.71.03.001519-4rs.html,traffickingpersonscrimetype,FOUND,1,1,1,1,en,1,4,1,1,1,1,0,0,0,0,0,0,1,1,3,1,1,1,1,1,1,0,0,0,0,0,,1,0,0,,FOUND
1408,United States v. Armando Soto-Huarto,USA102,https://www.unodc.org/cld/case-law-doc/traffickingpersonscrimetype/usa/2003/united_states_v._armando_soto-huarto.html,traffickingpersonscrimetype,FOUND,1,1,1,1,en,0,0,0,0,0,0,1,1,1,2,1,2,1,1,1,1,1,8,1,8,5,1,0,0,0,0,,1,0,0,,FOUND
1409,Savera v. State of Goa,IND015,https://www.unodc.org/cld/case-law-doc/traffickingpersonscrimetype/ind/2003/savera_v._state_of_goa.html,traffickingpersonscrimetype,FOUND,1,1,1,1,en,0,0,0,0,0,0,1,5,1,3,1,1,1,1,1,1,1,1,1,1,1,1,0,0,0,0,,1,0,0,,FOUND
1410,Pareja and Álvarez,COL006,https://www.unodc.org/cld/case-law-doc/criminalgroupcrimetype/col/2003/pareja_and_alvarez.html,criminalgroupcrimetype,FOUND,1,1,1,1,en,0,0,0,0,0,0,1,2,1,1,1,1,1,1,1,1,1,2,1,2,2,1,1,2,1,0,,2,3,3,DUPLICATE_TAB_PANE_ID|DUPLICATE_TAB_HREF|TAB_GROUP_MULTIPLE_ACTIVE_PANES,PARTIAL
1411,Case No B 3065-03,SWE032,https://www.unodc.org/cld/case-law-doc/traffickingpersonscrimetype/swe/2003/case_no_b_3065-03.html,traffickingpersonscrimetype,FOUND,1,1,1,1,en,1,2,1,1,1,1,1,2,1,1,1,1,1,1,1,1,1,1,1,1,2,1,0,0,0,0,,1,0,0,,FOUND
1412,Sampath Kumar Vellingiri & 78 Yang Lain v Chin Well Fasteners & Co Sdn Bhd,MYS002,https://www.unodc.org/cld/case-law-doc/traffickingpersonscrimetype/mys/2003/_sampath_kumar_vellingiri_78_yang_lain_v_chin_well_fasteners_co_sdn_bhd.html,traffickingpersonscrimetype,FOUND,1,1,1,1,en,0,0,0,0,0,0,1,3,1,2,1,1,1,1,1,1,1,1,1,1,1,1,0,0,0,0,,1,0,0,,FOUND
1413,USA v. N.G. and S.E.G,USAx051,https://www.unodc.org/cld/case-law-doc/migrantsmugglingcrimetype/usa/2003/usa_v._n.g._and_s.e.g.html,migrantsmugglingcrimetype,FOUND,1,1,1,1,en,0,0,0,0,0,0,0,0,0,0,0,0,1,1,1,1,1,2,1,2,2,0,0,0,0,0,,3,0,0,,FOUND
1414,United States vs. Gasanova,USA029,https://www.unodc.org/cld/case-law-doc/traffickingpersonscrimetype/usa/2003/united_states_vs._gasanova.html,traffickingpersonscrimetype,FOUND,1,1,1,1,en,0,0,0,0,0,0,1,2,1,3,0,0,1,1,3,1,1,2,1,2,6,1,0,0,0,0,,1,0,0,,FOUND
1415,1040/2003,ROU010,https://www.unodc.org/cld/case-law-doc/traffickingpersonscrimetype/rou/2003/10402003.html,traffickingpersonscrimetype,FOUND,1,1,1,1,en,0,0,0,0,0,0,1,1,1,1,1,1,1,1,1,1,1,1,1,1,1,1,0,0,0,0,,1,0,0,,FOUND
1416,3 To 1119/2002,SVK027,https://www.unodc.org/cld/case-law-doc/traffickingpersonscrimetype/svk/2003/3_to_11192002_.html,traffickingpersonscrimetype,FOUND,1,1,1,1,en,0,0,0,0,0,0,1,2,1,4,1,1,1,1,3,1,1,3,1,3,4,1,0,0,0,0,,2,0,0,,FOUND
1417,ACR 200051015330641RJ,BRA087,https://www.unodc.org/cld/case-law-doc/traffickingpersonscrimetype/bra/2003/acr_200051015330641rj.html,traffickingpersonscrimetype,FOUND,1,1,1,1,en,1,3,1,1,1,1,1,3,1,1,1,1,1,1,3,1,1,1,1,1,1,1,0,0,0,0,,1,0,0,,FOUND
1418,Maxime X,FRA009,https://www.unodc.org/cld/case-law-doc/traffickingpersonscrimetype/fra/2003/maxime_x.html,traffickingpersonscrimetype,FOUND,1,1,2,2,en|fr,0,0,0,0,0,0,1,1,1,1,1,1,1,1,2,1,1,1,1,1,2,1,4,8,4,4,Fact Summary|Defendants / Respondents in the first instance|Charges / Claims / Decisions|Procedural Information,2,0,0,,FOUND
1419,Case No. II Aka 586/02,POL016,https://www.unodc.org/cld/case-law-doc/traffickingpersonscrimetype/pol/2003/case_no._ii_aka_58602.html,traffickingpersonscrimetype,SECTION_ABSENT,0,0,0,0,,0,0,0,0,0,0,0,0,0,0,0,0,1,1,1,1,1,1,1,1,1,0,0,0,0,0,,1,0,0,,FOUND
1420,United States v. Shannon Marie Wild,USA094,https://www.unodc.org/cld/case-law-doc/traffickingpersonscrimetype/usa/2003/united_states_v._shannon_marie_wild.html,traffickingpersonscrimetype,FOUND,1,1,1,1,en,0,0,0,0,0,0,1,1,1,1,1,1,1,1,1,1,1,2,1,2,3,1,0,0,0,0,,1,0,0,,FOUND
1421,Processo n 2001.71.03.001661-4,BRA043,https://www.unodc.org/cld/case-law-doc/traffickingpersonscrimetype/bra/2003/processo_n_2001.71.03.001661-4_.html,traffickingpersonscrimetype,FOUND,1,1,1,1,en,0,0,0,0,0,0,1,2,1,1,1,1,1,1,2,1,1,2,1,2,4,1,0,0,0,0,,1,0,0,,FOUND
1422,2 To 1075/2002,SVK017,https://www.unodc.org/cld/case-law-doc/traffickingpersonscrimetype/svk/2002/2_to_10752002_.html,traffickingpersonscrimetype,FOUND,1,1,1,1,en,0,0,0,0,0,0,1,2,1,4,1,1,1,1,8,1,1,2,1,2,3,1,0,0,0,0,,1,0,0,,FOUND
1423,Judgment No. 3162/2003 of the Court of Cassation,ITA002,https://www.unodc.org/cld/case-law-doc/migrantsmugglingcrimetype/ita/2002/judgment_no._31622003_of_the_court_of_cassation.html,migrantsmugglingcrimetype,SECTION_ABSENT,0,0,0,0,,0,0,0,0,0,0,1,2,1,3,1,1,1,1,1,1,1,1,1,1,1,0,0,0,0,0,,2,0,0,,FOUND
1424,BGE 129 IV 81,CHE005,https://www.unodc.org/cld/case-law-doc/traffickingpersonscrimetype/che/2002/bge_129_iv_81_.html,traffickingpersonscrimetype,FOUND,1,1,1,1,en,0,0,0,0,0,0,1,1,1,3,1,1,1,1,1,1,1,1,1,1,3,1,0,0,0,0,,2,0,0,,FOUND
1425,3 To 294/2002,SVK030,https://www.unodc.org/cld/case-law-doc/traffickingpersonscrimetype/svk/2002/3_to_2942002_.html,traffickingpersonscrimetype,FOUND,1,1,1,1,en,0,0,0,0,0,0,1,2,1,5,1,1,1,1,2,1,1,1,1,1,2,1,0,0,0,0,,2,0,0,,FOUND
1426,1 T 245/2002,SVK006,https://www.unodc.org/cld/case-law-doc/traffickingpersonscrimetype/svk/2002/1_t_2452002_.html,traffickingpersonscrimetype,FOUND,1,1,1,1,en,0,0,0,0,0,0,1,1,1,1,1,1,1,1,3,1,1,1,1,1,1,1,0,0,0,0,,1,0,0,,FOUND
1427,Prerana Versus State of Maharashtra and Ors,IND026,https://www.unodc.org/cld/case-law-doc/traffickingpersonscrimetype/ind/2002/prerana_versus_state_of_maharashtra_and_ors.html,traffickingpersonscrimetype,FOUND,1,1,1,1,en,0,0,0,0,0,0,1,5,1,3,1,1,1,1,1,1,1,3,1,3,3,1,0,0,0,0,,1,0,0,,FOUND
1428,Maria Divina Altagracia Mejia v. M.G.C.,CRI002,https://www.unodc.org/cld/case-law-doc/traffickingpersonscrimetype/cri/2002/maria_divina_altagracia_mejia_v._m.g.c..html,traffickingpersonscrimetype,FOUND,1,1,2,2,en|es,0,0,0,0,0,0,1,4,1,2,1,1,1,1,4,1,1,1,1,1,1,1,4,8,4,4,Fact Summary|Defendants / Respondents in the first instance|Charges / Claims / Decisions|Procedural Information,1,0,0,,FOUND
1429,Yiu Sam,CHN004,https://www.unodc.org/cld/case-law-doc/traffickingpersonscrimetype/chn/2002/yiu_sam.html,traffickingpersonscrimetype,FOUND,1,1,1,1,en,0,0,0,0,0,0,1,3,1,2,1,1,1,1,1,1,1,1,1,1,4,1,0,0,0,0,,2,0,0,,FOUND
1430,United States v Prosper Emeka Udogwu,USA096,https://www.unodc.org/cld/case-law-doc/traffickingpersonscrimetype/usa/2002/united_states_v_prosper_emeka_udogwu.html,traffickingpersonscrimetype,FOUND,1,1,1,1,en,0,0,0,0,0,0,1,2,1,1,1,1,1,1,2,1,1,2,1,2,13,1,0,0,0,0,,1,0,0,,FOUND
1431,"United States v. Juan Ramos, Criminal Case No. 01-14019",USA047,https://www.unodc.org/cld/case-law-doc/traffickingpersonscrimetype/usa/2002/united_states_v._juan_ramos_criminal_case_no._01-14019.html,traffickingpersonscrimetype,FOUND,1,1,1,1,en,0,0,0,0,0,0,1,2,1,2,1,2,1,1,4,1,1,2,1,2,4,1,0,0,0,0,,1,0,0,,FOUND
1432,Mariakutty v. State of Tamil Nadu,IND003,https://www.unodc.org/cld/case-law-doc/traffickingpersonscrimetype/ind/2002/mariakutty_v._state_of_tamil_nadu.html,traffickingpersonscrimetype,FOUND,1,1,1,1,en,0,0,0,0,0,0,1,3,1,3,1,1,1,1,1,1,1,2,1,2,2,1,0,0,0,0,,1,0,0,,FOUND
1433,13Os39/02 (2002),AUT003,https://www.unodc.org/cld/case-law-doc/traffickingpersonscrimetype/aut/2002/13os3902_2002.html,traffickingpersonscrimetype,FOUND,1,1,1,1,en,0,0,0,0,0,0,1,5,1,1,1,1,1,1,1,1,1,10,1,10,16,1,1,2,0,0,,2,0,0,,FOUND
1434,1 T 23/2000,SVK005,https://www.unodc.org/cld/case-law-doc/traffickingpersonscrimetype/svk/2002/1_t_232000_.html,traffickingpersonscrimetype,FOUND,1,1,1,1,en,0,0,0,0,0,0,1,2,1,5,1,1,1,1,6,1,1,2,1,2,4,1,0,0,0,0,,2,0,0,,FOUND
1435,Switzerland v. A and B - Criminal Case ILDC 347 (CH 2002),CHE004,https://www.unodc.org/cld/case-law-doc/moneylaunderingcrimetype/che/2002/switzerland_v._a_and_b_-_criminal_case_ildc_347_ch_2002.html,moneylaunderingcrimetype,SECTION_ABSENT,0,0,0,0,,0,0,0,0,0,0,0,0,0,0,1,1,0,0,0,1,1,2,1,2,6,1,0,0,0,0,,2,0,0,,FOUND
1436,Vincent and Aminata Y.,FRA007,https://www.unodc.org/cld/case-law-doc/traffickingpersonscrimetype/fra/2001/_vincent_and_aminata_y..html,traffickingpersonscrimetype,FOUND,1,1,2,2,en|fr,0,0,0,0,0,0,1,2,1,1,1,1,1,1,1,1,1,2,1,2,4,1,5,10,5,5,Fact Summary|Defendants / Respondents in the first instance|Charges / Claims / Decisions|Charges / Claims / Decisions|Procedural Information,1,0,0,,FOUND
1437,"Criminal Appeal ACR no. 99,05,56979-0 TRF5",BRA94,https://www.unodc.org/cld/case-law-doc/traffickingpersonscrimetype/bra/2001/criminal_appeal_acr_no._990556979-0_trf5.html,traffickingpersonscrimetype,FOUND,1,1,1,1,en,1,2,1,1,1,1,1,1,1,1,1,1,1,1,3,1,1,3,1,3,3,0,0,0,0,0,,1,0,0,,FOUND
1438,ACR 99.05.56979-0_TRF5,BRA099,https://www.unodc.org/cld/case-law-doc/traffickingpersonscrimetype/bra/2001/acr_99.05.56979-0_trf5.html,traffickingpersonscrimetype,FOUND,1,1,1,1,en,1,1,1,1,1,1,0,0,0,0,0,0,1,1,3,1,1,3,1,3,3,0,0,0,0,0,,2,0,0,,FOUND
1439,1 T 152/2003,SVK003,https://www.unodc.org/cld/case-law-doc/traffickingpersonscrimetype/svk/2001/1_t_1522003_.html,traffickingpersonscrimetype,FOUND,1,1,1,1,en,0,0,0,0,0,0,1,1,1,1,1,1,1,1,2,1,1,1,1,1,1,1,0,0,0,0,,1,0,0,,FOUND
1440,2 T 184/2001,SVK015,https://www.unodc.org/cld/case-law-doc/traffickingpersonscrimetype/svk/2001/2_t_1842001_.html,traffickingpersonscrimetype,FOUND,1,1,1,1,en,0,0,0,0,0,0,1,2,1,5,1,1,1,1,3,1,1,1,1,1,1,1,0,0,0,0,,1,0,0,,FOUND
1441,United States v Victor Nikolayevich Virchenko,USA113,https://www.unodc.org/cld/case-law-doc/traffickingpersonscrimetype/usa/2001/united_states_v_victor_nikolayevich_virchenko.html,traffickingpersonscrimetype,FOUND,1,1,1,1,en,0,0,0,0,0,0,1,2,1,2,1,1,1,1,1,1,1,3,1,3,9,1,0,0,0,0,,1,0,0,,FOUND
1442,United States of America v. Michael Allen Lee,USAx281,https://www.unodc.org/cld/case-law-doc/criminalgroupcrimetype/usa/2001/united_states_of_america_v._michael_allen_lee.html,criminalgroupcrimetype,FOUND,1,1,1,1,en,1,3,1,3,1,2,0,0,0,0,0,0,1,1,1,1,1,1,1,1,1,1,0,0,0,0,,2,0,0,,FOUND
1443,United States v. Lakireddy Bali Reddy,USA104,https://www.unodc.org/cld/case-law-doc/traffickingpersonscrimetype/usa/2001/united_states_v._lakireddy_bali_reddy_.html,traffickingpersonscrimetype,FOUND,1,1,1,1,en,0,0,0,0,0,0,1,4,1,2,1,1,1,1,1,1,1,5,1,5,26,1,0,0,0,0,,1,0,0,,FOUND
1444,United States v. Jose Tecum,USA114,https://www.unodc.org/cld/case-law-doc/traffickingpersonscrimetype/usa/2001/united_states_v._jose_tecum_.html,traffickingpersonscrimetype,FOUND,1,1,1,1,en,0,0,0,0,0,0,1,4,1,1,1,2,1,1,1,1,1,2,1,2,5,1,0,0,0,0,,1,0,0,,FOUND
1445,8 To 50/2001,SVK049,https://www.unodc.org/cld/case-law-doc/traffickingpersonscrimetype/svk/2001/8_to_502001_.html,traffickingpersonscrimetype,FOUND,1,1,1,1,en,0,0,0,0,0,0,1,2,1,4,1,1,1,1,1,1,1,1,1,1,1,1,0,0,0,0,,1,0,0,,FOUND
1446,1 T 5/1999,SVK009,https://www.unodc.org/cld/case-law-doc/traffickingpersonscrimetype/svk/2001/1_t_51999_.html,traffickingpersonscrimetype,FOUND,1,1,1,1,en,0,0,0,0,0,0,1,1,1,3,1,1,1,1,1,1,1,3,1,3,3,1,0,0,0,0,,1,0,0,,FOUND
1447,Ribai vs. State of Israel,ISR013,https://www.unodc.org/cld/case-law-doc/traffickingpersonscrimetype/isr/2001/ribai_vs._state_of_israel.html,traffickingpersonscrimetype,FOUND,1,1,1,1,en,0,0,0,0,0,0,1,1,0,0,1,1,1,1,1,1,1,1,1,1,1,1,0,0,0,0,,1,0,0,,FOUND
1448,Proceso Nº 15940,COL017,https://www.unodc.org/cld/case-law-doc/traffickingpersonscrimetype/col/2000/proceso_n_15940_.html,traffickingpersonscrimetype,FOUND,1,1,2,2,en|es,0,0,0,0,0,0,1,3,0,0,1,1,1,1,4,1,1,2,1,2,2,1,4,8,4,4,Fact Summary|Charges / Claims / Decisions|Procedural Information|Sources / Citations,1,0,0,,FOUND
1449,2 T 336/2000,SVK016,https://www.unodc.org/cld/case-law-doc/traffickingpersonscrimetype/svk/2000/2_t_3362000_.html,traffickingpersonscrimetype,FOUND,1,1,1,1,en,0,0,0,0,0,0,1,1,1,2,1,1,1,1,2,1,1,1,1,1,1,1,0,0,0,0,,1,0,0,,FOUND
1450,Hanuchov vs. State of Israel,ISR012,https://www.unodc.org/cld/case-law-doc/traffickingpersonscrimetype/isr/2000/hanuchov_vs._state_of_israel.html,traffickingpersonscrimetype,FOUND,1,1,1,1,en,0,0,0,0,0,0,1,1,1,1,1,1,1,1,1,1,1,1,1,1,1,1,0,0,0,0,,1,0,0,,FOUND
1451,BGE 126 IV 225,CHE006,https://www.unodc.org/cld/case-law-doc/traffickingpersonscrimetype/che/2000/bge_126_iv_225_.html,traffickingpersonscrimetype,FOUND,1,1,1,1,en,0,0,0,0,0,0,1,1,0,0,1,1,1,1,1,1,1,1,1,1,3,1,0,0,0,0,,2,0,0,,FOUND
1452,3 T 140/2000,SVK022,https://www.unodc.org/cld/case-law-doc/traffickingpersonscrimetype/svk/2000/3_t_1402000_.html,traffickingpersonscrimetype,FOUND,1,1,1,1,en,0,0,0,0,0,0,1,1,1,2,1,1,1,1,2,1,1,3,1,3,3,1,0,0,0,0,,1,0,0,,FOUND
1453,3 T 43/1998,SVK024,https://www.unodc.org/cld/case-law-doc/traffickingpersonscrimetype/svk/2000/3_t_431998_.html,traffickingpersonscrimetype,FOUND,1,1,1,1,en,0,0,0,0,0,0,1,1,1,1,1,1,1,1,1,1,1,2,1,2,2,1,0,0,0,0,,1,0,0,,FOUND
1454,6 To 16/2000,SVK043,https://www.unodc.org/cld/case-law-doc/traffickingpersonscrimetype/svk/2000/6_to_162000_.html,traffickingpersonscrimetype,FOUND,1,1,1,1,en,0,0,0,0,0,0,1,3,1,4,1,1,1,1,5,1,1,5,1,5,4,1,0,0,0,0,,1,0,0,,FOUND
1455,4 To 84/2000,SVK036,https://www.unodc.org/cld/case-law-doc/traffickingpersonscrimetype/svk/2000/4_to_842000_.html,traffickingpersonscrimetype,FOUND,1,1,1,1,en,0,0,0,0,0,0,1,3,1,2,1,1,1,1,9,1,1,1,1,1,2,1,0,0,0,0,,1,0,0,,FOUND
1456,Bangladesh Society for the Enforcement of Human Rights (BSEHR) and Ors v. Government of Bangladesh and Ors,BGD002,https://www.unodc.org/cld/case-law-doc/traffickingpersonscrimetype/bgd/2000/bangladesh_society_for_the_enforcement_of_human_rights_bsehr_and_ors_v._government_of_bangladesh_and_ors.html,traffickingpersonscrimetype,FOUND,1,1,1,1,en,0,0,0,0,0,0,1,4,1,4,1,1,1,1,1,1,1,1,1,1,1,1,0,0,0,0,,1,0,0,,FOUND
1457,1 T 3/1999 and 1 T 77/2004,SVK008,https://www.unodc.org/cld/case-law-doc/drugcrimetype/svk/2000/1_t_31999_and_1_t_772004_.html,drugcrimetype,FOUND,1,1,1,1,en,0,0,0,0,0,0,1,1,1,3,1,1,1,1,3,1,1,6,1,6,9,1,0,0,0,0,,2,0,0,,FOUND
1458,1 T 27/1999,SVK007,https://www.unodc.org/cld/case-law-doc/traffickingpersonscrimetype/svk/1999/1_t_271999_.html,traffickingpersonscrimetype,FOUND,1,1,1,1,en,0,0,0,0,0,0,1,2,1,1,1,1,1,1,1,1,1,1,1,1,2,1,0,0,0,0,,2,0,0,,FOUND
1459,United States v. Supawan Veerapol,USA065,https://www.unodc.org/cld/case-law-doc/traffickingpersonscrimetype/usa/1999/united_states_v._supawan_veerapol.html,traffickingpersonscrimetype,FOUND,1,1,1,1,en,0,0,0,0,0,0,0,0,1,1,1,2,1,1,2,1,1,1,1,1,3,1,0,0,0,0,,1,0,0,,FOUND
1460,Liliane Z.,FRA004,https://www.unodc.org/cld/case-law-doc/traffickingpersonscrimetype/fra/1999/liliane_z..html,traffickingpersonscrimetype,FOUND,1,1,2,2,en|fr,0,0,0,0,0,0,1,1,1,1,1,1,1,1,1,1,1,1,1,1,1,1,4,8,4,4,Fact Summary|Defendants / Respondents in the first instance|Charges / Claims / Decisions|Procedural Information,1,0,0,,FOUND
1461,K 82/08,SRB017,https://www.unodc.org/cld/case-law-doc/traffickingpersonscrimetype/srb/1999/k_8208_.html,traffickingpersonscrimetype,FOUND,1,1,1,1,en,0,0,0,0,0,0,1,2,1,2,1,1,1,1,1,1,1,5,1,5,7,1,0,0,0,0,,2,0,0,,FOUND
1462,United States v. Alex Mishulovich,USA100,https://www.unodc.org/cld/case-law-doc/traffickingpersonscrimetype/usa/1999/united_states_v._alex_mishulovich.html,traffickingpersonscrimetype,FOUND,1,1,1,1,en,0,0,0,0,0,0,1,2,1,1,1,3,1,1,1,1,1,1,1,1,3,1,0,0,0,0,,1,0,0,,FOUND
1463,Farina,FRA005,https://www.unodc.org/cld/case-law-doc/traffickingpersonscrimetype/fra/1999/farina.html,traffickingpersonscrimetype,FOUND,1,1,2,2,en|fr,0,0,0,0,0,0,1,1,1,1,1,1,1,1,1,1,1,1,1,1,2,1,5,10,5,4,Fact Summary|Defendants / Respondents in the first instance|Charges / Claims / Decisions|Procedural Information,1,3,2,DUPLICATE_TAB_PANE_ID|DUPLICATE_TAB_HREF|TAB_GROUP_NO_ACTIVE_PANE,PARTIAL
1464,1028 k/PID SUS/2009,IDN001,https://www.unodc.org/cld/case-law-doc/traffickingpersonscrimetype/idn/1998/_1028_kpid_sus2009_.html,traffickingpersonscrimetype,FOUND,1,1,1,1,en,0,0,0,0,0,0,1,1,1,3,1,1,1,1,1,1,1,1,1,1,1,1,0,0,0,0,,1,0,0,,FOUND
1465,United States v. Flores,USA058,https://www.unodc.org/cld/case-law-doc/traffickingpersonscrimetype/usa/1998/united_states_v._flores.html,traffickingpersonscrimetype,FOUND,1,1,1,1,en,0,0,0,0,0,0,1,2,1,2,1,2,1,1,1,1,1,3,1,3,17,1,0,0,0,0,,1,0,0,,FOUND
1466,Processo nº 96.03.087722-0,BRA032,https://www.unodc.org/cld/case-law-doc/traffickingpersonscrimetype/bra/1997/processo_n_96.03.087722-0.html,traffickingpersonscrimetype,FOUND,1,1,1,1,en,0,0,0,0,0,0,1,2,1,2,1,1,1,1,4,1,1,2,1,2,2,1,0,0,0,0,,1,0,0,,FOUND
1467,P. N. Swamy v. Station House Officer,IND005,https://www.unodc.org/cld/case-law-doc/traffickingpersonscrimetype/ind/1997/p._n._swamy_v._station_house_officer.html,traffickingpersonscrimetype,FOUND,1,1,1,1,en,0,0,0,0,0,0,1,5,1,4,1,1,1,1,1,1,1,1,1,1,1,1,0,0,0,0,,1,0,0,,FOUND
1468,"A.G. vs. Secretary, Ministry of Foreign Affairs, Govt. of Bangladesh and Another",BGD001,https://www.unodc.org/cld/case-law-doc/traffickingpersonscrimetype/bgd/1997/a.g._vs._secretary_ministry_of_foreign_affairs_govt._of_bangladesh_and_another.html,traffickingpersonscrimetype,FOUND,1,1,1,1,en,0,0,0,0,0,0,1,2,1,1,1,2,1,1,1,1,1,1,1,1,1,1,0,0,0,0,,1,0,0,,FOUND
1469,Gaurav Jain v. Union of India and Others,IND010,https://www.unodc.org/cld/case-law-doc/traffickingpersonscrimetype/ind/1997/gaurav_jain_v._union_of_india_and_others_.html,traffickingpersonscrimetype,FOUND,1,1,1,1,en,0,0,0,0,0,0,1,5,1,3,1,1,1,1,1,1,1,1,1,1,1,1,0,0,0,0,,1,0,0,,FOUND
1470,X.,FRA003,https://www.unodc.org/cld/case-law-doc/traffickingpersonscrimetype/fra/1997/x..html,traffickingpersonscrimetype,FOUND,1,1,2,2,en|fr,0,0,0,0,0,0,1,2,1,2,1,1,1,1,1,1,1,1,1,1,3,1,4,8,4,4,Fact Summary|Defendants / Respondents in the first instance|Charges / Claims / Decisions|Procedural Information,2,0,0,,FOUND
1471,Uchida and Contestabille,COL001,https://www.unodc.org/cld/case-law-doc/traffickingpersonscrimetype/col/1997/uchida_and_contestabille.html,traffickingpersonscrimetype,FOUND,1,1,1,1,en,0,0,0,0,0,0,1,1,1,2,1,1,1,1,2,1,1,2,1,2,2,1,1,2,1,0,,1,3,2,DUPLICATE_TAB_PANE_ID|DUPLICATE_TAB_HREF|TAB_GROUP_NO_ACTIVE_PANE,PARTIAL
1472,So Hing,CHN006,https://www.unodc.org/cld/case-law-doc/traffickingpersonscrimetype/chn/1997/so_hing.html,traffickingpersonscrimetype,FOUND,1,1,1,1,en,0,0,0,0,0,0,1,2,1,2,1,1,1,1,1,1,1,1,1,1,3,1,0,0,0,0,,1,0,0,,FOUND
1473,Processo nº: 98.21262-0,BRA003,https://www.unodc.org/cld/case-law-doc/criminalgroupcrimetype/bra/1996/processo_n_98.21262-0_.html,criminalgroupcrimetype,FOUND,1,1,1,1,en,0,0,0,0,0,0,1,2,1,2,1,1,1,1,3,1,1,1,1,1,2,1,0,0,0,0,,2,0,0,,FOUND
1474,Processo n 89.0040455-5,BRA015,https://www.unodc.org/cld/case-law-doc/traffickingpersonscrimetype/bra/1996/processo_n_89.0040455-5.html,traffickingpersonscrimetype,FOUND,1,1,1,1,en,0,0,0,0,0,0,1,3,1,2,1,1,1,1,1,1,1,1,1,1,1,1,0,0,0,0,,1,0,0,,FOUND
1475,United States v. Joseph Morales,USA057,https://www.unodc.org/cld/case-law-doc/traffickingpersonscrimetype/usa/1995/united_states_v._joseph_morales.html,traffickingpersonscrimetype,FOUND,1,1,1,1,en,0,0,0,0,0,0,1,3,1,2,1,1,1,1,1,1,1,11,1,11,22,1,0,0,0,0,,1,0,0,,FOUND
1476,東京高裁平五（う）第751号 (Tokyo High Court 1993 (U) No. 751),JPN002,https://www.unodc.org/cld/case-law-doc/traffickingpersonscrimetype/jpn/1993/751_tokyo_high_court_1993_u_no._751_.html,traffickingpersonscrimetype,FOUND,1,1,1,1,en,0,0,0,0,0,0,1,1,1,1,0,0,1,1,2,1,1,1,1,1,1,1,0,0,0,0,,1,0,0,,FOUND
1477,United States v. Esperanza Vargas,USA067,https://www.unodc.org/cld/case-law-doc/traffickingpersonscrimetype/usa/1993/united_states_v._esperanza_vargas.html,traffickingpersonscrimetype,FOUND,1,1,1,1,en,0,0,0,0,0,0,1,2,1,2,1,2,1,1,1,1,1,1,1,1,3,1,0,0,0,0,,1,0,0,,FOUND
1478,R v Decha-Iamsakun,NZL001,https://www.unodc.org/cld/case-law-doc/traffickingpersonscrimetype/nzl/1992/r_v_decha-iamsakun.html,traffickingpersonscrimetype,FOUND,1,1,1,1,en,0,0,0,0,0,0,1,4,1,1,1,3,1,1,1,1,1,1,1,1,2,1,0,0,0,0,,1,0,0,,FOUND
1479,Lik,CHN005,https://www.unodc.org/cld/case-law-doc/traffickingpersonscrimetype/chn/1990/lik.html,traffickingpersonscrimetype,FOUND,1,1,1,1,en,0,0,0,0,0,0,1,5,1,3,1,1,1,1,3,1,1,1,1,1,6,1,0,0,0,0,,1,0,0,,FOUND
1480,Vishal Jeet v. Union of India,IND001,https://www.unodc.org/cld/case-law-doc/traffickingpersonscrimetype/ind/1990/vishal_jeet_v._union_of_india.html,traffickingpersonscrimetype,FOUND,1,1,1,1,en,0,0,0,0,0,0,1,5,1,4,1,1,1,1,1,1,1,1,1,1,1,1,0,0,0,0,,1,0,0,,FOUND
1481,United States v. William Alexander Lewis,USA061,https://www.unodc.org/cld/case-law-doc/traffickingpersonscrimetype/usa/1986/united_states_v._william_alexander_lewis_.html,traffickingpersonscrimetype,FOUND,1,1,1,1,en,0,0,0,0,0,0,0,0,0,0,0,0,1,1,5,1,1,8,1,8,2,1,0,0,0,0,,1,0,0,,FOUND
1482,"United States v. Steven Lane Crawford, 85-2105",USA059,https://www.unodc.org/cld/case-law-doc/traffickingpersonscrimetype/usa/1985/united_states_v._steven_lane_crawford_85-2105.html,traffickingpersonscrimetype,SECTION_ABSENT,0,0,0,0,,0,0,0,0,0,0,1,1,0,0,1,1,1,1,1,1,1,2,1,2,6,1,0,0,0,0,,1,0,0,,FOUND
1483,United States v. Booker,USA028,https://www.unodc.org/cld/case-law-doc/traffickingpersonscrimetype/usa/1981/united_states_v._booker.html,traffickingpersonscrimetype,FOUND,1,1,1,1,en,0,0,0,0,0,0,1,2,1,3,1,2,1,1,2,1,1,3,1,3,3,1,0,0,0,0,,1,0,0,,FOUND
1484,Case 2015,IDN012,https://www.unodc.org/cld/case-law-doc/traffickingpersonscrimetype/idn/case_2015.html,traffickingpersonscrimetype,FOUND,1,1,1,1,en,1,2,1,1,1,1,1,2,1,1,1,1,1,1,1,1,1,2,1,2,2,1,0,0,0,0,,1,0,0,,FOUND
1485,Case 1014,USA180,https://www.unodc.org/cld/case-law-doc/traffickingpersonscrimetype/usa/case_1014.html,traffickingpersonscrimetype,FOUND,1,1,1,1,en,1,1,1,3,1,1,1,1,1,3,1,1,1,1,3,1,1,2,1,2,4,1,0,0,0,0,,2,0,0,,FOUND
1486,"The People Vs. Moses Chama, 2SP/E//198/09",ZMB002,https://www.unodc.org/cld/case-law-doc/traffickingpersonscrimetype/zmb/the_people_vs._moses_chama_2spe19809.html,traffickingpersonscrimetype,FOUND,1,1,1,1,en,1,2,1,1,0,0,1,2,1,1,0,0,1,1,2,1,1,1,1,1,1,1,0,0,0,0,,1,0,0,,FOUND
1487,Case 2014,MKD008,https://www.unodc.org/cld/case-law-doc/traffickingpersonscrimetype/mkd/case_2014.html,traffickingpersonscrimetype,FOUND,1,1,1,1,en,1,2,1,3,1,1,1,2,1,3,1,2,1,1,1,1,1,1,1,1,1,1,0,0,0,0,,1,0,0,,FOUND
1488,Affaire Minister public v. G.E.,NERx005,https://www.unodc.org/cld/case-law-doc/traffickingpersonscrimetype/ner/affaire_minister_public_v._g.e._.html,traffickingpersonscrimetype,FOUND,1,1,1,1,en,1,4,1,3,1,3,0,0,0,0,0,0,1,1,3,1,1,1,1,1,1,1,0,0,0,0,,1,0,0,,FOUND
1489,S vs Emmanuel Uche Odii and Others,ZAF008,https://www.unodc.org/cld/case-law-doc/traffickingpersonscrimetype/zaf/s_vs_emmanuel_uche_odii_and_others.html,traffickingpersonscrimetype,FOUND,1,1,1,1,en,1,2,1,1,1,1,1,2,1,1,1,1,1,1,2,1,1,3,1,3,11,0,0,0,0,0,,1,1,1,NESTED_CHARGE_SUBJECT_RECORDS,PARTIAL
1490,S V Makesh Mansaur,ZAF006,https://www.unodc.org/cld/case-law-doc/traffickingpersonscrimetype/zaf/s_v_makesh_mansaur.html,traffickingpersonscrimetype,FOUND,1,1,1,1,en,1,3,1,1,1,1,1,3,1,1,1,1,1,1,1,1,1,1,1,1,1,0,0,0,0,0,,1,0,0,,FOUND
1491,PP v Hiew Chung Wai,SGP005,https://www.unodc.org/cld/case-law-doc/traffickingpersonscrimetype/sgp/pp_v_hiew_chung_wai.html,traffickingpersonscrimetype,FOUND,1,1,1,1,en,1,1,0,0,1,1,1,1,0,0,1,1,1,1,2,1,1,1,1,1,5,0,0,0,0,0,,1,0,0,,FOUND
1492,Juan Carlos SalazaR,ARG068,https://www.unodc.org/cld/case-law-doc/traffickingpersonscrimetype/arg/juan_carlos_salazar.html,traffickingpersonscrimetype,FOUND,1,1,1,1,en,1,1,1,2,1,2,1,1,1,2,1,2,1,1,1,1,1,1,1,1,1,0,0,0,0,0,,1,0,0,,FOUND
1493,Causa N 3274/10,ARG050,https://www.unodc.org/cld/case-law-doc/traffickingpersonscrimetype/arg/causa_n_327410_.html,traffickingpersonscrimetype,FOUND,1,1,2,2,en|es,0,0,0,0,0,0,1,2,1,2,1,1,1,1,3,1,1,3,1,3,3,1,8,16,8,8,Fact Summary|Defendants / Respondents in the first instance|Defendants / Respondents in the first instance|Defendants / Respondents in the first instance|Charges / Claims / Decisions|Charges / Claims / Decisions|Procedural Information|Sources / Citations,1,0,0,,FOUND
1494,BH2004. 217,HUN005,https://www.unodc.org/cld/case-law-doc/traffickingpersonscrimetype/hun/bh2004._217.html,traffickingpersonscrimetype,FOUND,1,1,1,1,en,0,0,0,0,0,0,1,2,1,1,1,1,1,1,2,1,1,2,1,2,3,1,0,0,0,0,,1,0,0,,FOUND
1495,Songinokhairhan 1999,MNG001,https://www.unodc.org/cld/case-law-doc/traffickingpersonscrimetype/mng/songinokhairhan_1999.html,traffickingpersonscrimetype,FOUND,1,1,1,1,en,0,0,0,0,0,0,1,4,1,3,1,1,1,1,1,1,1,4,1,4,4,1,0,0,0,0,,1,0,0,,FOUND
1496,Sukhbaatar 2002,MNG002,https://www.unodc.org/cld/case-law-doc/traffickingpersonscrimetype/mng/sukhbaatar_2002.html,traffickingpersonscrimetype,FOUND,1,1,1,1,en,0,0,0,0,0,0,1,3,1,2,1,2,1,1,1,1,1,1,1,1,1,1,0,0,0,0,,1,0,0,,FOUND
1497,R v R.G.,JAM005,https://www.unodc.org/cld/case-law-doc/traffickingpersonscrimetype/jam/r_v_r.g..html,traffickingpersonscrimetype,FOUND,1,1,1,1,en,0,0,0,0,0,0,1,3,1,1,1,1,1,1,4,1,1,1,1,1,1,1,0,0,0,0,,1,0,0,,FOUND
1498,Case No. 1-31,LTU005,https://www.unodc.org/cld/case-law-doc/traffickingpersonscrimetype/ltu/case_no._1-31_.html,traffickingpersonscrimetype,FOUND,1,1,1,1,en,0,0,0,0,0,0,1,2,0,0,1,1,1,1,1,1,1,2,1,2,2,1,0,0,0,0,,1,0,0,,FOUND
1499,Case No. 2K-578,LTU002,https://www.unodc.org/cld/case-law-doc/traffickingpersonscrimetype/ltu/case_no._2k-578_.html,traffickingpersonscrimetype,FOUND,1,1,1,1,en,0,0,0,0,0,0,1,3,1,1,1,1,1,1,1,1,1,2,1,2,2,1,0,0,0,0,,1,0,0,,FOUND
1500,Case No. 2K-578-2,LTU003,https://www.unodc.org/cld/case-law-doc/traffickingpersonscrimetype/ltu/case_no._2k-578-2_.html,traffickingpersonscrimetype,FOUND,1,1,1,1,en,0,0,0,0,0,0,1,2,1,2,1,1,1,1,1,1,1,2,1,2,2,1,0,0,0,0,,1,0,0,,FOUND
1501,THB Operation,HUNx004,https://www.unodc.org/cld/case-law-doc/traffickingpersonscrimetype/hun/thb_operation.html,traffickingpersonscrimetype,FOUND,1,1,1,1,en,0,0,0,0,0,0,0,0,0,0,0,0,0,0,0,1,1,2,1,2,2,0,0,0,0,0,,1,0,0,,FOUND
1502,Gauteng South Regional Court case # 4/1899/2000,ZAFx002,https://www.unodc.org/cld/case-law-doc/moneylaunderingcrimetype/zaf/gauteng_south_regional_court_case_418992000.html,moneylaunderingcrimetype,FOUND,1,1,1,1,en,0,0,0,0,0,0,0,0,0,0,0,0,0,0,0,1,1,1,1,1,1,0,0,0,0,0,,4,0,0,,FOUND
1503,83/2009,OMN009,https://www.unodc.org/cld/case-law-doc/traffickingpersonscrimetype/omn/832009.html,traffickingpersonscrimetype,FOUND,1,1,1,1,en,0,0,0,0,0,0,1,5,1,2,1,1,1,1,1,1,1,13,1,13,22,1,0,0,0,0,,3,0,0,,FOUND
1504,189/2011,OMN006,https://www.unodc.org/cld/case-law-doc/criminalgroupcrimetype/omn/1892011_.html,criminalgroupcrimetype,FOUND,1,1,1,1,en,0,0,0,0,0,0,1,4,1,2,1,1,1,1,1,1,1,5,1,5,5,1,0,0,0,0,,2,0,0,,FOUND
1505,Operation EUROPA,ROUx002,https://www.unodc.org/cld/case-law-doc/moneylaunderingcrimetype/rou/operation_europa.html,moneylaunderingcrimetype,FOUND,1,1,1,1,en,1,3,0,0,0,0,0,0,0,0,0,0,0,0,0,1,1,2,1,2,8,0,0,0,0,0,,3,0,0,,FOUND
1506,Flattery v the Italian Eatery T/As Zeffirelli'S Pizza Restaurant,AUS002,https://www.unodc.org/cld/case-law-doc/traffickingpersonscrimetype/aus/flattery_v_the_italian_eatery_tas_zeffirellis_pizza_restaurant.html,traffickingpersonscrimetype,FOUND,1,1,1,1,en,0,0,0,0,0,0,1,2,1,2,1,2,1,1,2,1,1,1,1,1,1,0,0,0,0,0,,1,0,0,,FOUND
1507,Lennox,CAN010,https://www.unodc.org/cld/case-law-doc/traffickingpersonscrimetype/can/lennox.html,traffickingpersonscrimetype,FOUND,1,1,1,1,en,0,0,0,0,0,0,1,3,1,2,1,1,1,1,4,1,1,1,1,1,2,1,0,0,0,0,,1,0,0,,FOUND
1508,Case No. 2357/2010,JOR012,https://www.unodc.org/cld/case-law-doc/traffickingpersonscrimetype/jor/case_no._23572010.html,traffickingpersonscrimetype,FOUND,1,1,1,1,en,0,0,0,0,0,0,1,3,1,3,1,2,1,1,1,1,1,1,1,1,2,0,0,0,0,0,,1,0,0,,FOUND
1509,Case No. 2036/2010,JOR015,https://www.unodc.org/cld/case-law-doc/traffickingpersonscrimetype/jor/case_no._20362010.html,traffickingpersonscrimetype,FOUND,1,1,1,1,en,0,0,0,0,0,0,1,1,1,1,1,1,1,1,1,1,1,2,1,2,2,0,0,0,0,0,,1,0,0,,FOUND
1510,Case No 1725/2008,JOR017,https://www.unodc.org/cld/case-law-doc/traffickingpersonscrimetype/jor/case_no_17252008.html,traffickingpersonscrimetype,FOUND,1,1,1,1,en,0,0,0,0,0,0,1,2,1,1,1,1,1,1,1,1,1,1,1,1,1,0,0,0,0,0,,1,0,0,,FOUND
1511,Case No. 2454/2009,JOR011,https://www.unodc.org/cld/case-law-doc/traffickingpersonscrimetype/jor/case_no._24542009.html,traffickingpersonscrimetype,FOUND,1,1,1,1,en,0,0,0,0,0,0,1,3,1,1,1,1,0,0,0,1,1,1,1,1,2,0,0,0,0,0,,1,0,0,,FOUND
1512,Case No 3360/2009,JOR018,https://www.unodc.org/cld/case-law-doc/traffickingpersonscrimetype/jor/case_no_33602009.html,traffickingpersonscrimetype,FOUND,1,1,1,1,en,0,0,0,0,0,0,1,2,1,1,1,1,0,0,0,1,1,3,1,3,3,0,0,0,0,0,,1,0,0,,FOUND
1513,Case No. 2530/2009,JOR010,https://www.unodc.org/cld/case-law-doc/traffickingpersonscrimetype/jor/case_no._25302009.html,traffickingpersonscrimetype,FOUND,1,1,1,1,en,0,0,0,0,0,0,0,0,0,0,1,1,0,0,0,1,1,1,1,1,1,0,0,0,0,0,,1,0,0,,FOUND
1514,Case No. 2060/2009,JOR014,https://www.unodc.org/cld/case-law-doc/traffickingpersonscrimetype/jor/case_no._20602009.html,traffickingpersonscrimetype,FOUND,1,1,1,1,en,0,0,0,0,0,0,0,0,0,0,1,1,0,0,0,1,1,1,1,1,1,0,0,0,0,0,,1,0,0,,FOUND
1515,Case No. 2105/2009,JOR013,https://www.unodc.org/cld/case-law-doc/traffickingpersonscrimetype/jor/case_no._21052009.html,traffickingpersonscrimetype,FOUND,1,1,1,1,en,0,0,0,0,0,0,0,0,0,0,0,0,0,0,0,1,1,1,1,1,1,0,0,0,0,0,,1,0,0,,FOUND
1516,Case No. 2605/2010,JOR009,https://www.unodc.org/cld/case-law-doc/traffickingpersonscrimetype/jor/case_no._26052010.html,traffickingpersonscrimetype,FOUND,1,1,1,1,en,0,0,0,0,0,0,1,3,1,2,1,1,1,1,2,1,1,1,1,1,1,0,0,0,0,0,,1,0,0,,FOUND
1517,Case No. 2635/2009,JOR008,https://www.unodc.org/cld/case-law-doc/traffickingpersonscrimetype/jor/case_no._26352009.html,traffickingpersonscrimetype,FOUND,1,1,1,1,en,0,0,0,0,0,0,1,2,1,1,1,1,1,1,1,1,1,1,1,1,1,0,0,0,0,0,,1,0,0,,FOUND
1518,Case No. 2644/2010,JOR007,https://www.unodc.org/cld/case-law-doc/traffickingpersonscrimetype/jor/case_no._26442010.html,traffickingpersonscrimetype,FOUND,1,1,1,1,en,0,0,0,0,0,0,1,2,1,2,0,0,1,1,1,1,1,1,1,1,1,0,0,0,0,0,,1,0,0,,FOUND
1519,Case No. 4-5 1377/2011,JOR001,https://www.unodc.org/cld/case-law-doc/traffickingpersonscrimetype/jor/case_no._4-5_13772011.html,traffickingpersonscrimetype,FOUND,1,1,1,1,en,0,0,0,0,0,0,1,1,1,1,1,1,1,1,1,1,1,1,1,1,1,0,0,0,0,0,,1,0,0,,FOUND
1520,Case No. 2745/2009,JOR006,https://www.unodc.org/cld/case-law-doc/traffickingpersonscrimetype/jor/case_no._27452009.html,traffickingpersonscrimetype,FOUND,1,1,1,1,en,0,0,0,0,0,0,0,0,0,0,1,1,0,0,0,1,1,1,1,1,1,0,0,0,0,0,,1,0,0,,FOUND
1521,Case No. 104/2011,JOR004,https://www.unodc.org/cld/case-law-doc/traffickingpersonscrimetype/jor/case_no._1042011.html,traffickingpersonscrimetype,FOUND,1,1,1,1,en,0,0,0,0,0,0,0,0,0,0,0,0,0,0,0,1,1,3,1,3,3,0,0,0,0,0,,1,0,0,,FOUND
1522,Case No. 2772/2009,JOR005,https://www.unodc.org/cld/case-law-doc/traffickingpersonscrimetype/jor/case_no._27722009.html,traffickingpersonscrimetype,FOUND,1,1,1,1,en,0,0,0,0,0,0,1,2,0,0,1,1,0,0,0,1,1,1,1,1,1,0,0,0,0,0,,1,0,0,,FOUND
1523,"CC 41/2017 – The State vs. O. B. Abba, M. P. Mkhonto, and C.J. Obasi",ZAFx023,https://www.unodc.org/cld/case-law-doc/drugcrimetype/zaf/cc_412017_the_state_vs._o._b._abba_m._p._mkhonto_and_c.j._obasi.html,drugcrimetype,FOUND,1,1,1,1,en,1,2,1,2,1,3,1,1,1,2,1,2,1,1,2,1,1,3,1,3,5,0,0,0,0,0,,2,0,0,,FOUND
1524,Processo n 1997.71.03.001519-4,BRA073,https://www.unodc.org/cld/case-law-doc/traffickingpersonscrimetype/bra/processo_n_1997.71.03.001519-4_.html,traffickingpersonscrimetype,FOUND,1,1,1,1,en,0,0,0,0,0,0,1,2,1,2,1,1,1,1,1,1,1,1,1,1,1,1,0,0,0,0,,1,0,0,,FOUND
1525,Case No. 2K-332,LTU004,https://www.unodc.org/cld/case-law-doc/traffickingpersonscrimetype/ltu/case_no._2k-332.html,traffickingpersonscrimetype,FOUND,1,1,1,1,en,0,0,0,0,0,0,1,2,1,1,1,1,1,1,1,1,1,1,1,1,1,1,0,0,0,0,,1,0,0,,FOUND
1526,Som Orn & Thy Lieng,KHM005,https://www.unodc.org/cld/case-law-doc/traffickingpersonscrimetype/khm/som_orn_thy_lieng.html,traffickingpersonscrimetype,FOUND,1,1,1,1,en,0,0,0,0,0,0,1,3,1,2,1,1,1,1,1,1,1,2,1,2,4,1,0,0,0,0,,2,0,0,,FOUND
1527,The People vs. Maputa Muzara SSV/111/2014,ZMB003,https://www.unodc.org/cld/case-law-doc/traffickingpersonscrimetype/zmb/the_people_vs._maputa_muzara_ssv1112014.html,traffickingpersonscrimetype,FOUND,1,1,1,1,en,1,2,1,1,1,1,0,0,0,0,0,0,1,1,5,1,1,1,1,1,1,1,0,0,0,0,,1,0,0,,FOUND
1528,HC 2743- RN (2006.05.00.028008-6),BRA068,https://www.unodc.org/cld/case-law-doc/criminalgroupcrimetype/bra/hc_2743-_rn_2006.05.00.028008-6.html,criminalgroupcrimetype,FOUND,1,1,1,1,en,0,0,0,0,0,0,1,3,1,2,1,1,1,1,1,1,1,1,1,1,3,1,0,0,0,0,,2,0,0,,FOUND
1529,1636/2010,OMN004,https://www.unodc.org/cld/case-law-doc/moneylaunderingcrimetype/omn/16362010.html,moneylaunderingcrimetype,FOUND,1,1,1,1,en,0,0,0,0,0,0,1,4,1,2,1,1,1,1,1,1,1,4,1,4,6,1,0,0,0,0,,3,0,0,,FOUND
1530,Operacao Tulcea,PRT001,https://www.unodc.org/cld/case-law-doc/criminalgroupcrimetype/prt/operacao_tulcea.html,criminalgroupcrimetype,FOUND,1,1,1,1,en,0,0,0,0,0,0,1,5,1,3,1,1,1,1,1,1,1,9,1,9,23,1,0,0,0,0,,2,0,0,,FOUND
1531,Case Samara 0214,RUS009,https://www.unodc.org/cld/case-law-doc/traffickingpersonscrimetype/rus/case_samara_0214.html,traffickingpersonscrimetype,FOUND,1,1,1,1,en,1,4,1,3,1,1,1,4,1,3,1,1,1,1,2,1,1,2,1,2,8,1,0,0,0,0,,2,0,0,,FOUND
1532,Case 1014,RUS008,https://www.unodc.org/cld/case-law-doc/traffickingpersonscrimetype/rus/case_1014.html,traffickingpersonscrimetype,FOUND,1,1,1,1,en,1,5,1,1,1,1,1,3,1,1,1,1,1,1,2,1,1,2,1,2,10,1,0,0,0,0,,1,0,0,,FOUND
1533,Case 0514,RUS010,https://www.unodc.org/cld/case-law-doc/traffickingpersonscrimetype/rus/case_0514.html,traffickingpersonscrimetype,FOUND,1,1,1,1,en,1,2,1,1,1,1,1,2,1,1,1,1,1,1,1,1,1,1,1,1,2,1,0,0,0,0,,1,0,0,,FOUND
1534,Case 0415,RUS007,https://www.unodc.org/cld/case-law-doc/traffickingpersonscrimetype/rus/case_0415.html,traffickingpersonscrimetype,FOUND,1,1,1,1,en,1,3,0,0,1,1,1,2,0,0,1,1,1,1,1,1,1,3,1,3,6,1,0,0,0,0,,1,0,0,,FOUND
1535,Case 1314,USA178,https://www.unodc.org/cld/case-law-doc/traffickingpersonscrimetype/usa/case_1314.html,traffickingpersonscrimetype,FOUND,1,1,1,1,en,1,2,1,1,1,1,0,0,0,0,0,0,1,1,1,1,1,5,1,5,5,1,0,0,0,0,,1,0,0,,FOUND
1536,Case 0614,RUS011,https://www.unodc.org/cld/case-law-doc/traffickingpersonscrimetype/rus/case_0614.html,traffickingpersonscrimetype,FOUND,1,1,1,1,en,1,2,0,0,0,0,1,1,0,0,1,1,1,1,1,1,1,2,1,2,2,1,0,0,0,0,,1,0,0,,FOUND
1537,Causa N 5092/2010 Guido Villalba Y Clorinda Mora,PRY002,https://www.unodc.org/cld/case-law-doc/traffickingpersonscrimetype/pry/causa_n_50922010_guido_villalba_y_clorinda_mora.html,traffickingpersonscrimetype,FOUND,1,1,1,1,en,1,5,1,3,1,1,1,5,1,3,1,1,1,1,2,1,1,2,1,2,2,0,0,0,0,0,,1,0,0,,FOUND
1538,"R. v. M.(O.), 2012 ONCJ 812",CAN017,https://www.unodc.org/cld/case-law-doc/traffickingpersonscrimetype/can/r._v._m.o._2012_oncj_812.html,traffickingpersonscrimetype,FOUND,1,1,1,1,en,1,1,1,3,1,1,1,1,1,3,1,1,1,1,1,1,1,3,1,3,3,1,0,0,0,0,,1,0,0,,FOUND
1539,No. 8595/2012,EGY001,https://www.unodc.org/cld/case-law-doc/traffickingpersonscrimetype/egy/no._85952012.html,traffickingpersonscrimetype,FOUND,1,1,1,1,en,0,0,0,0,0,0,1,2,1,2,1,1,1,1,2,1,1,3,1,3,3,0,0,0,0,0,,1,0,0,,FOUND
1540,Case No. 76/2011,JOR003,https://www.unodc.org/cld/case-law-doc/traffickingpersonscrimetype/jor/case_no._762011.html,traffickingpersonscrimetype,FOUND,1,1,1,1,en,0,0,0,0,0,0,1,2,1,1,1,1,1,1,1,1,1,2,1,2,2,0,0,0,0,0,,1,0,0,,FOUND
1541,Case No. 43/2011,JOR002,https://www.unodc.org/cld/case-law-doc/traffickingpersonscrimetype/jor/case_no._432011.html,traffickingpersonscrimetype,FOUND,1,1,1,1,en,0,0,0,0,0,0,0,0,1,3,1,1,1,1,1,1,1,1,1,1,1,0,0,0,0,0,,1,0,0,,FOUND
1542,Case No 1908/2009,JOR016,https://www.unodc.org/cld/case-law-doc/traffickingpersonscrimetype/jor/case_no_19082009.html,traffickingpersonscrimetype,FOUND,1,1,1,1,en,0,0,0,0,0,0,1,2,1,1,1,1,0,0,0,1,1,2,1,2,3,0,0,0,0,0,,1,0,0,,FOUND
1543,292/104/2007,ROU021,https://www.unodc.org/cld/case-law-doc/criminalgroupcrimetype/rou/2921042007_.html,criminalgroupcrimetype,FOUND,1,1,1,1,en,0,0,0,0,0,0,1,2,1,1,1,1,1,1,1,1,1,3,1,3,6,1,0,0,0,0,,2,0,0,,FOUND
1544,"Gonzalez, Calderón, Payero y Zapata",ARG069,https://www.unodc.org/cld/case-law-doc/traffickingpersonscrimetype/arg/gonzalez_calderon_payero_y_zapata.html,traffickingpersonscrimetype,FOUND,1,1,1,1,en,1,1,1,1,1,1,1,1,1,1,1,1,1,1,1,1,1,4,1,4,4,1,0,0,0,0,,1,0,0,,FOUND
1545,Criminal Case 843/ 27. 10. 08,KHM010,https://www.unodc.org/cld/case-law-doc/traffickingpersonscrimetype/khm/criminal_case_843_27._10._08.html,traffickingpersonscrimetype,FOUND,1,1,1,1,en,1,2,1,1,1,1,1,2,1,1,1,1,1,1,2,1,1,1,1,1,1,1,0,0,0,0,,1,0,0,,FOUND
1546,Case 0815,ZAF013,https://www.unodc.org/cld/case-law-doc/traffickingpersonscrimetype/zaf/case_0815.html,traffickingpersonscrimetype,FOUND,1,1,1,1,en,1,2,1,1,1,1,1,2,1,1,1,1,1,1,1,1,1,2,1,2,4,1,0,0,0,0,,1,0,0,,FOUND
1547,Case 73/01/2014,ZAF014,https://www.unodc.org/cld/case-law-doc/traffickingpersonscrimetype/zaf/case_73012014.html,traffickingpersonscrimetype,FOUND,1,1,1,1,en,1,1,0,0,1,1,1,1,0,0,1,1,1,1,1,1,1,2,1,2,2,0,0,0,0,0,,1,0,0,,FOUND
1548,674/2009,OMN008,https://www.unodc.org/cld/case-law-doc/traffickingpersonscrimetype/omn/6742009.html,traffickingpersonscrimetype,FOUND,1,1,1,1,en,0,0,0,0,0,0,1,2,1,2,1,1,1,1,1,1,1,2,1,2,2,1,0,0,0,0,,1,0,0,,FOUND
1549,123/2011 Al-Kamil and Al-Wafi,OMN002,https://www.unodc.org/cld/case-law-doc/traffickingpersonscrimetype/omn/1232011_al-kamil_and_al-wafi_.html,traffickingpersonscrimetype,FOUND,1,1,1,1,en,0,0,0,0,0,0,1,3,1,2,1,1,1,1,1,1,1,3,1,3,8,1,0,0,0,0,,2,0,0,,FOUND
1550,12/ق/2009,OMN001,https://www.unodc.org/cld/case-law-doc/traffickingpersonscrimetype/omn/122009_.html,traffickingpersonscrimetype,FOUND,1,1,1,1,en,0,0,0,0,0,0,1,5,1,3,1,1,1,1,1,1,1,3,1,3,3,1,0,0,0,0,,2,0,0,,FOUND
1551,K.S.R. et al,AUS016,https://www.unodc.org/cld/case-law-doc/criminalgroupcrimetype/aus/k.s.r._et_al.html,criminalgroupcrimetype,FOUND,1,1,1,1,en,0,0,0,0,0,0,1,5,1,5,1,1,1,1,1,1,1,5,1,5,30,0,0,0,0,0,,3,0,0,,FOUND
1552,United States v. Abdenasser Ennassime,USA038,https://www.unodc.org/cld/case-law-doc/traffickingpersonscrimetype/usa/united_states_v._abdenasser_ennassime.html,traffickingpersonscrimetype,FOUND,1,1,1,1,en,0,0,0,0,0,0,0,0,1,2,1,1,1,1,1,1,1,2,1,2,3,1,0,0,0,0,,1,0,0,,FOUND
1553,"United States v. Delicia Suyapa Aguilar-Galindo, Criminal Case No. 4:02-CR-114",USA042,https://www.unodc.org/cld/case-law-doc/traffickingpersonscrimetype/usa/united_states_v._delicia_suyapa_aguilar-galindo_criminal_case_no._402-cr-114.html,traffickingpersonscrimetype,FOUND,1,1,1,1,en,0,0,0,0,0,0,1,3,1,3,1,2,1,1,2,1,1,7,1,7,12,1,0,0,0,0,,1,0,0,,FOUND
1554,United States v. Beleal Garcia Gonzalez,USA138,https://www.unodc.org/cld/case-law-doc/traffickingpersonscrimetype/usa/united_states_v._beleal_garcia_gonzalez.html,traffickingpersonscrimetype,FOUND,1,1,1,1,en,0,0,0,0,0,0,1,1,1,1,1,1,1,1,1,1,1,1,1,1,3,1,0,0,0,0,,1,0,0,,FOUND
1555,Lourenco,MLW001,https://www.unodc.org/cld/case-law-doc/traffickingpersonscrimetype/mwi/lourenco.html,traffickingpersonscrimetype,FOUND,1,1,1,1,en,0,0,0,0,0,0,1,2,1,2,1,1,1,1,3,1,1,1,1,1,1,1,0,0,0,0,,1,0,0,,FOUND
1556,"Causa: Nº 2697-D “D.R.V., D.F. y Otros",ARG028,https://www.unodc.org/cld/case-law-doc/traffickingpersonscrimetype/arg/causa_n_2697-d_d.r.v._d.f._y_otros_.html,traffickingpersonscrimetype,FOUND,1,1,2,2,en|es,0,0,0,0,0,0,1,2,1,3,1,1,1,1,1,1,1,5,1,5,5,1,4,8,4,4,Fact Summary|Commentary and Significant Features|Procedural Information|Sources / Citations,1,0,0,,FOUND
1557,United States v. Juan Rico Doss,USA045,https://www.unodc.org/cld/case-law-doc/traffickingpersonscrimetype/usa/united_states_v._juan_rico_doss.html,traffickingpersonscrimetype,FOUND,1,1,1,1,en,0,0,0,0,0,0,1,2,1,2,1,1,1,1,2,1,1,2,1,2,5,1,0,0,0,0,,1,0,0,,FOUND
1558,"United States v. Louisa Satia, Criminal Case No. 00-590",USA049,https://www.unodc.org/cld/case-law-doc/traffickingpersonscrimetype/usa/united_states_v._louisa_satia_criminal_case_no._00-590.html,traffickingpersonscrimetype,FOUND,1,1,1,1,en,0,0,0,0,0,0,1,2,1,4,1,1,1,1,2,1,1,4,1,4,13,1,0,0,0,0,,1,0,0,,FOUND
1559,Banda,MLW002,https://www.unodc.org/cld/case-law-doc/traffickingpersonscrimetype/mwi/banda.html,traffickingpersonscrimetype,FOUND,1,1,1,1,en,0,0,0,0,0,0,1,2,0,0,1,1,1,1,1,1,1,1,1,1,1,1,1,2,0,0,,1,0,0,,FOUND
1560,18/ق/2009,OMN005,https://www.unodc.org/cld/case-law-doc/traffickingpersonscrimetype/omn/182009.html,traffickingpersonscrimetype,FOUND,1,1,1,1,en,0,0,0,0,0,0,1,1,1,1,1,1,1,1,1,1,1,2,1,2,2,1,0,0,0,0,,2,0,0,,FOUND
1561,1577/2010,OMN003,https://www.unodc.org/cld/case-law-doc/traffickingpersonscrimetype/omn/15772010.html,traffickingpersonscrimetype,FOUND,1,1,1,1,en,0,0,0,0,0,0,1,3,1,3,1,1,1,1,1,1,1,1,1,1,3,1,0,0,0,0,,1,0,0,,FOUND
1562,His Majesty’s Government on the FIR of TDD v. Durga Dhimal,NPL001,https://www.unodc.org/cld/case-law-doc/traffickingpersonscrimetype/npl/his_majestys_government_on_the_fir_of_tdd_v._durga_dhimal.html,traffickingpersonscrimetype,FOUND,1,1,1,1,en,0,0,0,0,0,0,1,3,1,1,0,0,1,1,1,1,1,2,1,2,2,1,0,0,0,0,,1,0,0,,FOUND
1563,"His Majesty’s Government on the FIR of UTM v. Gopal Prasad Dahal, et al.",NPL002,https://www.unodc.org/cld/case-law-doc/traffickingpersonscrimetype/npl/his_majestys_government_on_the_fir_of_utm_v._gopal_prasad_dahal_et_al..html,traffickingpersonscrimetype,FOUND,1,1,1,1,en,0,0,0,0,0,0,1,2,1,1,0,0,1,1,1,1,1,4,1,4,4,1,0,0,0,0,,1,0,0,,FOUND
1564,Lina Scurtu v. International Student Exchange,USA137,https://www.unodc.org/cld/case-law-doc/traffickingpersonscrimetype/usa/lina_scurtu_v._international_student_exchange.html,traffickingpersonscrimetype,FOUND,1,1,1,1,en,0,0,0,0,0,0,1,2,1,2,1,1,1,1,2,1,1,2,1,2,10,1,0,0,0,0,,1,0,0,,FOUND
1565,"John Doe v. Nestle, S.A.",USA136,https://www.unodc.org/cld/case-law-doc/traffickingpersonscrimetype/usa/john_doe_v._nestle_s.a..html,traffickingpersonscrimetype,FOUND,1,1,1,1,en,0,0,0,0,0,0,1,1,0,0,1,1,1,1,1,1,1,1,1,1,6,1,0,0,0,0,,1,0,0,,FOUND
1566,Jorge Eliecer Castro Davila,VEN001,https://www.unodc.org/cld/case-law-doc/traffickingpersonscrimetype/ven/jorge_eliecer_castro_davila_.html,traffickingpersonscrimetype,FOUND,1,1,1,1,en,0,0,0,0,0,0,1,2,1,3,1,1,1,1,1,1,1,1,1,1,2,1,0,0,0,0,,1,0,0,,FOUND
1567,541/54/2009,ROU012,https://www.unodc.org/cld/case-law-doc/traffickingpersonscrimetype/rou/541542009.html,traffickingpersonscrimetype,FOUND,1,1,1,1,en,0,0,0,0,0,0,1,3,1,2,1,2,1,1,3,1,1,2,1,2,7,1,0,0,0,0,,2,0,0,,FOUND
1568,3878/2/2008,ROU015,https://www.unodc.org/cld/case-law-doc/traffickingpersonscrimetype/rou/387822008.html,traffickingpersonscrimetype,FOUND,1,1,1,1,en,0,0,0,0,0,0,1,2,1,2,1,1,1,1,2,1,1,2,1,2,2,1,0,0,0,0,,1,0,0,,FOUND
1569,78/54/2009,ROU019,https://www.unodc.org/cld/case-law-doc/traffickingpersonscrimetype/rou/78542009.html,traffickingpersonscrimetype,FOUND,1,1,1,1,en,0,0,0,0,0,0,1,2,1,2,1,1,1,1,3,1,1,3,1,3,3,1,0,0,0,0,,1,0,0,,FOUND
1570,831.3/101/2006,ROU016,https://www.unodc.org/cld/case-law-doc/traffickingpersonscrimetype/rou/_831.31012006.html,traffickingpersonscrimetype,FOUND,1,1,1,1,en,0,0,0,0,0,0,1,2,1,2,1,1,1,1,3,1,1,1,1,1,2,1,0,0,0,0,,1,0,0,,FOUND
1571,108/101/2007,ROU020,https://www.unodc.org/cld/case-law-doc/traffickingpersonscrimetype/rou/1081012007_.html,traffickingpersonscrimetype,FOUND,1,1,1,1,en,0,0,0,0,0,0,1,3,1,1,1,1,1,1,2,1,1,1,1,1,1,1,0,0,0,0,,1,0,0,,FOUND
1572,Ministerio Publico Federal v Andreas Schwuarz,BRA010,https://www.unodc.org/cld/case-law-doc/traffickingpersonscrimetype/bra/ministerio_publico_federal_v_andreas_schwuarz.html,traffickingpersonscrimetype,FOUND,1,1,1,1,en,0,0,0,0,0,0,1,3,1,1,1,1,1,1,1,1,1,2,1,2,2,1,0,0,0,0,,1,0,0,,FOUND
1573,279/2010,OMN007,https://www.unodc.org/cld/case-law-doc/traffickingpersonscrimetype/omn/2792010.html,traffickingpersonscrimetype,FOUND,1,1,1,1,en,0,0,0,0,0,0,1,3,1,1,1,1,1,1,1,1,1,2,1,2,4,1,0,0,0,0,,1,0,0,,FOUND
1574,Processo nº 0001979-29.2004.4.05.8100,BRA005,https://www.unodc.org/cld/case-law-doc/criminalgroupcrimetype/bra/processo_n_0001979-29.2004.4.05.8100_.html,criminalgroupcrimetype,FOUND,1,1,1,1,en,0,0,0,0,0,0,1,2,1,2,1,1,1,1,4,1,1,3,1,3,7,1,0,0,0,0,,2,0,0,,FOUND
1575,Public Prosecutor v Zhao Jigeng & Ors,MYS001,https://www.unodc.org/cld/case-law-doc/traffickingpersonscrimetype/mys/public_prosecutor_v_zhao_jigeng_ors.html,traffickingpersonscrimetype,FOUND,1,1,1,1,en,0,0,0,0,0,0,0,0,0,0,0,0,1,1,2,1,1,1,1,1,1,1,0,0,0,0,,1,0,0,,FOUND
1576,Siti Rashidah bt Razali dan yang lain lwn Pendakwa Raya,MYS003,https://www.unodc.org/cld/case-law-doc/traffickingpersonscrimetype/mys/siti_rashidah_bt_razali_dan_yang_lain_lwn_pendakwa_raya.html,traffickingpersonscrimetype,FOUND,1,1,1,1,en,0,0,0,0,0,0,1,1,0,0,0,0,1,1,3,1,1,1,1,1,2,1,0,0,0,0,,1,0,0,,FOUND
1577,United States v. Simon Banda Mireles,USA064,https://www.unodc.org/cld/case-law-doc/traffickingpersonscrimetype/usa/united_states_v._simon_banda_mireles.html,traffickingpersonscrimetype,FOUND,1,1,1,1,en,0,0,0,0,0,0,0,0,0,0,1,1,1,1,1,1,1,11,1,11,17,1,0,0,0,0,,1,0,0,,FOUND
1578,United States v. Juan Reyes Rojas,USA145,https://www.unodc.org/cld/case-law-doc/traffickingpersonscrimetype/usa/united_states_v._juan_reyes_rojas.html,traffickingpersonscrimetype,FOUND,1,1,1,1,en,0,0,0,0,0,0,1,2,1,1,1,2,1,1,1,1,1,1,1,1,3,1,0,0,0,0,,1,0,0,,FOUND
1579,"United States v Kelvin Scot, Criminal Case No. 04-0075",USA050,https://www.unodc.org/cld/case-law-doc/traffickingpersonscrimetype/usa/united_states_v_kelvin_scot_criminal_case_no._04-0075.html,traffickingpersonscrimetype,FOUND,1,1,1,1,en,0,0,0,0,0,0,1,2,1,3,1,1,1,1,2,1,1,1,1,1,3,1,0,0,0,0,,1,0,0,,FOUND
1580,United States v Marcus Sewell,USA147,https://www.unodc.org/cld/case-law-doc/traffickingpersonscrimetype/usa/united_states_v_marcus_sewell.html,traffickingpersonscrimetype,FOUND,1,1,1,1,en,0,0,0,0,0,0,1,2,0,0,1,1,1,1,1,1,1,1,1,1,4,1,0,0,0,0,,1,0,0,,FOUND
1581,United States v. Josef F. Boehm,USA140,https://www.unodc.org/cld/case-law-doc/traffickingpersonscrimetype/usa/united_states_v._josef_f._boehm.html,traffickingpersonscrimetype,FOUND,1,1,1,1,en,0,0,0,0,0,0,1,1,1,2,1,1,1,1,1,1,1,1,1,1,3,1,0,0,0,0,,1,0,0,,FOUND
1582,United States v. John Lester Harris,USA056,https://www.unodc.org/cld/case-law-doc/traffickingpersonscrimetype/usa/united_states_v._john_lester_harris.html,traffickingpersonscrimetype,FOUND,1,1,1,1,en,0,0,0,0,0,0,1,1,1,4,1,3,1,1,5,1,1,3,1,3,9,1,0,0,0,0,,1,0,0,,FOUND
1583,United States v. Jacobo Dominguez Vazquez,USA035,https://www.unodc.org/cld/case-law-doc/traffickingpersonscrimetype/usa/united_states_v._jacobo_dominguez_vazquez.html,traffickingpersonscrimetype,FOUND,1,1,1,1,en,0,0,0,0,0,0,1,3,1,4,1,1,1,1,1,1,1,3,1,3,3,1,0,0,0,0,,1,0,0,,FOUND
1584,United States v. Greg Parsons,USA143,https://www.unodc.org/cld/case-law-doc/traffickingpersonscrimetype/usa/united_states_v._greg_parsons.html,traffickingpersonscrimetype,FOUND,1,1,1,1,en,0,0,0,0,0,0,1,1,0,0,1,1,1,1,1,1,1,1,1,1,4,1,0,0,0,0,,1,0,0,,FOUND
1585,United States v. John Lee Geiler Jr. and Darrill Gray,USA144,https://www.unodc.org/cld/case-law-doc/traffickingpersonscrimetype/usa/united_states_v._john_lee_geiler_jr._and_darrill_gray.html,traffickingpersonscrimetype,FOUND,1,1,1,1,en,0,0,0,0,0,0,1,1,1,1,1,1,1,1,1,1,1,2,1,2,6,1,0,0,0,0,,1,0,0,,FOUND
1586,United States v. Carlos Andres Monsalve,USA141,https://www.unodc.org/cld/case-law-doc/traffickingpersonscrimetype/usa/united_states_v._carlos_andres_monsalve.html,traffickingpersonscrimetype,FOUND,1,1,1,1,en,0,0,0,0,0,0,1,1,1,2,1,1,1,1,1,1,1,1,1,1,5,1,0,0,0,0,,1,0,0,,FOUND
1587,United States v. Bennett,USA139,https://www.unodc.org/cld/case-law-doc/traffickingpersonscrimetype/usa/united_states_v._bennett.html,traffickingpersonscrimetype,FOUND,1,1,1,1,en,0,0,0,0,0,0,1,2,0,0,1,1,1,1,1,1,1,1,1,1,3,1,0,0,0,0,,1,0,0,,FOUND
1588,United States v. Domingo Gonzalez-Garcia,USA127,https://www.unodc.org/cld/case-law-doc/traffickingpersonscrimetype/usa/united_states_v._domingo_gonzalez-garcia.html,traffickingpersonscrimetype,FOUND,1,1,1,1,en,0,0,0,0,0,0,1,2,1,2,1,1,1,1,1,1,1,3,1,3,6,1,0,0,0,0,,1,0,0,,FOUND
1589,United States v. Franklin Bryant,USA142,https://www.unodc.org/cld/case-law-doc/traffickingpersonscrimetype/usa/united_states_v._franklin_bryant.html,traffickingpersonscrimetype,FOUND,1,1,1,1,en,0,0,0,0,0,0,1,2,1,1,1,2,1,1,1,1,1,1,1,1,2,1,0,0,0,0,,1,0,0,,FOUND
1590,Aprint Pty Ltd & Anor (2007),AUS003,https://www.unodc.org/cld/case-law-doc/traffickingpersonscrimetype/aus/aprint_pty_ltd_anor_2007.html,traffickingpersonscrimetype,FOUND,1,1,1,1,en,0,0,0,0,0,0,1,2,1,2,1,2,1,1,4,1,1,2,0,0,0,0,0,0,0,0,,1,0,0,,FOUND
